Age,Balance,NumOfProducts,IsActiveMember,Geography_Germany,Geography_Spain,Gender_Male
20,95830.43,1,0,0.0,0.0,1.0
63,0.0,2,1,0.0,1.0,0.0
31,118870.92,1,0,0.0,0.0,1.0
20,0.0,2,0,0.0,0.0,1.0
18,0.0,2,1,0.0,0.0,1.0
33,0.0,2,1,0.0,0.0,1.0
31,41299.03,1,1,0.0,0.0,0.0
23,136100.69,2,0,0.0,1.0,0.0
39,0.0,2,0,0.0,0.0,1.0
43,121152.05,2,0,1.0,0.0,1.0
43,0.0,2,0,0.0,1.0,0.0
33,115182.84,2,1,1.0,0.0,0.0
42,95386.82,1,1,0.0,1.0,0.0
21,0.0,2,0,0.0,0.0,0.0
45,131038.14,1,0,1.0,0.0,1.0
37,103769.22,2,0,1.0,0.0,0.0
74,0.0,2,1,0.0,0.0,0.0
30,0.0,2,0,0.0,1.0,1.0
39,135134.99,1,0,1.0,0.0,0.0
33,80002.33,1,1,1.0,0.0,1.0
41,100254.76,2,1,0.0,0.0,1.0
44,92436.86,1,0,0.0,0.0,0.0
31,0.0,2,0,0.0,0.0,0.0
39,137843.8,1,1,1.0,0.0,0.0
47,154543.98,1,0,0.0,0.0,0.0
38,0.0,1,1,0.0,0.0,1.0
49,0.0,1,0,0.0,1.0,1.0
60,143262.04,1,1,0.0,0.0,0.0
33,0.0,2,0,0.0,1.0,1.0
51,105701.91,1,1,1.0,0.0,0.0
37,134752.08,1,0,0.0,0.0,1.0
33,115409.6,1,1,0.0,1.0,0.0
31,82613.56,2,0,0.0,1.0,1.0
34,199229.14,1,0,0.0,1.0,1.0
34,65812.35,2,1,0.0,1.0,1.0
33,116474.28,2,1,0.0,1.0,1.0
37,171653.17,1,1,0.0,1.0,1.0
43,0.0,2,0,0.0,1.0,0.0
75,0.0,2,1,0.0,1.0,0.0
37,0.0,2,1,0.0,1.0,1.0
38,130588.82,1,1,0.0,0.0,1.0
33,109341.87,1,0,1.0,0.0,1.0
38,0.0,2,0,0.0,0.0,1.0
30,116295.29,1,0,0.0,0.0,1.0
33,173331.52,1,0,0.0,1.0,0.0
37,0.0,2,0,0.0,0.0,1.0
38,0.0,2,0,0.0,0.0,0.0
35,71829.34,1,1,0.0,1.0,1.0
30,0.0,2,1,0.0,1.0,1.0
46,0.0,2,0,0.0,0.0,0.0
54,123699.28,2,1,1.0,0.0,0.0
33,127343.4,1,1,0.0,1.0,1.0
38,122267.85,1,0,0.0,1.0,1.0
39,0.0,2,0,0.0,0.0,0.0
45,85325.93,1,0,0.0,0.0,0.0
32,0.0,2,1,0.0,0.0,1.0
33,0.0,2,0,0.0,0.0,0.0
31,0.0,2,1,0.0,1.0,1.0
42,0.0,2,0,0.0,0.0,0.0
36,138992.48,2,0,1.0,0.0,1.0
38,61482.47,1,1,1.0,0.0,0.0
71,0.0,2,1,0.0,0.0,0.0
48,118469.38,1,1,0.0,0.0,1.0
35,129717.3,2,0,0.0,0.0,1.0
55,119327.93,1,1,1.0,0.0,0.0
32,117337.54,2,1,0.0,0.0,1.0
43,86920.86,1,1,1.0,0.0,1.0
39,129669.32,2,0,0.0,0.0,1.0
27,0.0,1,1,0.0,1.0,1.0
30,0.0,1,0,0.0,0.0,0.0
31,102289.85,1,1,0.0,1.0,0.0
34,0.0,2,0,0.0,0.0,0.0
24,0.0,1,1,0.0,0.0,1.0
46,0.0,1,0,0.0,1.0,1.0
52,100755.66,1,1,0.0,0.0,1.0
50,133204.91,1,1,0.0,1.0,0.0
49,110132.55,3,1,0.0,1.0,0.0
30,0.0,2,0,0.0,0.0,1.0
60,128981.07,1,1,1.0,0.0,0.0
33,138162.81,1,0,0.0,0.0,0.0
32,137649.47,1,0,0.0,0.0,0.0
36,130809.77,1,0,1.0,0.0,1.0
42,99580.13,1,0,0.0,0.0,1.0
31,149085.9,2,1,1.0,0.0,1.0
38,135157.05,1,1,1.0,0.0,0.0
43,110646.54,1,0,0.0,1.0,0.0
60,120731.39,4,1,0.0,0.0,0.0
40,114318.78,2,0,1.0,0.0,1.0
30,77949.69,1,1,1.0,0.0,0.0
36,89772.3,1,0,0.0,1.0,1.0
38,0.0,2,1,0.0,0.0,0.0
38,120530.13,2,0,1.0,0.0,0.0
30,0.0,2,1,0.0,0.0,0.0
33,0.0,2,1,0.0,1.0,1.0
35,0.0,2,0,0.0,1.0,0.0
30,89182.09,1,1,0.0,0.0,1.0
24,98567.1,1,0,0.0,1.0,0.0
52,97720.35,2,0,1.0,0.0,1.0
40,0.0,2,1,0.0,0.0,0.0
43,79757.21,1,0,0.0,1.0,1.0
42,0.0,2,1,0.0,0.0,1.0
40,104784.23,1,0,0.0,1.0,1.0
39,120145.96,2,1,0.0,0.0,0.0
29,132450.24,1,1,0.0,1.0,1.0
47,0.0,1,0,0.0,0.0,1.0
38,0.0,1,0,0.0,1.0,1.0
31,0.0,2,0,0.0,1.0,0.0
35,57369.61,1,1,0.0,0.0,1.0
21,176511.08,1,1,0.0,0.0,0.0
23,156123.73,1,0,0.0,0.0,0.0
31,0.0,2,0,0.0,0.0,0.0
59,0.0,2,1,0.0,0.0,0.0
32,59271.82,1,1,0.0,0.0,1.0
59,0.0,1,0,0.0,0.0,0.0
41,0.0,2,1,0.0,0.0,1.0
31,93249.4,1,0,0.0,0.0,1.0
54,0.0,1,0,0.0,0.0,1.0
42,63227.0,1,1,1.0,0.0,1.0
36,0.0,2,1,0.0,1.0,1.0
44,95671.75,2,1,0.0,0.0,0.0
82,0.0,2,1,0.0,0.0,0.0
65,0.0,2,1,0.0,0.0,1.0
35,106518.52,1,1,0.0,1.0,1.0
23,0.0,2,1,0.0,1.0,1.0
44,109528.28,1,0,0.0,0.0,0.0
36,0.0,2,1,0.0,0.0,1.0
24,0.0,2,0,0.0,0.0,0.0
39,86350.87,2,0,1.0,0.0,1.0
44,0.0,1,1,0.0,0.0,1.0
35,0.0,2,0,0.0,0.0,1.0
37,107548.94,1,0,0.0,0.0,1.0
27,135096.05,1,1,1.0,0.0,1.0
52,111284.53,1,1,0.0,1.0,1.0
36,0.0,2,1,0.0,0.0,0.0
34,156478.62,1,1,0.0,1.0,1.0
31,96288.26,1,0,0.0,0.0,1.0
42,0.0,2,0,0.0,0.0,0.0
32,63763.49,1,0,0.0,0.0,0.0
41,142015.76,2,0,1.0,0.0,0.0
27,117307.44,2,1,0.0,0.0,0.0
62,0.0,2,1,0.0,1.0,1.0
48,0.0,1,1,0.0,0.0,1.0
41,127841.52,1,0,1.0,0.0,1.0
37,0.0,2,1,0.0,0.0,0.0
38,0.0,2,0,0.0,0.0,0.0
30,0.0,2,0,0.0,1.0,1.0
37,177657.35,1,1,0.0,1.0,1.0
30,0.0,2,1,0.0,0.0,0.0
47,95523.16,1,0,1.0,0.0,0.0
50,143054.56,1,1,0.0,0.0,0.0
28,135936.1,2,1,0.0,1.0,1.0
38,88758.95,2,0,0.0,0.0,0.0
32,0.0,1,0,0.0,1.0,0.0
38,0.0,2,0,0.0,0.0,0.0
43,128412.61,1,1,0.0,1.0,0.0
21,0.0,2,1,0.0,0.0,1.0
47,109387.33,1,0,0.0,0.0,0.0
43,140121.17,1,0,1.0,0.0,1.0
35,0.0,2,0,0.0,1.0,1.0
29,0.0,2,1,0.0,0.0,0.0
31,56116.3,2,0,1.0,0.0,0.0
44,0.0,2,0,0.0,0.0,1.0
37,138476.41,2,1,1.0,0.0,1.0
48,0.0,2,1,0.0,1.0,1.0
35,0.0,2,1,0.0,0.0,1.0
37,0.0,2,1,0.0,0.0,0.0
44,155114.9,1,0,0.0,0.0,0.0
38,138131.34,1,1,0.0,0.0,1.0
33,0.0,2,0,0.0,0.0,1.0
26,0.0,2,1,0.0,1.0,0.0
19,0.0,2,1,0.0,0.0,1.0
26,0.0,1,0,0.0,0.0,1.0
36,0.0,2,0,0.0,0.0,1.0
41,150463.11,2,1,1.0,0.0,0.0
31,0.0,2,1,0.0,1.0,1.0
44,137148.68,1,0,0.0,0.0,1.0
41,110624.99,1,0,1.0,0.0,0.0
34,170600.78,1,1,0.0,1.0,1.0
24,87413.19,1,0,0.0,0.0,0.0
37,102708.77,1,0,1.0,0.0,1.0
39,0.0,2,1,0.0,1.0,0.0
43,103018.45,1,0,1.0,0.0,1.0
38,119272.29,1,0,0.0,0.0,1.0
39,0.0,2,0,0.0,0.0,0.0
43,106086.42,2,0,0.0,0.0,1.0
31,0.0,2,0,0.0,1.0,0.0
26,105249.76,2,1,1.0,0.0,0.0
30,0.0,2,0,0.0,0.0,1.0
34,0.0,2,0,0.0,0.0,1.0
37,0.0,2,1,0.0,0.0,1.0
36,59893.85,2,0,0.0,1.0,1.0
41,129901.21,1,0,1.0,0.0,1.0
33,0.0,2,1,0.0,0.0,0.0
74,108131.53,1,1,0.0,0.0,1.0
52,170228.59,2,0,0.0,0.0,0.0
23,137060.88,2,1,1.0,0.0,1.0
34,0.0,1,0,0.0,0.0,1.0
40,162261.01,2,0,1.0,0.0,0.0
27,120509.81,1,0,0.0,0.0,1.0
62,0.0,2,1,0.0,0.0,1.0
45,57327.04,1,1,0.0,0.0,0.0
25,111363.1,2,0,1.0,0.0,1.0
32,0.0,2,1,0.0,1.0,1.0
55,132436.34,1,0,0.0,0.0,1.0
38,123081.84,2,1,0.0,1.0,0.0
26,135219.57,1,1,0.0,1.0,0.0
35,110349.82,1,0,0.0,1.0,1.0
41,156067.05,1,1,0.0,0.0,0.0
48,122831.58,1,1,1.0,0.0,1.0
24,92398.08,1,1,1.0,0.0,1.0
35,97560.16,1,1,0.0,0.0,1.0
46,143267.14,2,0,0.0,0.0,1.0
37,0.0,2,0,0.0,1.0,0.0
40,77270.08,2,1,1.0,0.0,0.0
38,0.0,1,0,0.0,0.0,1.0
39,104349.45,1,0,0.0,1.0,1.0
45,0.0,2,1,0.0,0.0,0.0
30,64097.75,1,1,0.0,0.0,1.0
45,123086.39,1,1,1.0,0.0,0.0
42,82228.67,2,0,0.0,0.0,0.0
39,0.0,1,1,0.0,0.0,1.0
42,128707.31,1,0,1.0,0.0,0.0
40,0.0,1,1,0.0,1.0,0.0
25,114330.95,1,1,1.0,0.0,0.0
43,0.0,2,0,0.0,0.0,1.0
38,128578.52,1,1,0.0,1.0,1.0
65,151659.52,2,1,0.0,0.0,0.0
29,78885.88,2,1,1.0,0.0,0.0
54,150005.38,1,0,0.0,0.0,0.0
30,121535.18,1,0,0.0,0.0,1.0
33,141234.98,1,0,0.0,0.0,1.0
31,132876.55,1,1,0.0,1.0,1.0
38,141074.59,1,0,0.0,0.0,1.0
34,0.0,2,0,0.0,0.0,1.0
36,156948.41,1,1,0.0,0.0,0.0
22,67178.19,1,1,0.0,1.0,0.0
33,182888.08,1,0,0.0,0.0,1.0
28,0.0,2,1,0.0,0.0,0.0
51,0.0,2,1,0.0,0.0,1.0
43,0.0,2,0,0.0,1.0,0.0
36,100895.54,1,1,0.0,0.0,1.0
28,0.0,2,0,0.0,0.0,1.0
44,86102.27,1,0,0.0,0.0,1.0
27,141223.68,2,0,0.0,0.0,1.0
67,113978.97,2,1,0.0,0.0,0.0
32,192122.84,1,1,0.0,0.0,0.0
72,98765.84,1,1,0.0,1.0,0.0
52,96196.24,4,0,0.0,1.0,1.0
37,96651.03,1,1,0.0,0.0,1.0
37,0.0,2,1,0.0,0.0,0.0
47,0.0,1,1,0.0,1.0,1.0
31,0.0,2,0,0.0,0.0,1.0
48,0.0,1,1,0.0,1.0,1.0
51,115280.49,2,0,1.0,0.0,0.0
47,62094.71,3,0,0.0,0.0,0.0
43,0.0,2,0,0.0,0.0,0.0
42,0.0,2,0,0.0,1.0,0.0
40,103549.24,1,0,0.0,0.0,0.0
41,0.0,2,1,0.0,0.0,1.0
57,76165.65,1,1,0.0,0.0,1.0
39,94631.26,2,1,0.0,0.0,0.0
37,133968.96,2,0,0.0,0.0,0.0
41,0.0,2,0,0.0,1.0,1.0
35,0.0,2,1,0.0,0.0,1.0
41,0.0,2,1,0.0,0.0,1.0
60,0.0,2,1,0.0,1.0,0.0
38,0.0,2,1,0.0,0.0,1.0
42,98795.61,2,0,0.0,1.0,1.0
60,121730.49,1,1,0.0,0.0,0.0
28,95328.6,1,0,0.0,1.0,0.0
34,120777.88,1,1,0.0,0.0,0.0
33,167733.51,2,1,0.0,0.0,0.0
54,0.0,2,1,0.0,0.0,1.0
44,113063.83,1,0,1.0,0.0,0.0
43,146547.78,1,1,1.0,0.0,0.0
31,123974.96,1,0,0.0,0.0,0.0
36,190479.48,2,0,1.0,0.0,1.0
35,0.0,2,1,0.0,0.0,0.0
69,27288.43,1,1,1.0,0.0,1.0
30,107499.7,1,1,0.0,0.0,0.0
33,132527.9,2,1,1.0,0.0,1.0
29,0.0,2,1,0.0,0.0,1.0
18,160980.03,1,0,0.0,0.0,1.0
74,105102.5,1,1,1.0,0.0,1.0
38,147904.31,1,1,0.0,1.0,1.0
36,0.0,3,1,0.0,1.0,1.0
50,125845.66,1,0,1.0,0.0,1.0
25,0.0,1,1,0.0,0.0,1.0
37,120328.88,2,1,0.0,0.0,0.0
56,137464.04,1,0,1.0,0.0,0.0
41,107511.52,1,1,0.0,1.0,1.0
39,0.0,1,0,0.0,0.0,1.0
31,113836.27,1,1,0.0,1.0,1.0
20,180293.84,2,1,1.0,0.0,1.0
58,0.0,1,1,0.0,0.0,0.0
48,99906.19,1,0,0.0,1.0,0.0
44,152086.15,1,1,1.0,0.0,0.0
28,121164.11,1,1,0.0,0.0,0.0
37,124969.13,1,0,0.0,0.0,1.0
33,181656.51,1,1,1.0,0.0,1.0
26,0.0,2,0,0.0,0.0,0.0
36,0.0,2,1,0.0,0.0,1.0
39,0.0,2,0,0.0,0.0,1.0
40,128486.91,2,0,1.0,0.0,0.0
36,0.0,2,0,0.0,0.0,1.0
52,76101.81,2,1,1.0,0.0,1.0
33,147229.65,1,1,0.0,0.0,0.0
29,60280.62,1,0,0.0,1.0,1.0
30,144684.03,1,1,0.0,0.0,1.0
31,102523.88,1,1,0.0,0.0,0.0
32,144272.07,2,0,1.0,0.0,1.0
28,61274.7,2,0,0.0,1.0,0.0
41,122403.24,1,1,1.0,0.0,1.0
33,124067.32,1,1,1.0,0.0,1.0
45,126674.81,1,0,1.0,0.0,0.0
31,118613.34,1,0,1.0,0.0,0.0
40,0.0,2,0,0.0,0.0,0.0
28,0.0,2,1,0.0,0.0,0.0
39,104614.29,1,0,0.0,0.0,0.0
22,0.0,2,0,0.0,1.0,1.0
31,76798.92,1,0,1.0,0.0,0.0
18,0.0,1,1,0.0,1.0,1.0
26,96659.64,2,1,0.0,1.0,1.0
40,139625.34,1,0,0.0,0.0,0.0
33,0.0,2,1,0.0,1.0,1.0
39,0.0,2,0,0.0,1.0,1.0
35,109342.82,2,1,1.0,0.0,1.0
39,127415.85,1,1,1.0,0.0,1.0
35,136281.41,2,1,1.0,0.0,1.0
47,107604.66,1,1,0.0,1.0,1.0
37,0.0,2,1,0.0,0.0,1.0
41,152532.3,1,0,1.0,0.0,1.0
34,125227.82,2,1,1.0,0.0,0.0
38,123544.21,1,1,0.0,0.0,0.0
37,125190.86,1,1,0.0,0.0,1.0
32,0.0,1,1,0.0,0.0,1.0
33,164284.72,2,1,1.0,0.0,1.0
27,152309.37,1,0,0.0,0.0,0.0
52,93590.47,1,1,0.0,0.0,1.0
39,133214.13,1,1,0.0,1.0,1.0
47,0.0,1,0,0.0,0.0,1.0
28,116755.5,2,1,0.0,0.0,0.0
23,124577.33,1,1,0.0,1.0,1.0
40,118129.87,1,1,0.0,0.0,1.0
30,126663.51,1,1,1.0,0.0,0.0
28,0.0,2,0,0.0,0.0,1.0
77,149083.7,1,1,0.0,1.0,1.0
29,0.0,2,1,0.0,1.0,0.0
26,105099.45,1,1,1.0,0.0,0.0
39,0.0,2,0,0.0,1.0,0.0
39,0.0,1,0,0.0,0.0,0.0
30,129753.69,1,0,1.0,0.0,0.0
38,0.0,2,0,0.0,0.0,1.0
43,0.0,2,1,0.0,0.0,1.0
43,135645.29,2,1,1.0,0.0,1.0
36,82275.35,2,1,0.0,0.0,1.0
35,0.0,2,1,0.0,0.0,1.0
18,0.0,2,1,0.0,0.0,1.0
40,173432.55,1,1,0.0,1.0,0.0
24,126431.54,1,0,0.0,0.0,1.0
22,0.0,2,0,0.0,1.0,1.0
35,117183.74,1,1,0.0,0.0,0.0
44,0.0,1,1,0.0,1.0,0.0
34,0.0,2,0,0.0,0.0,0.0
37,0.0,1,1,0.0,0.0,1.0
48,83287.05,2,1,0.0,1.0,1.0
49,126615.94,2,1,0.0,1.0,0.0
47,105792.49,1,1,0.0,0.0,1.0
34,0.0,2,1,0.0,0.0,1.0
38,0.0,2,1,0.0,0.0,0.0
50,81310.34,1,1,0.0,0.0,1.0
42,0.0,2,0,0.0,1.0,1.0
33,142645.43,1,0,0.0,0.0,1.0
30,168078.83,1,0,1.0,0.0,1.0
32,125321.84,2,1,0.0,0.0,0.0
32,120074.97,2,1,1.0,0.0,0.0
59,126224.87,1,1,0.0,1.0,0.0
43,94752.49,1,0,1.0,0.0,0.0
46,0.0,1,1,0.0,0.0,0.0
19,127649.64,1,1,0.0,0.0,1.0
33,174673.65,2,0,1.0,0.0,1.0
36,129440.3,2,0,0.0,0.0,1.0
40,0.0,3,1,0.0,0.0,1.0
34,86055.17,2,1,1.0,0.0,1.0
31,0.0,1,0,0.0,0.0,1.0
47,0.0,2,1,0.0,1.0,1.0
34,121303.77,2,1,1.0,0.0,1.0
69,0.0,2,1,0.0,0.0,1.0
36,0.0,2,0,0.0,1.0,1.0
46,0.0,2,1,0.0,1.0,0.0
35,136364.46,1,0,0.0,0.0,1.0
43,128760.32,1,0,0.0,0.0,1.0
43,0.0,2,0,0.0,0.0,1.0
37,177069.24,2,1,0.0,0.0,1.0
39,0.0,2,0,0.0,1.0,0.0
38,86977.96,1,1,0.0,0.0,1.0
37,0.0,1,0,0.0,0.0,0.0
27,0.0,2,0,0.0,0.0,1.0
33,128135.99,1,0,1.0,0.0,1.0
62,43772.66,3,0,0.0,0.0,1.0
49,98649.55,1,0,1.0,0.0,1.0
30,135422.31,1,1,0.0,0.0,0.0
38,183102.29,1,1,1.0,0.0,1.0
51,0.0,1,1,0.0,1.0,0.0
55,0.0,1,1,0.0,0.0,0.0
31,102575.04,1,1,0.0,0.0,0.0
44,152509.25,1,1,0.0,0.0,0.0
36,44054.84,1,1,0.0,1.0,0.0
33,0.0,2,1,0.0,1.0,1.0
42,101979.16,1,0,1.0,0.0,0.0
43,125211.92,1,1,0.0,0.0,1.0
36,0.0,1,0,0.0,0.0,0.0
43,148962.76,1,1,1.0,0.0,1.0
34,0.0,1,1,0.0,0.0,0.0
39,0.0,1,0,0.0,1.0,1.0
43,95984.21,1,1,1.0,0.0,0.0
30,92472.1,2,1,0.0,0.0,0.0
44,114203.47,1,1,1.0,0.0,1.0
42,0.0,2,1,0.0,1.0,0.0
43,112499.42,2,0,0.0,0.0,1.0
46,119492.88,2,1,1.0,0.0,0.0
41,126619.27,1,0,0.0,0.0,0.0
37,0.0,2,1,0.0,0.0,0.0
46,127660.46,2,0,0.0,1.0,0.0
58,0.0,1,1,0.0,0.0,1.0
40,96202.32,1,0,1.0,0.0,0.0
35,74988.59,2,1,0.0,0.0,0.0
57,0.0,1,0,0.0,0.0,1.0
51,79811.72,2,1,0.0,1.0,1.0
22,0.0,2,1,0.0,0.0,0.0
52,0.0,2,1,0.0,0.0,1.0
31,52192.08,2,1,0.0,0.0,0.0
43,81076.8,2,1,0.0,0.0,1.0
33,103121.33,2,1,0.0,1.0,0.0
39,129674.89,2,0,0.0,0.0,1.0
59,137648.41,1,0,1.0,0.0,0.0
32,0.0,2,1,0.0,0.0,1.0
29,106059.4,1,0,1.0,0.0,0.0
33,96759.42,1,1,1.0,0.0,1.0
33,132603.36,1,0,1.0,0.0,1.0
45,121874.89,1,0,1.0,0.0,0.0
37,0.0,2,0,0.0,0.0,1.0
33,0.0,2,1,0.0,1.0,1.0
35,90413.12,1,1,0.0,0.0,0.0
55,0.0,2,1,0.0,1.0,1.0
20,137624.4,2,1,0.0,0.0,1.0
29,0.0,2,0,0.0,0.0,0.0
50,109062.28,1,1,1.0,0.0,0.0
55,0.0,1,0,0.0,0.0,1.0
25,104013.79,1,0,1.0,0.0,1.0
34,0.0,1,0,0.0,1.0,0.0
74,161371.5,1,1,1.0,0.0,0.0
73,124730.26,1,1,1.0,0.0,1.0
32,0.0,2,0,0.0,0.0,0.0
26,0.0,2,1,0.0,0.0,0.0
19,125860.2,1,0,1.0,0.0,1.0
43,0.0,1,1,0.0,0.0,0.0
61,0.0,2,1,0.0,0.0,0.0
30,79871.02,2,0,1.0,0.0,0.0
54,172192.49,1,1,1.0,0.0,1.0
30,176173.52,1,0,0.0,0.0,0.0
25,150355.35,2,1,1.0,0.0,0.0
41,154007.21,1,0,1.0,0.0,0.0
40,0.0,1,0,0.0,0.0,0.0
44,83870.33,1,0,0.0,1.0,1.0
35,124151.09,1,0,0.0,0.0,0.0
32,95153.77,1,1,0.0,1.0,0.0
34,0.0,2,1,0.0,0.0,0.0
45,103821.47,2,1,0.0,0.0,0.0
31,112211.61,1,0,0.0,0.0,1.0
46,0.0,1,0,0.0,0.0,0.0
30,0.0,2,1,0.0,0.0,0.0
42,0.0,2,0,0.0,0.0,1.0
45,135827.33,2,1,1.0,0.0,1.0
30,0.0,2,1,0.0,1.0,1.0
34,152806.74,1,0,0.0,1.0,1.0
24,0.0,2,0,0.0,0.0,0.0
34,0.0,1,0,0.0,1.0,1.0
30,153972.89,2,0,0.0,0.0,1.0
32,0.0,2,0,0.0,0.0,0.0
33,135946.26,1,0,0.0,0.0,0.0
41,119782.72,2,0,0.0,1.0,1.0
29,151012.55,2,0,0.0,1.0,1.0
50,76817.0,4,0,0.0,0.0,1.0
42,0.0,1,0,0.0,1.0,0.0
44,128605.32,1,1,1.0,0.0,0.0
26,0.0,2,0,0.0,1.0,1.0
41,0.0,2,1,0.0,0.0,0.0
36,133686.52,1,0,0.0,1.0,0.0
52,0.0,1,1,0.0,1.0,1.0
49,141434.04,1,0,0.0,1.0,0.0
36,115462.02,1,1,1.0,0.0,1.0
37,130922.81,2,0,0.0,1.0,0.0
61,0.0,1,0,0.0,0.0,1.0
61,125921.37,1,1,0.0,1.0,1.0
39,182491.57,1,0,1.0,0.0,0.0
51,0.0,3,0,0.0,0.0,1.0
35,110245.13,1,1,1.0,0.0,1.0
29,0.0,2,0,0.0,1.0,0.0
37,113865.23,2,1,1.0,0.0,0.0
38,0.0,2,1,0.0,1.0,0.0
34,0.0,2,0,0.0,1.0,1.0
31,164003.05,2,1,0.0,0.0,0.0
51,141556.96,1,0,0.0,0.0,1.0
60,0.0,2,1,0.0,0.0,0.0
41,134318.21,2,1,1.0,0.0,1.0
21,121827.43,2,1,1.0,0.0,0.0
50,121399.98,1,1,1.0,0.0,1.0
47,158623.14,1,0,0.0,0.0,1.0
55,109339.17,2,0,1.0,0.0,1.0
44,23503.31,1,1,0.0,0.0,0.0
63,137715.66,1,1,0.0,1.0,0.0
33,112833.35,1,1,0.0,0.0,1.0
33,0.0,2,1,0.0,1.0,1.0
64,128751.65,2,0,1.0,0.0,0.0
43,202443.47,1,0,0.0,0.0,1.0
39,0.0,2,0,0.0,1.0,0.0
63,70655.48,1,0,0.0,0.0,1.0
45,179334.83,2,1,1.0,0.0,1.0
38,0.0,2,0,0.0,0.0,1.0
40,0.0,2,1,0.0,0.0,0.0
44,179356.28,2,0,0.0,1.0,0.0
35,0.0,1,0,0.0,1.0,0.0
48,114169.16,1,0,1.0,0.0,1.0
35,161274.05,2,0,0.0,0.0,1.0
27,128940.24,1,0,0.0,0.0,1.0
36,0.0,1,0,0.0,0.0,1.0
71,83116.68,1,1,0.0,0.0,1.0
25,0.0,2,1,0.0,1.0,1.0
31,0.0,2,0,0.0,0.0,1.0
40,100275.88,1,0,1.0,0.0,1.0
39,0.0,2,1,0.0,1.0,1.0
29,0.0,2,0,0.0,1.0,1.0
30,32197.64,1,1,1.0,0.0,0.0
38,97257.41,2,1,0.0,1.0,0.0
30,111099.79,2,0,0.0,0.0,1.0
37,170057.62,1,1,1.0,0.0,0.0
51,0.0,3,1,0.0,0.0,1.0
35,0.0,2,1,0.0,0.0,1.0
38,115934.74,1,1,0.0,0.0,1.0
38,124976.19,1,0,0.0,0.0,1.0
71,0.0,2,1,0.0,1.0,1.0
33,115130.34,1,0,1.0,0.0,1.0
42,133701.07,2,0,0.0,0.0,1.0
39,0.0,2,1,0.0,0.0,1.0
28,0.0,1,0,0.0,1.0,1.0
37,101438.0,1,0,1.0,0.0,1.0
37,123806.28,1,0,0.0,0.0,0.0
41,146466.46,2,0,0.0,1.0,1.0
33,0.0,2,1,0.0,0.0,0.0
35,127543.11,2,0,1.0,0.0,0.0
35,121520.36,1,0,1.0,0.0,0.0
36,117700.86,1,0,1.0,0.0,0.0
36,127675.39,2,0,1.0,0.0,0.0
41,94521.17,2,0,0.0,1.0,0.0
39,0.0,2,1,0.0,1.0,0.0
34,131736.88,1,1,1.0,0.0,0.0
43,113034.31,1,1,0.0,1.0,1.0
20,121093.29,2,0,1.0,0.0,0.0
32,0.0,2,0,0.0,0.0,1.0
69,115462.44,1,0,0.0,1.0,1.0
31,132084.66,3,1,0.0,0.0,1.0
33,0.0,2,0,0.0,0.0,0.0
45,151421.44,1,1,1.0,0.0,1.0
46,129269.27,1,0,1.0,0.0,1.0
31,150604.52,1,0,1.0,0.0,1.0
36,0.0,2,1,0.0,0.0,0.0
22,114415.84,1,1,0.0,0.0,0.0
25,146566.01,1,1,1.0,0.0,0.0
41,87541.06,2,1,1.0,0.0,0.0
43,133237.21,1,0,0.0,0.0,1.0
33,0.0,1,0,0.0,0.0,0.0
30,0.0,2,1,0.0,0.0,0.0
54,133656.91,3,0,1.0,0.0,0.0
75,0.0,2,1,0.0,1.0,0.0
44,161889.79,1,0,0.0,0.0,1.0
71,183135.39,2,1,0.0,0.0,1.0
44,0.0,2,1,0.0,0.0,0.0
32,0.0,2,0,0.0,1.0,0.0
33,83501.66,2,0,1.0,0.0,1.0
35,0.0,2,1,0.0,0.0,0.0
42,0.0,2,0,0.0,0.0,1.0
50,121498.11,2,1,1.0,0.0,0.0
33,144753.21,1,1,1.0,0.0,0.0
30,112543.42,1,1,0.0,0.0,0.0
33,0.0,2,0,0.0,0.0,0.0
38,65962.63,1,1,0.0,0.0,1.0
32,0.0,2,1,0.0,0.0,1.0
25,182876.88,2,1,0.0,1.0,1.0
40,0.0,2,1,0.0,1.0,1.0
29,0.0,2,0,0.0,1.0,1.0
36,126477.42,1,0,0.0,0.0,1.0
49,116933.11,1,0,1.0,0.0,1.0
40,113348.14,1,0,0.0,0.0,1.0
24,122109.78,1,1,0.0,1.0,1.0
55,118793.6,1,1,0.0,0.0,1.0
41,0.0,2,0,0.0,0.0,1.0
43,0.0,1,1,0.0,0.0,0.0
34,165312.27,1,0,0.0,0.0,1.0
40,129860.37,1,0,0.0,0.0,0.0
46,170826.55,2,0,1.0,0.0,1.0
81,0.0,2,1,0.0,0.0,0.0
33,191523.09,1,1,0.0,0.0,1.0
32,144705.87,2,0,0.0,0.0,0.0
26,108348.66,1,0,1.0,0.0,0.0
40,160818.08,1,1,0.0,0.0,1.0
42,145988.65,2,1,0.0,0.0,0.0
61,66250.71,1,1,0.0,0.0,1.0
41,109508.68,1,0,0.0,1.0,0.0
30,113672.18,2,0,0.0,1.0,1.0
39,151914.93,1,0,0.0,1.0,1.0
32,108262.87,1,1,1.0,0.0,0.0
40,0.0,2,1,0.0,1.0,1.0
32,84378.9,1,1,0.0,0.0,0.0
51,97750.07,3,1,1.0,0.0,1.0
38,94456.0,2,1,0.0,0.0,1.0
22,76318.64,1,1,0.0,0.0,0.0
30,0.0,2,0,0.0,0.0,1.0
30,53291.86,1,0,0.0,1.0,1.0
56,123785.24,1,0,0.0,0.0,0.0
33,89276.48,1,0,0.0,0.0,1.0
30,0.0,2,1,0.0,0.0,1.0
41,90605.29,1,1,0.0,0.0,1.0
43,170172.9,1,1,0.0,1.0,0.0
35,75915.75,1,0,0.0,0.0,1.0
35,0.0,2,0,0.0,1.0,0.0
31,0.0,2,1,0.0,0.0,0.0
46,117685.31,2,1,0.0,0.0,1.0
57,0.0,2,1,0.0,1.0,1.0
54,120633.42,1,0,0.0,0.0,0.0
34,0.0,2,1,0.0,1.0,1.0
36,0.0,2,1,0.0,1.0,0.0
38,72594.0,1,1,0.0,0.0,0.0
72,124978.19,2,1,1.0,0.0,0.0
29,82916.48,1,1,1.0,0.0,1.0
35,127283.78,1,1,0.0,1.0,1.0
35,123042.0,1,0,1.0,0.0,0.0
62,142724.48,1,1,1.0,0.0,0.0
29,0.0,2,1,0.0,0.0,0.0
44,0.0,1,1,0.0,1.0,0.0
35,121063.49,1,0,0.0,0.0,1.0
41,0.0,2,1,0.0,0.0,0.0
45,108231.37,1,1,1.0,0.0,1.0
54,75900.84,1,1,1.0,0.0,0.0
41,131341.46,2,1,1.0,0.0,1.0
37,157084.99,1,0,0.0,1.0,1.0
30,161378.02,1,0,1.0,0.0,0.0
32,110029.77,1,0,1.0,0.0,1.0
51,105056.13,1,0,0.0,0.0,0.0
66,111577.01,1,1,1.0,0.0,0.0
42,121490.05,1,1,0.0,1.0,1.0
49,0.0,2,0,0.0,0.0,0.0
44,136836.49,1,0,0.0,0.0,0.0
33,102017.25,2,0,0.0,0.0,0.0
34,0.0,2,0,0.0,1.0,0.0
42,121453.63,1,0,0.0,0.0,0.0
28,124695.72,2,0,1.0,0.0,1.0
34,148962.46,1,0,1.0,0.0,0.0
49,0.0,1,0,0.0,0.0,0.0
41,0.0,1,1,0.0,0.0,1.0
35,98585.94,2,1,1.0,0.0,1.0
36,0.0,2,1,0.0,0.0,1.0
40,163505.16,1,0,0.0,0.0,1.0
32,107209.73,1,1,0.0,0.0,1.0
31,0.0,2,1,0.0,1.0,1.0
39,48023.83,1,0,0.0,0.0,0.0
53,123805.03,1,0,1.0,0.0,0.0
47,63723.78,2,1,1.0,0.0,1.0
28,0.0,2,0,0.0,0.0,0.0
29,108541.04,1,1,0.0,0.0,0.0
46,105969.42,1,0,0.0,0.0,1.0
67,148564.66,1,1,0.0,1.0,1.0
32,0.0,1,1,0.0,0.0,1.0
35,137482.19,1,0,0.0,0.0,1.0
28,75381.15,1,1,0.0,0.0,1.0
42,139561.46,1,0,0.0,0.0,1.0
31,98108.79,1,1,0.0,1.0,1.0
38,148045.68,1,0,0.0,0.0,1.0
37,0.0,2,1,0.0,0.0,0.0
29,95947.76,1,0,0.0,0.0,0.0
30,136622.55,2,0,1.0,0.0,1.0
31,110071.1,1,0,0.0,1.0,1.0
25,142862.21,1,1,0.0,1.0,1.0
35,0.0,1,1,0.0,0.0,0.0
32,0.0,2,0,0.0,0.0,1.0
32,108586.86,1,1,1.0,0.0,1.0
42,59972.26,2,1,1.0,0.0,1.0
24,108058.07,2,1,0.0,1.0,1.0
37,113143.12,1,0,0.0,0.0,0.0
31,0.0,2,0,0.0,0.0,0.0
35,206868.78,2,1,1.0,0.0,0.0
38,0.0,2,0,0.0,1.0,1.0
66,86459.8,1,1,0.0,0.0,1.0
32,0.0,1,1,0.0,0.0,0.0
36,181671.16,2,1,1.0,0.0,1.0
39,83348.89,3,0,1.0,0.0,0.0
47,170935.94,1,0,1.0,0.0,0.0
41,0.0,2,0,0.0,0.0,0.0
25,60205.2,2,0,1.0,0.0,1.0
39,0.0,2,1,0.0,0.0,1.0
42,0.0,2,1,0.0,0.0,1.0
34,127122.79,3,1,1.0,0.0,0.0
35,136526.26,2,0,0.0,1.0,0.0
42,99263.09,1,1,0.0,0.0,1.0
35,131101.04,1,1,1.0,0.0,0.0
50,109387.9,1,0,1.0,0.0,1.0
33,138847.9,1,1,1.0,0.0,0.0
33,0.0,2,1,0.0,0.0,0.0
38,117633.28,1,1,1.0,0.0,1.0
33,0.0,1,1,0.0,0.0,1.0
65,0.0,1,1,0.0,0.0,1.0
46,0.0,2,0,0.0,0.0,0.0
32,175307.32,1,0,0.0,0.0,1.0
40,128644.46,1,0,1.0,0.0,0.0
28,159900.38,1,0,0.0,1.0,1.0
30,0.0,2,1,0.0,0.0,0.0
59,190353.08,1,0,1.0,0.0,0.0
47,142382.03,1,1,0.0,0.0,1.0
26,0.0,2,1,0.0,0.0,0.0
44,119530.52,1,0,1.0,0.0,1.0
27,106414.57,2,0,0.0,0.0,0.0
44,0.0,1,1,0.0,0.0,0.0
55,159441.27,1,0,0.0,0.0,0.0
44,98862.54,1,0,0.0,0.0,1.0
34,0.0,1,1,0.0,0.0,1.0
58,0.0,2,1,0.0,0.0,1.0
49,0.0,2,0,0.0,0.0,1.0
34,137239.17,1,1,1.0,0.0,0.0
56,90778.76,2,0,0.0,1.0,0.0
31,78990.15,1,1,0.0,0.0,1.0
34,91622.42,1,1,1.0,0.0,0.0
37,183613.66,2,0,0.0,0.0,0.0
25,0.0,2,1,0.0,1.0,0.0
40,171325.98,1,1,0.0,1.0,0.0
30,131406.56,1,1,0.0,0.0,1.0
57,101465.31,1,0,1.0,0.0,0.0
34,0.0,2,1,0.0,0.0,0.0
45,114959.12,1,0,0.0,0.0,0.0
34,151839.26,1,0,0.0,1.0,1.0
67,149436.73,2,1,0.0,0.0,1.0
35,0.0,2,0,0.0,0.0,1.0
29,0.0,2,1,0.0,1.0,0.0
33,0.0,2,0,0.0,1.0,0.0
38,0.0,2,0,0.0,1.0,0.0
41,82161.7,2,0,1.0,0.0,0.0
41,0.0,2,0,0.0,1.0,0.0
37,79731.91,1,1,1.0,0.0,1.0
38,0.0,2,0,0.0,0.0,1.0
35,0.0,2,1,0.0,0.0,0.0
34,95039.73,2,1,1.0,0.0,1.0
31,0.0,2,0,0.0,0.0,0.0
31,58662.92,2,1,0.0,0.0,1.0
29,180520.29,1,1,1.0,0.0,0.0
34,204017.4,2,0,1.0,0.0,1.0
46,102785.16,1,1,1.0,0.0,0.0
31,121461.87,1,1,0.0,1.0,1.0
39,0.0,2,0,0.0,1.0,1.0
50,125647.36,1,0,0.0,0.0,1.0
54,83102.72,2,1,0.0,1.0,0.0
40,109681.61,1,1,0.0,1.0,1.0
52,0.0,1,1,0.0,1.0,0.0
37,0.0,2,0,0.0,1.0,1.0
33,124125.26,1,0,1.0,0.0,1.0
44,107726.93,2,0,0.0,1.0,1.0
40,0.0,2,0,0.0,0.0,0.0
42,92578.14,2,0,0.0,0.0,0.0
36,92716.96,1,1,0.0,1.0,0.0
49,171787.84,2,0,1.0,0.0,1.0
38,0.0,2,1,0.0,1.0,0.0
20,0.0,2,1,0.0,1.0,1.0
28,191402.82,2,0,0.0,0.0,1.0
20,0.0,1,1,0.0,0.0,0.0
42,102936.72,1,0,0.0,0.0,1.0
42,0.0,2,0,0.0,0.0,1.0
24,0.0,2,1,0.0,1.0,0.0
24,0.0,1,0,0.0,0.0,0.0
52,151457.88,1,1,0.0,0.0,1.0
38,115341.55,1,1,0.0,0.0,1.0
22,154377.3,1,1,0.0,0.0,1.0
32,170291.22,2,1,1.0,0.0,1.0
41,81733.74,2,0,1.0,0.0,0.0
35,124616.23,1,1,0.0,0.0,1.0
35,110046.93,2,0,0.0,1.0,1.0
32,136659.74,1,1,0.0,1.0,1.0
34,125474.44,1,0,0.0,0.0,0.0
71,170252.05,3,1,0.0,0.0,0.0
33,130367.87,1,0,1.0,0.0,0.0
29,0.0,2,0,0.0,1.0,1.0
40,137285.26,4,0,0.0,0.0,0.0
28,0.0,2,0,0.0,0.0,0.0
38,137654.05,2,1,0.0,0.0,0.0
37,133200.09,1,0,1.0,0.0,0.0
31,143966.3,2,1,1.0,0.0,1.0
68,0.0,2,1,0.0,0.0,1.0
30,0.0,2,1,0.0,0.0,1.0
53,89550.85,1,1,0.0,0.0,0.0
30,156660.72,2,0,0.0,0.0,1.0
37,156091.97,1,0,0.0,0.0,0.0
31,174853.46,1,0,0.0,1.0,0.0
28,110976.23,2,0,0.0,0.0,1.0
35,0.0,2,1,0.0,1.0,1.0
27,0.0,2,1,0.0,1.0,0.0
37,0.0,2,1,0.0,0.0,1.0
56,0.0,3,1,0.0,0.0,0.0
26,0.0,2,1,0.0,1.0,1.0
35,171982.95,2,1,1.0,0.0,0.0
41,89763.84,1,0,0.0,1.0,0.0
39,0.0,1,0,0.0,0.0,0.0
28,137222.77,1,0,0.0,0.0,1.0
37,155187.3,1,0,0.0,1.0,1.0
25,115142.9,1,1,1.0,0.0,1.0
43,161256.53,1,1,0.0,0.0,1.0
44,0.0,2,0,0.0,0.0,0.0
38,128718.78,1,0,0.0,1.0,1.0
50,126608.37,1,1,1.0,0.0,1.0
52,112383.03,1,0,1.0,0.0,0.0
50,117565.03,2,0,0.0,0.0,0.0
56,0.0,1,0,0.0,0.0,1.0
42,0.0,2,0,0.0,1.0,1.0
35,0.0,3,0,0.0,1.0,1.0
32,0.0,2,1,0.0,1.0,1.0
36,0.0,1,0,0.0,0.0,0.0
50,0.0,2,0,0.0,1.0,1.0
34,111388.18,2,0,1.0,0.0,0.0
35,0.0,2,0,0.0,1.0,1.0
40,139930.18,1,1,0.0,0.0,1.0
34,100337.96,3,0,1.0,0.0,1.0
43,150805.17,3,1,1.0,0.0,1.0
43,0.0,2,1,0.0,0.0,0.0
55,149349.58,3,0,1.0,0.0,0.0
38,117314.92,1,0,1.0,0.0,0.0
42,0.0,2,0,0.0,0.0,0.0
32,111537.23,4,1,1.0,0.0,0.0
28,0.0,2,1,0.0,0.0,0.0
35,154206.07,2,1,1.0,0.0,0.0
54,134388.11,1,0,1.0,0.0,1.0
35,147127.81,2,1,1.0,0.0,1.0
37,0.0,2,0,0.0,1.0,1.0
33,97188.62,1,0,0.0,1.0,1.0
34,74197.38,2,0,0.0,0.0,0.0
36,0.0,2,1,0.0,1.0,1.0
33,0.0,1,0,0.0,0.0,1.0
44,0.0,2,0,0.0,0.0,0.0
28,0.0,2,1,0.0,1.0,1.0
43,129264.05,2,0,1.0,0.0,0.0
39,0.0,3,0,0.0,0.0,1.0
24,133811.78,1,0,1.0,0.0,1.0
31,0.0,2,1,0.0,0.0,1.0
47,0.0,2,0,0.0,0.0,1.0
33,0.0,2,0,0.0,1.0,1.0
38,90957.81,1,1,0.0,0.0,1.0
73,170241.7,2,1,0.0,0.0,1.0
22,0.0,2,0,0.0,0.0,1.0
31,161171.7,2,0,0.0,0.0,1.0
49,180614.04,1,0,0.0,0.0,1.0
34,98382.72,1,0,0.0,1.0,1.0
24,95741.75,1,0,0.0,0.0,1.0
48,0.0,1,0,0.0,0.0,0.0
37,169902.92,1,1,0.0,1.0,1.0
38,0.0,1,1,0.0,1.0,1.0
40,148556.74,1,1,0.0,0.0,1.0
34,0.0,2,0,0.0,0.0,1.0
40,147171.2,1,1,1.0,0.0,0.0
26,84006.88,2,0,0.0,0.0,1.0
45,158621.04,1,0,0.0,0.0,0.0
41,0.0,2,1,0.0,0.0,1.0
27,0.0,2,1,0.0,1.0,0.0
36,114997.42,1,0,0.0,0.0,0.0
50,90305.76,1,1,0.0,0.0,1.0
44,125584.17,2,1,1.0,0.0,0.0
46,131764.96,1,1,0.0,1.0,1.0
46,130812.91,1,1,1.0,0.0,1.0
38,0.0,2,0,0.0,0.0,0.0
55,44020.89,1,0,0.0,0.0,0.0
27,112045.67,1,1,1.0,0.0,0.0
29,0.0,2,0,0.0,1.0,0.0
26,157624.84,1,1,0.0,0.0,0.0
34,142393.11,1,1,1.0,0.0,1.0
33,66220.17,1,1,0.0,1.0,1.0
40,0.0,1,1,0.0,0.0,1.0
38,182065.85,1,0,0.0,0.0,0.0
24,149592.14,1,1,0.0,1.0,0.0
39,0.0,2,1,0.0,0.0,0.0
27,121325.84,1,1,0.0,0.0,1.0
36,106192.1,1,0,0.0,0.0,1.0
68,110357.0,1,0,1.0,0.0,0.0
38,0.0,2,0,0.0,0.0,0.0
30,0.0,2,0,0.0,0.0,1.0
21,0.0,2,1,0.0,0.0,0.0
31,114519.57,2,1,0.0,0.0,0.0
27,155879.09,2,0,0.0,0.0,0.0
28,88963.31,2,1,0.0,0.0,1.0
42,113657.41,2,1,1.0,0.0,0.0
47,0.0,2,0,0.0,0.0,0.0
36,0.0,2,0,0.0,0.0,0.0
69,0.0,1,1,0.0,1.0,0.0
53,109330.06,1,1,0.0,1.0,0.0
24,102773.2,2,0,1.0,0.0,1.0
38,129378.32,1,1,0.0,1.0,1.0
33,128306.83,1,1,0.0,0.0,0.0
38,117810.79,1,1,0.0,0.0,1.0
36,0.0,2,0,0.0,0.0,0.0
49,0.0,1,1,0.0,0.0,0.0
38,129055.13,1,0,1.0,0.0,0.0
48,102962.62,1,0,1.0,0.0,0.0
46,62400.48,1,1,0.0,1.0,1.0
39,70657.61,2,1,0.0,0.0,1.0
56,0.0,1,0,0.0,0.0,0.0
37,149762.08,1,0,0.0,0.0,1.0
60,85891.55,1,0,0.0,0.0,1.0
31,125167.02,1,0,0.0,1.0,1.0
61,0.0,2,1,0.0,0.0,1.0
51,127545.56,2,0,1.0,0.0,1.0
42,0.0,2,0,0.0,0.0,0.0
46,0.0,2,1,0.0,0.0,1.0
47,0.0,2,0,0.0,0.0,1.0
24,143221.35,2,0,1.0,0.0,1.0
39,0.0,2,0,0.0,0.0,1.0
45,0.0,2,1,0.0,1.0,0.0
35,0.0,1,0,0.0,0.0,0.0
33,150092.8,1,0,0.0,1.0,1.0
33,56084.69,2,0,0.0,1.0,1.0
46,0.0,1,1,0.0,0.0,0.0
36,96643.32,1,0,1.0,0.0,1.0
24,135125.28,1,0,0.0,0.0,1.0
40,0.0,2,0,0.0,1.0,0.0
39,0.0,1,1,0.0,0.0,0.0
38,130170.82,1,1,1.0,0.0,1.0
32,138901.61,1,0,0.0,1.0,0.0
35,148172.44,1,1,0.0,0.0,1.0
34,147422.44,1,1,0.0,1.0,1.0
57,0.0,2,1,0.0,1.0,0.0
39,117103.26,2,1,0.0,0.0,0.0
27,0.0,1,0,0.0,0.0,0.0
31,0.0,2,1,0.0,1.0,0.0
42,0.0,1,0,0.0,0.0,1.0
47,99353.42,1,0,1.0,0.0,1.0
32,0.0,1,1,0.0,0.0,1.0
49,116150.65,3,1,1.0,0.0,1.0
39,88477.36,2,0,1.0,0.0,0.0
34,0.0,2,0,0.0,0.0,1.0
29,0.0,2,1,0.0,0.0,1.0
50,123936.54,1,1,1.0,0.0,0.0
31,125681.51,1,1,1.0,0.0,1.0
48,0.0,1,0,0.0,0.0,1.0
26,129109.02,1,0,0.0,0.0,0.0
36,91286.51,1,0,1.0,0.0,0.0
62,98854.34,1,0,1.0,0.0,1.0
42,178820.91,1,0,0.0,1.0,1.0
37,0.0,1,0,0.0,0.0,1.0
45,123949.75,1,0,1.0,0.0,1.0
41,0.0,2,1,0.0,1.0,1.0
31,0.0,1,1,0.0,0.0,0.0
32,0.0,2,0,0.0,0.0,0.0
36,0.0,1,0,0.0,0.0,0.0
35,0.0,1,1,0.0,0.0,1.0
26,109166.37,1,1,1.0,0.0,1.0
33,0.0,2,0,0.0,0.0,1.0
26,0.0,2,0,0.0,0.0,0.0
35,165982.43,2,1,1.0,0.0,0.0
36,0.0,1,1,0.0,0.0,1.0
46,0.0,2,0,0.0,0.0,1.0
35,123557.65,2,1,0.0,1.0,1.0
32,0.0,1,0,0.0,0.0,0.0
37,113817.06,1,0,0.0,1.0,0.0
25,108396.67,1,0,0.0,0.0,1.0
63,96134.11,3,0,0.0,1.0,1.0
43,0.0,2,0,0.0,0.0,0.0
52,143542.36,3,0,0.0,1.0,0.0
35,114321.28,2,0,0.0,0.0,0.0
29,106230.92,1,1,1.0,0.0,0.0
30,80964.57,2,0,0.0,0.0,1.0
37,121231.39,1,1,0.0,1.0,0.0
32,106520.73,2,0,1.0,0.0,1.0
48,0.0,2,1,0.0,1.0,1.0
36,0.0,2,1,0.0,0.0,1.0
73,137761.55,1,1,0.0,1.0,1.0
45,116546.59,2,0,1.0,0.0,1.0
38,102133.38,1,1,0.0,0.0,0.0
40,0.0,1,1,0.0,0.0,1.0
33,77253.22,1,1,0.0,1.0,1.0
73,0.0,2,1,0.0,0.0,0.0
28,0.0,1,0,0.0,0.0,0.0
37,0.0,3,1,0.0,1.0,1.0
50,102645.48,1,0,1.0,0.0,1.0
39,76769.68,1,0,0.0,0.0,0.0
32,141827.33,2,1,1.0,0.0,1.0
46,78136.36,2,1,1.0,0.0,1.0
44,141252.18,4,1,0.0,0.0,1.0
20,0.0,2,1,0.0,1.0,1.0
27,131691.33,1,0,0.0,0.0,1.0
51,143930.92,1,1,1.0,0.0,0.0
42,0.0,1,1,0.0,0.0,0.0
30,119370.11,1,1,0.0,1.0,0.0
38,99167.54,1,0,1.0,0.0,0.0
38,128218.47,1,0,1.0,0.0,0.0
44,0.0,3,0,0.0,1.0,0.0
34,126558.92,1,0,0.0,0.0,0.0
53,88381.21,1,0,0.0,0.0,0.0
42,118274.71,1,1,0.0,0.0,1.0
31,119266.69,1,1,0.0,0.0,1.0
29,156569.43,1,0,0.0,0.0,0.0
41,62078.21,2,0,1.0,0.0,1.0
38,0.0,2,1,0.0,0.0,0.0
51,126725.25,1,0,1.0,0.0,1.0
34,0.0,2,1,0.0,0.0,0.0
29,107000.49,1,1,0.0,0.0,1.0
47,198546.1,2,0,0.0,0.0,1.0
22,0.0,2,0,0.0,1.0,0.0
32,148326.09,1,0,0.0,0.0,0.0
41,0.0,2,0,0.0,0.0,0.0
37,153366.13,1,1,1.0,0.0,1.0
45,120961.5,3,1,1.0,0.0,1.0
33,0.0,2,0,0.0,1.0,1.0
53,75225.53,2,0,0.0,1.0,0.0
62,64667.95,2,1,0.0,0.0,0.0
42,0.0,2,0,0.0,0.0,0.0
46,0.0,2,0,0.0,0.0,0.0
37,100252.18,1,1,0.0,1.0,1.0
35,118536.4,1,0,1.0,0.0,0.0
42,105021.28,1,0,0.0,1.0,0.0
48,143595.87,1,0,1.0,0.0,0.0
34,0.0,2,1,0.0,0.0,1.0
40,0.0,2,1,0.0,0.0,1.0
37,106453.53,2,1,1.0,0.0,0.0
46,0.0,2,0,0.0,1.0,0.0
36,109632.85,1,1,0.0,1.0,1.0
52,0.0,1,0,0.0,0.0,0.0
46,0.0,3,0,0.0,0.0,0.0
51,107714.74,3,0,1.0,0.0,1.0
40,0.0,1,1,0.0,0.0,1.0
68,0.0,2,1,0.0,0.0,1.0
37,143452.74,2,1,1.0,0.0,1.0
47,102562.23,1,0,0.0,1.0,1.0
38,101430.3,2,1,0.0,0.0,0.0
42,152039.7,1,1,1.0,0.0,1.0
38,71460.67,2,1,0.0,1.0,1.0
30,140916.81,1,0,0.0,0.0,1.0
45,91091.06,2,0,0.0,1.0,0.0
44,0.0,4,0,0.0,0.0,1.0
36,0.0,2,0,0.0,1.0,1.0
57,0.0,1,0,0.0,1.0,0.0
32,185714.28,1,1,0.0,0.0,1.0
29,92887.13,1,1,1.0,0.0,1.0
26,0.0,2,1,0.0,1.0,1.0
35,0.0,2,0,0.0,0.0,0.0
42,119624.6,2,1,1.0,0.0,1.0
23,113923.81,2,0,0.0,0.0,0.0
45,0.0,2,1,0.0,0.0,1.0
32,108698.96,2,1,0.0,0.0,0.0
63,114715.71,1,1,0.0,0.0,0.0
26,149144.61,1,1,0.0,0.0,1.0
43,71240.3,1,1,0.0,0.0,1.0
34,0.0,2,0,0.0,1.0,1.0
33,138335.96,1,1,1.0,0.0,0.0
29,147737.63,1,1,0.0,0.0,1.0
28,118402.25,2,0,1.0,0.0,1.0
36,0.0,2,1,0.0,1.0,0.0
32,46161.18,1,1,0.0,1.0,1.0
30,133537.1,2,0,1.0,0.0,0.0
45,118626.55,2,0,0.0,0.0,1.0
44,105206.7,2,1,1.0,0.0,0.0
28,123674.28,2,1,1.0,0.0,1.0
30,154159.51,1,0,1.0,0.0,0.0
35,0.0,2,1,0.0,0.0,0.0
44,63438.91,1,0,0.0,0.0,1.0
33,0.0,1,0,0.0,0.0,1.0
42,156864.2,2,0,0.0,0.0,1.0
54,0.0,1,0,0.0,0.0,0.0
46,123571.77,3,1,1.0,0.0,1.0
50,163085.79,1,1,0.0,1.0,1.0
23,0.0,2,1,0.0,0.0,0.0
32,93012.89,1,0,0.0,0.0,1.0
31,175477.15,1,1,0.0,0.0,1.0
33,154969.79,2,1,1.0,0.0,0.0
40,101993.12,1,1,0.0,1.0,0.0
32,83161.65,1,1,0.0,0.0,1.0
34,0.0,1,1,0.0,1.0,1.0
34,107556.06,2,0,0.0,1.0,0.0
36,97234.58,1,0,0.0,0.0,1.0
35,138718.92,1,1,1.0,0.0,1.0
42,0.0,2,1,0.0,1.0,1.0
30,0.0,2,1,0.0,0.0,1.0
29,75395.53,2,1,1.0,0.0,1.0
30,134366.42,1,0,1.0,0.0,1.0
32,40172.91,1,1,1.0,0.0,1.0
43,86394.14,1,1,0.0,0.0,1.0
40,0.0,2,1,0.0,0.0,0.0
36,129934.64,1,0,0.0,1.0,1.0
49,127421.78,2,0,1.0,0.0,0.0
24,69881.09,2,1,1.0,0.0,0.0
23,166070.48,2,0,1.0,0.0,0.0
50,92895.56,1,0,1.0,0.0,0.0
26,0.0,2,1,0.0,1.0,1.0
41,141749.68,1,1,1.0,0.0,1.0
35,82453.96,2,0,1.0,0.0,0.0
38,171848.38,1,0,0.0,1.0,0.0
50,113957.01,2,0,1.0,0.0,1.0
32,96709.07,2,0,1.0,0.0,1.0
29,104982.57,1,0,0.0,0.0,0.0
35,103060.63,1,0,1.0,0.0,0.0
27,0.0,1,1,0.0,1.0,0.0
39,0.0,2,1,0.0,1.0,1.0
20,117356.19,1,0,1.0,0.0,0.0
39,0.0,2,0,0.0,0.0,1.0
45,57784.22,1,0,0.0,1.0,0.0
37,121801.72,2,1,1.0,0.0,0.0
56,121235.05,2,1,0.0,0.0,0.0
46,0.0,2,0,0.0,0.0,1.0
32,94753.55,2,1,1.0,0.0,0.0
38,121021.05,1,1,0.0,1.0,0.0
35,81951.74,2,0,0.0,0.0,1.0
34,0.0,2,0,0.0,0.0,0.0
35,0.0,2,0,0.0,0.0,0.0
74,121276.32,1,1,0.0,0.0,0.0
76,95052.29,1,0,1.0,0.0,0.0
39,129068.54,2,1,0.0,0.0,0.0
41,102827.44,1,1,0.0,1.0,1.0
37,0.0,2,1,0.0,0.0,1.0
39,49572.73,1,0,0.0,0.0,0.0
66,182532.23,2,1,1.0,0.0,1.0
40,0.0,2,0,0.0,1.0,0.0
30,0.0,2,0,0.0,0.0,0.0
31,103696.97,3,0,0.0,0.0,0.0
43,114091.38,1,1,1.0,0.0,1.0
40,0.0,2,0,0.0,0.0,1.0
40,0.0,1,0,0.0,0.0,1.0
48,120568.41,1,0,1.0,0.0,0.0
44,0.0,1,0,0.0,0.0,0.0
43,125851.93,1,1,0.0,0.0,0.0
39,0.0,2,0,0.0,0.0,1.0
56,0.0,1,0,0.0,0.0,0.0
37,113488.68,1,0,1.0,0.0,1.0
51,123372.3,1,1,0.0,0.0,1.0
35,0.0,2,1,0.0,1.0,1.0
29,0.0,2,1,0.0,0.0,1.0
30,0.0,2,1,0.0,1.0,0.0
33,134678.13,1,0,1.0,0.0,0.0
36,0.0,2,1,0.0,0.0,1.0
33,126524.11,1,0,1.0,0.0,1.0
46,115074.02,2,0,1.0,0.0,0.0
49,93817.41,2,1,0.0,0.0,1.0
45,138825.19,1,0,0.0,0.0,1.0
45,114347.85,2,1,0.0,1.0,0.0
48,138311.76,1,1,1.0,0.0,0.0
40,134590.21,1,1,1.0,0.0,0.0
32,0.0,2,1,0.0,1.0,0.0
31,108632.48,1,1,0.0,1.0,1.0
26,0.0,2,0,0.0,1.0,1.0
70,77356.92,2,1,1.0,0.0,1.0
46,81576.75,1,1,0.0,1.0,0.0
28,79460.98,2,1,1.0,0.0,1.0
36,147137.74,1,1,1.0,0.0,1.0
62,108716.59,2,1,1.0,0.0,1.0
21,109130.96,2,1,0.0,0.0,1.0
34,0.0,2,0,0.0,0.0,0.0
61,0.0,2,1,0.0,0.0,1.0
29,101713.84,3,0,1.0,0.0,0.0
32,0.0,2,0,0.0,0.0,0.0
40,75893.11,2,0,0.0,0.0,0.0
24,141078.57,1,1,0.0,1.0,1.0
31,0.0,2,0,0.0,0.0,0.0
61,125193.96,1,1,1.0,0.0,0.0
34,0.0,1,1,0.0,0.0,0.0
34,161588.89,1,1,0.0,0.0,1.0
38,132591.36,1,1,1.0,0.0,0.0
57,0.0,1,1,0.0,0.0,1.0
35,163943.89,2,1,0.0,0.0,0.0
31,157120.86,2,0,0.0,0.0,1.0
44,111369.79,2,1,1.0,0.0,1.0
41,0.0,2,1,0.0,0.0,0.0
32,96106.83,1,1,1.0,0.0,1.0
36,78381.13,1,1,0.0,1.0,1.0
63,126473.33,1,1,0.0,0.0,0.0
24,100169.51,1,0,0.0,0.0,0.0
40,84390.8,2,1,0.0,0.0,0.0
56,0.0,2,1,0.0,1.0,0.0
42,56228.25,1,0,0.0,0.0,0.0
37,121532.17,2,1,1.0,0.0,0.0
36,0.0,2,1,0.0,0.0,0.0
41,0.0,3,0,0.0,0.0,1.0
41,135756.96,1,1,0.0,0.0,0.0
28,0.0,2,1,0.0,1.0,1.0
32,0.0,2,1,0.0,1.0,0.0
40,141004.46,1,0,0.0,0.0,1.0
28,126315.26,1,0,1.0,0.0,1.0
41,126605.14,1,1,0.0,1.0,0.0
37,0.0,1,0,0.0,0.0,1.0
39,159492.79,1,0,1.0,0.0,1.0
35,0.0,2,1,0.0,1.0,1.0
44,0.0,3,1,0.0,1.0,0.0
28,0.0,1,1,0.0,1.0,0.0
34,108653.93,1,1,0.0,1.0,1.0
41,0.0,2,0,0.0,1.0,1.0
48,0.0,2,0,0.0,1.0,0.0
37,69609.85,1,1,0.0,0.0,0.0
33,0.0,2,0,0.0,1.0,1.0
37,0.0,2,1,0.0,0.0,0.0
40,45408.85,2,0,1.0,0.0,1.0
58,128468.69,1,1,0.0,1.0,1.0
22,0.0,2,0,0.0,0.0,1.0
34,146407.11,1,1,1.0,0.0,1.0
35,82231.51,2,0,0.0,1.0,0.0
25,157228.61,2,0,0.0,1.0,1.0
41,122189.66,2,0,1.0,0.0,0.0
24,111769.14,2,0,1.0,0.0,1.0
61,80538.56,1,0,0.0,0.0,0.0
26,107508.93,2,1,0.0,0.0,0.0
48,107247.69,1,1,1.0,0.0,1.0
33,122528.18,1,0,0.0,1.0,0.0
36,174180.39,1,0,0.0,1.0,0.0
29,0.0,2,0,0.0,1.0,1.0
32,0.0,2,1,0.0,0.0,1.0
54,92877.33,1,0,1.0,0.0,1.0
34,114543.27,1,1,0.0,0.0,1.0
43,154100.3,1,0,0.0,0.0,0.0
38,0.0,1,0,0.0,1.0,1.0
58,0.0,2,1,0.0,1.0,1.0
24,0.0,1,0,0.0,1.0,0.0
45,144677.19,3,0,1.0,0.0,1.0
35,0.0,2,1,0.0,1.0,0.0
37,128932.4,1,1,0.0,1.0,0.0
36,73194.99,1,1,1.0,0.0,1.0
36,53369.13,1,1,0.0,0.0,0.0
35,99967.76,1,1,1.0,0.0,1.0
42,164951.56,1,0,0.0,0.0,1.0
34,93244.42,1,1,1.0,0.0,0.0
39,0.0,2,0,0.0,0.0,1.0
35,69617.36,1,0,0.0,0.0,0.0
34,155973.88,1,0,0.0,0.0,1.0
43,0.0,2,1,0.0,0.0,0.0
33,131765.72,1,0,0.0,0.0,1.0
37,0.0,2,0,0.0,0.0,0.0
39,127631.62,1,1,1.0,0.0,1.0
35,118894.22,1,0,0.0,0.0,1.0
44,138076.47,1,0,1.0,0.0,1.0
30,117696.67,1,0,0.0,0.0,1.0
38,0.0,2,1,0.0,0.0,0.0
61,133802.29,2,1,1.0,0.0,1.0
44,0.0,2,0,0.0,1.0,1.0
22,0.0,3,0,0.0,1.0,1.0
41,0.0,3,0,0.0,0.0,1.0
29,105957.44,1,0,1.0,0.0,0.0
36,82696.09,2,0,0.0,1.0,1.0
35,119182.73,1,0,0.0,1.0,0.0
28,109161.25,1,0,0.0,1.0,1.0
24,110407.44,2,0,1.0,0.0,0.0
43,112088.04,2,1,1.0,0.0,1.0
35,103711.56,1,1,1.0,0.0,1.0
65,0.0,2,1,0.0,1.0,0.0
47,124192.28,2,1,1.0,0.0,0.0
46,174701.05,1,0,0.0,0.0,1.0
34,0.0,2,0,0.0,0.0,0.0
44,115451.05,2,0,0.0,0.0,1.0
55,97318.25,1,1,0.0,0.0,1.0
39,157691.98,2,0,0.0,1.0,1.0
33,95927.04,1,0,0.0,0.0,0.0
36,146050.97,2,0,1.0,0.0,1.0
59,0.0,1,0,0.0,0.0,1.0
27,0.0,2,0,0.0,0.0,0.0
26,57422.62,1,1,1.0,0.0,1.0
36,0.0,2,0,0.0,0.0,0.0
48,82794.18,1,0,1.0,0.0,0.0
37,124348.38,2,1,0.0,0.0,1.0
37,122304.65,2,0,1.0,0.0,0.0
24,0.0,2,0,0.0,0.0,1.0
38,124271.26,1,0,0.0,0.0,1.0
43,120481.69,1,0,1.0,0.0,0.0
29,59697.17,2,1,0.0,0.0,1.0
37,0.0,2,1,0.0,0.0,0.0
41,132670.53,1,0,1.0,0.0,0.0
54,145151.4,1,1,1.0,0.0,0.0
31,0.0,1,0,0.0,0.0,1.0
34,0.0,1,0,0.0,0.0,0.0
39,0.0,1,0,0.0,0.0,1.0
44,0.0,2,0,0.0,1.0,1.0
48,0.0,1,0,0.0,0.0,0.0
43,140080.32,3,1,1.0,0.0,1.0
41,0.0,2,1,0.0,0.0,1.0
45,0.0,1,1,0.0,0.0,1.0
38,0.0,2,0,0.0,0.0,0.0
37,0.0,2,0,0.0,0.0,1.0
29,0.0,2,1,0.0,0.0,1.0
40,99816.46,1,1,0.0,0.0,0.0
36,0.0,2,1,0.0,1.0,0.0
58,122330.7,2,1,0.0,1.0,1.0
76,134208.25,1,1,0.0,1.0,0.0
30,0.0,3,1,0.0,1.0,0.0
49,0.0,2,0,0.0,1.0,1.0
54,134249.7,1,1,0.0,1.0,1.0
38,0.0,2,1,0.0,0.0,0.0
45,47884.92,1,1,0.0,0.0,0.0
25,82506.72,2,0,1.0,0.0,1.0
42,162318.61,1,0,1.0,0.0,1.0
59,120170.07,1,1,1.0,0.0,0.0
41,124227.14,1,1,1.0,0.0,1.0
31,82729.47,2,0,1.0,0.0,0.0
19,0.0,2,0,0.0,1.0,0.0
35,161637.75,1,1,0.0,1.0,1.0
46,163764.84,1,1,0.0,1.0,0.0
29,0.0,2,0,0.0,0.0,1.0
41,0.0,1,0,0.0,1.0,1.0
44,111833.47,1,0,0.0,0.0,1.0
46,107238.85,2,0,0.0,0.0,0.0
29,46388.16,3,0,0.0,0.0,0.0
29,0.0,2,0,0.0,0.0,1.0
30,0.0,3,0,0.0,1.0,1.0
75,61319.63,1,1,1.0,0.0,1.0
45,105426.5,2,1,1.0,0.0,0.0
37,0.0,1,1,0.0,0.0,1.0
47,104552.61,1,0,1.0,0.0,0.0
27,0.0,2,0,0.0,0.0,0.0
46,115518.07,1,0,1.0,0.0,0.0
49,0.0,1,0,0.0,0.0,0.0
28,167738.82,2,1,1.0,0.0,0.0
39,108055.1,2,0,1.0,0.0,1.0
40,97990.49,2,0,1.0,0.0,0.0
52,0.0,1,0,0.0,0.0,0.0
47,0.0,2,0,0.0,0.0,1.0
37,89634.69,1,1,0.0,0.0,0.0
32,146810.99,2,1,1.0,0.0,0.0
26,162482.76,1,1,0.0,0.0,0.0
44,111095.58,2,0,0.0,0.0,1.0
40,0.0,1,0,0.0,0.0,0.0
29,43504.42,1,1,0.0,0.0,1.0
70,87542.89,2,1,0.0,0.0,0.0
42,100160.75,1,0,1.0,0.0,1.0
66,0.0,1,0,0.0,1.0,0.0
48,0.0,2,1,0.0,0.0,0.0
33,0.0,2,1,0.0,0.0,0.0
29,129938.07,1,1,0.0,1.0,0.0
26,89900.24,2,0,0.0,0.0,1.0
25,0.0,2,0,0.0,0.0,0.0
48,140576.11,1,1,0.0,1.0,0.0
33,102185.42,2,0,1.0,0.0,0.0
73,97259.25,1,1,0.0,0.0,0.0
33,0.0,1,0,0.0,0.0,0.0
57,0.0,1,0,0.0,0.0,0.0
31,90826.27,2,0,0.0,1.0,1.0
34,72079.71,1,1,0.0,0.0,1.0
88,0.0,2,1,0.0,1.0,1.0
68,114386.85,1,1,0.0,1.0,1.0
42,81589.04,1,0,0.0,1.0,1.0
45,84692.5,1,1,0.0,1.0,1.0
30,123040.38,1,1,1.0,0.0,0.0
38,136712.91,1,1,0.0,0.0,1.0
39,160903.2,1,0,0.0,0.0,0.0
42,99045.93,2,0,0.0,0.0,0.0
67,128843.67,1,1,0.0,0.0,0.0
38,127475.24,1,0,1.0,0.0,1.0
33,156297.58,2,1,0.0,0.0,1.0
28,110997.76,1,0,0.0,0.0,0.0
29,0.0,2,1,0.0,1.0,0.0
39,65521.2,1,1,0.0,1.0,1.0
37,113383.07,1,1,1.0,0.0,0.0
48,130806.99,2,1,0.0,0.0,0.0
39,111233.09,1,1,0.0,1.0,1.0
40,79035.95,1,0,0.0,1.0,0.0
31,0.0,2,1,0.0,0.0,0.0
25,111432.13,1,1,1.0,0.0,1.0
26,79932.41,1,0,0.0,1.0,1.0
54,0.0,2,1,0.0,1.0,0.0
35,92833.89,1,0,1.0,0.0,1.0
33,96834.78,1,0,0.0,0.0,0.0
31,102016.72,2,0,0.0,0.0,1.0
40,95452.89,1,1,0.0,0.0,0.0
51,131156.76,1,0,1.0,0.0,1.0
40,0.0,3,0,0.0,1.0,0.0
22,99339.0,1,0,0.0,0.0,1.0
45,107023.03,1,0,0.0,1.0,1.0
29,96974.97,1,1,0.0,0.0,0.0
27,122550.05,2,1,0.0,0.0,0.0
44,129605.99,1,0,0.0,0.0,0.0
54,118449.21,1,1,1.0,0.0,0.0
43,0.0,1,0,0.0,1.0,0.0
57,86568.75,1,1,1.0,0.0,0.0
31,0.0,2,0,0.0,0.0,1.0
26,0.0,1,0,0.0,0.0,1.0
21,0.0,2,1,0.0,0.0,0.0
61,149525.34,2,0,1.0,0.0,0.0
38,0.0,2,0,0.0,0.0,1.0
33,0.0,2,1,0.0,0.0,1.0
58,91285.13,2,1,0.0,0.0,1.0
33,141816.25,1,0,1.0,0.0,0.0
72,140997.26,1,1,0.0,0.0,1.0
36,0.0,2,0,0.0,1.0,0.0
30,0.0,2,0,0.0,0.0,1.0
39,0.0,2,0,0.0,0.0,1.0
48,0.0,2,1,0.0,1.0,0.0
51,40685.92,1,1,0.0,0.0,1.0
32,0.0,2,1,0.0,0.0,0.0
28,0.0,1,0,0.0,0.0,1.0
36,0.0,2,1,0.0,0.0,1.0
27,0.0,2,0,0.0,1.0,1.0
40,124339.9,1,0,0.0,0.0,1.0
32,0.0,1,1,0.0,0.0,0.0
40,28649.64,1,1,0.0,1.0,1.0
26,141462.13,1,0,0.0,0.0,1.0
45,83624.55,2,0,1.0,0.0,1.0
33,152805.05,1,0,0.0,0.0,0.0
57,0.0,3,1,0.0,0.0,0.0
29,0.0,2,1,0.0,0.0,1.0
28,128396.33,2,0,0.0,1.0,1.0
32,0.0,2,1,0.0,0.0,0.0
27,111568.01,1,1,1.0,0.0,0.0
39,105473.74,1,0,0.0,1.0,1.0
18,0.0,2,0,0.0,1.0,1.0
63,0.0,2,1,0.0,0.0,1.0
32,145553.07,1,1,0.0,1.0,0.0
41,128876.71,3,1,0.0,0.0,1.0
37,166115.42,1,0,0.0,0.0,1.0
31,117020.08,2,0,1.0,0.0,1.0
23,93301.97,2,1,1.0,0.0,1.0
59,113657.83,1,1,0.0,0.0,1.0
40,107041.3,1,1,1.0,0.0,1.0
24,145081.73,1,1,0.0,0.0,0.0
64,139663.37,1,1,0.0,0.0,0.0
44,0.0,2,1,0.0,0.0,1.0
31,150593.59,2,1,1.0,0.0,1.0
30,0.0,2,1,0.0,0.0,1.0
27,0.0,2,0,0.0,1.0,1.0
35,0.0,2,1,0.0,1.0,0.0
38,0.0,1,0,0.0,0.0,0.0
38,111501.66,1,1,0.0,0.0,1.0
40,0.0,2,1,0.0,0.0,0.0
38,0.0,2,0,0.0,0.0,1.0
36,108239.11,2,0,1.0,0.0,1.0
43,141349.43,1,1,1.0,0.0,0.0
39,149379.66,2,0,0.0,0.0,0.0
28,139246.22,2,0,1.0,0.0,0.0
40,136093.74,1,1,0.0,1.0,0.0
36,121092.47,2,1,0.0,0.0,1.0
51,155903.82,2,1,1.0,0.0,0.0
32,0.0,1,0,0.0,0.0,0.0
43,39043.29,2,1,1.0,0.0,1.0
35,0.0,2,0,0.0,1.0,0.0
45,91549.78,1,1,0.0,1.0,1.0
29,107233.85,2,0,1.0,0.0,1.0
58,114327.59,2,1,1.0,0.0,1.0
39,137817.52,1,0,0.0,0.0,1.0
40,119501.88,2,0,0.0,0.0,1.0
30,116416.94,1,1,1.0,0.0,1.0
49,96296.78,1,0,0.0,1.0,0.0
24,161884.99,1,1,0.0,0.0,0.0
55,125292.53,1,1,1.0,0.0,0.0
38,0.0,2,1,0.0,0.0,0.0
37,0.0,2,0,0.0,1.0,0.0
29,80204.11,2,0,1.0,0.0,0.0
34,121151.05,1,0,0.0,1.0,1.0
43,116644.29,2,1,1.0,0.0,0.0
54,87105.32,1,1,0.0,0.0,1.0
25,135903.33,1,0,0.0,0.0,1.0
47,91522.04,2,1,1.0,0.0,0.0
38,116520.28,1,1,1.0,0.0,0.0
26,112930.28,2,0,1.0,0.0,1.0
55,127723.25,2,0,1.0,0.0,0.0
25,0.0,2,1,0.0,0.0,1.0
41,130701.29,1,0,1.0,0.0,0.0
59,122781.51,1,1,0.0,0.0,1.0
71,140273.47,1,1,1.0,0.0,0.0
38,158373.23,1,1,1.0,0.0,0.0
56,0.0,3,0,0.0,1.0,1.0
41,109402.13,1,1,0.0,1.0,1.0
55,0.0,1,0,0.0,1.0,0.0
43,0.0,2,1,0.0,0.0,1.0
32,131945.94,1,1,0.0,1.0,1.0
57,93716.72,1,1,1.0,0.0,0.0
42,0.0,3,1,0.0,1.0,1.0
46,0.0,1,0,0.0,1.0,0.0
42,152324.66,2,0,1.0,0.0,0.0
41,0.0,1,1,0.0,0.0,1.0
34,165363.31,2,1,0.0,0.0,1.0
29,0.0,2,0,0.0,0.0,0.0
35,0.0,2,1,0.0,0.0,1.0
64,98848.19,1,1,0.0,0.0,1.0
38,0.0,2,0,0.0,0.0,1.0
44,79064.85,2,1,1.0,0.0,0.0
34,149297.19,2,1,1.0,0.0,0.0
32,0.0,2,0,0.0,0.0,0.0
44,77526.66,3,0,0.0,1.0,1.0
48,104478.12,3,1,1.0,0.0,0.0
33,0.0,1,0,0.0,0.0,0.0
43,0.0,2,0,0.0,0.0,0.0
36,113110.26,1,0,0.0,1.0,1.0
54,138547.97,1,1,0.0,0.0,0.0
35,133853.27,1,1,0.0,0.0,1.0
45,0.0,2,1,0.0,0.0,1.0
35,0.0,2,1,0.0,0.0,1.0
34,115101.5,1,0,1.0,0.0,1.0
42,0.0,2,0,0.0,0.0,0.0
32,100249.41,2,1,0.0,0.0,1.0
27,176913.52,1,0,0.0,0.0,1.0
28,65643.3,1,0,1.0,0.0,1.0
33,106506.77,3,0,1.0,0.0,0.0
39,124216.93,1,1,1.0,0.0,1.0
44,143571.52,1,0,0.0,0.0,1.0
39,81042.42,1,1,0.0,0.0,0.0
31,0.0,2,1,0.0,0.0,1.0
45,157320.51,1,0,0.0,1.0,0.0
40,156218.19,1,1,0.0,0.0,1.0
34,0.0,2,1,0.0,1.0,0.0
51,0.0,2,1,0.0,0.0,0.0
24,0.0,2,1,0.0,1.0,0.0
38,0.0,2,1,0.0,0.0,1.0
39,84468.67,2,1,1.0,0.0,1.0
22,120811.89,1,1,0.0,1.0,1.0
23,157761.56,1,0,0.0,0.0,1.0
28,0.0,2,1,0.0,1.0,0.0
31,121691.54,2,0,0.0,1.0,0.0
28,0.0,2,1,0.0,1.0,1.0
34,85141.79,2,1,0.0,1.0,1.0
33,134944.0,1,1,0.0,0.0,1.0
31,0.0,1,0,0.0,1.0,0.0
25,147386.72,3,0,0.0,1.0,0.0
41,0.0,1,1,0.0,0.0,1.0
28,102282.61,1,1,0.0,1.0,0.0
28,142253.65,1,0,0.0,1.0,0.0
34,112746.54,2,0,1.0,0.0,1.0
72,0.0,2,1,0.0,0.0,1.0
46,150213.71,1,0,0.0,0.0,0.0
36,102989.83,2,1,0.0,1.0,1.0
46,0.0,2,0,0.0,0.0,0.0
30,123217.66,2,1,0.0,0.0,1.0
26,123709.46,2,1,0.0,1.0,0.0
35,141005.47,1,1,0.0,0.0,1.0
28,64808.32,2,0,1.0,0.0,0.0
59,104568.41,1,0,1.0,0.0,1.0
44,115557.0,1,1,0.0,1.0,0.0
41,0.0,2,0,0.0,1.0,1.0
29,104450.86,1,1,0.0,0.0,0.0
50,159453.64,2,0,0.0,1.0,1.0
35,58469.37,2,1,1.0,0.0,1.0
46,0.0,2,0,0.0,0.0,0.0
40,0.0,2,1,0.0,0.0,0.0
33,89968.69,1,0,0.0,0.0,1.0
43,80090.93,1,0,0.0,0.0,1.0
38,127117.8,2,1,0.0,1.0,1.0
40,84315.02,1,0,0.0,0.0,1.0
37,212692.97,1,0,0.0,0.0,1.0
49,44301.43,3,1,0.0,0.0,0.0
36,81231.85,2,0,1.0,0.0,0.0
37,93722.73,2,1,0.0,1.0,1.0
49,172713.44,1,0,0.0,0.0,1.0
62,80927.56,1,1,0.0,1.0,1.0
34,102251.57,1,0,1.0,0.0,0.0
53,124954.94,1,1,1.0,0.0,0.0
51,147262.11,1,1,1.0,0.0,0.0
38,114753.76,1,0,1.0,0.0,0.0
54,0.0,2,1,0.0,0.0,0.0
48,0.0,1,0,0.0,1.0,0.0
45,105266.32,2,1,0.0,1.0,1.0
32,0.0,1,0,0.0,0.0,0.0
30,101014.08,2,1,1.0,0.0,0.0
59,0.0,2,1,0.0,1.0,0.0
39,108935.39,1,1,0.0,1.0,1.0
29,131354.39,1,1,1.0,0.0,1.0
48,0.0,2,1,0.0,0.0,0.0
31,0.0,2,0,0.0,1.0,0.0
28,0.0,1,1,0.0,0.0,0.0
40,0.0,2,1,0.0,1.0,1.0
39,0.0,2,1,0.0,0.0,0.0
70,0.0,2,1,0.0,0.0,0.0
28,0.0,2,0,0.0,1.0,1.0
46,91857.66,1,0,0.0,0.0,1.0
46,52016.08,2,1,0.0,0.0,0.0
50,140292.58,3,0,0.0,1.0,0.0
44,0.0,1,1,0.0,0.0,0.0
41,0.0,2,1,0.0,0.0,1.0
27,160358.68,2,0,1.0,0.0,1.0
32,142188.2,2,1,0.0,1.0,1.0
29,127864.26,1,1,0.0,1.0,1.0
29,0.0,3,0,0.0,0.0,0.0
35,90865.8,1,1,0.0,0.0,0.0
34,0.0,2,1,0.0,0.0,1.0
30,129548.5,2,1,0.0,1.0,1.0
37,95022.57,1,1,1.0,0.0,0.0
26,118097.87,1,0,0.0,0.0,0.0
32,0.0,2,1,0.0,1.0,1.0
38,0.0,2,0,0.0,1.0,1.0
24,142755.25,1,0,1.0,0.0,1.0
27,98590.25,1,0,0.0,0.0,0.0
32,0.0,2,1,0.0,0.0,1.0
49,204510.94,1,1,0.0,0.0,0.0
41,0.0,2,0,0.0,1.0,1.0
38,113525.84,1,0,1.0,0.0,1.0
37,99773.85,2,0,0.0,1.0,0.0
40,167878.5,1,1,0.0,1.0,0.0
35,127290.61,1,0,0.0,1.0,1.0
43,97067.69,1,1,1.0,0.0,0.0
25,0.0,2,1,0.0,1.0,1.0
46,96173.17,2,1,0.0,0.0,0.0
40,0.0,2,1,0.0,0.0,1.0
33,69478.57,1,0,0.0,1.0,1.0
38,128366.44,1,0,0.0,1.0,1.0
29,0.0,2,1,0.0,0.0,1.0
40,0.0,2,0,0.0,0.0,0.0
37,0.0,1,0,0.0,0.0,1.0
38,141786.78,1,1,0.0,1.0,0.0
32,151922.94,1,0,1.0,0.0,1.0
41,83807.86,1,1,0.0,1.0,0.0
36,110480.48,1,0,0.0,0.0,0.0
35,117458.51,1,1,1.0,0.0,1.0
45,0.0,1,0,0.0,0.0,1.0
64,145578.28,1,1,0.0,0.0,1.0
35,147285.52,1,1,0.0,1.0,0.0
43,114974.24,1,0,0.0,0.0,1.0
27,87262.4,2,0,0.0,0.0,0.0
43,107805.67,1,0,0.0,0.0,1.0
62,140549.4,1,0,0.0,0.0,0.0
36,73211.12,2,0,0.0,1.0,1.0
57,137936.94,1,1,0.0,0.0,0.0
28,191864.51,1,0,0.0,0.0,0.0
42,75302.85,2,0,0.0,1.0,0.0
31,113000.66,1,0,0.0,0.0,0.0
40,83015.71,1,0,0.0,1.0,1.0
52,107467.56,1,0,1.0,0.0,0.0
48,108019.27,3,1,0.0,0.0,1.0
38,152582.2,2,0,0.0,0.0,0.0
30,72549.0,2,1,1.0,0.0,1.0
38,0.0,2,0,0.0,0.0,1.0
46,0.0,2,0,0.0,0.0,0.0
42,0.0,2,1,0.0,0.0,0.0
43,123180.01,2,1,1.0,0.0,1.0
34,113922.44,2,0,0.0,1.0,1.0
77,27517.15,2,1,1.0,0.0,1.0
24,110949.41,1,1,0.0,0.0,0.0
44,115163.38,1,1,1.0,0.0,1.0
40,0.0,2,0,0.0,0.0,1.0
37,123067.63,1,1,1.0,0.0,0.0
39,0.0,1,0,0.0,0.0,0.0
37,0.0,1,1,0.0,0.0,0.0
39,154121.32,2,0,0.0,0.0,0.0
33,0.0,2,0,0.0,0.0,0.0
41,76319.64,1,1,0.0,0.0,0.0
30,0.0,2,1,0.0,0.0,0.0
62,131078.42,2,0,0.0,1.0,1.0
36,0.0,2,1,0.0,0.0,1.0
44,0.0,1,0,0.0,1.0,1.0
50,0.0,2,1,0.0,0.0,1.0
41,0.0,2,1,0.0,0.0,0.0
40,0.0,1,1,0.0,1.0,0.0
29,123229.46,1,0,1.0,0.0,0.0
42,98298.18,1,1,0.0,0.0,1.0
63,111179.83,1,1,0.0,1.0,1.0
39,90217.07,1,0,0.0,0.0,0.0
31,144162.3,2,1,0.0,0.0,0.0
34,0.0,2,1,0.0,0.0,1.0
47,0.0,1,1,0.0,0.0,0.0
36,152899.24,2,0,1.0,0.0,1.0
57,0.0,2,1,0.0,1.0,0.0
59,0.0,2,1,0.0,1.0,0.0
26,128793.63,1,0,1.0,0.0,1.0
23,0.0,1,0,0.0,0.0,1.0
40,150679.71,2,1,1.0,0.0,0.0
34,134954.53,1,1,0.0,0.0,1.0
27,153325.1,1,1,0.0,1.0,1.0
31,0.0,2,0,0.0,0.0,1.0
47,139196.0,1,1,0.0,1.0,1.0
34,0.0,2,0,0.0,1.0,1.0
34,133936.04,2,0,0.0,0.0,1.0
24,0.0,1,0,0.0,1.0,1.0
37,117524.72,2,1,1.0,0.0,1.0
41,77647.6,1,0,1.0,0.0,0.0
28,0.0,2,1,0.0,0.0,1.0
40,153537.57,2,0,1.0,0.0,0.0
24,108528.07,2,0,1.0,0.0,1.0
34,60515.13,1,0,1.0,0.0,1.0
38,0.0,1,0,0.0,0.0,1.0
32,0.0,2,1,0.0,0.0,1.0
20,0.0,2,1,0.0,0.0,0.0
79,0.0,1,1,0.0,0.0,0.0
32,187487.63,1,1,0.0,1.0,0.0
41,0.0,2,0,0.0,0.0,1.0
29,170214.23,2,0,1.0,0.0,0.0
33,151233.62,1,0,0.0,1.0,0.0
71,0.0,1,1,0.0,1.0,1.0
28,0.0,1,1,0.0,0.0,1.0
33,114634.63,2,0,0.0,1.0,0.0
58,101579.28,1,1,0.0,0.0,1.0
59,0.0,1,1,0.0,0.0,1.0
38,0.0,2,0,0.0,0.0,1.0
41,150844.94,1,1,1.0,0.0,1.0
62,119817.33,1,1,1.0,0.0,1.0
38,115442.19,2,0,1.0,0.0,1.0
32,0.0,1,0,0.0,1.0,1.0
36,128829.25,1,0,0.0,0.0,1.0
43,163159.85,1,1,0.0,0.0,1.0
35,146781.24,1,0,1.0,0.0,0.0
33,156570.86,1,1,1.0,0.0,1.0
23,96471.2,1,0,0.0,0.0,1.0
30,131286.46,1,0,0.0,0.0,0.0
27,0.0,2,0,0.0,0.0,0.0
33,96926.12,2,0,1.0,0.0,1.0
44,0.0,2,0,0.0,0.0,1.0
33,117413.95,1,1,0.0,0.0,1.0
31,72541.48,1,0,0.0,0.0,1.0
32,95377.13,1,1,0.0,0.0,1.0
38,0.0,2,0,0.0,1.0,1.0
38,132271.12,2,1,1.0,0.0,1.0
21,0.0,2,1,0.0,0.0,1.0
33,136624.6,2,1,1.0,0.0,0.0
26,138023.79,2,1,0.0,0.0,1.0
32,76087.98,1,1,0.0,1.0,1.0
36,0.0,2,0,0.0,1.0,0.0
35,132253.22,1,0,1.0,0.0,0.0
37,0.0,2,0,0.0,0.0,1.0
46,0.0,1,1,0.0,0.0,1.0
42,125437.14,2,0,0.0,0.0,0.0
32,102500.34,1,0,1.0,0.0,1.0
31,120962.59,1,0,0.0,0.0,1.0
38,96939.06,1,1,0.0,1.0,0.0
44,63562.02,2,1,0.0,0.0,1.0
43,0.0,3,1,0.0,0.0,0.0
42,0.0,1,1,0.0,0.0,0.0
31,0.0,2,1,0.0,1.0,0.0
30,87505.47,2,1,0.0,0.0,1.0
28,152812.58,1,0,1.0,0.0,0.0
29,0.0,1,0,0.0,0.0,1.0
33,100116.82,1,0,0.0,0.0,1.0
30,0.0,2,0,0.0,1.0,1.0
35,0.0,2,0,0.0,0.0,0.0
33,105663.56,2,1,1.0,0.0,0.0
60,147751.75,1,0,0.0,0.0,0.0
44,146498.76,1,0,1.0,0.0,0.0
50,155393.32,1,1,1.0,0.0,0.0
64,116954.32,1,1,0.0,1.0,0.0
76,138489.66,1,1,0.0,0.0,0.0
38,0.0,2,0,0.0,0.0,0.0
37,0.0,2,1,0.0,0.0,1.0
30,0.0,2,1,0.0,1.0,0.0
37,136425.18,1,0,0.0,0.0,0.0
38,0.0,2,0,0.0,1.0,0.0
35,183572.84,1,1,0.0,0.0,0.0
56,131368.3,1,0,0.0,0.0,0.0
28,168253.21,1,1,0.0,1.0,0.0
36,114370.41,1,1,0.0,0.0,1.0
49,115488.52,2,1,1.0,0.0,0.0
26,126392.18,1,1,0.0,0.0,1.0
40,0.0,2,0,0.0,0.0,0.0
25,76968.12,2,1,1.0,0.0,0.0
34,122359.5,1,0,0.0,0.0,1.0
36,0.0,2,0,0.0,0.0,1.0
35,0.0,2,1,0.0,0.0,1.0
32,116324.53,1,0,0.0,0.0,1.0
31,107818.63,1,0,1.0,0.0,0.0
37,124053.03,1,0,1.0,0.0,0.0
58,0.0,2,1,0.0,1.0,0.0
43,85200.82,2,1,1.0,0.0,1.0
25,0.0,2,1,0.0,0.0,1.0
21,87096.82,2,0,1.0,0.0,0.0
50,94238.75,2,1,0.0,0.0,0.0
46,102955.14,2,0,1.0,0.0,0.0
45,109200.74,2,1,1.0,0.0,1.0
41,176958.46,2,1,1.0,0.0,1.0
35,0.0,1,1,0.0,0.0,1.0
32,177729.13,1,1,0.0,0.0,1.0
33,0.0,2,0,0.0,0.0,1.0
37,94661.53,2,0,1.0,0.0,1.0
50,0.0,2,1,0.0,0.0,1.0
48,101099.9,2,1,1.0,0.0,1.0
30,105209.54,1,0,0.0,0.0,0.0
54,118614.6,2,1,1.0,0.0,1.0
40,70291.02,1,1,0.0,1.0,1.0
52,111973.97,1,1,1.0,0.0,0.0
26,124281.84,1,1,0.0,0.0,0.0
42,0.0,2,0,0.0,0.0,0.0
51,0.0,1,1,0.0,0.0,1.0
40,80613.93,1,1,0.0,0.0,1.0
52,131441.51,1,0,1.0,0.0,0.0
50,0.0,1,1,0.0,0.0,0.0
36,98088.09,1,1,1.0,0.0,0.0
35,0.0,3,1,0.0,0.0,1.0
25,86605.5,3,0,0.0,1.0,0.0
39,160652.45,2,0,0.0,0.0,1.0
36,0.0,2,1,0.0,1.0,1.0
43,190227.46,1,0,0.0,0.0,1.0
34,0.0,2,1,0.0,0.0,1.0
29,0.0,2,0,0.0,1.0,1.0
22,137583.04,1,1,0.0,0.0,1.0
36,0.0,2,1,0.0,1.0,0.0
58,149641.53,1,1,1.0,0.0,0.0
49,108437.89,1,0,1.0,0.0,1.0
32,0.0,2,1,0.0,0.0,1.0
54,0.0,1,1,0.0,0.0,0.0
26,111128.04,1,0,0.0,0.0,1.0
38,118866.36,1,1,0.0,1.0,1.0
40,95297.11,1,0,0.0,0.0,1.0
35,0.0,2,1,0.0,1.0,1.0
35,0.0,1,1,0.0,1.0,1.0
37,0.0,2,0,0.0,0.0,0.0
22,0.0,1,0,0.0,0.0,1.0
35,106250.72,1,0,0.0,0.0,1.0
40,133463.1,1,1,0.0,0.0,1.0
51,145751.03,1,0,1.0,0.0,0.0
31,81480.27,2,1,0.0,0.0,0.0
65,0.0,1,1,0.0,0.0,0.0
34,86656.13,1,1,0.0,1.0,1.0
40,114446.84,2,1,1.0,0.0,1.0
32,0.0,1,1,0.0,1.0,0.0
28,0.0,2,1,0.0,0.0,0.0
42,156371.61,2,1,0.0,1.0,0.0
55,0.0,1,0,0.0,0.0,1.0
37,0.0,2,1,0.0,0.0,1.0
32,0.0,2,0,0.0,0.0,1.0
32,85757.93,1,1,0.0,0.0,0.0
43,92350.36,1,1,0.0,0.0,1.0
42,0.0,2,0,0.0,0.0,0.0
36,118851.05,1,1,0.0,0.0,0.0
29,0.0,1,1,0.0,1.0,1.0
32,156001.68,2,1,0.0,0.0,1.0
41,0.0,3,0,0.0,0.0,0.0
40,0.0,1,1,0.0,1.0,0.0
41,146997.64,2,0,0.0,1.0,0.0
31,68927.57,1,1,1.0,0.0,0.0
37,77608.46,2,1,0.0,0.0,1.0
31,103837.75,1,1,1.0,0.0,1.0
32,145166.09,2,0,1.0,0.0,1.0
38,0.0,2,1,0.0,0.0,1.0
31,132512.26,1,1,0.0,0.0,1.0
40,0.0,1,0,0.0,0.0,1.0
76,96166.88,1,1,1.0,0.0,1.0
42,0.0,2,0,0.0,0.0,0.0
33,107868.14,2,1,1.0,0.0,0.0
31,106942.08,1,1,0.0,0.0,0.0
40,81132.21,1,0,0.0,0.0,0.0
23,0.0,2,1,0.0,0.0,0.0
31,144637.86,2,0,0.0,1.0,0.0
55,103176.62,1,1,0.0,1.0,1.0
44,134066.1,2,1,0.0,0.0,0.0
30,180307.73,2,1,0.0,1.0,1.0
58,118723.11,1,0,1.0,0.0,0.0
48,0.0,2,0,0.0,1.0,1.0
31,109052.59,2,1,1.0,0.0,1.0
23,0.0,2,1,0.0,1.0,0.0
49,119960.29,2,0,0.0,0.0,0.0
28,117466.03,2,1,1.0,0.0,1.0
28,116498.22,1,0,0.0,0.0,1.0
41,144147.68,1,1,0.0,0.0,1.0
42,0.0,2,1,0.0,0.0,1.0
26,118547.72,1,1,1.0,0.0,0.0
34,0.0,2,1,0.0,0.0,1.0
34,84009.47,1,1,0.0,0.0,1.0
51,114514.71,2,0,1.0,0.0,1.0
31,118342.26,1,0,0.0,0.0,1.0
27,79336.61,1,1,0.0,0.0,0.0
27,186558.55,1,1,0.0,0.0,0.0
62,0.0,1,1,0.0,0.0,0.0
55,155196.17,1,1,1.0,0.0,1.0
51,0.0,2,0,0.0,1.0,1.0
32,0.0,1,1,0.0,0.0,1.0
47,110783.28,1,1,0.0,1.0,0.0
40,0.0,1,0,0.0,0.0,0.0
57,0.0,2,0,0.0,0.0,0.0
39,82766.43,1,1,0.0,1.0,0.0
77,0.0,1,1,0.0,0.0,1.0
28,0.0,1,1,0.0,0.0,0.0
45,104339.11,2,1,1.0,0.0,1.0
32,127845.83,1,0,0.0,0.0,1.0
66,0.0,2,1,0.0,1.0,1.0
40,113208.86,2,0,0.0,0.0,1.0
35,0.0,2,0,0.0,0.0,0.0
37,93147.0,2,0,0.0,0.0,1.0
34,141173.03,1,1,0.0,0.0,1.0
32,0.0,2,1,0.0,0.0,1.0
70,71816.74,2,0,1.0,0.0,0.0
36,119912.46,1,0,0.0,0.0,0.0
34,83503.11,2,1,0.0,0.0,1.0
47,139887.01,1,1,0.0,1.0,1.0
30,154870.28,1,1,1.0,0.0,0.0
54,77354.37,1,0,1.0,0.0,0.0
22,139129.92,1,1,1.0,0.0,0.0
42,0.0,2,0,0.0,0.0,1.0
42,138650.49,2,0,1.0,0.0,0.0
33,80107.83,2,1,0.0,0.0,0.0
42,64497.94,3,1,1.0,0.0,0.0
57,0.0,2,1,0.0,1.0,1.0
67,0.0,2,1,0.0,0.0,1.0
46,92060.06,1,0,1.0,0.0,0.0
36,175509.8,2,0,0.0,1.0,0.0
40,0.0,2,1,0.0,0.0,1.0
26,118287.01,2,0,1.0,0.0,1.0
29,130306.49,1,0,0.0,0.0,1.0
36,0.0,1,0,0.0,1.0,0.0
40,97339.99,1,1,0.0,0.0,1.0
30,127023.39,1,1,0.0,0.0,0.0
47,0.0,2,0,0.0,0.0,1.0
50,96888.39,1,0,1.0,0.0,1.0
64,0.0,2,1,0.0,0.0,1.0
39,113096.41,1,1,0.0,0.0,1.0
43,116360.07,1,0,0.0,1.0,0.0
48,126066.26,1,0,1.0,0.0,1.0
44,0.0,2,0,0.0,0.0,1.0
44,107764.75,1,0,0.0,0.0,1.0
52,0.0,1,0,0.0,0.0,1.0
47,0.0,2,0,0.0,0.0,1.0
29,148654.84,2,1,0.0,0.0,0.0
40,0.0,2,0,0.0,1.0,1.0
48,155413.06,1,0,0.0,1.0,0.0
32,109421.13,2,1,1.0,0.0,0.0
26,146266.0,1,0,0.0,0.0,1.0
35,0.0,2,0,0.0,1.0,1.0
47,139914.6,4,1,0.0,0.0,0.0
33,130499.09,2,1,0.0,0.0,0.0
38,67111.65,1,0,1.0,0.0,1.0
43,111677.88,1,0,1.0,0.0,1.0
51,123783.25,1,1,1.0,0.0,1.0
23,0.0,2,1,0.0,0.0,1.0
47,91219.29,1,0,1.0,0.0,0.0
38,0.0,2,0,0.0,1.0,0.0
29,121823.4,2,1,0.0,0.0,1.0
43,122351.29,1,0,0.0,0.0,1.0
40,123497.58,1,0,0.0,0.0,0.0
41,0.0,1,0,0.0,0.0,0.0
43,96353.8,1,0,1.0,0.0,1.0
27,96129.32,2,1,1.0,0.0,0.0
40,0.0,2,1,0.0,0.0,0.0
37,160389.82,1,1,0.0,0.0,0.0
44,0.0,2,0,0.0,0.0,0.0
35,0.0,2,0,0.0,0.0,1.0
38,146756.68,1,0,1.0,0.0,1.0
33,122568.05,2,1,0.0,0.0,1.0
24,0.0,2,0,0.0,0.0,1.0
50,116309.01,1,0,1.0,0.0,1.0
47,134032.01,1,0,0.0,1.0,0.0
39,152462.79,1,0,0.0,0.0,0.0
38,149571.94,1,0,0.0,1.0,0.0
40,47364.45,1,1,0.0,0.0,0.0
25,193858.2,1,1,0.0,1.0,1.0
34,0.0,1,0,0.0,1.0,1.0
42,86167.82,1,0,0.0,0.0,0.0
35,81684.97,1,0,0.0,0.0,0.0
19,0.0,2,1,0.0,0.0,1.0
37,125734.2,2,0,1.0,0.0,0.0
53,0.0,1,1,0.0,0.0,0.0
46,0.0,2,0,0.0,0.0,1.0
37,0.0,2,1,0.0,1.0,1.0
46,87361.02,2,0,1.0,0.0,0.0
43,0.0,2,0,0.0,1.0,1.0
33,103471.52,1,1,1.0,0.0,1.0
38,145018.49,2,1,0.0,0.0,1.0
41,69974.66,2,0,0.0,1.0,0.0
55,0.0,2,1,0.0,0.0,0.0
29,169988.35,1,0,0.0,0.0,0.0
25,124532.78,2,1,0.0,0.0,1.0
27,95331.83,2,0,1.0,0.0,1.0
40,0.0,2,1,0.0,0.0,0.0
55,99685.06,1,0,0.0,1.0,1.0
31,160997.54,2,1,1.0,0.0,1.0
32,0.0,1,1,0.0,1.0,1.0
31,109578.04,2,1,0.0,0.0,1.0
27,0.0,1,0,0.0,1.0,1.0
43,138150.57,1,1,0.0,1.0,1.0
37,143407.29,2,1,0.0,1.0,1.0
24,122200.31,2,0,1.0,0.0,0.0
34,0.0,1,0,0.0,1.0,1.0
31,119794.67,1,0,0.0,0.0,0.0
42,0.0,2,1,0.0,0.0,0.0
30,102452.71,1,0,1.0,0.0,0.0
52,0.0,1,1,0.0,1.0,1.0
24,108881.73,1,0,0.0,1.0,1.0
52,107304.39,3,0,1.0,0.0,1.0
41,0.0,1,0,0.0,0.0,1.0
35,0.0,1,1,0.0,0.0,0.0
37,99546.25,3,1,0.0,0.0,0.0
43,0.0,2,0,0.0,1.0,1.0
43,118994.84,1,0,1.0,0.0,0.0
28,0.0,2,1,0.0,1.0,0.0
36,0.0,1,0,0.0,1.0,1.0
41,145150.28,1,0,0.0,0.0,0.0
33,113452.66,1,0,0.0,0.0,0.0
28,141099.43,1,1,0.0,0.0,1.0
59,55328.4,1,0,0.0,0.0,0.0
41,0.0,1,1,0.0,0.0,1.0
35,0.0,2,1,0.0,0.0,0.0
23,0.0,2,1,0.0,0.0,1.0
51,119889.84,1,0,0.0,0.0,1.0
46,0.0,1,1,0.0,1.0,0.0
40,100812.33,2,0,0.0,0.0,0.0
42,134936.97,2,0,0.0,0.0,1.0
45,43134.65,1,1,0.0,0.0,1.0
45,97486.15,2,0,1.0,0.0,0.0
43,93259.57,3,0,1.0,0.0,0.0
29,0.0,2,0,0.0,0.0,1.0
39,83765.35,2,0,1.0,0.0,0.0
31,116234.61,1,0,0.0,0.0,1.0
31,154741.45,2,0,1.0,0.0,1.0
60,0.0,1,1,0.0,0.0,0.0
41,0.0,1,1,0.0,1.0,0.0
29,0.0,2,0,0.0,0.0,0.0
61,142105.35,1,1,0.0,0.0,0.0
29,102490.27,1,1,0.0,0.0,1.0
47,118812.5,2,0,1.0,0.0,1.0
36,0.0,2,1,0.0,0.0,1.0
52,106074.89,1,1,1.0,0.0,0.0
34,132944.53,1,1,0.0,1.0,1.0
33,76548.6,1,1,0.0,1.0,1.0
49,0.0,1,1,0.0,0.0,0.0
29,102540.61,1,1,0.0,0.0,1.0
44,49157.09,2,0,1.0,0.0,1.0
69,163975.09,1,1,0.0,1.0,1.0
46,0.0,1,1,0.0,1.0,1.0
63,169832.57,1,0,0.0,0.0,1.0
33,0.0,3,1,0.0,0.0,0.0
43,0.0,2,0,0.0,0.0,0.0
28,0.0,1,0,0.0,0.0,0.0
34,102277.52,1,0,1.0,0.0,0.0
37,0.0,2,0,0.0,0.0,1.0
49,120656.86,4,0,1.0,0.0,0.0
45,106431.97,2,1,1.0,0.0,0.0
28,123692.0,1,1,0.0,1.0,1.0
35,121355.19,1,1,1.0,0.0,1.0
29,148143.84,1,1,0.0,0.0,0.0
34,0.0,1,0,0.0,1.0,0.0
48,132403.56,1,0,1.0,0.0,1.0
31,0.0,1,0,0.0,0.0,1.0
30,58668.02,1,1,1.0,0.0,1.0
45,125191.69,1,1,0.0,1.0,0.0
44,0.0,2,1,0.0,0.0,0.0
33,0.0,2,1,0.0,1.0,0.0
67,103101.56,2,1,0.0,0.0,1.0
50,107959.39,1,1,1.0,0.0,0.0
31,94222.53,1,0,0.0,1.0,0.0
36,134208.22,1,1,0.0,0.0,0.0
74,128917.84,1,1,0.0,1.0,0.0
35,121968.11,2,1,1.0,0.0,1.0
45,156353.46,1,0,1.0,0.0,1.0
47,183579.54,2,1,1.0,0.0,1.0
30,0.0,2,0,0.0,0.0,1.0
43,0.0,2,0,0.0,0.0,1.0
40,0.0,1,1,0.0,0.0,0.0
33,102772.67,2,0,1.0,0.0,1.0
58,125801.03,2,0,1.0,0.0,0.0
39,133191.19,2,1,1.0,0.0,1.0
36,127157.04,1,1,0.0,0.0,1.0
39,121523.51,1,0,1.0,0.0,1.0
32,0.0,2,1,0.0,1.0,1.0
42,0.0,2,1,0.0,0.0,0.0
35,0.0,1,0,0.0,1.0,0.0
41,126550.7,1,0,1.0,0.0,1.0
37,133043.66,1,0,0.0,0.0,1.0
35,167455.66,2,1,0.0,1.0,1.0
52,139781.06,1,0,0.0,0.0,1.0
42,164307.77,1,0,1.0,0.0,0.0
39,94435.45,2,1,0.0,0.0,0.0
45,0.0,1,0,0.0,0.0,1.0
34,106328.08,1,0,0.0,0.0,1.0
27,0.0,2,1,0.0,0.0,0.0
50,0.0,4,0,0.0,1.0,0.0
46,0.0,2,0,0.0,0.0,0.0
37,77373.87,2,1,1.0,0.0,0.0
38,99811.44,2,0,0.0,1.0,1.0
35,133377.8,1,1,1.0,0.0,1.0
27,0.0,2,1,0.0,0.0,0.0
30,112666.67,1,0,0.0,1.0,1.0
29,129750.68,1,0,1.0,0.0,1.0
21,0.0,2,0,0.0,0.0,1.0
45,150840.03,2,0,0.0,1.0,0.0
68,107571.61,1,1,0.0,0.0,0.0
40,72945.29,2,0,0.0,0.0,1.0
30,57809.32,1,0,1.0,0.0,0.0
31,185078.26,1,0,0.0,1.0,0.0
66,0.0,1,1,0.0,1.0,0.0
41,109798.25,1,1,0.0,0.0,0.0
37,152303.66,2,1,0.0,0.0,1.0
27,75263.16,1,1,0.0,1.0,1.0
30,100548.67,2,0,1.0,0.0,0.0
34,137390.11,2,0,0.0,0.0,1.0
24,103097.85,1,1,1.0,0.0,1.0
54,97382.53,1,1,1.0,0.0,0.0
50,0.0,4,1,0.0,1.0,0.0
42,153279.39,1,1,1.0,0.0,1.0
23,71433.08,1,0,1.0,0.0,0.0
45,0.0,2,1,0.0,1.0,1.0
23,0.0,2,0,0.0,0.0,0.0
28,120911.75,2,1,0.0,0.0,1.0
39,96748.89,2,0,1.0,0.0,0.0
42,132739.26,2,0,0.0,0.0,1.0
29,0.0,2,0,0.0,0.0,1.0
39,165272.13,1,0,0.0,1.0,0.0
31,87772.52,1,0,0.0,0.0,0.0
55,133676.65,1,1,0.0,1.0,0.0
39,0.0,2,0,0.0,0.0,0.0
51,167273.71,1,0,1.0,0.0,0.0
63,160982.89,1,1,0.0,0.0,1.0
47,0.0,2,0,0.0,0.0,1.0
31,0.0,1,1,0.0,0.0,0.0
43,0.0,2,0,0.0,0.0,0.0
34,107136.6,1,0,0.0,0.0,1.0
34,71379.53,2,1,0.0,0.0,0.0
19,0.0,2,0,0.0,0.0,1.0
56,100374.58,1,0,0.0,0.0,1.0
40,84350.07,1,0,0.0,0.0,0.0
42,0.0,1,1,0.0,0.0,1.0
32,0.0,2,1,0.0,0.0,1.0
24,0.0,2,0,0.0,0.0,0.0
37,111852.84,2,0,0.0,0.0,0.0
36,77910.23,1,0,0.0,1.0,1.0
47,0.0,1,0,0.0,1.0,0.0
31,0.0,2,1,0.0,0.0,1.0
61,0.0,1,0,0.0,1.0,1.0
31,110635.32,1,0,0.0,0.0,0.0
29,80922.75,1,0,0.0,1.0,0.0
41,72509.91,1,0,0.0,1.0,1.0
27,74298.43,1,1,1.0,0.0,1.0
54,167831.88,2,0,0.0,0.0,1.0
21,98993.02,1,1,0.0,0.0,0.0
49,91502.99,1,0,1.0,0.0,0.0
33,123082.08,1,0,0.0,0.0,1.0
20,167685.56,1,0,0.0,0.0,0.0
37,0.0,2,1,0.0,0.0,1.0
39,119452.03,1,1,0.0,0.0,1.0
31,0.0,2,0,0.0,0.0,0.0
31,79340.95,1,0,0.0,0.0,0.0
37,142711.81,1,0,1.0,0.0,0.0
33,0.0,2,0,0.0,1.0,1.0
30,0.0,1,1,0.0,0.0,1.0
36,89800.14,1,1,0.0,0.0,1.0
74,116800.25,1,1,1.0,0.0,0.0
41,106116.56,2,0,1.0,0.0,1.0
44,133444.97,1,1,0.0,0.0,0.0
35,112808.18,1,1,0.0,0.0,0.0
40,68155.59,1,0,0.0,0.0,1.0
36,137688.71,1,1,0.0,0.0,1.0
68,136525.99,1,0,1.0,0.0,1.0
34,144094.2,1,0,0.0,0.0,1.0
37,105843.26,2,1,0.0,0.0,1.0
28,136674.51,2,0,0.0,0.0,0.0
38,133105.47,1,0,1.0,0.0,1.0
30,57657.49,1,0,0.0,0.0,1.0
74,108891.7,1,0,1.0,0.0,1.0
45,98792.4,1,0,1.0,0.0,0.0
65,131935.51,1,1,1.0,0.0,1.0
43,0.0,2,1,0.0,1.0,1.0
35,90194.34,2,0,1.0,0.0,0.0
33,0.0,2,0,0.0,0.0,0.0
37,0.0,2,0,0.0,0.0,0.0
45,0.0,2,0,0.0,1.0,1.0
26,93844.69,1,0,0.0,0.0,1.0
25,128524.19,2,0,1.0,0.0,0.0
34,98592.88,1,1,1.0,0.0,0.0
35,14262.8,2,0,0.0,1.0,0.0
31,106089.2,1,0,0.0,0.0,0.0
34,134692.4,2,1,0.0,0.0,1.0
32,84421.62,1,1,1.0,0.0,1.0
56,131317.48,1,1,0.0,0.0,1.0
33,147510.34,1,0,0.0,0.0,1.0
45,106000.12,1,0,1.0,0.0,0.0
46,0.0,2,1,0.0,0.0,1.0
35,122917.69,1,1,1.0,0.0,1.0
38,126732.85,1,1,1.0,0.0,1.0
35,158584.28,2,0,1.0,0.0,1.0
32,127661.69,1,0,0.0,0.0,0.0
40,139532.34,1,0,0.0,0.0,0.0
29,0.0,2,1,0.0,0.0,0.0
47,0.0,1,0,0.0,0.0,1.0
34,109699.08,1,1,0.0,1.0,0.0
41,0.0,2,1,0.0,1.0,1.0
40,74896.92,1,0,0.0,1.0,1.0
49,103302.37,1,1,0.0,0.0,1.0
57,0.0,3,0,0.0,0.0,0.0
46,81742.84,2,0,0.0,1.0,0.0
33,0.0,2,0,0.0,0.0,1.0
45,109730.22,1,1,0.0,0.0,0.0
56,105473.74,1,1,0.0,1.0,0.0
51,81818.49,1,1,0.0,1.0,1.0
33,103516.87,1,0,0.0,0.0,0.0
55,63127.41,2,0,0.0,1.0,1.0
38,149238.97,1,1,0.0,0.0,1.0
34,133501.36,1,1,0.0,0.0,1.0
37,104255.03,1,0,0.0,0.0,0.0
35,104015.54,2,1,1.0,0.0,1.0
47,143001.5,2,0,1.0,0.0,0.0
31,0.0,2,0,0.0,0.0,0.0
67,0.0,2,1,0.0,1.0,1.0
31,84560.04,1,1,0.0,1.0,1.0
32,0.0,2,1,0.0,0.0,1.0
49,143888.22,2,1,1.0,0.0,0.0
25,113736.27,1,1,0.0,0.0,1.0
67,94203.8,1,1,0.0,0.0,1.0
38,146343.98,1,1,0.0,1.0,1.0
37,110689.07,1,1,1.0,0.0,0.0
41,0.0,2,0,0.0,0.0,1.0
33,0.0,2,1,0.0,0.0,1.0
30,0.0,2,1,0.0,1.0,0.0
31,0.0,2,1,0.0,0.0,1.0
39,0.0,2,0,0.0,1.0,0.0
38,0.0,1,1,0.0,1.0,1.0
33,118392.75,1,1,0.0,0.0,0.0
29,145294.08,2,0,1.0,0.0,1.0
39,0.0,2,1,0.0,1.0,1.0
48,131659.59,2,1,0.0,1.0,1.0
38,0.0,2,0,0.0,1.0,1.0
34,101116.06,1,0,0.0,0.0,1.0
30,0.0,2,1,0.0,0.0,0.0
49,0.0,1,1,0.0,0.0,0.0
32,0.0,2,1,0.0,0.0,1.0
39,105103.33,1,0,1.0,0.0,0.0
43,0.0,2,1,0.0,0.0,0.0
42,0.0,1,0,0.0,1.0,1.0
37,110483.86,1,1,1.0,0.0,1.0
34,0.0,2,1,0.0,0.0,1.0
40,147856.82,3,0,1.0,0.0,1.0
36,0.0,2,1,0.0,0.0,0.0
36,0.0,2,1,0.0,1.0,1.0
50,117721.02,1,1,1.0,0.0,0.0
49,108806.96,3,0,1.0,0.0,1.0
42,124626.07,1,1,0.0,0.0,0.0
26,153455.72,2,1,0.0,1.0,0.0
31,142905.51,1,1,0.0,0.0,0.0
38,0.0,2,1,0.0,0.0,0.0
22,0.0,2,1,0.0,0.0,0.0
30,0.0,2,0,0.0,0.0,1.0
56,157559.59,2,0,0.0,1.0,0.0
50,101242.98,2,0,1.0,0.0,0.0
31,145875.74,1,0,0.0,0.0,1.0
43,127216.31,2,1,1.0,0.0,0.0
22,118064.93,2,1,0.0,0.0,0.0
29,0.0,1,0,0.0,0.0,1.0
53,81571.05,1,0,1.0,0.0,0.0
49,154776.42,2,0,1.0,0.0,0.0
31,98360.03,1,0,0.0,0.0,0.0
31,0.0,2,0,0.0,0.0,1.0
29,117035.89,1,1,0.0,0.0,1.0
58,156652.13,1,0,0.0,0.0,1.0
42,116646.76,1,0,1.0,0.0,0.0
58,152199.33,1,1,0.0,0.0,1.0
35,96473.59,1,0,0.0,0.0,1.0
29,97325.15,1,1,1.0,0.0,0.0
38,112230.38,1,0,0.0,0.0,1.0
32,0.0,2,1,0.0,1.0,0.0
39,0.0,2,0,0.0,1.0,1.0
34,106486.66,2,1,0.0,0.0,1.0
34,0.0,1,1,0.0,1.0,1.0
36,147149.59,1,1,0.0,0.0,0.0
30,0.0,2,0,0.0,0.0,0.0
42,86351.85,2,0,1.0,0.0,0.0
26,0.0,2,1,0.0,1.0,1.0
46,131769.04,1,0,1.0,0.0,0.0
34,0.0,1,1,0.0,1.0,1.0
55,0.0,2,1,0.0,0.0,1.0
35,0.0,2,1,0.0,1.0,0.0
34,124619.33,2,1,0.0,0.0,1.0
39,86843.61,1,1,0.0,0.0,1.0
40,0.0,1,0,0.0,0.0,1.0
34,0.0,2,0,0.0,0.0,1.0
22,174185.98,2,1,0.0,0.0,0.0
32,123938.6,2,0,1.0,0.0,1.0
51,138553.57,1,1,0.0,0.0,1.0
40,106901.42,2,0,1.0,0.0,1.0
33,0.0,1,1,0.0,1.0,1.0
37,0.0,2,1,0.0,0.0,1.0
39,82531.11,1,0,1.0,0.0,1.0
42,151027.05,2,0,0.0,0.0,1.0
44,148481.09,1,0,0.0,0.0,0.0
45,148600.91,1,0,0.0,0.0,1.0
48,116060.08,1,0,0.0,1.0,1.0
24,156325.38,1,1,0.0,0.0,1.0
36,118520.26,1,0,0.0,1.0,0.0
52,0.0,1,1,0.0,0.0,1.0
36,84266.44,2,0,1.0,0.0,0.0
39,100717.85,3,1,1.0,0.0,0.0
31,135213.71,1,1,0.0,1.0,1.0
27,107027.52,1,0,1.0,0.0,1.0
40,0.0,2,0,0.0,0.0,0.0
68,0.0,4,1,0.0,0.0,0.0
29,0.0,1,1,0.0,0.0,1.0
41,108128.52,1,1,0.0,0.0,1.0
68,0.0,2,1,0.0,0.0,1.0
37,0.0,1,1,0.0,0.0,1.0
24,148167.83,2,1,0.0,0.0,0.0
32,122947.92,1,1,1.0,0.0,1.0
27,0.0,2,0,0.0,1.0,0.0
58,109327.65,1,1,0.0,1.0,1.0
38,132951.92,1,1,0.0,0.0,0.0
25,77886.53,2,0,0.0,0.0,1.0
40,0.0,2,0,0.0,0.0,0.0
26,62610.96,2,1,0.0,0.0,0.0
35,115680.81,1,1,0.0,1.0,0.0
48,152827.99,1,0,1.0,0.0,0.0
51,101629.3,1,0,0.0,0.0,0.0
39,152685.4,1,0,0.0,1.0,1.0
42,126115.6,1,0,0.0,0.0,1.0
35,0.0,1,0,0.0,0.0,1.0
32,138521.83,1,1,0.0,1.0,1.0
38,130933.74,1,1,1.0,0.0,0.0
57,71481.79,2,1,0.0,0.0,0.0
42,87807.29,2,1,1.0,0.0,1.0
32,0.0,2,1,0.0,1.0,0.0
41,0.0,1,1,0.0,1.0,1.0
29,87375.78,2,0,0.0,0.0,0.0
37,0.0,2,0,0.0,1.0,1.0
41,112119.48,1,0,0.0,1.0,0.0
33,137853.0,1,1,0.0,0.0,0.0
60,0.0,2,1,0.0,1.0,1.0
28,0.0,2,0,0.0,0.0,0.0
38,96143.47,1,0,0.0,1.0,1.0
48,138778.15,1,1,0.0,0.0,1.0
41,144326.09,1,0,1.0,0.0,0.0
32,0.0,1,0,0.0,0.0,1.0
57,0.0,2,1,0.0,0.0,0.0
71,149105.08,1,1,0.0,0.0,1.0
29,130420.2,2,0,1.0,0.0,0.0
19,0.0,1,1,0.0,1.0,1.0
61,164523.5,2,1,1.0,0.0,1.0
35,162442.35,1,0,0.0,0.0,1.0
35,114193.24,1,0,0.0,0.0,1.0
33,145580.61,1,1,0.0,1.0,0.0
30,84440.1,2,1,1.0,0.0,1.0
35,0.0,2,0,0.0,0.0,1.0
42,85839.62,1,0,1.0,0.0,1.0
40,3768.69,2,0,0.0,0.0,0.0
35,0.0,2,1,0.0,0.0,1.0
50,81290.02,3,1,1.0,0.0,1.0
31,0.0,2,1,0.0,1.0,0.0
33,68193.72,1,0,0.0,0.0,1.0
39,0.0,2,1,0.0,0.0,1.0
33,0.0,1,1,0.0,1.0,0.0
26,116576.45,1,0,0.0,1.0,0.0
38,113000.92,1,1,0.0,0.0,1.0
32,0.0,2,0,0.0,0.0,1.0
58,143212.22,1,0,1.0,0.0,0.0
40,131569.63,1,1,0.0,0.0,0.0
43,0.0,2,0,0.0,0.0,1.0
35,146311.58,1,1,0.0,0.0,1.0
44,116967.68,1,0,0.0,0.0,1.0
29,78939.15,1,0,1.0,0.0,0.0
37,0.0,2,0,0.0,0.0,0.0
73,0.0,1,1,0.0,0.0,0.0
23,0.0,2,1,0.0,1.0,1.0
39,116537.6,1,0,0.0,0.0,1.0
39,0.0,2,0,0.0,1.0,0.0
27,133806.54,2,0,0.0,1.0,0.0
58,142537.18,1,1,1.0,0.0,1.0
39,128362.59,1,0,0.0,0.0,0.0
21,146329.57,2,1,0.0,0.0,0.0
33,0.0,1,1,0.0,0.0,0.0
46,106511.85,1,0,0.0,0.0,0.0
28,81623.67,2,1,1.0,0.0,0.0
39,0.0,2,1,0.0,0.0,1.0
49,0.0,2,1,0.0,1.0,1.0
64,98362.35,2,1,1.0,0.0,0.0
41,126683.8,1,1,0.0,1.0,1.0
23,0.0,2,0,0.0,0.0,0.0
37,142663.46,1,1,0.0,0.0,1.0
39,122104.79,1,0,1.0,0.0,0.0
52,0.0,1,1,0.0,0.0,0.0
52,109922.61,1,1,0.0,0.0,1.0
44,0.0,2,0,0.0,0.0,1.0
28,130142.79,1,0,0.0,0.0,0.0
50,0.0,2,1,0.0,0.0,0.0
41,112152.89,1,1,0.0,1.0,0.0
37,0.0,2,1,0.0,0.0,0.0
40,0.0,1,0,0.0,0.0,1.0
38,164496.99,1,1,0.0,0.0,0.0
35,0.0,2,0,0.0,0.0,0.0
48,163630.76,1,1,1.0,0.0,1.0
71,137260.78,1,1,0.0,1.0,1.0
64,0.0,2,1,0.0,1.0,0.0
48,108736.52,1,0,1.0,0.0,0.0
34,0.0,2,0,0.0,1.0,0.0
37,107592.89,2,1,0.0,1.0,1.0
39,0.0,2,1,0.0,0.0,0.0
32,109196.67,2,0,1.0,0.0,0.0
26,119545.48,2,0,1.0,0.0,1.0
40,79927.36,2,1,0.0,0.0,0.0
33,96110.22,1,0,0.0,1.0,1.0
51,0.0,2,1,0.0,0.0,0.0
42,0.0,2,0,0.0,1.0,0.0
45,116585.97,1,0,1.0,0.0,0.0
33,0.0,2,1,0.0,0.0,0.0
29,0.0,2,1,0.0,0.0,0.0
27,87637.26,2,0,0.0,0.0,1.0
45,142084.04,4,0,1.0,0.0,1.0
41,0.0,1,1,0.0,1.0,0.0
34,0.0,2,1,0.0,0.0,1.0
30,0.0,2,0,0.0,0.0,0.0
31,77743.01,2,0,1.0,0.0,1.0
47,72664.0,2,1,0.0,1.0,0.0
40,0.0,2,0,0.0,0.0,1.0
49,0.0,2,1,0.0,0.0,0.0
33,97286.16,2,0,1.0,0.0,1.0
41,72252.64,2,1,1.0,0.0,1.0
42,151836.36,2,0,1.0,0.0,1.0
35,113090.4,1,0,0.0,0.0,0.0
40,108197.11,2,0,1.0,0.0,1.0
35,0.0,1,1,0.0,0.0,0.0
35,0.0,1,0,0.0,1.0,0.0
36,164557.95,1,1,0.0,1.0,0.0
60,115924.89,1,0,1.0,0.0,0.0
61,73688.2,1,1,0.0,0.0,1.0
31,0.0,2,0,0.0,0.0,1.0
47,88011.4,1,1,0.0,0.0,0.0
72,0.0,1,1,0.0,0.0,0.0
58,170113.0,2,1,1.0,0.0,1.0
28,0.0,2,1,0.0,0.0,0.0
25,0.0,2,0,0.0,1.0,1.0
64,62979.93,1,1,0.0,1.0,0.0
28,0.0,2,0,0.0,0.0,1.0
33,85227.84,1,1,0.0,0.0,0.0
28,0.0,1,0,0.0,0.0,0.0
37,0.0,2,0,0.0,0.0,0.0
44,0.0,2,0,0.0,1.0,1.0
37,73179.34,2,1,1.0,0.0,1.0
45,95922.9,1,0,0.0,1.0,0.0
33,0.0,2,1,0.0,1.0,0.0
38,166328.65,2,1,0.0,0.0,0.0
50,0.0,2,0,0.0,0.0,0.0
31,115141.18,1,0,0.0,0.0,0.0
23,112568.31,1,1,0.0,0.0,0.0
51,120124.35,2,1,0.0,0.0,1.0
54,0.0,1,0,0.0,0.0,1.0
25,174400.36,1,0,0.0,0.0,1.0
30,88243.29,2,1,0.0,1.0,0.0
28,126833.79,2,0,0.0,1.0,0.0
30,111093.01,1,0,0.0,1.0,1.0
19,113905.48,1,1,1.0,0.0,0.0
43,0.0,2,0,0.0,1.0,1.0
34,0.0,1,0,0.0,0.0,0.0
27,61688.61,2,0,1.0,0.0,1.0
35,0.0,1,0,0.0,1.0,1.0
41,60880.68,1,0,1.0,0.0,1.0
49,132623.76,3,0,1.0,0.0,1.0
54,0.0,2,1,0.0,0.0,1.0
45,116917.07,1,0,1.0,0.0,1.0
31,97338.19,2,0,1.0,0.0,1.0
32,0.0,2,0,0.0,1.0,1.0
27,66201.96,1,1,0.0,0.0,0.0
46,177619.71,1,0,0.0,1.0,0.0
42,0.0,1,1,0.0,1.0,1.0
35,95698.79,1,1,1.0,0.0,0.0
67,0.0,2,1,0.0,1.0,1.0
28,99705.69,2,0,1.0,0.0,0.0
42,157498.9,1,1,0.0,0.0,1.0
37,133199.71,2,1,1.0,0.0,0.0
34,0.0,2,1,0.0,0.0,1.0
34,100054.77,1,0,0.0,0.0,1.0
36,161757.87,2,1,0.0,1.0,1.0
44,0.0,1,0,0.0,0.0,1.0
57,105000.85,2,1,0.0,1.0,1.0
33,0.0,2,1,0.0,0.0,0.0
32,108465.65,2,0,1.0,0.0,0.0
51,0.0,2,1,0.0,1.0,1.0
23,104822.45,1,1,0.0,0.0,0.0
26,116318.23,1,1,0.0,1.0,1.0
31,139729.54,1,1,1.0,0.0,1.0
25,123816.5,1,1,0.0,0.0,0.0
40,181768.32,2,1,1.0,0.0,1.0
22,94762.16,2,1,1.0,0.0,1.0
45,165901.59,2,0,0.0,0.0,1.0
33,0.0,2,0,0.0,0.0,1.0
36,0.0,2,1,0.0,1.0,1.0
27,188614.07,1,0,1.0,0.0,1.0
50,102278.79,2,0,1.0,0.0,0.0
35,0.0,2,1,0.0,0.0,1.0
29,0.0,2,1,0.0,0.0,0.0
32,0.0,4,1,0.0,0.0,0.0
35,74371.49,1,0,0.0,1.0,1.0
36,0.0,3,1,0.0,1.0,1.0
39,111900.14,1,1,0.0,1.0,1.0
35,112392.45,2,0,0.0,0.0,1.0
44,168165.84,1,1,0.0,0.0,0.0
37,0.0,2,1,0.0,1.0,0.0
49,167962.7,1,0,0.0,0.0,0.0
48,101198.01,1,1,0.0,1.0,0.0
43,140431.98,1,0,0.0,0.0,1.0
61,124737.96,1,1,1.0,0.0,1.0
37,130404.92,1,0,0.0,1.0,0.0
33,122088.67,1,0,1.0,0.0,1.0
27,138032.15,1,0,1.0,0.0,1.0
48,0.0,2,0,0.0,1.0,1.0
35,172274.01,1,0,0.0,0.0,1.0
27,128243.03,1,1,0.0,0.0,1.0
24,0.0,2,0,0.0,0.0,0.0
40,127847.86,1,0,0.0,0.0,1.0
33,161801.47,1,1,0.0,1.0,0.0
28,90537.16,1,1,0.0,0.0,0.0
25,97544.29,1,1,0.0,0.0,1.0
25,0.0,2,1,0.0,1.0,1.0
49,0.0,2,0,0.0,0.0,1.0
43,0.0,2,0,0.0,0.0,0.0
20,0.0,2,0,0.0,0.0,1.0
21,0.0,2,0,0.0,0.0,0.0
45,0.0,2,1,0.0,0.0,1.0
23,98052.66,1,1,0.0,1.0,1.0
36,167983.17,2,1,1.0,0.0,1.0
77,76510.52,2,1,1.0,0.0,0.0
29,113146.98,2,1,1.0,0.0,1.0
39,126935.98,2,1,1.0,0.0,0.0
34,144751.81,1,0,0.0,0.0,0.0
39,0.0,2,0,0.0,0.0,0.0
34,101506.66,1,0,0.0,1.0,1.0
31,0.0,2,0,0.0,1.0,0.0
21,81025.6,2,0,0.0,0.0,0.0
29,141389.06,1,0,0.0,0.0,1.0
41,190238.93,1,1,0.0,0.0,0.0
38,145974.79,2,1,0.0,0.0,1.0
27,106116.5,2,0,1.0,0.0,0.0
30,0.0,2,1,0.0,0.0,1.0
35,0.0,1,0,0.0,0.0,1.0
34,88772.87,1,1,0.0,0.0,0.0
28,0.0,2,1,0.0,0.0,1.0
31,145537.21,1,0,1.0,0.0,1.0
35,111827.27,2,0,0.0,1.0,0.0
57,116326.07,1,1,0.0,1.0,1.0
55,115285.85,1,0,0.0,0.0,1.0
41,73700.12,3,1,0.0,0.0,1.0
43,144164.29,1,1,1.0,0.0,1.0
31,82674.15,1,0,0.0,0.0,1.0
23,0.0,2,1,0.0,0.0,1.0
61,141784.02,1,1,1.0,0.0,1.0
57,136820.99,1,1,0.0,1.0,0.0
32,88348.43,2,1,1.0,0.0,1.0
43,0.0,1,0,0.0,1.0,1.0
23,107787.47,1,1,0.0,0.0,1.0
30,0.0,2,0,0.0,0.0,0.0
38,0.0,2,1,0.0,0.0,1.0
37,69143.91,2,1,0.0,0.0,1.0
22,0.0,2,0,0.0,0.0,1.0
32,0.0,2,0,0.0,0.0,1.0
39,0.0,1,0,0.0,0.0,1.0
43,92244.83,2,0,1.0,0.0,0.0
44,121898.82,1,0,1.0,0.0,0.0
23,0.0,2,0,0.0,0.0,1.0
33,0.0,2,1,0.0,0.0,0.0
40,99886.42,2,1,0.0,0.0,1.0
27,0.0,2,0,0.0,0.0,0.0
37,212314.03,1,1,0.0,0.0,1.0
34,111905.43,1,1,1.0,0.0,0.0
38,0.0,1,1,0.0,1.0,1.0
50,0.0,1,1,0.0,1.0,1.0
36,0.0,1,1,0.0,0.0,1.0
47,148826.32,1,1,1.0,0.0,1.0
46,111512.75,3,0,1.0,0.0,0.0
33,127154.14,2,1,1.0,0.0,1.0
63,120916.52,3,0,1.0,0.0,1.0
43,0.0,2,1,0.0,1.0,1.0
37,93978.96,2,0,1.0,0.0,1.0
32,0.0,2,1,0.0,0.0,1.0
42,0.0,2,0,0.0,1.0,0.0
52,0.0,2,1,0.0,0.0,1.0
22,125265.61,1,1,0.0,1.0,1.0
40,0.0,1,1,0.0,0.0,1.0
23,0.0,2,0,0.0,1.0,1.0
39,0.0,1,1,0.0,0.0,0.0
40,93051.64,2,0,1.0,0.0,1.0
30,0.0,2,1,0.0,0.0,1.0
33,101952.97,2,0,0.0,0.0,1.0
40,0.0,1,1,0.0,0.0,1.0
34,128270.56,1,0,0.0,0.0,1.0
34,121132.26,2,0,0.0,1.0,1.0
31,117799.28,1,1,0.0,0.0,1.0
46,122220.19,1,1,0.0,0.0,1.0
42,56726.83,2,1,0.0,0.0,1.0
36,0.0,2,1,0.0,0.0,0.0
35,133087.76,1,0,0.0,0.0,1.0
26,108909.12,1,0,0.0,0.0,0.0
43,92599.55,2,1,0.0,0.0,0.0
31,0.0,1,1,0.0,1.0,1.0
32,103846.65,1,0,1.0,0.0,1.0
41,121558.46,1,1,0.0,0.0,0.0
30,0.0,2,0,0.0,0.0,0.0
37,132057.92,2,0,0.0,0.0,1.0
25,96950.21,1,0,0.0,1.0,1.0
39,113193.51,2,1,1.0,0.0,1.0
38,82083.52,1,1,1.0,0.0,0.0
32,0.0,2,1,0.0,1.0,1.0
41,90757.64,2,1,1.0,0.0,0.0
36,0.0,2,1,0.0,1.0,0.0
36,122314.39,1,0,1.0,0.0,0.0
37,148466.93,2,1,0.0,0.0,1.0
42,126772.57,1,1,1.0,0.0,1.0
41,149049.92,1,1,1.0,0.0,1.0
38,0.0,1,0,0.0,0.0,1.0
57,107174.58,1,1,1.0,0.0,1.0
56,209767.31,2,1,0.0,1.0,0.0
42,121765.37,2,1,1.0,0.0,1.0
54,105770.14,1,1,0.0,1.0,1.0
30,0.0,2,1,0.0,0.0,0.0
41,164046.1,1,0,1.0,0.0,1.0
62,0.0,2,1,0.0,1.0,1.0
44,100486.18,2,1,0.0,0.0,1.0
37,152212.88,2,0,0.0,1.0,1.0
25,0.0,2,1,0.0,1.0,1.0
36,116338.68,1,1,0.0,1.0,0.0
40,82441.75,1,0,0.0,0.0,0.0
33,132255.99,2,1,0.0,0.0,1.0
51,108449.23,3,0,1.0,0.0,0.0
35,102742.91,2,1,1.0,0.0,0.0
34,63663.93,1,1,1.0,0.0,0.0
54,0.0,2,1,0.0,0.0,0.0
34,0.0,2,1,0.0,0.0,0.0
44,88915.85,1,0,0.0,1.0,1.0
43,0.0,2,0,0.0,0.0,1.0
44,128747.69,1,0,0.0,0.0,0.0
41,124349.34,1,0,0.0,0.0,0.0
33,124573.33,2,0,1.0,0.0,1.0
56,112414.81,2,0,1.0,0.0,1.0
36,0.0,2,0,0.0,0.0,1.0
66,135392.31,2,1,1.0,0.0,0.0
37,147361.57,1,1,1.0,0.0,0.0
35,103015.12,2,1,0.0,0.0,0.0
55,136576.02,1,1,0.0,0.0,1.0
36,0.0,1,1,0.0,0.0,1.0
22,101528.61,1,0,1.0,0.0,0.0
44,127536.44,1,0,1.0,0.0,0.0
41,97663.16,2,0,0.0,0.0,1.0
40,155455.43,1,1,0.0,1.0,1.0
47,121376.15,2,0,0.0,0.0,0.0
38,115463.16,1,0,0.0,1.0,1.0
42,0.0,2,0,0.0,1.0,0.0
40,148897.02,1,0,1.0,0.0,0.0
45,0.0,2,1,0.0,0.0,0.0
38,0.0,2,1,0.0,0.0,1.0
41,152105.57,2,1,0.0,0.0,0.0
38,111798.06,2,1,1.0,0.0,1.0
34,0.0,2,1,0.0,1.0,0.0
24,110495.27,1,0,0.0,0.0,0.0
40,0.0,2,0,0.0,1.0,0.0
47,126597.89,2,1,1.0,0.0,0.0
31,0.0,2,1,0.0,0.0,0.0
44,185932.18,2,0,1.0,0.0,0.0
37,95668.82,2,0,1.0,0.0,1.0
29,0.0,1,0,0.0,0.0,1.0
36,112029.83,1,1,0.0,1.0,1.0
39,162390.52,2,0,0.0,1.0,0.0
60,162039.78,1,1,0.0,0.0,0.0
63,0.0,2,1,0.0,1.0,1.0
34,154139.45,1,1,0.0,0.0,0.0
40,99745.95,1,0,1.0,0.0,0.0
62,0.0,2,0,0.0,0.0,1.0
31,0.0,2,0,0.0,0.0,1.0
37,129101.3,1,1,0.0,0.0,0.0
67,129431.36,1,1,0.0,0.0,1.0
35,0.0,1,1,0.0,0.0,0.0
33,168964.77,1,1,0.0,1.0,0.0
28,0.0,2,1,0.0,0.0,0.0
34,154983.98,1,0,0.0,1.0,1.0
38,132129.72,1,1,0.0,0.0,0.0
36,71142.77,2,0,1.0,0.0,1.0
31,164672.66,1,1,1.0,0.0,0.0
28,160376.61,1,0,0.0,0.0,1.0
42,145155.37,1,0,0.0,0.0,1.0
37,136689.66,1,0,0.0,1.0,0.0
27,139301.68,1,0,0.0,0.0,1.0
37,139265.63,2,1,1.0,0.0,1.0
32,0.0,2,1,0.0,1.0,1.0
42,68683.68,1,1,0.0,1.0,1.0
48,0.0,2,1,0.0,0.0,1.0
52,96781.39,1,1,1.0,0.0,1.0
46,0.0,2,1,0.0,1.0,0.0
48,0.0,2,1,0.0,1.0,0.0
46,182364.53,1,0,0.0,1.0,1.0
44,0.0,2,1,0.0,0.0,0.0
40,0.0,2,0,0.0,1.0,1.0
67,88382.01,1,1,0.0,1.0,1.0
36,0.0,1,1,0.0,1.0,0.0
31,0.0,3,1,0.0,0.0,1.0
24,0.0,1,1,0.0,0.0,1.0
33,0.0,2,0,0.0,0.0,1.0
47,152076.93,1,0,1.0,0.0,1.0
38,0.0,2,0,0.0,0.0,0.0
62,0.0,1,1,0.0,0.0,1.0
41,104405.54,3,0,1.0,0.0,1.0
37,125977.81,1,0,1.0,0.0,0.0
34,113958.55,1,1,0.0,0.0,1.0
42,123331.36,1,0,1.0,0.0,0.0
32,0.0,1,1,0.0,1.0,0.0
36,0.0,2,1,0.0,0.0,0.0
43,87624.03,2,0,0.0,0.0,1.0
33,0.0,2,1,0.0,1.0,0.0
32,90322.99,2,1,1.0,0.0,0.0
40,114354.95,1,0,0.0,0.0,0.0
46,123444.72,1,1,1.0,0.0,1.0
40,0.0,2,1,0.0,1.0,0.0
58,116353.2,2,1,1.0,0.0,0.0
37,100443.36,2,1,0.0,0.0,1.0
32,0.0,1,1,0.0,0.0,1.0
35,0.0,2,0,0.0,1.0,1.0
33,125241.17,2,1,1.0,0.0,0.0
38,123770.46,1,0,1.0,0.0,0.0
57,162448.69,1,0,1.0,0.0,0.0
37,146093.39,2,0,0.0,0.0,1.0
62,124678.35,1,0,0.0,0.0,0.0
28,0.0,2,1,0.0,0.0,1.0
39,132628.98,1,0,0.0,1.0,1.0
31,0.0,2,1,0.0,0.0,1.0
50,129667.77,1,0,0.0,1.0,0.0
44,58781.76,1,0,0.0,0.0,0.0
46,0.0,3,0,0.0,0.0,0.0
33,74963.5,1,1,0.0,0.0,0.0
44,102016.38,1,1,0.0,0.0,1.0
42,109121.71,1,1,0.0,1.0,1.0
30,90727.79,1,0,0.0,0.0,1.0
34,0.0,2,1,0.0,0.0,1.0
58,0.0,1,0,0.0,0.0,1.0
36,70181.48,2,0,0.0,0.0,1.0
41,106134.46,1,1,0.0,0.0,1.0
31,82293.82,2,1,1.0,0.0,1.0
30,156771.68,1,1,1.0,0.0,0.0
30,0.0,1,0,0.0,0.0,1.0
53,0.0,1,1,0.0,1.0,1.0
26,135889.13,1,1,0.0,1.0,0.0
35,145623.36,1,0,1.0,0.0,0.0
32,184686.41,2,0,0.0,0.0,0.0
31,0.0,1,1,0.0,1.0,1.0
26,0.0,1,0,0.0,0.0,1.0
26,0.0,2,0,0.0,0.0,1.0
40,128389.12,1,1,0.0,1.0,1.0
32,0.0,1,1,0.0,1.0,0.0
34,126729.41,1,1,1.0,0.0,1.0
64,0.0,1,0,0.0,1.0,0.0
40,133245.52,2,1,1.0,0.0,0.0
34,0.0,2,0,0.0,0.0,1.0
43,0.0,2,1,0.0,0.0,1.0
38,110555.37,2,0,1.0,0.0,1.0
34,88815.56,2,0,1.0,0.0,1.0
42,0.0,2,1,0.0,0.0,0.0
28,154475.54,2,1,1.0,0.0,1.0
39,0.0,2,0,0.0,0.0,1.0
45,118886.55,1,0,1.0,0.0,0.0
41,0.0,2,1,0.0,1.0,1.0
24,0.0,1,1,0.0,0.0,0.0
44,189318.16,2,0,0.0,1.0,0.0
52,130013.12,1,1,1.0,0.0,1.0
23,0.0,1,1,0.0,1.0,1.0
39,89588.35,1,1,0.0,0.0,0.0
34,0.0,2,1,0.0,0.0,0.0
18,0.0,2,0,0.0,1.0,1.0
39,120252.02,2,1,1.0,0.0,1.0
29,0.0,2,0,0.0,0.0,0.0
51,0.0,3,0,0.0,0.0,1.0
36,99472.76,2,0,0.0,0.0,0.0
30,124857.69,2,0,0.0,1.0,1.0
32,0.0,2,0,0.0,1.0,1.0
41,0.0,2,0,0.0,0.0,0.0
34,0.0,2,0,0.0,0.0,1.0
28,0.0,2,0,0.0,0.0,1.0
34,0.0,2,1,0.0,0.0,1.0
40,0.0,2,0,0.0,0.0,1.0
27,0.0,1,1,0.0,0.0,0.0
44,157622.58,1,1,0.0,1.0,0.0
33,0.0,1,0,0.0,1.0,1.0
45,104118.5,1,1,0.0,0.0,0.0
29,123737.04,2,0,1.0,0.0,1.0
47,0.0,2,1,0.0,0.0,0.0
27,0.0,2,0,0.0,1.0,1.0
31,104158.84,1,0,0.0,0.0,0.0
40,0.0,2,0,0.0,1.0,0.0
34,133467.77,2,1,1.0,0.0,1.0
27,0.0,2,1,0.0,0.0,0.0
31,111589.67,1,0,1.0,0.0,1.0
31,0.0,1,1,0.0,0.0,0.0
41,92618.62,1,1,1.0,0.0,0.0
50,0.0,1,0,0.0,1.0,1.0
55,116973.26,3,0,0.0,0.0,0.0
40,0.0,2,1,0.0,1.0,1.0
31,112203.25,1,0,0.0,0.0,0.0
37,90432.92,1,1,1.0,0.0,1.0
29,209490.21,1,1,0.0,1.0,0.0
30,0.0,3,1,0.0,0.0,1.0
59,106819.65,1,1,1.0,0.0,1.0
35,100768.77,1,0,0.0,0.0,0.0
37,151226.18,2,1,0.0,0.0,1.0
50,129370.91,4,1,1.0,0.0,1.0
32,179305.09,1,1,0.0,0.0,1.0
43,113641.49,4,0,1.0,0.0,0.0
35,108306.44,1,1,0.0,0.0,0.0
52,154733.97,1,0,0.0,1.0,0.0
36,142400.77,1,1,0.0,0.0,1.0
35,0.0,2,0,0.0,0.0,1.0
43,113882.31,1,1,0.0,0.0,1.0
36,0.0,2,0,0.0,1.0,1.0
24,137295.19,2,1,0.0,0.0,0.0
39,149363.12,2,1,1.0,0.0,0.0
70,96947.58,3,0,1.0,0.0,0.0
33,94126.67,1,0,1.0,0.0,1.0
31,112713.34,1,1,0.0,1.0,1.0
33,163139.27,1,1,0.0,0.0,1.0
27,118627.16,2,1,1.0,0.0,1.0
39,163097.55,2,1,0.0,1.0,0.0
22,0.0,2,0,0.0,1.0,1.0
28,96679.71,1,1,1.0,0.0,1.0
28,97612.12,1,1,0.0,0.0,1.0
34,0.0,2,1,0.0,1.0,1.0
32,112079.58,1,0,0.0,0.0,1.0
39,97700.02,1,1,0.0,0.0,1.0
34,91025.58,2,1,1.0,0.0,0.0
36,152606.82,1,1,0.0,0.0,1.0
29,0.0,2,0,0.0,0.0,0.0
43,0.0,2,1,0.0,0.0,1.0
27,158786.67,2,1,0.0,0.0,0.0
38,0.0,2,0,0.0,0.0,1.0
52,0.0,2,0,0.0,1.0,1.0
28,95357.49,1,0,0.0,1.0,0.0
46,0.0,2,1,0.0,0.0,0.0
33,123870.07,1,0,0.0,1.0,0.0
39,112687.69,1,1,0.0,0.0,0.0
33,0.0,2,0,0.0,0.0,0.0
53,0.0,3,0,0.0,1.0,0.0
31,182275.23,2,0,1.0,0.0,1.0
39,109698.41,1,1,1.0,0.0,0.0
39,129299.28,2,0,0.0,0.0,1.0
45,0.0,1,1,0.0,0.0,0.0
26,105514.69,2,0,1.0,0.0,0.0
56,148507.24,1,0,1.0,0.0,1.0
43,0.0,2,1,0.0,0.0,0.0
41,0.0,2,0,0.0,0.0,1.0
60,0.0,2,1,0.0,0.0,1.0
34,154495.79,1,0,0.0,0.0,1.0
35,0.0,2,0,0.0,0.0,1.0
39,81273.13,1,1,0.0,1.0,1.0
56,78707.16,1,1,0.0,1.0,1.0
37,135847.47,1,0,0.0,0.0,1.0
37,140950.92,2,0,1.0,0.0,1.0
39,151963.26,2,0,0.0,1.0,0.0
27,100912.19,1,0,0.0,1.0,0.0
50,171740.69,1,0,0.0,0.0,1.0
40,149961.99,2,0,1.0,0.0,0.0
32,169947.41,2,1,1.0,0.0,1.0
41,136416.82,1,1,0.0,0.0,1.0
68,126061.51,2,1,1.0,0.0,1.0
21,132312.06,1,0,1.0,0.0,0.0
33,118004.26,1,0,0.0,0.0,0.0
41,85906.65,3,0,1.0,0.0,0.0
37,0.0,2,0,0.0,1.0,0.0
48,95679.29,1,0,0.0,1.0,0.0
42,141927.1,1,1,1.0,0.0,1.0
44,0.0,1,1,0.0,1.0,1.0
44,122314.5,1,0,1.0,0.0,0.0
59,101609.77,1,0,1.0,0.0,0.0
59,155766.05,1,1,0.0,1.0,1.0
30,145127.85,1,0,0.0,1.0,1.0
50,122227.71,1,1,1.0,0.0,1.0
48,156848.13,2,1,1.0,0.0,0.0
36,114628.4,1,1,0.0,0.0,1.0
42,99095.73,1,1,0.0,0.0,1.0
64,0.0,2,0,0.0,0.0,1.0
32,100606.02,1,0,0.0,0.0,1.0
31,0.0,2,1,0.0,0.0,0.0
63,137841.53,1,1,0.0,0.0,1.0
37,0.0,3,0,0.0,1.0,0.0
38,0.0,1,0,0.0,0.0,1.0
21,85818.18,1,1,0.0,1.0,0.0
41,100062.39,1,0,0.0,1.0,1.0
66,0.0,1,0,0.0,0.0,1.0
39,0.0,2,1,0.0,1.0,0.0
43,55853.33,2,1,0.0,1.0,0.0
23,93911.3,2,0,1.0,0.0,1.0
30,0.0,2,1,0.0,0.0,1.0
36,69518.95,1,0,0.0,0.0,0.0
33,0.0,2,1,0.0,0.0,1.0
39,136422.41,1,1,0.0,0.0,0.0
28,0.0,2,1,0.0,0.0,1.0
39,118336.14,1,0,0.0,0.0,0.0
36,0.0,2,1,0.0,0.0,0.0
46,0.0,2,1,0.0,1.0,0.0
34,113014.7,2,1,0.0,0.0,1.0
43,108589.47,2,1,1.0,0.0,1.0
41,96147.55,1,0,0.0,0.0,0.0
40,0.0,2,1,0.0,0.0,1.0
36,0.0,2,1,0.0,0.0,1.0
49,122486.47,1,1,0.0,0.0,1.0
28,100032.52,1,0,1.0,0.0,0.0
34,90355.12,2,0,1.0,0.0,1.0
33,98630.31,2,1,1.0,0.0,1.0
33,0.0,1,1,0.0,1.0,1.0
37,131834.76,2,0,0.0,0.0,0.0
31,172325.67,1,1,0.0,0.0,0.0
59,122471.09,1,1,1.0,0.0,1.0
32,92961.61,1,0,0.0,0.0,1.0
28,77776.39,1,0,1.0,0.0,1.0
37,114346.3,1,1,1.0,0.0,1.0
44,0.0,2,0,0.0,1.0,0.0
39,115341.19,1,1,1.0,0.0,1.0
30,154221.37,2,1,1.0,0.0,0.0
26,0.0,2,0,0.0,0.0,0.0
32,124450.36,2,1,1.0,0.0,1.0
38,0.0,2,1,0.0,0.0,1.0
37,135650.88,1,0,1.0,0.0,1.0
41,0.0,1,0,0.0,1.0,0.0
50,132598.38,2,1,1.0,0.0,0.0
38,0.0,2,0,0.0,0.0,0.0
45,134980.74,1,1,1.0,0.0,0.0
36,124445.52,1,0,0.0,0.0,1.0
25,0.0,2,0,0.0,0.0,0.0
27,121580.42,1,1,0.0,1.0,0.0
42,0.0,2,1,0.0,0.0,0.0
30,0.0,2,1,0.0,0.0,0.0
35,104356.38,1,0,1.0,0.0,1.0
29,0.0,1,0,0.0,0.0,1.0
31,0.0,2,0,0.0,1.0,0.0
58,63492.94,1,1,0.0,0.0,1.0
26,87098.91,1,0,0.0,0.0,0.0
42,115076.06,1,1,0.0,0.0,1.0
29,0.0,2,1,0.0,0.0,0.0
28,0.0,1,0,0.0,0.0,1.0
35,129847.75,2,0,1.0,0.0,1.0
44,148770.61,2,1,1.0,0.0,0.0
37,101707.8,1,0,0.0,1.0,0.0
77,0.0,2,1,0.0,0.0,1.0
38,0.0,1,1,0.0,0.0,0.0
32,0.0,2,1,0.0,0.0,0.0
39,0.0,2,1,0.0,0.0,1.0
22,0.0,2,1,0.0,0.0,1.0
31,128131.73,1,0,0.0,0.0,1.0
41,0.0,1,0,0.0,1.0,0.0
44,0.0,2,1,0.0,0.0,1.0
66,116037.76,1,1,0.0,0.0,0.0
34,0.0,2,1,0.0,0.0,1.0
46,161798.53,1,0,0.0,0.0,1.0
55,119961.48,1,0,1.0,0.0,1.0
25,78396.08,1,1,0.0,0.0,1.0
39,111213.64,2,1,1.0,0.0,0.0
29,125961.74,2,0,1.0,0.0,1.0
39,119688.81,1,0,1.0,0.0,1.0
40,98241.04,1,0,0.0,0.0,1.0
28,97840.72,1,1,0.0,1.0,0.0
38,145874.35,1,0,0.0,1.0,1.0
33,132168.28,1,0,0.0,1.0,1.0
23,123943.18,1,1,1.0,0.0,0.0
18,133550.67,1,1,0.0,0.0,1.0
32,149136.31,2,1,0.0,0.0,1.0
26,131908.35,1,1,1.0,0.0,0.0
32,0.0,2,0,0.0,0.0,1.0
34,0.0,2,0,0.0,0.0,0.0
51,123401.43,2,1,0.0,0.0,1.0
77,135120.56,1,0,1.0,0.0,0.0
48,0.0,2,0,0.0,0.0,1.0
52,86891.84,1,0,1.0,0.0,0.0
36,169025.83,1,0,1.0,0.0,0.0
31,0.0,2,1,0.0,0.0,0.0
39,0.0,2,0,0.0,0.0,0.0
31,137687.72,1,0,0.0,0.0,0.0
38,101648.5,2,0,1.0,0.0,0.0
40,0.0,1,0,0.0,0.0,1.0
36,77846.9,1,0,1.0,0.0,0.0
40,0.0,1,1,0.0,1.0,0.0
62,127738.75,2,1,0.0,0.0,1.0
40,139129.44,1,1,0.0,1.0,0.0
54,89299.81,1,0,0.0,0.0,1.0
41,115251.64,1,0,0.0,1.0,1.0
37,0.0,2,1,0.0,0.0,1.0
37,0.0,2,0,0.0,0.0,0.0
33,0.0,2,0,0.0,0.0,1.0
32,118879.35,2,1,0.0,1.0,0.0
41,110112.54,2,0,1.0,0.0,1.0
39,114491.82,1,0,1.0,0.0,0.0
47,157099.47,2,1,1.0,0.0,0.0
43,0.0,2,1,0.0,0.0,1.0
60,152335.7,1,0,0.0,0.0,1.0
26,153644.39,1,1,0.0,0.0,1.0
25,0.0,2,1,0.0,1.0,1.0
27,125167.74,1,0,0.0,0.0,0.0
37,167864.4,1,0,1.0,0.0,0.0
44,123070.89,1,0,1.0,0.0,0.0
60,121907.97,1,1,0.0,1.0,1.0
42,123311.39,2,1,0.0,0.0,1.0
35,106266.8,1,1,0.0,0.0,0.0
23,0.0,2,0,0.0,1.0,0.0
33,135962.4,2,0,1.0,0.0,1.0
45,0.0,2,0,0.0,0.0,0.0
39,0.0,1,1,0.0,1.0,0.0
41,0.0,2,1,0.0,1.0,1.0
31,0.0,1,0,0.0,0.0,0.0
54,137986.58,2,1,1.0,0.0,1.0
42,49508.79,3,1,1.0,0.0,0.0
43,133214.88,2,1,0.0,1.0,0.0
56,0.0,1,1,0.0,1.0,0.0
43,175735.5,1,1,0.0,1.0,1.0
46,161450.03,1,1,1.0,0.0,1.0
25,0.0,2,1,0.0,0.0,0.0
34,0.0,1,1,0.0,0.0,1.0
25,0.0,2,1,0.0,0.0,1.0
48,150315.92,1,1,0.0,1.0,0.0
36,0.0,1,1,0.0,1.0,0.0
35,0.0,1,0,0.0,0.0,1.0
31,0.0,2,0,0.0,1.0,0.0
37,158024.38,1,0,0.0,1.0,1.0
46,130666.2,1,1,0.0,0.0,1.0
28,0.0,1,0,0.0,1.0,1.0
38,115378.94,1,1,0.0,1.0,1.0
36,61636.97,1,0,0.0,0.0,1.0
44,0.0,2,0,0.0,0.0,1.0
40,121729.42,1,0,1.0,0.0,0.0
51,83739.32,1,1,0.0,1.0,1.0
37,0.0,1,1,0.0,0.0,1.0
21,0.0,2,1,0.0,0.0,1.0
75,0.0,1,0,0.0,0.0,0.0
23,113758.48,2,0,0.0,0.0,1.0
33,0.0,1,1,0.0,0.0,1.0
40,140596.95,1,1,0.0,0.0,0.0
28,0.0,2,1,0.0,0.0,1.0
31,158978.79,1,0,0.0,0.0,0.0
27,90971.85,1,1,1.0,0.0,0.0
41,109026.8,2,1,1.0,0.0,1.0
29,0.0,1,1,0.0,0.0,1.0
35,101744.84,1,0,1.0,0.0,1.0
30,0.0,2,1,0.0,0.0,1.0
45,155447.65,2,0,1.0,0.0,0.0
41,0.0,2,0,0.0,0.0,1.0
25,0.0,3,1,0.0,0.0,0.0
33,0.0,2,1,0.0,1.0,1.0
40,141136.79,1,1,0.0,0.0,1.0
22,0.0,2,1,0.0,0.0,1.0
30,117494.27,1,0,0.0,0.0,1.0
40,101016.53,1,1,1.0,0.0,1.0
28,0.0,2,0,0.0,1.0,1.0
21,166883.07,2,1,0.0,0.0,0.0
38,68079.8,1,1,0.0,1.0,1.0
44,0.0,2,0,0.0,0.0,1.0
33,111582.11,1,0,0.0,0.0,1.0
41,0.0,3,1,0.0,1.0,0.0
35,0.0,2,1,0.0,1.0,1.0
36,135438.4,1,0,0.0,0.0,0.0
28,122384.22,3,1,1.0,0.0,1.0
39,0.0,2,1,0.0,1.0,1.0
36,0.0,1,0,0.0,0.0,0.0
44,0.0,2,0,0.0,0.0,1.0
29,0.0,2,1,0.0,0.0,1.0
32,151691.44,2,1,1.0,0.0,1.0
28,185013.02,1,0,1.0,0.0,1.0
32,145807.59,1,1,0.0,0.0,1.0
38,0.0,2,0,0.0,0.0,1.0
40,131184.67,1,1,0.0,0.0,0.0
39,0.0,1,0,0.0,0.0,1.0
37,0.0,1,0,0.0,0.0,1.0
50,146710.76,1,0,1.0,0.0,0.0
29,0.0,2,1,0.0,0.0,0.0
44,122806.95,1,0,0.0,0.0,1.0
42,137781.65,1,0,0.0,0.0,0.0
42,97495.8,2,0,1.0,0.0,0.0
30,73218.89,1,1,0.0,0.0,1.0
23,166594.78,1,1,0.0,0.0,1.0
63,148368.02,1,0,0.0,0.0,1.0
37,163607.18,1,1,0.0,1.0,0.0
40,113794.22,1,0,0.0,1.0,0.0
37,142688.57,2,1,1.0,0.0,0.0
47,0.0,2,0,0.0,0.0,0.0
41,0.0,1,1,0.0,0.0,1.0
44,0.0,2,1,0.0,0.0,0.0
52,191665.21,1,1,0.0,0.0,0.0
27,0.0,2,0,0.0,1.0,1.0
37,154712.58,2,0,0.0,1.0,1.0
50,0.0,2,1,0.0,1.0,0.0
31,0.0,2,0,0.0,1.0,1.0
37,165252.52,1,0,0.0,0.0,1.0
30,110829.52,2,0,0.0,0.0,1.0
31,0.0,2,0,0.0,0.0,1.0
37,127609.59,1,0,0.0,0.0,1.0
30,86449.39,1,1,0.0,0.0,1.0
31,152926.6,1,1,0.0,1.0,0.0
33,0.0,2,1,0.0,1.0,1.0
43,112773.73,2,1,0.0,0.0,0.0
38,107283.4,1,0,0.0,0.0,0.0
49,115309.75,1,0,0.0,1.0,0.0
61,0.0,2,1,0.0,0.0,0.0
24,0.0,2,1,0.0,0.0,1.0
40,0.0,1,0,0.0,0.0,0.0
36,85660.96,1,0,0.0,1.0,0.0
69,108424.19,1,1,0.0,0.0,1.0
44,0.0,2,0,0.0,0.0,0.0
30,0.0,2,0,0.0,0.0,1.0
23,137964.51,1,1,1.0,0.0,0.0
39,135483.17,1,0,0.0,1.0,0.0
32,133705.74,1,0,0.0,1.0,1.0
38,174937.64,1,0,1.0,0.0,0.0
40,193354.86,2,0,0.0,0.0,1.0
49,0.0,1,1,0.0,0.0,1.0
51,0.0,2,0,0.0,0.0,1.0
29,91955.61,1,0,0.0,0.0,1.0
21,0.0,2,0,0.0,1.0,1.0
40,153639.11,1,1,0.0,1.0,1.0
34,78829.53,1,1,0.0,0.0,1.0
36,153880.15,1,0,0.0,0.0,1.0
40,0.0,2,1,0.0,0.0,1.0
27,116320.68,1,1,0.0,1.0,0.0
36,0.0,1,1,0.0,0.0,1.0
38,115221.36,1,1,0.0,0.0,1.0
43,99610.92,2,0,0.0,0.0,1.0
60,92887.06,1,0,0.0,0.0,0.0
42,129735.3,2,1,0.0,0.0,1.0
44,0.0,2,1,0.0,1.0,1.0
50,88379.81,3,1,1.0,0.0,0.0
31,0.0,2,1,0.0,0.0,1.0
19,0.0,2,1,0.0,0.0,0.0
31,0.0,2,0,0.0,0.0,1.0
40,110150.43,1,1,1.0,0.0,0.0
55,0.0,2,1,0.0,0.0,1.0
35,0.0,2,1,0.0,1.0,0.0
43,153313.67,1,0,0.0,0.0,0.0
41,154902.66,1,1,1.0,0.0,1.0
37,94001.61,2,0,1.0,0.0,1.0
50,0.0,1,0,0.0,1.0,1.0
31,0.0,2,1,0.0,1.0,1.0
32,0.0,2,0,0.0,0.0,0.0
35,108308.0,1,0,0.0,0.0,0.0
26,0.0,2,1,0.0,0.0,1.0
38,0.0,1,1,0.0,0.0,1.0
34,37266.67,2,0,1.0,0.0,0.0
53,167772.96,1,1,1.0,0.0,1.0
55,155828.22,1,1,0.0,1.0,0.0
30,109805.3,1,1,0.0,0.0,1.0
37,0.0,2,0,0.0,1.0,0.0
35,117212.18,1,1,1.0,0.0,1.0
28,114731.76,2,1,0.0,0.0,1.0
34,0.0,2,1,0.0,0.0,0.0
43,0.0,2,1,0.0,1.0,1.0
56,154669.77,1,1,0.0,1.0,1.0
55,118803.35,2,1,0.0,0.0,1.0
34,90723.36,1,1,0.0,1.0,1.0
50,118098.62,1,1,1.0,0.0,1.0
61,65190.29,1,1,0.0,0.0,0.0
47,122031.55,1,1,0.0,0.0,0.0
49,160602.25,2,0,0.0,0.0,0.0
66,149950.19,1,1,0.0,0.0,0.0
34,149940.04,2,0,0.0,1.0,1.0
43,97792.21,1,0,0.0,1.0,1.0
28,70233.74,2,1,1.0,0.0,1.0
43,160416.56,1,1,0.0,0.0,0.0
33,198113.86,1,0,0.0,0.0,1.0
26,109958.15,1,1,0.0,1.0,0.0
27,111837.78,2,1,1.0,0.0,0.0
44,126147.84,1,1,1.0,0.0,0.0
37,0.0,2,1,0.0,1.0,0.0
33,118082.89,1,0,0.0,0.0,1.0
51,124620.01,2,0,0.0,0.0,0.0
31,137260.45,2,0,1.0,0.0,1.0
30,143138.91,2,0,1.0,0.0,1.0
35,90602.42,2,1,1.0,0.0,1.0
32,0.0,1,1,0.0,0.0,0.0
42,114631.23,1,1,0.0,0.0,1.0
52,0.0,1,1,0.0,0.0,0.0
41,63873.56,1,0,0.0,1.0,1.0
43,85957.88,2,0,1.0,0.0,1.0
35,0.0,2,1,0.0,0.0,1.0
36,135095.47,1,0,0.0,1.0,1.0
24,0.0,2,1,0.0,0.0,0.0
34,0.0,2,0,0.0,0.0,1.0
35,0.0,2,1,0.0,1.0,1.0
22,0.0,2,0,0.0,1.0,1.0
37,133292.45,1,0,0.0,1.0,0.0
32,154737.88,2,1,0.0,0.0,1.0
40,174126.75,3,0,1.0,0.0,1.0
52,125396.24,1,0,1.0,0.0,0.0
49,121197.64,1,0,0.0,0.0,1.0
29,0.0,1,0,0.0,0.0,1.0
32,150923.74,2,1,1.0,0.0,0.0
31,79962.92,2,0,0.0,0.0,1.0
38,75075.14,1,1,0.0,1.0,1.0
26,123126.29,1,0,1.0,0.0,0.0
43,132217.45,1,0,1.0,0.0,1.0
29,0.0,2,1,0.0,0.0,0.0
24,143656.55,1,1,0.0,1.0,1.0
30,105443.68,1,1,0.0,0.0,1.0
40,113348.5,1,1,0.0,1.0,0.0
40,125534.51,1,0,1.0,0.0,0.0
53,0.0,2,1,0.0,0.0,1.0
47,0.0,1,1,0.0,0.0,0.0
28,138668.18,1,1,0.0,1.0,1.0
32,91956.49,1,1,0.0,0.0,1.0
41,98612.1,1,0,1.0,0.0,0.0
32,101160.99,1,1,1.0,0.0,1.0
31,113688.63,1,0,1.0,0.0,1.0
36,79951.9,1,1,0.0,0.0,0.0
33,150186.22,2,1,1.0,0.0,1.0
29,0.0,2,1,0.0,1.0,1.0
33,0.0,2,1,0.0,0.0,0.0
36,0.0,2,1,0.0,1.0,0.0
30,128207.23,1,1,0.0,0.0,1.0
28,0.0,1,0,0.0,0.0,1.0
56,110802.03,1,1,0.0,1.0,1.0
27,0.0,2,1,0.0,0.0,0.0
45,120591.19,1,0,1.0,0.0,1.0
31,139799.63,1,1,0.0,1.0,0.0
42,0.0,1,1,0.0,0.0,0.0
28,97408.03,1,1,0.0,1.0,1.0
29,128744.04,1,1,0.0,0.0,1.0
43,81153.82,1,1,0.0,1.0,0.0
57,101868.51,1,1,1.0,0.0,1.0
25,130866.19,1,0,0.0,1.0,0.0
39,80615.46,2,0,1.0,0.0,1.0
39,0.0,2,1,0.0,0.0,0.0
43,80442.06,2,1,1.0,0.0,1.0
50,130023.38,1,0,1.0,0.0,1.0
38,74306.19,2,0,0.0,0.0,0.0
50,0.0,2,0,0.0,0.0,1.0
35,114212.6,1,1,0.0,0.0,1.0
42,0.0,2,0,0.0,0.0,1.0
32,0.0,2,1,0.0,1.0,0.0
48,124442.38,1,0,1.0,0.0,0.0
44,140393.65,2,1,1.0,0.0,1.0
33,152143.89,1,1,1.0,0.0,1.0
28,163569.61,2,1,0.0,0.0,1.0
22,112465.06,1,1,0.0,0.0,0.0
44,120654.68,1,0,0.0,1.0,1.0
26,146133.39,1,1,1.0,0.0,1.0
32,0.0,2,0,0.0,1.0,1.0
30,141787.31,2,1,1.0,0.0,1.0
44,159316.64,1,0,0.0,0.0,0.0
39,144550.83,2,1,1.0,0.0,0.0
59,0.0,2,1,0.0,0.0,0.0
33,0.0,1,0,0.0,0.0,0.0
30,124119.54,1,0,0.0,0.0,1.0
38,0.0,2,0,0.0,0.0,0.0
22,0.0,2,1,0.0,0.0,0.0
23,104744.89,1,0,0.0,1.0,1.0
61,0.0,2,1,0.0,1.0,0.0
32,149814.54,1,0,1.0,0.0,1.0
28,113811.85,2,1,0.0,1.0,0.0
43,121927.92,1,0,1.0,0.0,0.0
35,79585.96,1,1,1.0,0.0,0.0
26,0.0,2,0,0.0,0.0,1.0
51,104682.83,1,0,1.0,0.0,1.0
43,201696.07,1,0,0.0,0.0,1.0
40,125879.29,1,0,0.0,0.0,0.0
63,146202.93,1,1,0.0,1.0,1.0
31,0.0,2,0,0.0,0.0,1.0
36,0.0,1,1,0.0,0.0,1.0
43,137638.69,1,0,0.0,0.0,1.0
26,119009.57,1,0,0.0,0.0,1.0
37,98218.04,2,0,1.0,0.0,0.0
36,145071.24,1,0,1.0,0.0,1.0
37,157098.52,1,1,1.0,0.0,0.0
33,119278.44,1,1,1.0,0.0,0.0
36,148749.29,2,0,0.0,0.0,0.0
46,98444.19,1,1,0.0,0.0,0.0
41,133432.59,1,1,1.0,0.0,0.0
30,0.0,1,1,0.0,1.0,0.0
40,55776.39,2,0,0.0,0.0,0.0
45,151855.33,1,0,1.0,0.0,0.0
27,102258.11,2,0,0.0,0.0,0.0
46,116886.59,1,0,0.0,1.0,0.0
63,0.0,2,1,0.0,0.0,1.0
62,0.0,2,1,0.0,0.0,1.0
31,51293.47,1,0,1.0,0.0,0.0
37,136925.09,2,1,1.0,0.0,0.0
29,99097.36,1,1,1.0,0.0,0.0
37,51582.5,2,1,0.0,0.0,0.0
36,108913.84,2,1,1.0,0.0,0.0
28,165798.1,1,0,0.0,0.0,1.0
31,0.0,1,0,0.0,0.0,0.0
59,118210.42,2,0,1.0,0.0,1.0
42,0.0,2,0,0.0,0.0,0.0
33,35016.6,1,0,1.0,0.0,1.0
44,118742.74,2,0,0.0,0.0,0.0
29,0.0,2,0,0.0,0.0,0.0
35,137179.39,1,1,0.0,0.0,1.0
32,163340.12,2,1,0.0,1.0,1.0
27,107751.68,2,1,0.0,1.0,0.0
49,88915.37,3,0,0.0,0.0,0.0
37,0.0,2,0,0.0,0.0,1.0
27,125427.37,2,0,0.0,1.0,1.0
46,0.0,2,1,0.0,1.0,1.0
51,97565.74,1,0,0.0,0.0,1.0
62,0.0,2,1,0.0,0.0,0.0
37,145382.61,1,0,0.0,1.0,1.0
42,107856.57,2,0,1.0,0.0,1.0
33,116765.7,1,0,1.0,0.0,0.0
28,146098.43,3,0,0.0,1.0,0.0
31,0.0,1,1,0.0,0.0,1.0
39,130969.77,2,1,1.0,0.0,1.0
31,76665.71,2,1,0.0,1.0,1.0
35,105419.73,1,0,0.0,0.0,0.0
66,127120.62,1,1,1.0,0.0,0.0
31,104678.62,1,1,0.0,1.0,1.0
36,129745.1,1,1,1.0,0.0,0.0
27,0.0,2,0,0.0,1.0,1.0
44,137452.09,1,0,1.0,0.0,1.0
32,85534.83,1,0,0.0,1.0,1.0
29,0.0,2,0,0.0,1.0,1.0
27,0.0,2,1,0.0,0.0,1.0
36,94615.11,2,1,1.0,0.0,1.0
45,117231.63,3,1,1.0,0.0,1.0
24,103099.17,2,0,1.0,0.0,0.0
34,154485.74,2,0,0.0,0.0,1.0
47,0.0,1,0,0.0,0.0,1.0
50,124233.24,1,1,1.0,0.0,1.0
35,85668.59,1,0,1.0,0.0,1.0
28,119336.29,2,1,1.0,0.0,1.0
45,0.0,2,1,0.0,0.0,1.0
26,0.0,2,1,0.0,0.0,1.0
36,143680.47,2,1,0.0,1.0,0.0
46,134950.19,3,0,0.0,0.0,1.0
40,104149.66,1,0,1.0,0.0,1.0
36,98266.3,1,1,0.0,1.0,0.0
37,125489.4,1,0,1.0,0.0,1.0
54,0.0,1,0,0.0,0.0,1.0
35,165358.77,1,1,0.0,0.0,1.0
40,0.0,2,1,0.0,0.0,1.0
37,39344.83,1,1,0.0,0.0,1.0
62,118756.62,1,1,0.0,0.0,1.0
40,146502.07,1,0,0.0,1.0,0.0
39,0.0,2,0,0.0,1.0,1.0
37,0.0,1,1,0.0,1.0,0.0
38,0.0,2,0,0.0,0.0,1.0
26,0.0,2,0,0.0,0.0,1.0
42,0.0,2,0,0.0,1.0,1.0
25,152885.77,1,0,1.0,0.0,0.0
32,61825.5,1,1,1.0,0.0,1.0
33,0.0,2,0,0.0,0.0,1.0
60,69365.25,1,1,0.0,0.0,0.0
29,116805.82,1,0,0.0,1.0,0.0
32,80958.36,1,1,0.0,1.0,1.0
28,0.0,2,0,0.0,0.0,1.0
51,0.0,3,0,0.0,0.0,1.0
39,144102.32,1,1,0.0,1.0,0.0
39,0.0,2,1,0.0,0.0,1.0
35,102918.38,1,1,0.0,1.0,1.0
46,107073.27,2,1,0.0,1.0,0.0
59,119380.37,1,1,0.0,0.0,1.0
36,178111.82,1,0,0.0,0.0,1.0
41,153895.65,1,1,1.0,0.0,0.0
41,125561.97,1,0,1.0,0.0,1.0
47,0.0,2,0,0.0,0.0,1.0
38,130233.14,1,1,0.0,1.0,1.0
39,162532.14,3,0,1.0,0.0,0.0
33,0.0,2,0,0.0,0.0,1.0
24,122168.65,1,0,0.0,0.0,1.0
38,123894.43,1,0,0.0,0.0,0.0
38,134105.01,1,0,0.0,0.0,0.0
47,160729.1,1,1,0.0,0.0,1.0
37,0.0,2,0,0.0,1.0,0.0
39,0.0,2,1,0.0,0.0,1.0
33,0.0,2,1,0.0,0.0,1.0
41,0.0,2,1,0.0,0.0,1.0
45,110765.68,1,0,1.0,0.0,1.0
27,197041.8,1,0,0.0,0.0,1.0
31,110527.17,1,1,0.0,0.0,1.0
35,80931.75,1,0,1.0,0.0,0.0
41,80542.81,1,0,1.0,0.0,1.0
40,93017.47,2,0,0.0,0.0,1.0
35,159693.9,2,1,0.0,1.0,1.0
48,0.0,2,1,0.0,0.0,0.0
32,131354.25,1,0,0.0,0.0,1.0
29,96462.25,2,1,1.0,0.0,1.0
63,0.0,2,0,0.0,1.0,1.0
43,134204.67,1,1,0.0,1.0,0.0
45,80793.58,1,1,0.0,0.0,1.0
26,120727.97,1,1,1.0,0.0,1.0
38,112803.92,1,0,0.0,1.0,0.0
41,0.0,1,1,0.0,0.0,0.0
39,0.0,2,0,0.0,0.0,1.0
33,0.0,2,0,0.0,1.0,0.0
46,141788.63,2,0,1.0,0.0,0.0
40,125725.02,2,1,1.0,0.0,1.0
29,140170.61,1,1,0.0,0.0,0.0
36,0.0,2,0,0.0,1.0,0.0
49,0.0,1,0,0.0,0.0,0.0
29,139994.66,1,0,0.0,0.0,0.0
43,120847.11,1,0,1.0,0.0,0.0
29,104944.1,1,1,1.0,0.0,0.0
54,0.0,1,0,0.0,0.0,1.0
38,0.0,2,1,0.0,0.0,1.0
32,0.0,1,1,0.0,0.0,0.0
64,136770.67,1,1,0.0,0.0,1.0
38,134811.3,1,0,0.0,0.0,1.0
36,0.0,2,0,0.0,0.0,0.0
26,77780.29,1,1,0.0,0.0,0.0
38,89111.63,1,0,1.0,0.0,1.0
68,95039.12,1,1,1.0,0.0,0.0
45,138523.2,1,0,1.0,0.0,0.0
43,0.0,1,0,0.0,0.0,0.0
33,0.0,2,0,0.0,0.0,1.0
36,109646.83,1,1,1.0,0.0,0.0
35,143744.77,2,0,0.0,0.0,1.0
26,76226.9,1,0,0.0,1.0,1.0
46,87603.35,3,1,0.0,1.0,0.0
32,0.0,2,0,0.0,0.0,0.0
34,83264.28,1,0,0.0,1.0,1.0
41,0.0,2,1,0.0,0.0,1.0
74,108071.36,2,1,1.0,0.0,0.0
37,0.0,2,1,0.0,0.0,0.0
48,132759.8,1,0,0.0,1.0,1.0
39,117301.66,1,0,0.0,0.0,0.0
42,0.0,2,0,0.0,0.0,0.0
35,133111.73,1,1,0.0,0.0,0.0
37,98459.6,1,0,1.0,0.0,1.0
21,0.0,1,1,0.0,0.0,1.0
61,133845.28,2,1,1.0,0.0,1.0
44,184552.12,1,0,0.0,1.0,1.0
28,167658.33,2,1,1.0,0.0,1.0
48,81556.89,2,0,1.0,0.0,0.0
37,0.0,2,0,0.0,1.0,0.0
35,130557.24,1,1,0.0,0.0,0.0
33,0.0,2,0,0.0,1.0,1.0
42,0.0,2,0,0.0,0.0,0.0
68,82547.11,2,1,0.0,0.0,1.0
29,0.0,2,1,0.0,0.0,0.0
49,97036.22,2,0,1.0,0.0,1.0
38,153722.47,1,0,0.0,0.0,1.0
39,146186.28,2,1,1.0,0.0,1.0
29,0.0,2,0,0.0,0.0,1.0
48,133994.52,1,1,1.0,0.0,1.0
38,167539.97,1,1,0.0,0.0,0.0
43,0.0,2,1,0.0,0.0,1.0
34,83132.09,1,1,0.0,1.0,1.0
36,0.0,1,1,0.0,1.0,1.0
19,97445.49,2,0,0.0,0.0,0.0
26,174318.13,2,1,0.0,1.0,0.0
44,129608.57,1,0,1.0,0.0,1.0
33,0.0,2,1,0.0,1.0,1.0
33,140931.57,1,1,0.0,0.0,1.0
29,127414.55,1,1,0.0,0.0,1.0
33,160541.36,2,0,0.0,0.0,0.0
37,151218.98,1,1,1.0,0.0,0.0
36,0.0,2,1,0.0,0.0,0.0
48,69329.47,1,0,1.0,0.0,0.0
52,123925.23,1,0,0.0,1.0,1.0
34,117468.67,1,0,0.0,0.0,1.0
39,0.0,2,1,0.0,0.0,1.0
53,144453.75,1,0,0.0,0.0,1.0
55,0.0,3,0,0.0,0.0,0.0
28,143988.0,2,0,1.0,0.0,1.0
29,0.0,2,0,0.0,0.0,1.0
35,86911.8,1,0,0.0,0.0,1.0
41,0.0,2,0,0.0,0.0,1.0
56,119496.25,2,0,0.0,0.0,1.0
39,104502.11,1,0,1.0,0.0,0.0
38,163965.69,2,1,1.0,0.0,1.0
48,127924.25,2,0,1.0,0.0,0.0
25,128509.63,1,0,0.0,1.0,0.0
58,0.0,1,1,0.0,0.0,0.0
32,124493.03,2,1,1.0,0.0,0.0
31,175443.75,1,0,0.0,0.0,0.0
48,123764.95,1,1,0.0,0.0,1.0
35,120046.74,2,0,0.0,1.0,1.0
40,0.0,2,1,0.0,1.0,0.0
27,0.0,1,1,0.0,0.0,0.0
36,104356.94,2,1,1.0,0.0,0.0
53,0.0,2,1,0.0,1.0,1.0
28,0.0,2,1,0.0,0.0,1.0
41,123428.69,1,1,0.0,1.0,1.0
32,0.0,2,1,0.0,0.0,1.0
22,150126.44,1,0,0.0,0.0,0.0
56,123110.9,3,1,0.0,1.0,0.0
78,47536.4,1,1,0.0,0.0,0.0
25,139330.1,1,0,1.0,0.0,1.0
38,110641.18,1,1,0.0,0.0,1.0
50,142644.64,2,1,0.0,1.0,0.0
62,133201.17,1,0,1.0,0.0,0.0
38,177997.07,1,1,0.0,1.0,1.0
40,160625.17,1,1,0.0,1.0,1.0
47,0.0,1,0,0.0,0.0,0.0
39,0.0,2,0,0.0,1.0,0.0
28,118945.09,1,0,0.0,1.0,1.0
42,0.0,1,0,0.0,0.0,1.0
41,0.0,2,1,0.0,0.0,0.0
38,114135.17,1,0,0.0,0.0,1.0
53,94078.97,2,0,1.0,0.0,1.0
41,179915.85,1,0,0.0,1.0,0.0
40,0.0,2,1,0.0,0.0,1.0
36,0.0,2,1,0.0,1.0,1.0
33,68423.89,1,1,0.0,1.0,1.0
24,0.0,2,0,0.0,0.0,0.0
29,131968.57,2,1,1.0,0.0,1.0
40,0.0,2,1,0.0,0.0,1.0
54,68332.96,1,1,0.0,0.0,0.0
36,0.0,2,1,0.0,1.0,0.0
30,0.0,1,1,0.0,0.0,1.0
38,57068.43,2,0,1.0,0.0,0.0
37,150525.8,1,1,0.0,0.0,1.0
31,0.0,2,1,0.0,0.0,1.0
42,156555.54,1,1,0.0,0.0,0.0
27,0.0,1,1,0.0,1.0,1.0
33,118897.1,2,1,1.0,0.0,0.0
45,89158.94,3,0,0.0,1.0,0.0
49,29602.08,1,0,0.0,0.0,0.0
34,126436.29,1,0,0.0,1.0,1.0
42,137560.38,2,1,1.0,0.0,0.0
28,134766.85,1,0,0.0,1.0,1.0
44,100368.63,2,0,1.0,0.0,1.0
30,114027.7,1,1,1.0,0.0,1.0
28,0.0,2,0,0.0,1.0,0.0
34,0.0,1,0,0.0,0.0,0.0
45,63832.43,1,1,1.0,0.0,1.0
32,155584.21,1,1,0.0,0.0,0.0
40,0.0,1,0,0.0,1.0,1.0
26,0.0,2,1,0.0,1.0,0.0
47,0.0,2,1,0.0,1.0,1.0
35,116969.35,1,0,0.0,1.0,1.0
43,78992.75,2,0,1.0,0.0,1.0
38,123711.73,2,0,0.0,0.0,0.0
41,150148.51,1,0,0.0,1.0,1.0
35,86893.28,1,0,0.0,0.0,1.0
36,188241.05,2,0,0.0,1.0,1.0
29,0.0,2,0,0.0,1.0,0.0
53,106261.63,1,0,1.0,0.0,1.0
44,165326.2,1,1,0.0,0.0,1.0
43,166522.78,1,0,1.0,0.0,1.0
28,0.0,2,0,0.0,0.0,0.0
28,0.0,2,0,0.0,0.0,0.0
39,50880.98,2,1,1.0,0.0,1.0
33,154575.76,1,0,0.0,0.0,1.0
37,127103.97,1,1,0.0,0.0,0.0
33,0.0,2,0,0.0,0.0,0.0
65,0.0,2,1,0.0,0.0,0.0
32,123403.85,2,0,1.0,0.0,0.0
38,126444.08,2,1,1.0,0.0,1.0
33,145729.71,1,0,0.0,1.0,1.0
39,167395.6,2,1,1.0,0.0,0.0
22,186788.96,2,0,0.0,0.0,0.0
37,155619.58,1,1,0.0,1.0,0.0
50,121438.58,1,1,1.0,0.0,1.0
22,0.0,2,0,0.0,1.0,1.0
72,0.0,2,1,0.0,1.0,0.0
34,94682.56,2,0,1.0,0.0,1.0
33,138705.02,2,0,0.0,0.0,1.0
42,0.0,2,1,0.0,1.0,1.0
36,135515.76,1,0,0.0,1.0,0.0
31,0.0,1,0,0.0,1.0,1.0
29,87212.8,1,1,1.0,0.0,0.0
27,0.0,2,0,0.0,0.0,0.0
39,82255.51,2,0,0.0,0.0,1.0
41,0.0,2,1,0.0,0.0,1.0
40,109003.26,1,1,1.0,0.0,0.0
33,0.0,2,0,0.0,1.0,0.0
35,152390.26,1,0,0.0,1.0,1.0
38,0.0,1,1,0.0,0.0,0.0
35,80285.16,1,0,0.0,1.0,1.0
71,53013.29,2,1,1.0,0.0,1.0
38,0.0,2,0,0.0,0.0,1.0
38,189443.72,1,1,0.0,0.0,1.0
54,128914.97,1,0,0.0,0.0,1.0
25,82931.85,2,1,0.0,1.0,0.0
37,153195.59,1,1,0.0,0.0,1.0
37,118433.94,1,1,0.0,1.0,1.0
30,191091.74,2,1,0.0,0.0,0.0
42,91611.12,1,0,0.0,1.0,0.0
55,117294.12,4,0,0.0,1.0,0.0
36,95448.32,2,0,1.0,0.0,1.0
64,113109.52,1,0,0.0,0.0,1.0
37,0.0,2,0,0.0,0.0,1.0
32,0.0,2,0,0.0,1.0,0.0
38,128015.83,1,0,1.0,0.0,1.0
41,138014.4,2,0,1.0,0.0,1.0
32,0.0,2,0,0.0,0.0,1.0
28,145118.83,1,1,0.0,1.0,1.0
43,106870.12,2,0,1.0,0.0,0.0
33,73059.38,1,1,0.0,0.0,1.0
39,122501.28,2,1,1.0,0.0,0.0
42,132002.7,1,1,1.0,0.0,0.0
47,116528.15,1,0,0.0,1.0,1.0
32,125540.05,1,0,0.0,0.0,1.0
35,86147.46,2,0,1.0,0.0,0.0
43,184926.61,1,0,0.0,1.0,1.0
46,167795.6,1,1,0.0,0.0,0.0
21,151701.45,3,1,1.0,0.0,0.0
57,0.0,2,1,0.0,0.0,0.0
56,116251.24,1,1,1.0,0.0,0.0
34,0.0,2,1,0.0,0.0,1.0
63,162278.32,1,1,0.0,1.0,0.0
48,139480.18,1,1,1.0,0.0,0.0
43,0.0,2,0,0.0,0.0,0.0
39,0.0,3,0,0.0,0.0,0.0
24,0.0,2,0,0.0,0.0,0.0
32,105397.8,1,0,1.0,0.0,1.0
31,117852.26,2,0,0.0,0.0,0.0
29,88814.4,2,1,0.0,0.0,0.0
27,0.0,3,0,0.0,1.0,1.0
40,141267.67,1,1,0.0,0.0,0.0
43,0.0,1,0,0.0,0.0,0.0
26,89928.99,1,0,0.0,0.0,0.0
32,0.0,3,1,0.0,1.0,1.0
41,130931.83,1,1,0.0,0.0,0.0
53,123835.52,2,1,0.0,0.0,0.0
27,62092.9,1,1,0.0,0.0,1.0
56,168883.08,1,1,0.0,1.0,1.0
27,137275.36,1,1,0.0,1.0,1.0
45,113939.36,2,0,1.0,0.0,1.0
57,0.0,2,1,0.0,1.0,0.0
27,0.0,2,0,0.0,0.0,1.0
41,70349.48,2,1,1.0,0.0,1.0
37,0.0,2,1,0.0,1.0,1.0
26,91547.84,2,1,0.0,0.0,0.0
57,0.0,2,1,0.0,0.0,1.0
39,115730.71,3,1,1.0,0.0,1.0
41,135203.81,2,1,0.0,0.0,0.0
41,107525.07,1,0,0.0,1.0,1.0
34,0.0,2,0,0.0,1.0,0.0
46,183276.32,1,1,0.0,1.0,1.0
41,181461.48,3,1,1.0,0.0,0.0
51,0.0,2,1,0.0,0.0,0.0
31,132862.59,1,0,0.0,1.0,1.0
32,111589.33,1,1,0.0,0.0,1.0
45,0.0,2,0,0.0,0.0,1.0
67,0.0,2,1,0.0,0.0,0.0
34,105057.33,1,0,0.0,0.0,1.0
34,0.0,1,0,0.0,0.0,1.0
35,0.0,2,1,0.0,0.0,0.0
39,131468.44,1,0,0.0,1.0,1.0
33,0.0,2,0,0.0,0.0,1.0
39,79896.0,1,0,1.0,0.0,1.0
25,81732.88,2,0,1.0,0.0,0.0
40,140306.38,1,0,1.0,0.0,0.0
34,117593.48,2,0,0.0,0.0,1.0
38,104339.56,1,0,0.0,0.0,0.0
58,132602.88,1,0,1.0,0.0,1.0
36,116085.06,1,0,0.0,0.0,0.0
29,159035.45,1,0,0.0,1.0,1.0
58,53772.73,1,1,0.0,0.0,0.0
37,152958.29,2,1,1.0,0.0,1.0
44,0.0,1,1,0.0,1.0,0.0
39,0.0,2,1,0.0,1.0,1.0
45,0.0,2,0,0.0,0.0,0.0
50,127552.85,2,0,1.0,0.0,1.0
54,125889.3,3,0,1.0,0.0,0.0
34,132352.69,1,0,0.0,0.0,0.0
35,181821.96,2,1,0.0,0.0,1.0
21,133974.36,2,0,1.0,0.0,1.0
34,61687.33,2,0,0.0,0.0,1.0
39,0.0,2,0,0.0,0.0,1.0
35,0.0,2,0,0.0,0.0,0.0
53,45472.28,1,1,0.0,0.0,0.0
36,115725.24,2,0,1.0,0.0,1.0
49,150777.72,2,1,0.0,1.0,1.0
33,127837.54,1,1,0.0,0.0,0.0
53,117438.17,1,0,1.0,0.0,1.0
32,0.0,1,1,0.0,1.0,0.0
42,147249.29,2,1,0.0,0.0,1.0
40,139290.41,1,0,0.0,0.0,1.0
23,110741.56,1,0,1.0,0.0,0.0
42,120822.86,2,0,1.0,0.0,1.0
34,0.0,1,1,0.0,1.0,1.0
41,84622.13,1,1,1.0,0.0,1.0
22,115743.6,1,0,1.0,0.0,0.0
36,119540.15,1,1,0.0,0.0,0.0
35,155470.55,1,1,0.0,0.0,0.0
40,221532.8,1,0,0.0,1.0,1.0
36,66392.64,1,0,0.0,0.0,0.0
51,58137.08,1,1,0.0,0.0,1.0
24,0.0,2,0,0.0,1.0,1.0
47,118560.0,1,0,0.0,1.0,0.0
48,169023.33,2,1,1.0,0.0,1.0
37,0.0,1,1,0.0,0.0,1.0
35,133489.12,2,1,0.0,0.0,0.0
45,0.0,1,0,0.0,0.0,1.0
40,0.0,2,0,0.0,0.0,1.0
39,97854.37,2,0,0.0,1.0,0.0
36,0.0,1,1,0.0,0.0,1.0
40,143566.12,1,1,0.0,0.0,0.0
47,0.0,1,0,0.0,0.0,1.0
40,0.0,2,0,0.0,0.0,0.0
48,0.0,1,0,0.0,0.0,0.0
40,94773.11,1,0,0.0,0.0,1.0
29,0.0,2,0,0.0,0.0,1.0
37,0.0,2,1,0.0,1.0,1.0
47,136911.07,1,1,1.0,0.0,1.0
52,0.0,2,1,0.0,1.0,1.0
43,0.0,2,1,0.0,0.0,1.0
26,90402.77,1,1,1.0,0.0,1.0
37,98431.37,1,0,0.0,0.0,1.0
43,125338.8,2,0,1.0,0.0,0.0
33,167298.42,1,1,0.0,0.0,0.0
36,0.0,2,0,0.0,0.0,1.0
57,0.0,2,1,0.0,0.0,0.0
31,0.0,2,1,0.0,0.0,1.0
42,99824.45,1,1,0.0,0.0,1.0
42,150507.21,1,1,0.0,0.0,1.0
40,126212.64,1,0,0.0,0.0,1.0
36,0.0,2,0,0.0,1.0,1.0
72,121215.9,2,1,0.0,0.0,0.0
37,0.0,1,0,0.0,1.0,0.0
24,109558.36,1,0,0.0,0.0,1.0
39,75339.64,1,1,0.0,0.0,0.0
46,137933.39,1,1,0.0,1.0,0.0
37,98400.61,2,0,0.0,0.0,1.0
29,0.0,2,0,0.0,0.0,0.0
31,134237.07,1,1,1.0,0.0,1.0
44,108122.39,2,0,1.0,0.0,1.0
41,102768.42,1,0,0.0,0.0,1.0
41,157777.58,1,0,1.0,0.0,1.0
26,120923.52,1,1,0.0,0.0,0.0
36,147733.64,1,1,0.0,0.0,1.0
38,178787.54,1,1,1.0,0.0,1.0
63,129968.67,1,1,0.0,1.0,0.0
37,0.0,1,0,0.0,1.0,1.0
36,154872.08,2,1,0.0,0.0,1.0
33,0.0,2,1,0.0,1.0,0.0
36,114391.62,1,1,1.0,0.0,0.0
39,0.0,2,1,0.0,0.0,0.0
37,140211.88,1,1,0.0,0.0,0.0
33,0.0,2,0,0.0,1.0,1.0
30,0.0,2,1,0.0,0.0,1.0
46,0.0,2,1,0.0,0.0,1.0
32,99883.16,1,1,0.0,1.0,1.0
45,0.0,1,0,0.0,0.0,0.0
28,108116.66,1,1,0.0,0.0,1.0
42,88324.31,2,0,1.0,0.0,0.0
27,87739.08,1,1,0.0,0.0,0.0
33,135310.41,2,1,1.0,0.0,1.0
30,44928.88,1,1,0.0,0.0,1.0
38,0.0,1,0,0.0,0.0,1.0
44,123863.64,1,0,0.0,0.0,1.0
34,127095.14,2,0,0.0,1.0,0.0
40,137430.82,2,0,1.0,0.0,1.0
51,122822.0,2,0,0.0,0.0,0.0
20,83459.86,1,1,0.0,0.0,1.0
39,151553.19,1,1,0.0,0.0,0.0
53,0.0,1,1,0.0,0.0,0.0
29,151352.74,1,0,0.0,0.0,1.0
63,116270.72,1,1,0.0,0.0,0.0
40,148790.61,1,1,0.0,0.0,1.0
27,125547.53,1,0,0.0,0.0,1.0
66,121411.9,1,0,1.0,0.0,1.0
27,117578.35,2,1,1.0,0.0,1.0
34,129433.34,2,0,0.0,0.0,1.0
65,102541.1,1,0,0.0,1.0,0.0
38,82697.28,1,0,0.0,0.0,1.0
31,75499.24,1,0,0.0,0.0,0.0
42,132193.94,2,1,1.0,0.0,1.0
39,127771.35,2,1,0.0,0.0,1.0
36,92140.15,1,1,0.0,1.0,1.0
65,136186.44,1,1,1.0,0.0,1.0
64,69311.16,1,1,0.0,0.0,0.0
41,100520.92,1,1,1.0,0.0,1.0
37,0.0,2,0,0.0,1.0,1.0
29,129177.01,2,1,1.0,0.0,0.0
39,138160.0,1,1,0.0,1.0,1.0
43,136487.86,2,0,0.0,1.0,1.0
24,101195.23,1,0,1.0,0.0,1.0
21,76467.16,1,1,0.0,0.0,1.0
29,0.0,2,0,0.0,0.0,1.0
36,0.0,2,0,0.0,1.0,1.0
45,143734.01,2,1,1.0,0.0,0.0
56,111642.08,1,1,1.0,0.0,0.0
50,0.0,2,0,0.0,0.0,1.0
25,104833.79,1,0,0.0,1.0,0.0
34,116114.93,1,1,0.0,1.0,1.0
46,124547.13,2,0,0.0,0.0,1.0
40,0.0,2,1,0.0,1.0,1.0
34,147833.3,2,1,1.0,0.0,1.0
43,143061.88,1,0,0.0,0.0,0.0
60,78539.84,1,1,1.0,0.0,0.0
30,143964.36,2,0,1.0,0.0,0.0
37,105563.0,1,0,0.0,0.0,1.0
37,115217.99,2,0,1.0,0.0,1.0
66,0.0,2,1,0.0,0.0,1.0
26,0.0,2,1,0.0,0.0,1.0
33,0.0,1,0,0.0,1.0,1.0
34,0.0,2,0,0.0,1.0,1.0
30,0.0,2,1,0.0,0.0,1.0
51,123981.31,2,1,0.0,0.0,0.0
37,134006.39,1,1,0.0,1.0,1.0
35,126803.34,2,1,1.0,0.0,1.0
28,0.0,2,1,0.0,1.0,0.0
38,85626.6,1,1,1.0,0.0,0.0
48,167997.6,1,1,0.0,1.0,1.0
39,0.0,1,1,0.0,1.0,1.0
38,83727.68,1,0,1.0,0.0,0.0
43,147167.25,1,0,0.0,1.0,1.0
41,138306.34,1,0,1.0,0.0,0.0
38,0.0,2,0,0.0,0.0,0.0
32,0.0,2,0,0.0,0.0,1.0
36,148159.71,1,0,0.0,0.0,1.0
42,64404.26,2,0,1.0,0.0,0.0
31,0.0,2,1,0.0,0.0,1.0
32,106957.28,1,1,0.0,1.0,1.0
34,118028.35,1,0,1.0,0.0,1.0
46,0.0,2,0,0.0,0.0,0.0
42,0.0,2,0,0.0,0.0,1.0
47,86006.21,1,1,0.0,1.0,1.0
30,142910.15,1,0,1.0,0.0,1.0
22,0.0,1,1,0.0,1.0,0.0
42,80380.24,1,0,1.0,0.0,0.0
48,128140.17,1,0,1.0,0.0,1.0
39,127278.31,1,1,1.0,0.0,1.0
57,0.0,1,0,0.0,1.0,1.0
62,0.0,2,0,0.0,0.0,1.0
28,0.0,2,1,0.0,0.0,0.0
36,131307.11,1,0,0.0,0.0,1.0
39,0.0,2,0,0.0,1.0,0.0
60,140614.15,1,1,0.0,0.0,1.0
30,85859.76,1,0,0.0,0.0,0.0
36,0.0,2,1,0.0,1.0,1.0
46,0.0,2,0,0.0,1.0,0.0
41,0.0,2,1,0.0,0.0,1.0
31,123212.08,2,1,1.0,0.0,1.0
32,79368.87,2,1,0.0,0.0,0.0
39,0.0,1,0,0.0,1.0,0.0
34,42157.08,1,0,0.0,0.0,0.0
22,0.0,1,1,0.0,1.0,1.0
31,135020.21,2,1,1.0,0.0,0.0
39,0.0,2,0,0.0,1.0,1.0
29,130575.26,1,1,1.0,0.0,1.0
27,77805.66,1,1,0.0,0.0,1.0
36,126195.81,1,1,0.0,0.0,1.0
39,0.0,1,0,0.0,0.0,1.0
36,0.0,2,1,0.0,1.0,0.0
33,149564.61,1,0,1.0,0.0,1.0
30,0.0,2,0,0.0,0.0,0.0
35,166518.63,2,0,1.0,0.0,0.0
39,120193.42,1,0,0.0,1.0,1.0
24,182705.05,1,1,0.0,0.0,1.0
26,51962.91,2,0,0.0,0.0,1.0
37,113308.84,1,1,0.0,0.0,1.0
38,0.0,2,1,0.0,0.0,1.0
40,122295.17,2,1,1.0,0.0,0.0
69,0.0,2,0,0.0,0.0,1.0
49,80816.45,1,1,0.0,1.0,0.0
70,0.0,1,1,0.0,0.0,0.0
34,106434.94,1,1,1.0,0.0,0.0
54,108755.0,1,0,1.0,0.0,0.0
40,156111.08,1,0,0.0,1.0,1.0
29,131959.86,1,0,0.0,0.0,1.0
33,0.0,2,0,0.0,1.0,1.0
39,0.0,1,0,0.0,0.0,0.0
45,109032.23,1,1,1.0,0.0,0.0
38,105271.56,1,1,0.0,0.0,1.0
40,93183.19,1,0,0.0,0.0,1.0
41,0.0,2,1,0.0,0.0,1.0
23,0.0,2,0,0.0,0.0,1.0
44,118569.03,2,0,0.0,0.0,1.0
21,165878.76,2,1,1.0,0.0,0.0
47,140187.1,2,1,1.0,0.0,1.0
40,162485.8,2,0,1.0,0.0,0.0
30,143396.54,2,1,0.0,0.0,1.0
24,101827.07,1,0,0.0,0.0,1.0
49,124829.16,1,1,1.0,0.0,0.0
47,142669.93,2,0,0.0,0.0,1.0
24,0.0,2,1,0.0,1.0,1.0
31,122647.32,1,0,0.0,0.0,1.0
28,103033.83,1,1,1.0,0.0,1.0
37,0.0,2,1,0.0,0.0,1.0
42,161651.37,2,1,0.0,0.0,1.0
38,113599.42,1,0,1.0,0.0,1.0
35,95478.17,1,0,0.0,0.0,1.0
31,0.0,2,1,0.0,0.0,1.0
71,0.0,2,1,0.0,0.0,0.0
41,127913.71,2,1,1.0,0.0,1.0
58,0.0,2,1,0.0,1.0,1.0
47,94722.88,1,1,0.0,0.0,0.0
29,0.0,2,0,0.0,0.0,1.0
29,93833.86,1,1,0.0,1.0,1.0
32,57017.06,2,1,1.0,0.0,1.0
33,174912.72,1,1,0.0,0.0,1.0
37,105617.73,2,1,1.0,0.0,0.0
43,112751.13,1,1,0.0,0.0,1.0
35,166492.48,1,0,0.0,1.0,0.0
42,0.0,2,0,0.0,0.0,1.0
35,74623.5,3,0,0.0,0.0,1.0
29,103417.74,1,1,0.0,0.0,0.0
46,0.0,2,0,0.0,0.0,1.0
55,119618.42,1,1,0.0,1.0,1.0
38,86569.76,2,0,1.0,0.0,0.0
29,132954.64,1,1,0.0,0.0,1.0
27,0.0,2,0,0.0,0.0,1.0
54,0.0,2,1,0.0,0.0,1.0
38,72286.84,2,1,0.0,0.0,1.0
31,117052.82,1,0,1.0,0.0,0.0
43,79974.55,1,1,1.0,0.0,0.0
36,0.0,2,0,0.0,0.0,0.0
36,0.0,2,0,0.0,1.0,0.0
22,111543.26,2,0,1.0,0.0,0.0
31,118899.45,2,0,0.0,1.0,1.0
45,150842.93,1,1,1.0,0.0,0.0
34,91835.16,1,0,0.0,0.0,1.0
39,141789.15,1,0,0.0,1.0,0.0
22,141604.76,1,0,0.0,1.0,0.0
56,110993.79,1,0,1.0,0.0,1.0
30,72392.41,1,0,1.0,0.0,0.0
38,0.0,2,0,0.0,0.0,1.0
44,112610.77,1,1,0.0,0.0,1.0
29,0.0,1,0,0.0,0.0,1.0
39,0.0,2,0,0.0,0.0,1.0
57,119035.35,2,1,0.0,1.0,0.0
27,94667.29,2,1,1.0,0.0,1.0
36,166939.88,1,1,0.0,0.0,0.0
35,105346.03,2,1,1.0,0.0,1.0
29,118560.55,1,1,0.0,0.0,0.0
45,81828.22,1,0,0.0,0.0,0.0
35,0.0,2,1,0.0,0.0,1.0
47,89047.14,1,0,0.0,1.0,1.0
38,0.0,1,1,0.0,0.0,1.0
24,0.0,2,0,0.0,1.0,1.0
40,114005.78,1,1,0.0,0.0,1.0
23,146584.19,2,0,0.0,1.0,0.0
20,124365.42,1,0,1.0,0.0,1.0
32,0.0,2,0,0.0,0.0,0.0
54,0.0,1,0,0.0,0.0,1.0
37,108432.88,2,1,1.0,0.0,1.0
33,104552.72,1,1,1.0,0.0,0.0
32,0.0,2,0,0.0,0.0,0.0
41,109941.51,1,0,0.0,0.0,0.0
54,131039.97,2,1,1.0,0.0,0.0
39,80293.81,1,0,0.0,0.0,0.0
24,107418.27,1,1,1.0,0.0,1.0
55,0.0,1,0,0.0,1.0,0.0
51,0.0,2,0,0.0,1.0,0.0
38,0.0,2,1,0.0,1.0,0.0
23,187861.18,2,1,1.0,0.0,1.0
40,0.0,1,0,0.0,1.0,1.0
35,0.0,2,0,0.0,0.0,0.0
42,139070.51,1,1,0.0,1.0,1.0
38,0.0,1,0,0.0,0.0,1.0
38,198338.77,2,1,0.0,0.0,1.0
51,136294.97,1,0,0.0,0.0,0.0
32,110559.46,1,1,0.0,0.0,0.0
36,0.0,2,1,0.0,0.0,1.0
32,100433.8,1,1,0.0,1.0,1.0
43,0.0,1,1,0.0,0.0,0.0
66,132044.6,2,1,0.0,1.0,1.0
28,69459.05,2,1,1.0,0.0,1.0
22,93547.23,2,1,1.0,0.0,1.0
32,197436.82,1,1,0.0,1.0,1.0
38,0.0,2,1,0.0,1.0,0.0
25,0.0,2,0,0.0,1.0,1.0
40,138033.55,1,1,0.0,0.0,1.0
32,99462.8,2,1,1.0,0.0,1.0
37,0.0,2,1,0.0,0.0,0.0
32,68138.37,1,1,0.0,1.0,0.0
39,62052.28,1,1,0.0,1.0,0.0
46,142360.62,2,0,1.0,0.0,1.0
42,159660.8,3,0,0.0,0.0,0.0
52,0.0,2,1,0.0,1.0,0.0
29,86616.35,1,0,0.0,0.0,0.0
28,124511.01,1,0,1.0,0.0,0.0
32,80262.66,1,0,1.0,0.0,1.0
43,122717.53,2,1,1.0,0.0,0.0
48,118207.69,2,0,0.0,1.0,0.0
40,0.0,2,1,0.0,1.0,1.0
40,0.0,2,1,0.0,0.0,0.0
35,124268.64,2,1,0.0,1.0,1.0
57,162082.31,4,0,1.0,0.0,0.0
29,179539.2,1,0,0.0,0.0,1.0
55,0.0,1,1,0.0,1.0,1.0
44,118715.86,1,0,1.0,0.0,0.0
35,144037.6,1,0,1.0,0.0,1.0
32,96408.98,1,1,1.0,0.0,0.0
45,152367.21,3,0,1.0,0.0,0.0
41,0.0,2,0,0.0,1.0,1.0
46,131414.76,1,0,0.0,1.0,0.0
53,111061.01,2,0,0.0,1.0,1.0
23,184244.86,1,0,1.0,0.0,1.0
41,82596.8,1,1,0.0,0.0,0.0
42,103210.27,1,0,0.0,1.0,0.0
30,143340.44,1,0,1.0,0.0,0.0
29,115046.74,4,0,1.0,0.0,0.0
55,136354.16,1,1,0.0,0.0,0.0
37,153147.75,1,1,0.0,0.0,0.0
29,133434.57,2,0,0.0,1.0,1.0
39,0.0,2,0,0.0,0.0,1.0
39,0.0,2,0,0.0,0.0,1.0
35,0.0,1,1,0.0,0.0,0.0
41,153238.88,1,0,0.0,0.0,1.0
37,122689.51,2,0,0.0,0.0,1.0
38,103895.31,1,1,0.0,1.0,0.0
34,101861.36,2,0,1.0,0.0,0.0
33,0.0,2,1,0.0,0.0,0.0
35,97585.32,2,0,0.0,1.0,1.0
47,137138.2,2,1,1.0,0.0,0.0
46,66582.81,1,0,0.0,1.0,0.0
50,201009.64,1,0,0.0,0.0,1.0
43,172196.23,1,1,0.0,1.0,1.0
38,65942.26,1,1,0.0,0.0,1.0
32,127785.17,4,0,0.0,0.0,1.0
64,81564.1,2,1,0.0,0.0,1.0
31,125837.86,2,0,1.0,0.0,0.0
48,122388.38,2,0,1.0,0.0,0.0
56,156974.26,1,0,0.0,0.0,0.0
33,81677.22,2,0,1.0,0.0,1.0
30,0.0,2,0,0.0,1.0,0.0
31,166833.86,2,1,0.0,1.0,1.0
30,0.0,2,1,0.0,0.0,1.0
34,171671.9,1,1,0.0,1.0,0.0
32,0.0,1,0,0.0,1.0,0.0
32,127772.1,2,1,1.0,0.0,0.0
49,88826.07,1,1,1.0,0.0,0.0
30,0.0,2,0,0.0,0.0,1.0
38,142316.14,1,1,1.0,0.0,1.0
36,126598.99,2,1,0.0,0.0,0.0
56,104217.3,1,0,1.0,0.0,1.0
73,108555.07,1,1,0.0,1.0,1.0
30,115479.48,2,1,1.0,0.0,1.0
37,0.0,2,0,0.0,0.0,1.0
66,0.0,2,1,0.0,0.0,0.0
38,59360.77,1,1,0.0,0.0,1.0
37,88141.1,1,0,0.0,1.0,1.0
38,124483.53,1,0,0.0,1.0,1.0
37,0.0,2,0,0.0,0.0,0.0
37,170557.91,2,0,0.0,0.0,1.0
30,89571.59,1,1,0.0,0.0,0.0
42,165679.92,1,0,0.0,0.0,0.0
37,116465.53,1,1,0.0,0.0,0.0
49,111634.29,2,1,0.0,0.0,1.0
40,0.0,1,1,0.0,0.0,0.0
41,81877.38,1,1,1.0,0.0,0.0
40,124401.6,1,0,1.0,0.0,0.0
32,97041.16,1,1,0.0,0.0,1.0
33,137811.75,1,1,0.0,0.0,0.0
43,95140.44,2,0,0.0,1.0,0.0
32,0.0,2,1,0.0,0.0,0.0
35,153137.74,1,0,0.0,1.0,1.0
18,93816.7,2,0,1.0,0.0,0.0
59,122661.39,1,1,0.0,1.0,0.0
37,103195.2,2,0,0.0,1.0,1.0
30,136650.89,1,1,1.0,0.0,0.0
42,126041.02,1,1,1.0,0.0,1.0
46,113909.69,3,0,1.0,0.0,0.0
31,186796.37,1,0,0.0,0.0,0.0
41,150219.41,2,0,0.0,0.0,0.0
38,0.0,2,0,0.0,0.0,1.0
25,0.0,2,1,0.0,0.0,1.0
42,115930.87,1,0,1.0,0.0,1.0
40,111524.49,1,1,1.0,0.0,0.0
25,136202.78,1,0,1.0,0.0,1.0
29,0.0,2,1,0.0,0.0,0.0
28,0.0,2,0,0.0,0.0,0.0
23,186101.18,2,1,1.0,0.0,1.0
29,138577.34,1,0,1.0,0.0,0.0
37,0.0,2,0,0.0,0.0,0.0
54,0.0,1,1,0.0,1.0,1.0
35,0.0,2,1,0.0,1.0,0.0
66,0.0,2,1,0.0,1.0,1.0
38,80293.98,1,0,0.0,0.0,1.0
38,0.0,1,1,0.0,1.0,1.0
43,0.0,1,1,0.0,1.0,0.0
30,133844.22,1,1,0.0,0.0,1.0
41,144260.5,1,0,0.0,0.0,0.0
31,0.0,2,0,0.0,1.0,0.0
32,144581.96,1,1,0.0,0.0,0.0
35,117707.18,2,0,0.0,0.0,0.0
32,0.0,2,0,0.0,0.0,1.0
21,82844.33,2,1,0.0,0.0,0.0
36,114435.47,1,0,0.0,0.0,1.0
36,85311.7,1,1,0.0,0.0,1.0
30,0.0,2,0,0.0,0.0,0.0
34,168094.01,1,0,0.0,1.0,1.0
26,146286.22,1,0,0.0,0.0,0.0
55,131778.66,1,1,1.0,0.0,0.0
34,63095.01,1,1,0.0,0.0,0.0
81,0.0,2,1,0.0,0.0,1.0
38,98205.77,1,0,1.0,0.0,1.0
33,141918.09,2,1,1.0,0.0,1.0
45,0.0,1,0,0.0,1.0,0.0
40,99282.63,1,0,1.0,0.0,1.0
32,132187.73,2,1,0.0,1.0,1.0
30,0.0,1,0,0.0,0.0,0.0
36,112518.71,2,1,0.0,0.0,0.0
30,158584.82,3,0,0.0,0.0,0.0
45,0.0,1,0,0.0,1.0,0.0
48,0.0,2,1,0.0,0.0,0.0
39,141829.67,1,1,0.0,1.0,1.0
31,106596.29,1,0,0.0,0.0,0.0
36,0.0,1,0,0.0,1.0,1.0
28,0.0,1,1,0.0,0.0,0.0
33,0.0,2,0,0.0,0.0,0.0
35,0.0,2,0,0.0,1.0,1.0
37,127480.58,2,0,1.0,0.0,0.0
51,0.0,1,0,0.0,0.0,1.0
47,71026.77,1,0,0.0,0.0,1.0
49,0.0,3,1,0.0,0.0,0.0
28,0.0,2,0,0.0,0.0,1.0
34,105588.66,1,1,0.0,0.0,0.0
39,0.0,1,1,0.0,0.0,0.0
28,0.0,2,0,0.0,0.0,0.0
42,106920.91,1,1,0.0,1.0,1.0
33,131647.01,2,0,1.0,0.0,0.0
60,124447.73,1,1,0.0,1.0,1.0
58,92930.92,1,1,0.0,1.0,1.0
41,57745.76,1,0,1.0,0.0,0.0
34,144318.97,1,0,0.0,0.0,1.0
36,0.0,1,1,0.0,0.0,0.0
43,102365.49,1,0,1.0,0.0,0.0
31,67238.98,2,1,1.0,0.0,0.0
36,0.0,2,1,0.0,1.0,1.0
48,129250.0,2,1,1.0,0.0,1.0
28,0.0,1,0,0.0,1.0,0.0
52,144772.69,1,0,0.0,1.0,0.0
48,115713.84,2,0,0.0,0.0,0.0
37,185063.7,2,1,0.0,0.0,1.0
29,0.0,2,0,0.0,0.0,0.0
29,0.0,2,0,0.0,1.0,0.0
51,132508.3,1,1,1.0,0.0,0.0
48,0.0,2,1,0.0,1.0,0.0
32,122889.88,1,1,0.0,0.0,1.0
29,0.0,2,1,0.0,0.0,1.0
33,0.0,2,1,0.0,0.0,0.0
53,0.0,1,0,0.0,0.0,0.0
20,119714.25,2,1,1.0,0.0,1.0
29,77919.78,1,0,0.0,1.0,0.0
36,68806.84,1,0,1.0,0.0,0.0
33,0.0,2,0,0.0,0.0,0.0
79,61811.23,1,1,0.0,0.0,1.0
33,0.0,2,0,0.0,0.0,0.0
43,76408.85,2,0,0.0,0.0,1.0
40,130334.35,2,1,0.0,1.0,0.0
46,107362.8,1,0,1.0,0.0,0.0
43,81844.91,2,1,1.0,0.0,1.0
37,105489.31,1,0,1.0,0.0,0.0
34,147487.23,2,0,1.0,0.0,1.0
32,158537.42,1,0,0.0,1.0,1.0
23,0.0,1,0,0.0,0.0,1.0
35,95772.97,1,1,0.0,1.0,1.0
46,161806.09,1,1,1.0,0.0,0.0
42,100047.33,1,0,1.0,0.0,1.0
38,137657.71,2,0,1.0,0.0,0.0
31,121237.65,1,1,0.0,1.0,0.0
46,0.0,3,1,0.0,1.0,0.0
42,147531.82,1,1,0.0,0.0,0.0
40,133871.05,1,1,0.0,0.0,0.0
21,125712.2,1,0,0.0,0.0,0.0
32,104857.19,2,0,1.0,0.0,0.0
46,0.0,2,1,0.0,0.0,1.0
29,0.0,2,0,0.0,0.0,1.0
39,154439.86,1,0,1.0,0.0,1.0
41,0.0,2,0,0.0,0.0,0.0
35,112668.7,1,1,0.0,0.0,0.0
33,150412.14,2,0,1.0,0.0,0.0
56,0.0,2,1,0.0,1.0,1.0
35,0.0,1,1,0.0,0.0,0.0
53,134729.99,2,1,1.0,0.0,1.0
28,124923.35,2,1,1.0,0.0,0.0
43,141859.12,2,1,1.0,0.0,1.0
28,0.0,2,1,0.0,0.0,0.0
28,0.0,2,0,0.0,0.0,0.0
44,0.0,2,1,0.0,0.0,1.0
25,153611.83,2,0,1.0,0.0,1.0
31,130240.33,1,0,1.0,0.0,1.0
36,143644.16,1,0,1.0,0.0,0.0
26,0.0,2,1,0.0,0.0,0.0
41,115465.28,1,0,0.0,0.0,0.0
46,98752.51,1,0,0.0,0.0,0.0
30,132351.29,2,1,1.0,0.0,0.0
48,129120.64,1,1,0.0,1.0,0.0
29,103607.24,2,1,1.0,0.0,1.0
41,0.0,2,1,0.0,0.0,0.0
39,107042.74,1,1,0.0,1.0,1.0
27,0.0,2,0,0.0,0.0,0.0
49,82321.88,1,1,0.0,1.0,0.0
48,126111.61,1,1,1.0,0.0,1.0
56,139603.22,1,1,1.0,0.0,0.0
30,0.0,2,1,0.0,0.0,1.0
57,0.0,3,0,0.0,1.0,0.0
57,0.0,3,0,0.0,1.0,0.0
38,125877.65,2,1,0.0,0.0,0.0
31,155271.83,1,1,0.0,0.0,1.0
47,0.0,2,1,0.0,0.0,1.0
26,114035.39,1,0,1.0,0.0,0.0
30,114835.43,1,1,0.0,0.0,1.0
67,0.0,2,1,0.0,1.0,1.0
37,0.0,1,1,0.0,0.0,1.0
35,40169.88,2,1,0.0,1.0,0.0
51,117808.74,2,1,1.0,0.0,1.0
36,148795.17,2,1,0.0,0.0,1.0
33,113913.53,1,1,0.0,0.0,0.0
27,125406.58,1,1,0.0,0.0,0.0
27,166527.88,2,1,1.0,0.0,1.0
36,0.0,2,1,0.0,0.0,1.0
59,166968.28,1,0,0.0,0.0,0.0
54,99774.5,1,0,1.0,0.0,1.0
41,0.0,2,1,0.0,0.0,1.0
31,0.0,2,1,0.0,1.0,0.0
50,0.0,3,1,0.0,0.0,1.0
28,149594.02,2,0,0.0,1.0,1.0
44,0.0,2,0,0.0,0.0,0.0
47,0.0,2,1,0.0,0.0,1.0
43,134022.06,1,0,0.0,0.0,0.0
40,0.0,2,0,0.0,1.0,1.0
34,0.0,1,1,0.0,1.0,1.0
67,123276.69,2,1,1.0,0.0,1.0
58,0.0,2,0,0.0,1.0,0.0
54,126113.28,1,0,0.0,0.0,1.0
19,0.0,1,1,0.0,0.0,1.0
29,133702.89,1,0,0.0,1.0,1.0
47,142643.54,1,0,0.0,1.0,1.0
40,0.0,2,0,0.0,0.0,0.0
36,0.0,2,0,0.0,1.0,1.0
33,127305.5,1,1,0.0,0.0,0.0
60,96956.1,1,0,0.0,0.0,0.0
44,0.0,2,0,0.0,1.0,1.0
45,0.0,2,1,0.0,0.0,0.0
26,72835.56,2,0,1.0,0.0,0.0
59,0.0,1,1,0.0,1.0,0.0
34,164757.56,1,0,0.0,0.0,0.0
40,103499.09,2,0,1.0,0.0,0.0
57,175575.95,2,0,0.0,1.0,0.0
46,106344.95,1,0,1.0,0.0,1.0
43,0.0,2,1,0.0,1.0,1.0
71,0.0,2,1,0.0,0.0,0.0
38,0.0,2,0,0.0,1.0,1.0
31,0.0,2,1,0.0,0.0,1.0
34,0.0,2,0,0.0,1.0,0.0
36,128960.21,2,1,1.0,0.0,1.0
38,69434.4,2,1,0.0,1.0,1.0
53,0.0,2,1,0.0,0.0,0.0
46,91897.8,1,0,0.0,1.0,1.0
35,92474.05,1,0,0.0,0.0,1.0
70,0.0,2,0,0.0,1.0,1.0
46,0.0,1,0,0.0,0.0,0.0
42,192390.52,2,0,1.0,0.0,0.0
47,0.0,2,1,0.0,1.0,0.0
34,131283.11,1,0,0.0,0.0,0.0
38,111484.88,1,1,0.0,1.0,1.0
27,0.0,3,1,0.0,1.0,1.0
40,0.0,2,1,0.0,1.0,1.0
31,0.0,2,0,0.0,0.0,1.0
29,0.0,2,0,0.0,1.0,1.0
18,132694.73,1,0,1.0,0.0,1.0
59,129321.44,1,1,0.0,1.0,1.0
62,148214.36,1,0,1.0,0.0,0.0
35,0.0,2,0,0.0,1.0,1.0
44,116822.7,1,0,1.0,0.0,1.0
65,134714.7,2,1,0.0,1.0,1.0
28,0.0,1,0,0.0,0.0,0.0
48,0.0,1,0,0.0,0.0,0.0
45,133618.01,1,0,0.0,1.0,1.0
60,76705.87,2,1,0.0,0.0,1.0
34,136729.51,2,0,1.0,0.0,0.0
31,0.0,2,1,0.0,0.0,0.0
31,134644.19,1,1,1.0,0.0,1.0
38,112281.7,1,1,1.0,0.0,1.0
34,0.0,2,0,0.0,1.0,0.0
43,128284.45,1,0,0.0,0.0,1.0
51,122874.74,1,1,0.0,1.0,1.0
24,0.0,2,1,0.0,0.0,0.0
43,145860.98,1,1,0.0,0.0,0.0
52,79468.96,1,1,0.0,0.0,0.0
31,0.0,2,0,0.0,0.0,1.0
56,94231.13,1,0,0.0,1.0,1.0
37,0.0,2,0,0.0,0.0,1.0
31,105864.6,2,0,1.0,0.0,0.0
40,101514.89,1,1,0.0,0.0,1.0
41,0.0,2,0,0.0,0.0,1.0
25,160599.06,2,1,0.0,1.0,1.0
44,96418.09,1,0,0.0,0.0,0.0
20,80569.73,1,0,0.0,0.0,1.0
35,138782.76,1,1,1.0,0.0,1.0
39,94968.97,1,0,0.0,0.0,0.0
42,77002.2,2,1,0.0,0.0,1.0
72,0.0,2,1,0.0,0.0,1.0
65,92113.61,1,1,0.0,0.0,1.0
40,0.0,2,1,0.0,0.0,1.0
30,135370.12,1,1,0.0,1.0,1.0
45,122793.96,1,1,1.0,0.0,0.0
36,169831.46,2,1,1.0,0.0,0.0
37,0.0,3,0,0.0,0.0,0.0
44,0.0,2,1,0.0,0.0,1.0
18,0.0,2,1,0.0,0.0,1.0
40,0.0,2,0,0.0,0.0,1.0
23,115563.71,1,1,1.0,0.0,1.0
28,141038.57,2,0,0.0,1.0,1.0
39,0.0,2,1,0.0,1.0,1.0
36,72373.62,2,0,1.0,0.0,1.0
58,151933.63,1,0,0.0,0.0,1.0
51,148074.79,1,0,1.0,0.0,0.0
40,117304.29,1,0,1.0,0.0,0.0
30,141581.08,1,0,0.0,0.0,0.0
25,0.0,2,1,0.0,1.0,1.0
35,136857.0,1,0,1.0,0.0,1.0
41,0.0,2,0,0.0,0.0,0.0
38,138515.02,1,1,1.0,0.0,1.0
36,0.0,2,0,0.0,1.0,1.0
36,0.0,2,0,0.0,0.0,0.0
32,125445.04,2,1,1.0,0.0,0.0
34,87967.42,2,1,1.0,0.0,1.0
59,121669.93,2,0,1.0,0.0,0.0
38,146282.79,2,0,0.0,1.0,1.0
33,0.0,2,1,0.0,1.0,1.0
62,137727.34,2,1,1.0,0.0,0.0
39,0.0,1,1,0.0,1.0,1.0
38,81550.94,2,1,0.0,0.0,0.0
34,101266.51,1,0,0.0,0.0,0.0
33,129731.64,2,0,0.0,0.0,0.0
49,129164.88,1,1,1.0,0.0,1.0
35,0.0,1,1,0.0,0.0,1.0
24,95675.62,2,0,1.0,0.0,0.0
40,0.0,2,1,0.0,1.0,0.0
38,87202.38,1,1,0.0,1.0,1.0
20,125023.1,2,1,0.0,0.0,1.0
41,120549.29,2,0,0.0,0.0,0.0
31,84102.11,2,1,0.0,0.0,0.0
25,0.0,2,0,0.0,0.0,1.0
32,175406.13,2,1,0.0,1.0,0.0
40,0.0,2,1,0.0,0.0,0.0
39,92636.96,2,1,0.0,1.0,0.0
35,141665.63,1,1,1.0,0.0,0.0
33,130862.43,1,1,1.0,0.0,0.0
52,133723.43,1,0,1.0,0.0,0.0
34,68999.66,2,1,0.0,0.0,0.0
35,95853.39,2,0,1.0,0.0,1.0
41,152243.57,1,1,0.0,0.0,0.0
31,138008.06,2,0,1.0,0.0,1.0
38,128289.7,3,0,0.0,0.0,1.0
29,0.0,2,0,0.0,1.0,0.0
43,0.0,2,1,0.0,0.0,0.0
40,0.0,1,1,0.0,0.0,0.0
26,121581.56,2,1,1.0,0.0,1.0
33,101084.36,1,0,1.0,0.0,0.0
33,0.0,2,1,0.0,1.0,1.0
50,0.0,2,1,0.0,1.0,1.0
36,0.0,2,0,0.0,0.0,1.0
40,0.0,2,0,0.0,0.0,0.0
35,0.0,2,1,0.0,0.0,0.0
42,0.0,2,1,0.0,0.0,1.0
52,140900.97,1,1,0.0,0.0,0.0
63,0.0,2,1,0.0,0.0,0.0
34,0.0,2,1,0.0,1.0,1.0
35,0.0,2,1,0.0,0.0,0.0
41,0.0,1,1,0.0,0.0,0.0
39,0.0,2,0,0.0,0.0,0.0
35,0.0,2,1,0.0,1.0,1.0
39,0.0,2,0,0.0,0.0,1.0
24,57929.81,2,0,1.0,0.0,1.0
64,91869.69,1,1,1.0,0.0,1.0
34,0.0,2,0,0.0,0.0,0.0
55,133295.98,1,0,0.0,1.0,0.0
32,0.0,2,0,0.0,1.0,0.0
39,146200.01,1,0,0.0,0.0,1.0
45,0.0,2,0,0.0,0.0,0.0
24,0.0,2,0,0.0,1.0,1.0
46,0.0,2,1,0.0,0.0,0.0
49,66079.45,2,0,0.0,1.0,0.0
31,0.0,2,1,0.0,0.0,1.0
42,0.0,2,1,0.0,0.0,0.0
31,124593.23,1,0,1.0,0.0,1.0
38,70362.52,2,1,1.0,0.0,1.0
43,98807.45,1,0,1.0,0.0,0.0
31,79589.43,1,0,0.0,0.0,0.0
40,152092.44,2,1,1.0,0.0,1.0
30,0.0,2,0,0.0,0.0,1.0
33,153663.27,1,0,1.0,0.0,1.0
33,0.0,1,1,0.0,0.0,0.0
34,146422.22,1,0,1.0,0.0,1.0
36,0.0,1,0,0.0,1.0,0.0
40,203715.15,1,0,0.0,1.0,0.0
30,87609.68,2,0,0.0,1.0,1.0
21,113157.22,1,1,0.0,1.0,0.0
44,160838.13,2,0,1.0,0.0,1.0
26,0.0,2,0,0.0,1.0,0.0
34,122726.56,1,1,1.0,0.0,1.0
28,145605.44,1,1,1.0,0.0,1.0
70,94416.78,1,1,0.0,0.0,1.0
21,0.0,2,0,0.0,0.0,0.0
37,0.0,2,1,0.0,0.0,0.0
28,0.0,2,1,0.0,1.0,0.0
57,0.0,1,1,0.0,1.0,1.0
32,116968.91,1,0,1.0,0.0,0.0
37,151242.48,1,1,1.0,0.0,0.0
41,98635.77,1,0,1.0,0.0,0.0
39,0.0,2,1,0.0,1.0,1.0
42,146766.72,2,1,0.0,0.0,1.0
42,115961.58,2,1,0.0,0.0,0.0
35,211774.31,1,0,0.0,0.0,0.0
40,110054.45,1,1,0.0,0.0,0.0
74,106545.53,1,1,1.0,0.0,1.0
72,160541.0,2,1,0.0,0.0,1.0
35,59408.63,1,0,0.0,1.0,1.0
39,0.0,2,1,0.0,1.0,1.0
43,152341.55,1,0,0.0,0.0,0.0
29,0.0,2,0,0.0,0.0,1.0
58,72309.3,1,1,1.0,0.0,1.0
33,0.0,2,0,0.0,0.0,1.0
48,119769.77,1,1,0.0,0.0,0.0
30,114779.35,1,0,0.0,0.0,1.0
35,100107.99,1,0,0.0,0.0,1.0
28,0.0,2,0,0.0,1.0,1.0
42,0.0,3,1,0.0,1.0,0.0
38,0.0,2,1,0.0,1.0,1.0
29,0.0,2,0,0.0,0.0,1.0
28,141792.61,1,1,0.0,0.0,0.0
32,0.0,2,1,0.0,0.0,1.0
36,146053.66,1,1,0.0,0.0,0.0
37,0.0,2,0,0.0,1.0,1.0
68,153545.11,1,1,1.0,0.0,1.0
27,0.0,2,1,0.0,0.0,0.0
32,121240.76,1,0,0.0,0.0,1.0
70,148745.92,2,1,1.0,0.0,1.0
40,0.0,1,0,0.0,0.0,1.0
35,105387.89,1,1,0.0,0.0,1.0
43,103960.38,1,1,0.0,1.0,0.0
55,98710.89,1,1,1.0,0.0,1.0
38,109869.32,1,1,0.0,1.0,1.0
44,113755.78,2,0,0.0,1.0,1.0
50,78737.61,1,1,0.0,1.0,1.0
26,0.0,2,0,0.0,0.0,0.0
72,98903.06,1,1,0.0,1.0,1.0
33,134348.57,1,0,0.0,0.0,0.0
41,0.0,1,0,0.0,0.0,0.0
40,113228.38,2,1,1.0,0.0,1.0
33,0.0,2,0,0.0,0.0,0.0
38,0.0,2,0,0.0,0.0,0.0
31,127237.25,2,1,1.0,0.0,1.0
38,122334.26,2,1,0.0,0.0,1.0
53,0.0,1,0,0.0,1.0,0.0
26,142721.52,1,1,1.0,0.0,1.0
25,0.0,2,1,0.0,0.0,1.0
34,162691.16,2,0,1.0,0.0,1.0
54,92316.31,2,0,0.0,1.0,0.0
40,166776.6,2,1,1.0,0.0,1.0
46,0.0,1,0,0.0,0.0,0.0
40,95001.33,1,1,1.0,0.0,1.0
47,0.0,1,0,0.0,0.0,0.0
59,0.0,2,0,0.0,0.0,1.0
61,97361.66,1,1,1.0,0.0,0.0
34,0.0,2,0,0.0,0.0,1.0
52,0.0,3,1,0.0,0.0,1.0
45,142765.24,2,0,1.0,0.0,0.0
74,186445.31,2,1,1.0,0.0,0.0
30,0.0,3,0,0.0,1.0,1.0
31,0.0,1,1,0.0,0.0,1.0
45,187841.99,2,1,0.0,0.0,0.0
37,0.0,1,0,0.0,0.0,1.0
21,125682.79,1,0,0.0,0.0,0.0
35,118273.83,1,1,0.0,0.0,0.0
35,129490.36,2,1,0.0,1.0,0.0
41,139706.31,1,0,1.0,0.0,1.0
47,0.0,2,1,0.0,0.0,0.0
35,121309.17,2,1,1.0,0.0,1.0
26,74681.9,2,0,0.0,0.0,1.0
38,130878.75,3,0,1.0,0.0,0.0
34,0.0,2,0,0.0,0.0,1.0
43,0.0,2,1,0.0,0.0,0.0
53,127642.44,1,0,0.0,0.0,0.0
26,180530.51,1,0,0.0,0.0,0.0
51,109799.55,2,1,0.0,1.0,1.0
26,155739.76,1,0,0.0,0.0,1.0
44,0.0,2,1,0.0,0.0,0.0
27,0.0,2,0,0.0,0.0,1.0
34,67816.72,1,1,0.0,0.0,0.0
40,125832.2,1,1,0.0,0.0,1.0
29,0.0,2,0,0.0,0.0,0.0
38,144450.58,1,1,0.0,0.0,1.0
39,152182.83,1,0,1.0,0.0,1.0
71,0.0,2,1,0.0,1.0,0.0
37,101470.29,1,1,0.0,1.0,1.0
28,0.0,2,1,0.0,0.0,1.0
35,0.0,2,0,0.0,0.0,1.0
34,0.0,2,0,0.0,1.0,1.0
29,112564.62,1,0,0.0,0.0,0.0
42,166031.45,1,0,1.0,0.0,0.0
66,103291.25,2,1,1.0,0.0,1.0
39,95161.75,1,0,0.0,1.0,1.0
36,91760.11,1,1,0.0,1.0,0.0
26,56738.47,2,1,0.0,0.0,1.0
28,0.0,2,0,0.0,0.0,0.0
35,0.0,2,1,0.0,0.0,0.0
42,133636.16,1,1,1.0,0.0,0.0
41,89015.61,1,1,0.0,1.0,1.0
37,0.0,2,1,0.0,1.0,1.0
29,0.0,1,0,0.0,0.0,1.0
39,150500.64,1,0,0.0,0.0,0.0
25,157780.84,2,1,1.0,0.0,0.0
22,130056.23,1,0,0.0,0.0,1.0
36,121542.57,2,1,0.0,1.0,0.0
36,0.0,2,0,0.0,1.0,1.0
29,59385.98,2,1,1.0,0.0,1.0
29,148051.52,1,0,1.0,0.0,0.0
40,76914.21,1,0,0.0,0.0,1.0
30,0.0,1,0,0.0,0.0,0.0
36,0.0,2,0,0.0,0.0,1.0
33,190566.65,1,1,0.0,0.0,0.0
25,78247.31,2,1,0.0,0.0,1.0
45,97652.96,1,0,1.0,0.0,0.0
42,0.0,1,0,0.0,0.0,1.0
28,0.0,2,1,0.0,1.0,0.0
53,102520.37,1,1,0.0,0.0,1.0
52,65971.61,2,0,0.0,0.0,0.0
41,138878.81,1,1,1.0,0.0,0.0
48,75990.97,1,0,0.0,1.0,0.0
35,98556.89,2,0,1.0,0.0,1.0
28,90371.09,1,1,1.0,0.0,0.0
42,75681.52,1,1,1.0,0.0,1.0
52,121016.23,1,1,1.0,0.0,1.0
31,128663.81,2,0,1.0,0.0,0.0
36,0.0,2,1,0.0,0.0,1.0
40,0.0,2,0,0.0,0.0,0.0
56,169743.83,1,0,1.0,0.0,1.0
34,0.0,2,1,0.0,0.0,1.0
51,117306.69,4,1,1.0,0.0,0.0
41,0.0,1,0,0.0,1.0,1.0
41,0.0,2,1,0.0,1.0,0.0
54,108185.81,2,0,0.0,1.0,1.0
65,106804.26,3,0,0.0,0.0,0.0
43,0.0,2,0,0.0,1.0,0.0
35,113948.58,1,0,1.0,0.0,1.0
36,0.0,1,0,0.0,0.0,1.0
54,95507.12,1,1,0.0,0.0,0.0
34,117451.47,1,0,0.0,1.0,0.0
45,0.0,1,1,0.0,0.0,0.0
30,107879.04,1,1,0.0,0.0,0.0
43,165048.5,3,0,1.0,0.0,1.0
34,0.0,2,1,0.0,1.0,1.0
30,0.0,2,0,0.0,1.0,0.0
34,107980.37,1,1,0.0,1.0,0.0
33,0.0,2,1,0.0,0.0,0.0
31,152622.34,1,0,1.0,0.0,0.0
34,0.0,2,0,0.0,0.0,1.0
33,144427.96,2,0,0.0,0.0,1.0
37,129312.79,1,1,0.0,1.0,1.0
45,0.0,2,0,0.0,0.0,0.0
39,0.0,2,1,0.0,1.0,1.0
35,0.0,2,0,0.0,1.0,0.0
57,145965.33,1,1,0.0,1.0,0.0
41,0.0,2,1,0.0,0.0,1.0
38,181110.13,2,0,0.0,1.0,1.0
34,127900.03,1,0,0.0,0.0,1.0
30,103804.97,1,1,0.0,0.0,1.0
39,135096.77,1,1,0.0,0.0,1.0
33,183768.47,1,0,0.0,0.0,1.0
27,0.0,1,0,0.0,0.0,1.0
32,0.0,2,0,0.0,0.0,1.0
29,71996.29,1,1,0.0,0.0,0.0
18,90544.0,1,1,1.0,0.0,1.0
35,0.0,2,0,0.0,0.0,1.0
28,71097.23,1,1,1.0,0.0,1.0
59,0.0,1,1,0.0,1.0,0.0
44,163714.52,1,0,1.0,0.0,1.0
30,132174.41,2,0,1.0,0.0,1.0
29,109676.52,1,1,1.0,0.0,1.0
38,0.0,2,0,0.0,0.0,1.0
38,114756.14,1,0,0.0,0.0,1.0
29,95984.69,2,1,0.0,0.0,1.0
42,117280.23,3,0,0.0,0.0,0.0
36,0.0,2,0,0.0,1.0,1.0
28,99986.98,1,0,0.0,0.0,1.0
31,102088.68,4,0,1.0,0.0,0.0
37,105261.76,2,1,0.0,0.0,1.0
32,0.0,2,1,0.0,1.0,0.0
31,0.0,1,1,0.0,0.0,0.0
64,0.0,2,1,0.0,0.0,1.0
42,0.0,3,0,0.0,0.0,1.0
60,163894.35,1,1,1.0,0.0,1.0
33,171490.78,1,0,0.0,0.0,1.0
51,81710.46,1,1,0.0,0.0,1.0
45,102486.21,2,1,0.0,1.0,1.0
32,0.0,2,1,0.0,0.0,0.0
29,0.0,2,1,0.0,0.0,1.0
44,0.0,2,1,0.0,0.0,1.0
81,122029.15,1,1,1.0,0.0,1.0
48,0.0,2,1,0.0,0.0,1.0
22,105229.34,1,1,0.0,1.0,0.0
35,0.0,2,0,0.0,1.0,1.0
35,167924.95,1,0,0.0,0.0,0.0
36,123187.51,1,1,1.0,0.0,1.0
29,0.0,1,1,0.0,0.0,1.0
28,0.0,2,1,0.0,0.0,0.0
39,140094.59,1,0,0.0,1.0,0.0
28,85146.36,1,0,0.0,0.0,0.0
41,0.0,2,0,0.0,0.0,1.0
28,105795.9,1,1,0.0,0.0,0.0
28,0.0,2,1,0.0,1.0,0.0
47,0.0,1,1,0.0,0.0,1.0
38,122570.87,1,1,0.0,0.0,1.0
76,121313.88,1,1,0.0,0.0,1.0
34,0.0,2,0,0.0,0.0,1.0
40,0.0,2,0,0.0,0.0,1.0
40,129596.77,1,1,0.0,0.0,0.0
35,125884.95,2,0,1.0,0.0,0.0
28,81173.83,2,1,0.0,0.0,1.0
29,0.0,2,1,0.0,0.0,1.0
40,78119.59,4,0,1.0,0.0,0.0
53,113781.5,2,1,1.0,0.0,0.0
50,98173.02,1,0,1.0,0.0,0.0
34,0.0,1,1,0.0,0.0,1.0
36,144773.29,2,0,1.0,0.0,0.0
53,0.0,2,0,0.0,0.0,0.0
46,135555.66,1,0,1.0,0.0,0.0
31,119825.75,2,1,0.0,1.0,0.0
41,0.0,2,1,0.0,0.0,0.0
51,96891.46,1,0,1.0,0.0,1.0
34,130929.02,4,1,0.0,1.0,0.0
47,0.0,1,0,0.0,0.0,0.0
30,0.0,1,1,0.0,0.0,0.0
25,148045.45,2,1,1.0,0.0,1.0
38,88293.13,2,1,0.0,0.0,1.0
57,0.0,2,1,0.0,0.0,1.0
30,101802.67,1,0,1.0,0.0,1.0
36,0.0,2,1,0.0,1.0,0.0
49,160133.88,1,1,1.0,0.0,1.0
50,126345.55,1,1,1.0,0.0,1.0
30,100954.88,2,0,1.0,0.0,0.0
42,107104.5,1,1,1.0,0.0,1.0
57,72092.95,4,1,0.0,0.0,0.0
55,108477.27,1,1,1.0,0.0,0.0
38,0.0,2,0,0.0,0.0,1.0
61,104267.7,1,0,0.0,0.0,0.0
27,133009.51,1,0,0.0,0.0,0.0
47,146034.74,1,1,0.0,0.0,1.0
44,143391.07,1,0,1.0,0.0,1.0
35,110080.3,1,1,0.0,1.0,1.0
49,128663.9,1,0,0.0,0.0,1.0
40,0.0,1,1,0.0,0.0,1.0
51,110610.41,2,1,1.0,0.0,0.0
33,90791.69,1,1,0.0,0.0,0.0
40,0.0,1,1,0.0,0.0,1.0
28,0.0,2,0,0.0,1.0,1.0
49,106770.82,1,0,0.0,0.0,1.0
29,0.0,2,1,0.0,0.0,1.0
41,176845.41,3,0,0.0,0.0,0.0
47,0.0,1,0,0.0,1.0,0.0
24,117154.9,1,1,1.0,0.0,1.0
26,101440.36,2,1,0.0,1.0,0.0
40,154309.67,1,1,1.0,0.0,1.0
26,0.0,2,1,0.0,0.0,0.0
58,114713.57,1,1,0.0,0.0,0.0
32,64082.09,1,1,0.0,0.0,1.0
41,135071.12,1,1,0.0,0.0,1.0
33,122017.19,1,0,0.0,1.0,1.0
56,152759.0,2,0,0.0,0.0,1.0
44,84386.57,1,0,1.0,0.0,1.0
39,118201.41,1,0,0.0,1.0,1.0
43,118588.83,1,1,1.0,0.0,0.0
52,0.0,2,1,0.0,0.0,1.0
45,0.0,2,0,0.0,0.0,0.0
42,0.0,2,0,0.0,0.0,0.0
42,85679.25,1,1,1.0,0.0,0.0
42,141642.92,2,0,0.0,0.0,1.0
33,101286.11,1,1,0.0,0.0,1.0
38,134168.5,3,0,0.0,1.0,0.0
21,178718.19,2,0,0.0,0.0,0.0
39,111525.02,1,0,0.0,0.0,1.0
38,96858.35,1,0,0.0,1.0,0.0
28,0.0,2,0,0.0,1.0,0.0
37,168066.87,1,0,0.0,1.0,0.0
71,69608.14,1,0,0.0,1.0,1.0
22,123374.46,1,1,0.0,0.0,1.0
30,98415.37,1,1,0.0,0.0,1.0
29,130181.47,2,0,0.0,0.0,0.0
27,0.0,2,0,0.0,0.0,0.0
31,0.0,2,1,0.0,1.0,1.0
92,126076.24,2,1,0.0,0.0,1.0
25,135161.67,1,1,1.0,0.0,0.0
19,0.0,2,0,0.0,1.0,1.0
30,0.0,2,0,0.0,0.0,0.0
24,109483.54,2,1,1.0,0.0,0.0
48,0.0,1,0,0.0,0.0,0.0
26,0.0,2,0,0.0,0.0,1.0
48,123593.22,2,0,1.0,0.0,1.0
46,0.0,1,0,0.0,1.0,1.0
27,111348.15,1,0,1.0,0.0,1.0
36,115617.24,1,1,0.0,1.0,0.0
48,96048.55,1,0,1.0,0.0,1.0
29,122028.65,2,1,1.0,0.0,1.0
46,49512.55,1,0,0.0,0.0,1.0
26,0.0,2,1,0.0,0.0,1.0
76,112510.89,1,1,0.0,0.0,1.0
39,84719.98,1,0,0.0,0.0,1.0
21,0.0,2,0,0.0,1.0,0.0
66,0.0,1,1,0.0,0.0,1.0
36,103700.69,1,0,1.0,0.0,0.0
34,90425.15,2,1,0.0,0.0,0.0
37,139592.98,3,0,1.0,0.0,1.0
41,0.0,2,0,0.0,0.0,1.0
35,104088.59,2,0,0.0,0.0,1.0
37,131753.41,1,0,1.0,0.0,1.0
50,121175.56,1,0,1.0,0.0,1.0
30,99785.28,2,0,1.0,0.0,1.0
54,171137.62,1,1,0.0,0.0,1.0
28,0.0,2,1,0.0,0.0,0.0
30,154970.54,1,1,0.0,1.0,0.0
30,77168.87,2,1,1.0,0.0,0.0
31,0.0,2,1,0.0,0.0,1.0
42,118199.97,2,0,1.0,0.0,1.0
51,0.0,2,1,0.0,0.0,1.0
41,0.0,2,1,0.0,0.0,1.0
49,0.0,2,1,0.0,0.0,1.0
41,126145.54,2,1,1.0,0.0,1.0
34,0.0,2,1,0.0,1.0,0.0
38,123906.55,1,0,0.0,1.0,1.0
35,0.0,1,1,0.0,0.0,0.0
67,103267.8,1,1,0.0,1.0,0.0
44,77627.33,2,0,1.0,0.0,0.0
38,0.0,2,1,0.0,1.0,0.0
42,108825.34,3,0,0.0,0.0,0.0
32,106301.85,2,1,1.0,0.0,0.0
32,147511.26,1,1,0.0,1.0,1.0
44,139432.37,1,0,0.0,1.0,0.0
48,0.0,1,0,0.0,0.0,1.0
36,120026.98,2,1,0.0,0.0,1.0
40,145536.9,1,1,0.0,0.0,1.0
31,0.0,2,1,0.0,0.0,1.0
44,0.0,2,1,0.0,0.0,0.0
30,115315.04,1,0,1.0,0.0,1.0
33,0.0,2,1,0.0,0.0,0.0
23,168372.52,1,0,0.0,0.0,1.0
55,76296.81,1,0,1.0,0.0,0.0
49,0.0,2,1,0.0,1.0,0.0
37,85146.48,2,0,0.0,0.0,1.0
47,0.0,2,1,0.0,0.0,1.0
34,0.0,1,1,0.0,0.0,1.0
27,150795.81,1,1,1.0,0.0,1.0
35,150561.03,2,0,1.0,0.0,0.0
40,124788.18,1,0,0.0,0.0,1.0
52,0.0,1,1,0.0,0.0,0.0
35,174902.26,1,0,1.0,0.0,0.0
24,159203.71,1,1,0.0,1.0,0.0
49,142946.18,1,0,1.0,0.0,1.0
40,0.0,2,0,0.0,1.0,0.0
61,155973.13,1,1,0.0,0.0,1.0
39,133261.13,1,1,0.0,1.0,1.0
24,114739.92,1,0,0.0,1.0,1.0
37,0.0,1,1,0.0,0.0,0.0
54,118241.02,1,0,0.0,1.0,0.0
47,0.0,1,0,0.0,1.0,0.0
72,94216.05,1,1,1.0,0.0,1.0
58,93173.88,1,1,0.0,0.0,0.0
25,108738.71,2,0,0.0,1.0,0.0
29,0.0,2,1,0.0,0.0,0.0
27,127471.56,1,1,0.0,0.0,0.0
50,94504.35,1,1,1.0,0.0,1.0
37,128650.11,2,1,0.0,1.0,1.0
39,0.0,1,1,0.0,1.0,0.0
39,0.0,2,1,0.0,0.0,0.0
37,168178.21,2,1,0.0,0.0,1.0
40,0.0,4,1,0.0,0.0,1.0
42,0.0,2,0,0.0,0.0,1.0
63,97009.15,1,1,0.0,0.0,1.0
51,90373.28,2,0,1.0,0.0,1.0
31,106260.67,1,1,0.0,0.0,1.0
28,0.0,2,0,0.0,1.0,1.0
38,142557.11,1,1,0.0,0.0,1.0
25,0.0,2,0,0.0,0.0,0.0
39,0.0,1,1,0.0,1.0,0.0
30,90536.81,1,1,1.0,0.0,1.0
27,122552.34,2,0,1.0,0.0,1.0
32,87814.89,1,0,0.0,0.0,0.0
37,165896.22,2,1,0.0,0.0,1.0
44,142989.69,1,1,0.0,0.0,0.0
35,166118.45,2,0,0.0,0.0,0.0
43,137824.03,2,0,0.0,0.0,0.0
23,85600.08,1,0,0.0,1.0,0.0
46,68799.72,1,1,0.0,1.0,1.0
28,0.0,2,0,0.0,0.0,1.0
35,56674.48,1,0,0.0,1.0,0.0
44,0.0,2,1,0.0,0.0,1.0
31,0.0,2,0,0.0,0.0,0.0
44,0.0,2,1,0.0,0.0,0.0
26,105522.06,1,0,0.0,0.0,1.0
47,90450.0,2,0,1.0,0.0,0.0
39,136258.06,1,0,0.0,1.0,1.0
56,0.0,2,0,0.0,1.0,0.0
37,118636.92,1,1,0.0,0.0,1.0
39,135139.33,1,1,0.0,0.0,0.0
36,0.0,2,1,0.0,0.0,0.0
35,121030.9,1,0,0.0,0.0,1.0
39,144757.02,1,0,1.0,0.0,1.0
37,144235.73,2,0,0.0,0.0,1.0
46,97042.6,1,1,1.0,0.0,1.0
54,111729.47,2,1,0.0,0.0,1.0
44,0.0,2,0,0.0,1.0,1.0
43,97473.87,2,1,0.0,1.0,1.0
26,102395.79,1,0,1.0,0.0,0.0
47,0.0,2,0,0.0,1.0,0.0
38,125212.65,2,1,1.0,0.0,0.0
34,89437.03,1,1,1.0,0.0,0.0
47,0.0,2,0,0.0,0.0,1.0
29,0.0,2,1,0.0,0.0,0.0
40,150490.32,1,0,0.0,0.0,0.0
33,54503.55,1,1,0.0,0.0,1.0
29,0.0,2,1,0.0,0.0,1.0
33,0.0,2,1,0.0,0.0,1.0
45,0.0,2,1,0.0,1.0,0.0
33,0.0,1,1,0.0,1.0,0.0
38,0.0,2,0,0.0,0.0,1.0
29,174851.9,1,1,0.0,0.0,1.0
39,83456.79,2,0,0.0,0.0,0.0
26,105082.07,2,0,1.0,0.0,0.0
31,99513.91,1,1,0.0,0.0,1.0
39,104386.53,1,0,0.0,0.0,0.0
49,59532.18,1,0,1.0,0.0,1.0
48,136596.85,1,1,0.0,0.0,1.0
46,100727.5,1,1,1.0,0.0,0.0
46,95502.21,1,0,0.0,0.0,1.0
25,157993.15,2,0,0.0,0.0,1.0
33,137657.25,2,1,1.0,0.0,0.0
37,0.0,1,1,0.0,0.0,0.0
39,112889.91,1,1,1.0,0.0,0.0
36,0.0,1,1,0.0,0.0,0.0
39,136000.45,2,0,1.0,0.0,1.0
36,0.0,2,0,0.0,1.0,0.0
35,0.0,2,1,0.0,0.0,1.0
37,196853.62,1,1,0.0,0.0,0.0
60,73937.02,1,0,0.0,0.0,0.0
32,145303.52,1,0,0.0,0.0,1.0
48,97133.92,2,0,1.0,0.0,0.0
45,134562.8,1,1,1.0,0.0,0.0
36,129804.17,1,0,0.0,0.0,1.0
40,0.0,2,1,0.0,0.0,1.0
34,0.0,2,0,0.0,1.0,1.0
60,116563.58,1,0,0.0,0.0,1.0
32,111156.52,1,1,0.0,0.0,0.0
38,119278.01,2,1,0.0,0.0,0.0
33,168560.46,2,0,1.0,0.0,0.0
65,129472.33,1,1,1.0,0.0,1.0
30,145241.63,1,1,0.0,1.0,1.0
24,0.0,2,1,0.0,0.0,0.0
61,152968.73,1,1,0.0,1.0,1.0
34,0.0,2,0,0.0,1.0,0.0
25,0.0,2,0,0.0,0.0,0.0
44,108724.98,1,1,0.0,0.0,1.0
46,0.0,2,1,0.0,1.0,1.0
37,0.0,2,0,0.0,0.0,0.0
41,38617.2,1,1,0.0,0.0,0.0
47,126589.12,2,1,0.0,0.0,0.0
34,0.0,2,1,0.0,0.0,1.0
36,131142.53,2,0,1.0,0.0,1.0
33,0.0,2,0,0.0,0.0,1.0
33,0.0,1,1,0.0,0.0,0.0
37,112146.12,1,0,1.0,0.0,1.0
55,115796.7,1,0,1.0,0.0,0.0
33,65667.79,2,0,0.0,0.0,0.0
40,0.0,2,0,0.0,1.0,0.0
30,85755.86,1,0,0.0,0.0,0.0
28,120047.77,1,1,0.0,1.0,1.0
58,0.0,3,1,0.0,0.0,1.0
32,132835.56,1,0,0.0,1.0,0.0
46,62212.29,1,1,0.0,0.0,0.0
31,120718.28,1,1,0.0,0.0,1.0
50,115625.07,1,0,0.0,0.0,1.0
37,132623.6,1,1,0.0,0.0,1.0
41,0.0,1,1,0.0,0.0,0.0
76,130334.84,2,1,1.0,0.0,1.0
34,0.0,1,1,0.0,0.0,1.0
72,148666.99,1,0,1.0,0.0,0.0
32,124993.29,2,1,0.0,0.0,1.0
60,108028.08,2,0,0.0,0.0,0.0
39,178585.46,1,0,0.0,0.0,1.0
32,147107.91,1,1,0.0,0.0,1.0
31,0.0,1,0,0.0,1.0,1.0
46,0.0,2,0,0.0,0.0,1.0
30,0.0,2,1,0.0,0.0,1.0
42,115766.26,1,0,1.0,0.0,1.0
35,133161.95,1,1,0.0,0.0,1.0
29,185379.02,1,0,1.0,0.0,1.0
60,0.0,3,1,0.0,0.0,1.0
35,144848.74,1,1,1.0,0.0,1.0
25,158266.42,3,1,1.0,0.0,0.0
42,0.0,2,0,0.0,1.0,1.0
30,125739.26,1,1,0.0,0.0,1.0
39,73493.17,1,1,0.0,0.0,0.0
46,99786.07,1,1,0.0,0.0,1.0
69,93320.8,1,1,0.0,0.0,1.0
38,0.0,2,1,0.0,0.0,1.0
48,0.0,1,1,0.0,0.0,0.0
25,0.0,1,1,0.0,1.0,1.0
45,83195.12,1,1,0.0,0.0,1.0
35,128548.49,4,0,0.0,0.0,0.0
38,116980.78,2,1,0.0,1.0,1.0
50,126547.8,1,1,0.0,0.0,0.0
31,0.0,2,0,0.0,1.0,1.0
42,181627.14,2,0,1.0,0.0,1.0
41,127205.32,4,0,1.0,0.0,1.0
33,88046.88,1,1,1.0,0.0,1.0
25,74237.2,2,1,0.0,1.0,1.0
40,0.0,1,0,0.0,1.0,0.0
36,124495.98,3,1,1.0,0.0,0.0
41,99208.46,2,0,0.0,1.0,1.0
40,0.0,2,0,0.0,0.0,1.0
28,119706.22,1,0,0.0,0.0,1.0
25,167385.81,1,1,0.0,1.0,1.0
40,154251.67,1,1,0.0,1.0,0.0
63,0.0,1,1,0.0,1.0,0.0
33,94493.03,1,1,0.0,0.0,0.0
31,157791.07,2,0,1.0,0.0,1.0
36,0.0,2,1,0.0,0.0,1.0
33,135658.73,2,1,0.0,0.0,1.0
49,0.0,1,1,0.0,0.0,0.0
38,125487.89,1,0,0.0,0.0,1.0
49,0.0,1,0,0.0,0.0,0.0
32,175464.85,3,0,0.0,0.0,1.0
37,116509.99,1,1,1.0,0.0,1.0
29,46057.96,2,1,0.0,1.0,1.0
44,0.0,2,1,0.0,0.0,0.0
38,104016.88,1,0,0.0,0.0,0.0
52,115532.52,1,0,0.0,1.0,1.0
26,144258.52,1,0,0.0,0.0,0.0
44,115049.15,2,0,0.0,0.0,1.0
51,0.0,1,0,0.0,0.0,1.0
25,54817.55,1,0,1.0,0.0,1.0
34,97435.85,2,1,0.0,0.0,0.0
51,124662.54,1,1,0.0,0.0,0.0
43,189026.53,2,1,0.0,0.0,1.0
48,148116.48,1,0,0.0,0.0,1.0
32,133950.37,1,1,0.0,0.0,0.0
54,152508.99,1,0,1.0,0.0,0.0
38,0.0,2,1,0.0,0.0,0.0
36,158261.68,1,1,0.0,1.0,1.0
38,0.0,2,1,0.0,0.0,0.0
42,105722.69,1,1,1.0,0.0,0.0
33,72535.45,1,1,0.0,1.0,0.0
30,0.0,2,1,0.0,0.0,1.0
44,89118.26,1,0,0.0,1.0,1.0
28,0.0,1,0,0.0,1.0,1.0
40,95053.1,1,1,0.0,1.0,1.0
52,0.0,2,1,0.0,0.0,1.0
46,0.0,1,0,0.0,0.0,1.0
31,0.0,2,1,0.0,0.0,1.0
39,130565.02,1,0,1.0,0.0,0.0
44,0.0,1,1,0.0,1.0,1.0
38,68065.8,1,0,0.0,0.0,0.0
37,138207.08,1,0,0.0,1.0,1.0
34,70731.07,1,1,0.0,1.0,0.0
36,118214.32,3,0,1.0,0.0,1.0
39,60374.98,1,0,0.0,1.0,1.0
43,100013.51,1,0,0.0,0.0,1.0
36,84327.77,2,0,0.0,0.0,0.0
31,136556.44,1,0,0.0,1.0,1.0
43,178074.33,1,0,0.0,0.0,0.0
34,118838.75,1,1,0.0,0.0,1.0
72,135290.42,2,1,1.0,0.0,0.0
45,102882.4,2,1,0.0,0.0,0.0
46,0.0,3,1,0.0,0.0,0.0
32,73494.21,1,0,0.0,0.0,1.0
32,0.0,2,0,0.0,0.0,1.0
45,123859.6,1,1,0.0,0.0,1.0
59,185966.64,1,0,0.0,0.0,1.0
37,0.0,2,1,0.0,0.0,1.0
58,131852.81,1,0,0.0,0.0,0.0
45,164649.52,3,0,0.0,0.0,0.0
41,0.0,2,1,0.0,1.0,0.0
30,84958.6,2,1,1.0,0.0,0.0
60,117738.81,1,0,0.0,0.0,0.0
29,154640.41,1,1,1.0,0.0,1.0
33,133040.32,1,1,0.0,0.0,1.0
32,170661.47,1,1,1.0,0.0,1.0
41,40488.76,1,0,0.0,0.0,1.0
29,0.0,2,0,0.0,0.0,0.0
41,109153.96,3,1,1.0,0.0,0.0
27,0.0,2,0,0.0,0.0,0.0
61,0.0,1,0,0.0,0.0,0.0
31,0.0,2,0,0.0,0.0,1.0
41,0.0,2,0,0.0,1.0,1.0
20,0.0,1,1,0.0,0.0,1.0
27,0.0,2,1,0.0,0.0,1.0
58,0.0,1,0,0.0,1.0,0.0
67,0.0,2,1,0.0,0.0,0.0
31,0.0,2,1,0.0,0.0,1.0
39,47685.47,2,1,1.0,0.0,0.0
42,0.0,2,1,0.0,0.0,1.0
41,159434.03,1,0,1.0,0.0,1.0
40,89025.88,2,0,1.0,0.0,1.0
24,173962.32,1,0,0.0,1.0,0.0
32,114668.89,1,0,0.0,0.0,0.0
45,105525.65,2,1,0.0,0.0,0.0
41,95696.52,2,1,0.0,0.0,1.0
37,109093.41,2,0,0.0,0.0,1.0
33,128152.82,1,0,0.0,0.0,1.0
50,158633.61,1,0,0.0,1.0,0.0
31,155047.56,2,1,0.0,0.0,1.0
41,0.0,4,1,0.0,0.0,1.0
53,0.0,2,1,0.0,0.0,1.0
35,116662.96,2,1,0.0,1.0,1.0
54,0.0,2,1,0.0,1.0,0.0
47,63488.7,1,1,0.0,1.0,0.0
39,0.0,2,1,0.0,0.0,1.0
43,0.0,2,1,0.0,1.0,1.0
23,92366.72,2,0,1.0,0.0,1.0
33,0.0,2,0,0.0,0.0,0.0
31,90547.48,2,1,1.0,0.0,1.0
31,115406.97,1,0,0.0,1.0,1.0
57,0.0,2,1,0.0,0.0,1.0
27,113174.21,2,0,1.0,0.0,1.0
30,90963.49,1,1,0.0,0.0,1.0
41,119703.1,2,1,1.0,0.0,0.0
35,144428.87,1,0,0.0,0.0,1.0
31,0.0,2,0,0.0,0.0,0.0
48,76595.08,2,0,1.0,0.0,0.0
62,112181.08,1,1,0.0,1.0,1.0
39,133102.92,1,0,0.0,0.0,0.0
31,0.0,2,1,0.0,0.0,1.0
36,136815.64,1,1,1.0,0.0,1.0
38,0.0,3,0,0.0,0.0,1.0
53,141616.55,2,1,1.0,0.0,0.0
39,0.0,2,0,0.0,0.0,1.0
37,62974.64,2,1,1.0,0.0,0.0
39,121626.9,1,1,0.0,1.0,1.0
41,0.0,1,1,0.0,0.0,1.0
36,0.0,2,1,0.0,0.0,1.0
39,0.0,2,0,0.0,1.0,1.0
41,144974.55,1,1,0.0,1.0,1.0
31,122449.31,2,1,0.0,1.0,1.0
29,0.0,2,0,0.0,1.0,1.0
48,75801.74,1,0,0.0,1.0,1.0
30,110824.52,1,1,1.0,0.0,1.0
35,142296.13,1,1,1.0,0.0,1.0
39,119787.76,1,1,1.0,0.0,0.0
35,155621.08,1,1,0.0,1.0,0.0
27,0.0,2,0,0.0,0.0,0.0
36,140355.56,2,0,1.0,0.0,0.0
54,156367.6,2,1,1.0,0.0,1.0
37,0.0,2,0,0.0,0.0,1.0
53,138053.67,1,1,0.0,0.0,1.0
35,0.0,2,0,0.0,0.0,0.0
41,102749.72,1,1,0.0,1.0,1.0
39,166733.92,2,0,0.0,1.0,0.0
27,123599.49,2,0,1.0,0.0,0.0
34,114088.32,1,0,0.0,0.0,1.0
48,0.0,2,1,0.0,0.0,1.0
29,182123.79,1,0,0.0,0.0,1.0
39,170288.38,1,1,0.0,1.0,1.0
35,0.0,2,1,0.0,0.0,1.0
47,120621.89,1,1,1.0,0.0,0.0
32,88938.62,1,1,1.0,0.0,1.0
39,167557.12,1,1,0.0,1.0,1.0
36,84438.57,1,1,0.0,1.0,0.0
35,79388.33,1,1,0.0,1.0,1.0
46,67563.31,1,0,0.0,1.0,0.0
39,129709.62,1,0,0.0,0.0,1.0
32,121394.42,1,0,0.0,0.0,1.0
26,0.0,1,0,0.0,0.0,1.0
46,110031.09,2,1,1.0,0.0,0.0
25,141825.88,1,1,1.0,0.0,0.0
39,0.0,2,1,0.0,0.0,1.0
54,78126.28,1,1,0.0,1.0,0.0
42,133970.22,2,1,0.0,0.0,1.0
40,107648.94,2,1,1.0,0.0,0.0
47,114603.76,2,0,1.0,0.0,0.0
62,0.0,1,1,0.0,0.0,0.0
50,146777.44,2,1,0.0,1.0,0.0
26,110654.02,1,1,0.0,0.0,0.0
37,0.0,2,0,0.0,1.0,1.0
26,98723.67,1,1,1.0,0.0,0.0
24,0.0,3,0,0.0,0.0,0.0
43,137780.74,2,1,0.0,0.0,1.0
29,0.0,1,1,0.0,0.0,0.0
51,148222.65,1,0,0.0,0.0,1.0
28,165969.26,3,0,0.0,1.0,0.0
34,131244.65,2,0,0.0,0.0,0.0
54,123544.0,1,1,1.0,0.0,1.0
28,118890.81,1,1,0.0,0.0,0.0
33,94598.48,1,0,0.0,0.0,1.0
40,0.0,2,0,0.0,0.0,1.0
34,0.0,1,1,0.0,0.0,0.0
31,0.0,2,0,0.0,0.0,1.0
27,0.0,1,1,0.0,1.0,1.0
40,0.0,2,0,0.0,0.0,1.0
37,82500.28,1,1,0.0,0.0,1.0
34,0.0,1,0,0.0,0.0,0.0
39,124548.99,2,1,1.0,0.0,1.0
40,113574.61,2,0,1.0,0.0,1.0
32,0.0,2,1,0.0,1.0,0.0
32,123906.22,3,1,1.0,0.0,1.0
38,106922.92,2,1,1.0,0.0,1.0
37,100431.84,1,0,1.0,0.0,0.0
28,124540.28,1,1,0.0,0.0,0.0
42,88120.97,2,1,1.0,0.0,1.0
33,70541.06,1,0,1.0,0.0,0.0
36,113546.3,1,1,1.0,0.0,1.0
46,0.0,1,0,0.0,1.0,1.0
42,0.0,1,0,0.0,0.0,0.0
27,131899.0,1,0,1.0,0.0,1.0
50,132088.59,1,1,0.0,1.0,0.0
43,102338.19,1,1,0.0,0.0,1.0
29,144553.5,2,0,1.0,0.0,1.0
26,0.0,2,0,0.0,1.0,0.0
35,113635.16,1,0,0.0,1.0,1.0
25,121166.89,1,1,0.0,1.0,0.0
53,117005.55,1,1,1.0,0.0,1.0
50,105229.72,1,1,0.0,0.0,1.0
29,116536.43,1,0,0.0,0.0,0.0
32,141528.88,1,1,1.0,0.0,0.0
48,132876.23,1,0,0.0,1.0,1.0
29,127269.75,1,1,1.0,0.0,1.0
43,0.0,2,1,0.0,1.0,0.0
40,115465.98,1,1,0.0,0.0,0.0
29,119670.18,1,0,0.0,1.0,0.0
22,0.0,2,0,0.0,0.0,0.0
43,84673.17,2,1,1.0,0.0,1.0
47,0.0,2,1,0.0,0.0,1.0
28,111071.36,1,0,1.0,0.0,0.0
30,205770.78,2,0,1.0,0.0,0.0
53,115029.4,1,0,0.0,0.0,1.0
45,92786.66,1,0,0.0,0.0,0.0
21,0.0,2,0,0.0,1.0,1.0
41,0.0,2,0,0.0,0.0,1.0
33,131698.57,2,0,0.0,0.0,0.0
33,0.0,2,0,0.0,1.0,0.0
38,123345.85,1,0,0.0,0.0,1.0
47,105603.21,2,1,0.0,1.0,1.0
29,0.0,2,1,0.0,1.0,1.0
23,0.0,2,0,0.0,0.0,1.0
30,109786.82,2,1,1.0,0.0,1.0
29,0.0,1,1,0.0,0.0,1.0
33,103377.81,1,0,0.0,0.0,0.0
47,99835.17,1,1,0.0,1.0,1.0
67,0.0,2,1,0.0,1.0,0.0
27,0.0,2,0,0.0,0.0,0.0
40,95312.8,1,1,0.0,1.0,1.0
26,0.0,2,1,0.0,1.0,1.0
34,105302.66,1,1,0.0,0.0,1.0
42,132796.04,3,1,1.0,0.0,0.0
36,140137.15,1,0,0.0,1.0,0.0
57,89079.41,1,1,0.0,0.0,1.0
41,101960.74,1,1,0.0,0.0,1.0
26,147527.03,1,0,1.0,0.0,1.0
36,110414.48,1,1,0.0,0.0,0.0
39,101928.51,1,0,0.0,0.0,0.0
49,102286.6,3,0,1.0,0.0,0.0
47,121797.09,1,1,0.0,0.0,1.0
71,142550.25,2,1,1.0,0.0,1.0
50,0.0,1,0,0.0,0.0,0.0
32,0.0,2,0,0.0,0.0,1.0
47,116393.59,1,0,0.0,1.0,0.0
48,129387.94,1,1,0.0,0.0,1.0
34,0.0,2,0,0.0,1.0,1.0
29,0.0,2,1,0.0,0.0,1.0
40,0.0,1,0,0.0,1.0,0.0
45,0.0,2,1,0.0,1.0,0.0
26,0.0,2,1,0.0,1.0,0.0
40,0.0,2,0,0.0,0.0,0.0
23,0.0,2,0,0.0,1.0,1.0
46,127209.0,2,0,0.0,1.0,1.0
30,0.0,2,1,0.0,0.0,1.0
29,114590.58,1,0,0.0,0.0,1.0
34,0.0,1,1,0.0,1.0,0.0
37,124140.57,2,0,0.0,1.0,0.0
47,0.0,2,0,0.0,0.0,0.0
31,0.0,2,1,0.0,0.0,0.0
31,0.0,1,1,0.0,1.0,0.0
41,0.0,2,1,0.0,0.0,0.0
23,72012.76,1,0,1.0,0.0,1.0
42,120233.83,1,0,0.0,1.0,1.0
51,0.0,1,1,0.0,1.0,1.0
33,0.0,2,1,0.0,1.0,1.0
35,0.0,2,0,0.0,1.0,1.0
42,0.0,2,0,0.0,1.0,1.0
35,128653.59,1,0,0.0,0.0,1.0
27,0.0,2,1,0.0,0.0,1.0
34,0.0,2,0,0.0,1.0,1.0
31,133003.03,1,1,1.0,0.0,0.0
30,0.0,1,0,0.0,1.0,0.0
35,0.0,2,0,0.0,1.0,1.0
35,149995.72,2,0,1.0,0.0,1.0
28,0.0,2,0,0.0,1.0,1.0
42,147187.84,1,1,0.0,1.0,0.0
25,0.0,2,0,0.0,0.0,0.0
50,0.0,2,0,0.0,1.0,1.0
41,139659.04,1,1,1.0,0.0,0.0
47,105245.21,1,0,1.0,0.0,1.0
39,0.0,2,0,0.0,1.0,1.0
45,0.0,2,0,0.0,0.0,1.0
35,0.0,1,0,0.0,0.0,1.0
32,0.0,2,1,0.0,0.0,1.0
31,0.0,2,1,0.0,0.0,1.0
36,70784.27,1,0,0.0,0.0,0.0
38,0.0,1,1,0.0,1.0,1.0
42,0.0,1,0,0.0,0.0,0.0
41,126670.37,1,0,0.0,0.0,0.0
43,0.0,2,1,0.0,0.0,1.0
41,153198.23,1,1,0.0,0.0,1.0
32,146602.25,2,1,1.0,0.0,0.0
26,83600.24,1,1,0.0,1.0,1.0
39,140004.96,1,1,0.0,0.0,1.0
36,0.0,2,0,0.0,1.0,1.0
36,0.0,2,0,0.0,0.0,0.0
33,88294.6,1,0,0.0,0.0,1.0
35,183027.25,1,1,0.0,0.0,1.0
40,147754.68,1,1,0.0,0.0,1.0
40,98627.13,2,0,0.0,0.0,1.0
47,144900.58,1,0,0.0,0.0,1.0
35,137948.51,1,0,0.0,1.0,1.0
40,169742.64,1,1,0.0,0.0,1.0
51,138214.5,1,0,1.0,0.0,0.0
51,104760.82,1,1,0.0,0.0,0.0
27,0.0,2,0,0.0,0.0,0.0
33,0.0,2,0,0.0,0.0,1.0
38,153058.64,1,0,1.0,0.0,0.0
38,0.0,2,1,0.0,0.0,0.0
41,141806.46,1,0,0.0,0.0,0.0
44,81553.93,1,0,0.0,0.0,0.0
36,169312.72,1,0,0.0,1.0,1.0
33,0.0,2,1,0.0,1.0,1.0
44,115282.3,1,0,0.0,0.0,1.0
50,0.0,2,0,0.0,0.0,1.0
30,0.0,2,0,0.0,0.0,1.0
30,0.0,1,1,0.0,0.0,0.0
29,0.0,2,0,0.0,1.0,0.0
22,114991.45,1,1,0.0,0.0,1.0
37,70258.88,2,0,1.0,0.0,0.0
34,96019.5,1,0,0.0,0.0,0.0
39,0.0,2,0,0.0,0.0,0.0
62,123681.32,3,0,0.0,0.0,0.0
37,121854.45,1,0,0.0,0.0,1.0
34,103108.17,1,0,0.0,0.0,1.0
33,121685.31,2,1,0.0,0.0,0.0
62,111065.93,2,1,0.0,0.0,0.0
38,0.0,2,0,0.0,0.0,1.0
31,67996.23,2,0,0.0,0.0,1.0
42,0.0,1,0,0.0,1.0,0.0
47,97023.21,1,1,0.0,0.0,1.0
35,71553.83,1,0,1.0,0.0,1.0
28,113690.83,1,0,1.0,0.0,1.0
35,0.0,2,0,0.0,0.0,0.0
33,99106.73,1,0,0.0,1.0,1.0
37,0.0,2,0,0.0,0.0,1.0
23,143054.85,1,1,0.0,1.0,0.0
53,110240.04,1,0,0.0,0.0,0.0
41,134177.06,1,0,0.0,1.0,0.0
34,0.0,2,0,0.0,0.0,0.0
46,134593.79,1,1,0.0,1.0,0.0
49,0.0,1,0,0.0,0.0,0.0
39,0.0,2,0,0.0,0.0,1.0
49,0.0,1,1,0.0,0.0,0.0
40,102833.46,2,1,0.0,0.0,1.0
34,40105.51,2,1,1.0,0.0,1.0
18,82767.42,1,0,0.0,0.0,0.0
34,0.0,1,0,0.0,1.0,1.0
60,148846.39,1,0,1.0,0.0,1.0
35,147936.42,1,1,0.0,1.0,0.0
31,0.0,2,1,0.0,1.0,1.0
28,0.0,3,0,0.0,0.0,0.0
32,130627.66,1,0,1.0,0.0,1.0
33,123783.91,2,1,0.0,1.0,1.0
28,122724.37,1,1,0.0,0.0,1.0
39,140553.46,1,0,0.0,1.0,0.0
47,139914.27,1,1,0.0,0.0,0.0
39,109724.38,1,1,0.0,0.0,1.0
40,94607.08,1,0,1.0,0.0,1.0
60,101070.69,1,0,0.0,0.0,0.0
53,123845.36,2,1,0.0,0.0,0.0
35,0.0,2,1,0.0,1.0,1.0
34,158741.43,2,1,0.0,0.0,1.0
37,114754.08,1,0,1.0,0.0,0.0
44,0.0,1,0,0.0,1.0,1.0
34,84055.43,1,0,0.0,0.0,1.0
39,112290.22,1,0,1.0,0.0,1.0
22,97975.82,2,1,1.0,0.0,0.0
67,0.0,1,1,0.0,0.0,0.0
33,144962.74,1,0,1.0,0.0,1.0
41,165445.04,2,0,0.0,1.0,1.0
25,0.0,2,0,0.0,0.0,0.0
32,148884.47,2,1,0.0,0.0,1.0
40,121629.22,1,1,0.0,1.0,1.0
30,0.0,2,1,0.0,0.0,1.0
30,105128.85,2,1,1.0,0.0,1.0
59,0.0,2,1,0.0,1.0,1.0
40,115409.18,2,0,1.0,0.0,0.0
27,107812.67,1,1,0.0,1.0,0.0
41,119276.31,1,0,1.0,0.0,1.0
32,0.0,2,0,0.0,1.0,1.0
22,65763.57,1,1,0.0,0.0,0.0
37,158411.95,4,1,1.0,0.0,0.0
59,148021.12,1,1,0.0,1.0,0.0
53,98268.84,1,1,1.0,0.0,0.0
24,0.0,1,1,0.0,0.0,1.0
31,110941.93,2,0,1.0,0.0,0.0
48,131834.8,1,0,1.0,0.0,1.0
46,106968.96,1,1,1.0,0.0,1.0
43,0.0,3,0,0.0,0.0,0.0
37,128645.67,1,0,0.0,0.0,0.0
39,0.0,2,1,0.0,0.0,1.0
31,127070.73,1,1,0.0,0.0,0.0
30,112372.96,1,1,1.0,0.0,1.0
56,127585.98,3,1,1.0,0.0,0.0
41,89086.31,1,0,0.0,0.0,1.0
36,155180.56,2,0,0.0,1.0,0.0
38,95139.41,1,1,0.0,0.0,0.0
49,0.0,2,0,0.0,1.0,0.0
66,0.0,2,1,0.0,0.0,0.0
27,0.0,2,1,0.0,1.0,1.0
39,132906.88,1,1,1.0,0.0,1.0
35,0.0,2,1,0.0,0.0,1.0
28,0.0,2,1,0.0,0.0,1.0
20,204223.03,1,0,0.0,1.0,1.0
34,0.0,2,1,0.0,0.0,1.0
35,137852.96,1,1,1.0,0.0,0.0
34,0.0,2,1,0.0,0.0,1.0
35,61172.04,1,0,0.0,1.0,1.0
38,97266.1,1,1,0.0,1.0,0.0
33,188285.68,1,0,0.0,0.0,0.0
59,135296.33,1,0,1.0,0.0,0.0
40,62389.03,3,0,1.0,0.0,1.0
40,102967.41,1,0,0.0,0.0,0.0
37,152760.24,1,1,0.0,1.0,0.0
58,128137.42,2,0,1.0,0.0,1.0
44,0.0,2,1,0.0,0.0,0.0
36,120165.4,2,0,0.0,0.0,1.0
38,0.0,2,0,0.0,0.0,0.0
33,129574.98,1,1,0.0,0.0,1.0
28,109960.06,2,1,1.0,0.0,1.0
47,128486.11,1,0,0.0,1.0,0.0
40,161766.87,1,0,0.0,1.0,1.0
48,138232.24,1,0,1.0,0.0,0.0
31,137411.29,1,1,0.0,0.0,0.0
73,66573.17,1,1,0.0,0.0,1.0
59,69129.59,1,1,1.0,0.0,1.0
37,118050.79,1,1,1.0,0.0,1.0
39,0.0,2,0,0.0,1.0,1.0
40,0.0,2,0,0.0,0.0,0.0
49,78653.84,1,0,0.0,0.0,1.0
45,0.0,2,0,0.0,1.0,0.0
29,0.0,2,1,0.0,1.0,1.0
53,0.0,2,1,0.0,1.0,1.0
62,64119.38,1,1,0.0,1.0,1.0
49,154344.49,2,1,0.0,0.0,1.0
46,135369.71,1,1,0.0,0.0,1.0
29,102787.42,1,0,0.0,0.0,1.0
49,0.0,2,0,0.0,1.0,1.0
49,108204.52,1,0,1.0,0.0,1.0
33,142871.27,2,0,1.0,0.0,1.0
52,106723.28,1,0,0.0,0.0,1.0
33,127818.52,1,0,0.0,0.0,1.0
23,122739.1,1,0,1.0,0.0,0.0
52,125095.94,1,0,0.0,0.0,0.0
33,132150.26,2,0,0.0,0.0,1.0
71,113317.1,1,0,1.0,0.0,0.0
38,96798.79,2,1,0.0,1.0,1.0
35,0.0,1,0,0.0,0.0,1.0
23,93522.2,1,1,0.0,0.0,0.0
31,91292.7,1,1,0.0,1.0,0.0
47,104887.43,1,0,1.0,0.0,0.0
54,0.0,1,0,0.0,0.0,1.0
55,0.0,3,0,0.0,1.0,0.0
58,102346.86,1,1,0.0,0.0,0.0
36,0.0,2,0,0.0,0.0,1.0
37,89728.86,2,1,1.0,0.0,1.0
53,83568.26,1,0,0.0,0.0,1.0
34,106603.74,2,1,0.0,0.0,1.0
39,93148.74,2,1,1.0,0.0,0.0
40,0.0,2,0,0.0,0.0,1.0
39,52106.33,2,1,1.0,0.0,1.0
41,122552.48,2,1,1.0,0.0,1.0
40,0.0,1,0,0.0,0.0,0.0
26,0.0,2,0,0.0,0.0,1.0
30,111375.32,2,0,1.0,0.0,1.0
54,120952.74,1,0,0.0,1.0,0.0
42,0.0,2,0,0.0,1.0,1.0
37,0.0,1,1,0.0,1.0,1.0
39,0.0,2,0,0.0,0.0,1.0
27,0.0,2,0,0.0,0.0,0.0
33,122325.58,1,0,1.0,0.0,0.0
37,96652.86,1,0,0.0,0.0,0.0
80,0.0,2,1,0.0,1.0,1.0
48,0.0,1,0,0.0,0.0,0.0
20,0.0,2,0,0.0,0.0,0.0
41,56214.85,2,0,0.0,0.0,0.0
57,173306.13,1,1,0.0,1.0,0.0
19,0.0,2,1,0.0,0.0,0.0
35,0.0,2,0,0.0,1.0,1.0
36,0.0,1,1,0.0,0.0,1.0
35,178317.6,1,0,1.0,0.0,0.0
22,118680.57,1,1,0.0,1.0,1.0
25,0.0,2,1,0.0,0.0,0.0
33,83134.3,1,0,0.0,0.0,1.0
37,0.0,2,0,0.0,1.0,0.0
28,0.0,2,1,0.0,0.0,1.0
28,106070.29,2,1,1.0,0.0,1.0
28,167268.98,1,1,0.0,0.0,1.0
39,143637.58,2,1,0.0,1.0,1.0
34,83074.0,1,0,0.0,0.0,1.0
42,190305.78,1,0,0.0,1.0,0.0
36,107379.68,1,1,0.0,0.0,1.0
41,138881.04,1,0,1.0,0.0,0.0
40,166082.15,2,1,1.0,0.0,1.0
36,153804.44,1,1,0.0,1.0,1.0
40,110086.69,1,0,1.0,0.0,0.0
37,212778.2,1,1,0.0,0.0,0.0
35,121952.75,2,1,1.0,0.0,0.0
34,92899.27,2,0,0.0,0.0,0.0
38,162888.73,1,0,0.0,0.0,1.0
37,101455.7,1,0,0.0,0.0,0.0
36,111629.29,1,1,0.0,1.0,1.0
23,94464.81,2,1,0.0,0.0,0.0
23,0.0,2,1,0.0,1.0,0.0
44,0.0,2,0,0.0,1.0,0.0
55,91893.32,1,0,0.0,1.0,0.0
27,0.0,2,1,0.0,1.0,0.0
29,82344.84,1,1,0.0,0.0,0.0
34,106005.54,1,1,0.0,0.0,1.0
43,0.0,2,0,0.0,1.0,1.0
30,0.0,1,0,0.0,1.0,0.0
34,80242.37,2,0,1.0,0.0,1.0
44,0.0,2,1,0.0,1.0,0.0
28,134571.5,1,1,0.0,0.0,0.0
31,156111.24,1,0,0.0,0.0,1.0
41,129553.76,2,0,0.0,0.0,0.0
59,110939.3,1,0,1.0,0.0,1.0
35,76989.97,1,1,1.0,0.0,1.0
40,129248.11,2,0,1.0,0.0,0.0
33,115195.58,1,1,0.0,0.0,1.0
26,0.0,2,0,0.0,0.0,1.0
34,141796.43,1,0,0.0,0.0,1.0
37,68598.56,1,0,0.0,0.0,0.0
32,0.0,3,1,0.0,1.0,0.0
41,0.0,2,1,0.0,0.0,0.0
45,127864.4,1,0,0.0,0.0,1.0
36,0.0,2,1,0.0,0.0,0.0
36,143421.74,1,0,1.0,0.0,1.0
57,138456.03,2,1,1.0,0.0,1.0
35,105492.53,1,1,0.0,1.0,1.0
40,0.0,2,1,0.0,0.0,1.0
33,0.0,1,0,0.0,0.0,0.0
49,90218.9,1,0,0.0,0.0,1.0
48,134542.73,1,1,1.0,0.0,1.0
35,156687.1,1,0,0.0,0.0,1.0
29,99250.08,1,1,0.0,1.0,0.0
43,131433.33,2,1,1.0,0.0,0.0
38,0.0,2,1,0.0,1.0,0.0
50,125437.64,1,1,1.0,0.0,1.0
48,139714.4,2,0,1.0,0.0,1.0
76,160979.68,1,1,0.0,0.0,0.0
37,128389.63,1,1,1.0,0.0,0.0
34,94108.54,2,0,1.0,0.0,1.0
31,138166.3,1,0,1.0,0.0,1.0
35,161613.94,2,1,0.0,0.0,1.0
40,0.0,1,1,0.0,0.0,1.0
45,143129.41,2,1,1.0,0.0,1.0
22,0.0,2,0,0.0,0.0,1.0
26,78892.23,1,1,0.0,0.0,0.0
92,121513.31,1,1,0.0,0.0,1.0
54,187997.15,1,0,0.0,1.0,0.0
21,137910.45,1,1,0.0,0.0,1.0
35,87619.29,1,0,0.0,0.0,1.0
25,100913.57,1,0,0.0,1.0,1.0
36,0.0,1,0,0.0,0.0,1.0
27,0.0,2,1,0.0,0.0,1.0
38,181804.34,2,1,1.0,0.0,1.0
28,0.0,1,1,0.0,0.0,0.0
36,0.0,1,0,0.0,1.0,0.0
43,0.0,4,0,0.0,0.0,1.0
28,82498.14,2,0,1.0,0.0,0.0
29,0.0,2,0,0.0,0.0,1.0
42,121980.56,2,0,1.0,0.0,0.0
46,123873.19,1,1,0.0,0.0,1.0
38,0.0,2,0,0.0,0.0,1.0
39,60263.23,1,0,1.0,0.0,1.0
25,131402.21,1,0,1.0,0.0,0.0
59,130854.59,1,1,1.0,0.0,1.0
45,0.0,2,1,0.0,0.0,0.0
26,0.0,1,0,0.0,0.0,1.0
27,0.0,2,0,0.0,1.0,0.0
41,91536.93,1,0,1.0,0.0,1.0
37,0.0,2,0,0.0,0.0,1.0
41,90350.77,1,0,0.0,1.0,0.0
36,0.0,2,0,0.0,0.0,1.0
43,0.0,1,0,0.0,1.0,1.0
42,77992.97,2,1,1.0,0.0,1.0
50,87116.71,1,1,0.0,1.0,0.0
40,112701.04,1,0,0.0,0.0,1.0
38,0.0,2,0,0.0,0.0,0.0
40,63609.92,1,0,0.0,1.0,1.0
44,105934.96,1,0,1.0,0.0,1.0
31,130089.56,2,1,1.0,0.0,0.0
74,0.0,2,1,0.0,1.0,0.0
39,0.0,2,1,0.0,1.0,0.0
64,0.0,2,1,0.0,0.0,1.0
33,112528.65,2,0,0.0,0.0,0.0
37,163789.49,2,0,0.0,0.0,1.0
37,120825.7,1,0,0.0,1.0,1.0
35,108269.2,2,0,1.0,0.0,0.0
40,0.0,1,1,0.0,0.0,0.0
34,0.0,2,0,0.0,0.0,1.0
23,107433.48,1,0,0.0,0.0,1.0
39,0.0,2,1,0.0,1.0,1.0
47,107915.94,2,1,1.0,0.0,1.0
40,109628.44,1,0,1.0,0.0,0.0
45,109044.3,1,1,0.0,1.0,0.0
28,155519.59,1,0,0.0,1.0,1.0
41,113980.21,1,1,0.0,0.0,1.0
34,0.0,2,0,0.0,0.0,0.0
28,103421.32,1,1,0.0,1.0,1.0
34,0.0,2,1,0.0,0.0,0.0
31,148913.72,2,0,1.0,0.0,0.0
27,0.0,2,1,0.0,0.0,1.0
28,0.0,1,1,0.0,0.0,0.0
25,0.0,2,1,0.0,1.0,1.0
37,98186.7,1,1,0.0,0.0,1.0
33,0.0,2,1,0.0,0.0,1.0
40,0.0,2,0,0.0,0.0,1.0
40,125608.72,1,0,0.0,0.0,1.0
51,144953.31,1,1,0.0,0.0,1.0
42,0.0,1,0,0.0,1.0,0.0
31,114722.05,2,1,0.0,0.0,0.0
52,137755.76,1,0,1.0,0.0,1.0
34,0.0,2,1,0.0,0.0,0.0
37,93124.04,2,1,1.0,0.0,0.0
30,134497.27,1,0,1.0,0.0,1.0
47,157296.02,2,0,0.0,1.0,0.0
22,156834.34,1,0,0.0,0.0,0.0
36,146943.38,2,1,0.0,1.0,1.0
52,0.0,1,1,0.0,0.0,1.0
31,117551.23,1,0,0.0,1.0,1.0
44,0.0,2,1,0.0,0.0,1.0
54,144768.94,1,0,1.0,0.0,1.0
41,145809.53,2,1,0.0,0.0,0.0
32,83772.95,1,1,0.0,0.0,0.0
28,0.0,2,0,0.0,0.0,1.0
34,185734.75,1,1,0.0,0.0,0.0
34,101633.04,1,0,1.0,0.0,0.0
29,130830.22,1,0,1.0,0.0,0.0
40,148571.07,1,0,1.0,0.0,0.0
28,0.0,2,0,0.0,0.0,1.0
64,153469.26,3,0,1.0,0.0,0.0
33,89939.62,1,0,0.0,0.0,0.0
38,0.0,2,0,0.0,1.0,1.0
28,0.0,1,1,0.0,1.0,1.0
62,127706.33,2,1,0.0,0.0,1.0
32,71187.24,1,1,0.0,0.0,0.0
43,0.0,2,1,0.0,1.0,0.0
19,150348.37,1,1,1.0,0.0,1.0
42,0.0,1,0,0.0,1.0,0.0
41,0.0,2,0,0.0,0.0,0.0
50,162702.35,1,0,0.0,0.0,1.0
50,0.0,1,0,0.0,1.0,1.0
27,130274.26,2,0,1.0,0.0,1.0
49,0.0,1,0,0.0,0.0,0.0
51,125268.03,2,0,0.0,0.0,1.0
36,136492.92,3,1,0.0,0.0,1.0
34,70302.48,1,1,0.0,0.0,0.0
30,133634.02,1,1,0.0,0.0,1.0
38,144432.04,1,1,0.0,0.0,0.0
43,160474.59,1,1,0.0,0.0,0.0
34,0.0,2,0,0.0,0.0,1.0
56,151802.29,1,0,1.0,0.0,1.0
58,145984.92,1,1,1.0,0.0,0.0
38,0.0,3,1,0.0,1.0,1.0
37,64345.21,1,1,0.0,1.0,0.0
38,127678.8,2,0,0.0,0.0,1.0
38,0.0,1,1,0.0,0.0,1.0
63,0.0,1,0,0.0,0.0,0.0
29,0.0,2,0,0.0,0.0,0.0
31,129722.57,1,0,0.0,0.0,1.0
45,139859.23,1,1,0.0,0.0,0.0
28,132932.14,2,1,1.0,0.0,0.0
46,104763.41,1,1,1.0,0.0,1.0
44,124655.59,2,1,1.0,0.0,1.0
71,0.0,1,1,0.0,1.0,1.0
21,35741.69,1,0,1.0,0.0,0.0
20,133800.98,1,1,0.0,0.0,0.0
28,127289.28,1,0,0.0,1.0,1.0
30,88594.14,1,0,0.0,0.0,0.0
33,88311.48,2,1,1.0,0.0,1.0
31,134837.58,1,0,0.0,0.0,1.0
50,121159.65,1,0,0.0,0.0,1.0
37,0.0,2,0,0.0,1.0,0.0
53,127997.83,1,0,1.0,0.0,1.0
26,71281.29,1,1,0.0,0.0,1.0
30,78133.15,1,1,0.0,0.0,1.0
48,111599.32,1,1,1.0,0.0,1.0
41,103154.66,1,0,0.0,1.0,1.0
34,0.0,2,1,0.0,0.0,1.0
22,136444.25,1,0,0.0,0.0,1.0
40,114940.67,2,1,1.0,0.0,0.0
27,115084.53,2,1,1.0,0.0,1.0
31,127331.46,3,1,1.0,0.0,0.0
35,97440.02,2,1,0.0,0.0,0.0
39,0.0,2,1,0.0,0.0,0.0
34,117731.79,2,1,0.0,0.0,1.0
47,109493.62,1,0,1.0,0.0,0.0
35,165692.91,1,1,0.0,0.0,1.0
64,124043.8,1,1,0.0,0.0,0.0
55,140891.46,3,1,1.0,0.0,0.0
49,0.0,2,0,0.0,1.0,0.0
58,149117.31,1,1,0.0,0.0,1.0
38,0.0,2,1,0.0,1.0,1.0
33,99046.31,2,1,1.0,0.0,0.0
55,0.0,1,1,0.0,0.0,1.0
38,0.0,2,0,0.0,0.0,1.0
40,111756.5,1,0,1.0,0.0,1.0
33,51949.95,2,0,1.0,0.0,1.0
37,115345.86,2,0,0.0,0.0,1.0
40,0.0,2,1,0.0,0.0,0.0
42,177822.03,1,0,0.0,0.0,1.0
32,131081.66,2,1,1.0,0.0,1.0
23,84284.48,2,1,0.0,0.0,1.0
20,0.0,2,0,0.0,0.0,1.0
37,148580.12,1,0,0.0,0.0,0.0
41,0.0,2,1,0.0,0.0,1.0
52,83693.34,2,1,1.0,0.0,1.0
37,108308.11,1,0,1.0,0.0,1.0
58,137318.42,1,1,1.0,0.0,1.0
32,120879.73,2,1,0.0,0.0,1.0
32,0.0,2,1,0.0,0.0,1.0
40,54428.37,1,0,0.0,1.0,0.0
57,101134.87,2,1,1.0,0.0,1.0
23,73314.04,2,0,1.0,0.0,1.0
37,74260.03,1,0,0.0,0.0,1.0
35,110934.54,1,0,0.0,0.0,1.0
36,0.0,2,1,0.0,1.0,1.0
34,129417.82,1,0,1.0,0.0,0.0
26,0.0,2,0,0.0,0.0,1.0
38,65095.41,2,1,1.0,0.0,1.0
30,85704.95,1,1,0.0,0.0,1.0
31,0.0,1,0,0.0,0.0,1.0
44,60603.4,1,1,0.0,1.0,0.0
31,125013.72,1,1,1.0,0.0,1.0
34,133598.4,1,1,0.0,0.0,1.0
23,110203.77,1,0,0.0,0.0,1.0
45,0.0,1,0,0.0,0.0,0.0
43,128226.37,1,0,0.0,1.0,1.0
35,122964.88,1,1,0.0,1.0,1.0
70,0.0,1,1,0.0,1.0,0.0
40,121647.54,2,1,1.0,0.0,1.0
69,183744.98,1,1,0.0,1.0,0.0
39,0.0,1,0,0.0,0.0,0.0
67,157094.78,1,1,1.0,0.0,1.0
27,0.0,2,0,0.0,0.0,1.0
57,112044.72,1,1,1.0,0.0,0.0
42,153572.31,2,1,1.0,0.0,1.0
38,88977.39,2,1,1.0,0.0,1.0
46,0.0,2,0,0.0,0.0,1.0
51,92246.14,2,1,1.0,0.0,0.0
58,187911.55,1,1,0.0,0.0,0.0
27,0.0,2,1,0.0,0.0,1.0
41,0.0,2,1,0.0,1.0,0.0
24,0.0,2,1,0.0,0.0,0.0
53,199689.49,1,1,0.0,0.0,1.0
34,99441.21,2,1,1.0,0.0,1.0
46,0.0,2,0,0.0,1.0,1.0
40,0.0,2,1,0.0,0.0,1.0
35,0.0,1,1,0.0,1.0,1.0
69,187013.13,2,1,1.0,0.0,1.0
39,105317.73,2,0,0.0,1.0,1.0
37,112541.54,2,0,0.0,0.0,1.0
33,108393.35,1,1,0.0,0.0,1.0
41,0.0,3,1,0.0,0.0,0.0
41,138937.35,1,1,0.0,0.0,1.0
51,111018.98,1,0,1.0,0.0,0.0
35,135984.15,2,0,0.0,0.0,0.0
28,122034.4,3,1,1.0,0.0,0.0
40,139180.97,1,1,0.0,0.0,0.0
33,58036.33,1,1,0.0,0.0,0.0
33,0.0,2,0,0.0,0.0,0.0
60,0.0,2,1,0.0,0.0,1.0
31,0.0,2,1,0.0,1.0,0.0
38,129893.56,1,0,1.0,0.0,0.0
44,161887.81,2,0,0.0,0.0,0.0
29,172693.54,1,0,1.0,0.0,1.0
44,131593.85,1,1,1.0,0.0,0.0
24,95508.2,1,1,0.0,0.0,0.0
41,0.0,2,0,0.0,0.0,1.0
52,116497.31,3,0,1.0,0.0,1.0
21,0.0,2,1,0.0,1.0,0.0
35,92566.53,2,0,0.0,0.0,1.0
38,0.0,2,1,0.0,0.0,1.0
37,81070.34,2,0,0.0,0.0,0.0
24,0.0,2,1,0.0,0.0,1.0
28,0.0,2,0,0.0,0.0,1.0
31,0.0,2,1,0.0,1.0,0.0
32,0.0,2,0,0.0,0.0,1.0
27,0.0,3,0,0.0,0.0,0.0
39,0.0,2,0,0.0,0.0,0.0
40,0.0,2,0,0.0,0.0,1.0
31,0.0,2,0,0.0,0.0,1.0
37,135179.49,1,0,0.0,0.0,1.0
40,0.0,2,0,0.0,0.0,0.0
40,118633.08,1,1,0.0,0.0,0.0
35,130463.55,2,1,1.0,0.0,1.0
46,190678.02,1,1,0.0,1.0,1.0
23,151097.28,1,1,0.0,0.0,0.0
53,84903.33,2,1,0.0,1.0,1.0
27,95826.49,2,0,1.0,0.0,1.0
36,134997.49,2,0,0.0,0.0,0.0
36,0.0,2,1,0.0,0.0,1.0
22,112949.71,1,0,1.0,0.0,1.0
38,82259.29,1,0,0.0,0.0,1.0
43,0.0,2,1,0.0,1.0,0.0
37,113899.92,1,0,0.0,0.0,0.0
31,0.0,1,1,0.0,0.0,0.0
32,0.0,1,1,0.0,0.0,0.0
45,96877.21,1,1,0.0,0.0,1.0
37,101191.83,1,1,1.0,0.0,1.0
53,139687.66,2,1,1.0,0.0,0.0
30,176166.56,2,1,0.0,0.0,1.0
26,97268.1,2,0,1.0,0.0,1.0
48,0.0,1,0,0.0,0.0,1.0
34,129398.01,2,0,1.0,0.0,0.0
36,97665.61,1,0,0.0,0.0,0.0
20,122446.61,2,0,0.0,1.0,0.0
26,155143.52,1,1,1.0,0.0,0.0
46,135070.58,2,1,1.0,0.0,0.0
41,92805.72,1,1,1.0,0.0,0.0
54,79415.67,1,1,0.0,1.0,1.0
41,104817.41,1,0,0.0,0.0,1.0
36,90145.04,1,1,0.0,0.0,1.0
29,159597.45,1,0,0.0,0.0,1.0
41,115171.71,1,1,0.0,0.0,0.0
63,81245.79,1,0,1.0,0.0,0.0
40,97764.41,1,0,0.0,0.0,0.0
41,141162.08,1,0,0.0,0.0,0.0
28,155060.41,1,0,0.0,0.0,1.0
70,70416.75,1,1,0.0,0.0,1.0
36,0.0,2,1,0.0,0.0,1.0
74,0.0,2,1,0.0,0.0,1.0
46,98899.76,2,1,1.0,0.0,1.0
28,61581.97,1,1,0.0,0.0,1.0
42,80214.36,1,0,0.0,0.0,1.0
41,0.0,1,1,0.0,0.0,1.0
39,0.0,1,1,0.0,0.0,0.0
32,133050.97,2,0,0.0,0.0,1.0
69,154953.94,1,1,0.0,0.0,1.0
35,116932.59,1,0,0.0,1.0,1.0
33,0.0,1,0,0.0,1.0,0.0
42,176099.13,1,1,0.0,0.0,0.0
64,0.0,2,1,0.0,1.0,1.0
37,145018.64,2,0,1.0,0.0,1.0
32,157138.99,3,0,1.0,0.0,0.0
57,0.0,1,0,0.0,0.0,1.0
22,149777.0,1,1,0.0,0.0,1.0
41,0.0,2,0,0.0,0.0,1.0
29,0.0,2,1,0.0,0.0,1.0
47,110022.74,1,1,1.0,0.0,1.0
40,137409.19,1,0,0.0,0.0,0.0
42,137479.13,1,0,1.0,0.0,1.0
47,75408.33,1,0,0.0,1.0,1.0
34,126979.75,1,0,1.0,0.0,1.0
46,0.0,2,0,0.0,1.0,1.0
46,160736.63,1,1,0.0,1.0,1.0
47,137301.87,1,0,0.0,0.0,0.0
36,68881.59,2,1,0.0,0.0,1.0
40,165298.12,1,1,0.0,0.0,0.0
42,0.0,1,0,0.0,1.0,0.0
30,116377.48,1,1,1.0,0.0,0.0
76,128410.71,2,1,0.0,1.0,1.0
52,63349.75,1,0,0.0,0.0,1.0
38,71018.6,2,0,0.0,0.0,1.0
25,90920.75,1,1,0.0,0.0,1.0
25,165413.43,1,1,1.0,0.0,1.0
35,120171.58,1,0,0.0,1.0,0.0
33,0.0,2,0,0.0,0.0,0.0
31,0.0,2,1,0.0,1.0,1.0
46,157866.77,1,1,0.0,0.0,0.0
44,140856.16,2,0,0.0,1.0,1.0
30,104911.35,2,1,1.0,0.0,0.0
41,0.0,1,0,0.0,0.0,0.0
44,111100.98,1,1,1.0,0.0,1.0
69,0.0,2,1,0.0,0.0,1.0
41,106640.5,1,0,1.0,0.0,0.0
60,0.0,1,1,0.0,1.0,1.0
58,0.0,2,1,0.0,0.0,1.0
61,0.0,2,1,0.0,1.0,1.0
37,131519.49,2,1,1.0,0.0,1.0
36,0.0,2,1,0.0,0.0,1.0
26,65848.36,2,0,0.0,1.0,1.0
35,0.0,2,0,0.0,1.0,1.0
27,0.0,2,0,0.0,1.0,1.0
31,97588.6,1,0,0.0,0.0,0.0
66,0.0,2,1,0.0,1.0,1.0
40,0.0,2,0,0.0,0.0,1.0
41,0.0,2,0,0.0,1.0,1.0
39,107553.33,1,0,0.0,1.0,0.0
51,95560.04,1,0,1.0,0.0,0.0
32,0.0,2,0,0.0,1.0,1.0
64,0.0,2,1,0.0,0.0,1.0
37,0.0,2,0,0.0,1.0,0.0
22,98800.0,1,0,0.0,1.0,0.0
37,0.0,2,0,0.0,0.0,1.0
42,0.0,1,1,0.0,0.0,1.0
36,102603.3,2,1,1.0,0.0,1.0
49,0.0,2,0,0.0,0.0,1.0
39,170184.99,2,0,0.0,1.0,1.0
38,95010.92,1,1,0.0,1.0,1.0
23,0.0,2,1,0.0,0.0,1.0
34,148249.54,1,1,1.0,0.0,0.0
64,169362.43,1,0,1.0,0.0,0.0
40,108407.34,1,1,1.0,0.0,1.0
29,99713.87,1,0,0.0,0.0,0.0
35,0.0,2,0,0.0,0.0,1.0
64,145215.43,1,1,1.0,0.0,0.0
30,134152.29,1,1,0.0,1.0,1.0
26,106397.75,1,0,0.0,0.0,1.0
35,110053.62,2,1,1.0,0.0,1.0
37,0.0,1,0,0.0,0.0,1.0
34,53299.96,2,1,0.0,1.0,0.0
36,133889.35,1,1,0.0,0.0,1.0
48,73309.38,1,0,0.0,0.0,0.0
37,130091.5,1,1,0.0,0.0,1.0
22,0.0,3,1,0.0,0.0,1.0
26,122857.46,2,0,0.0,1.0,0.0
55,110123.59,1,1,0.0,0.0,0.0
39,155062.8,1,1,0.0,0.0,0.0
31,0.0,2,1,0.0,0.0,0.0
32,0.0,1,0,0.0,1.0,0.0
36,0.0,2,1,0.0,0.0,1.0
32,0.0,1,0,0.0,1.0,0.0
33,75242.28,1,1,1.0,0.0,1.0
37,115569.21,1,1,1.0,0.0,1.0
24,0.0,2,0,0.0,0.0,1.0
28,147972.19,1,0,1.0,0.0,1.0
37,0.0,2,1,0.0,1.0,0.0
37,111723.08,1,1,0.0,0.0,0.0
29,96674.55,2,0,0.0,1.0,1.0
32,136963.12,1,0,0.0,1.0,1.0
52,0.0,1,0,0.0,1.0,0.0
41,0.0,2,1,0.0,1.0,1.0
43,127806.91,1,1,0.0,0.0,1.0
43,161807.18,2,1,0.0,1.0,1.0
49,195238.29,4,1,0.0,0.0,0.0
45,109162.82,1,1,0.0,0.0,1.0
34,0.0,2,0,0.0,1.0,0.0
68,130169.27,2,1,1.0,0.0,0.0
32,146033.62,1,0,0.0,0.0,0.0
46,118022.06,3,0,0.0,0.0,1.0
31,0.0,2,1,0.0,1.0,0.0
35,134498.54,2,1,1.0,0.0,1.0
41,0.0,1,0,0.0,1.0,0.0
35,88109.81,1,1,1.0,0.0,1.0
31,77082.65,2,0,1.0,0.0,1.0
46,0.0,2,0,0.0,0.0,1.0
69,117866.92,1,1,0.0,0.0,0.0
39,74596.15,3,1,1.0,0.0,0.0
51,108867.0,1,0,0.0,1.0,1.0
50,0.0,4,0,0.0,0.0,0.0
39,97819.36,1,1,0.0,0.0,0.0
44,163867.86,1,1,1.0,0.0,1.0
36,0.0,2,0,0.0,0.0,1.0
35,116269.01,1,0,1.0,0.0,1.0
37,95900.04,1,1,1.0,0.0,0.0
27,105907.42,2,1,1.0,0.0,1.0
41,0.0,1,1,0.0,0.0,0.0
40,130661.96,1,1,0.0,0.0,1.0
36,130700.92,2,0,1.0,0.0,0.0
25,121702.73,1,1,1.0,0.0,1.0
66,0.0,2,1,0.0,0.0,0.0
31,89688.94,1,1,0.0,0.0,0.0
44,148595.55,1,0,0.0,0.0,1.0
36,145750.45,2,1,1.0,0.0,0.0
45,122917.71,1,1,1.0,0.0,1.0
26,130483.95,1,0,1.0,0.0,1.0
35,122570.69,1,0,0.0,1.0,0.0
26,113674.2,1,0,1.0,0.0,0.0
36,132578.92,2,0,1.0,0.0,1.0
30,0.0,1,1,0.0,0.0,1.0
38,0.0,2,1,0.0,1.0,0.0
46,113402.14,2,1,0.0,0.0,0.0
39,132287.92,3,1,1.0,0.0,1.0
40,168286.81,3,0,1.0,0.0,1.0
26,0.0,2,1,0.0,0.0,0.0
35,0.0,1,0,0.0,0.0,0.0
39,0.0,1,0,0.0,1.0,0.0
25,173459.45,2,1,1.0,0.0,1.0
30,0.0,2,0,0.0,0.0,0.0
44,71497.79,2,0,1.0,0.0,0.0
36,0.0,2,0,0.0,0.0,1.0
29,145512.84,1,0,0.0,0.0,1.0
51,174397.21,2,1,0.0,1.0,1.0
41,0.0,2,1,0.0,1.0,1.0
59,0.0,2,1,0.0,0.0,1.0
31,167949.48,1,0,0.0,0.0,0.0
36,101609.01,2,1,1.0,0.0,0.0
45,0.0,1,0,0.0,1.0,0.0
31,142631.54,2,1,1.0,0.0,1.0
42,120094.93,1,0,0.0,0.0,1.0
37,0.0,2,1,0.0,1.0,0.0
38,148912.44,1,0,0.0,0.0,1.0
32,0.0,2,0,0.0,0.0,1.0
46,140355.6,1,1,0.0,1.0,0.0
29,154333.82,1,1,1.0,0.0,0.0
27,0.0,2,1,0.0,0.0,1.0
29,133681.78,1,1,0.0,0.0,0.0
31,110581.29,1,1,0.0,0.0,0.0
26,114450.32,1,1,1.0,0.0,1.0
45,135643.0,1,0,1.0,0.0,0.0
42,137227.04,3,0,1.0,0.0,0.0
42,41473.33,1,0,0.0,1.0,1.0
31,0.0,2,1,0.0,1.0,1.0
37,106967.18,1,0,0.0,0.0,1.0
33,103564.83,2,0,1.0,0.0,1.0
25,0.0,2,0,0.0,0.0,1.0
67,124577.15,1,1,0.0,1.0,0.0
38,140278.99,3,1,0.0,0.0,1.0
34,0.0,2,0,0.0,0.0,0.0
29,0.0,2,0,0.0,0.0,1.0
32,0.0,2,1,0.0,0.0,1.0
39,0.0,2,1,0.0,0.0,1.0
34,0.0,2,0,0.0,0.0,0.0
29,146011.4,1,0,0.0,0.0,0.0
36,0.0,1,1,0.0,1.0,1.0
30,128393.29,1,1,0.0,1.0,1.0
55,0.0,2,1,0.0,0.0,0.0
25,126442.59,1,0,0.0,0.0,0.0
42,132657.55,1,0,0.0,1.0,1.0
44,105007.31,2,1,1.0,0.0,1.0
71,119496.87,1,0,1.0,0.0,1.0
38,134006.77,1,0,0.0,0.0,1.0
32,146605.27,1,1,0.0,0.0,1.0
33,0.0,2,1,0.0,0.0,1.0
65,126306.64,3,0,1.0,0.0,1.0
28,95059.02,2,0,0.0,0.0,0.0
36,112262.84,1,0,0.0,0.0,1.0
24,0.0,3,1,0.0,0.0,1.0
26,135067.52,2,0,1.0,0.0,0.0
35,0.0,2,1,0.0,0.0,0.0
74,114888.74,2,1,1.0,0.0,0.0
70,0.0,2,1,0.0,1.0,0.0
48,92347.96,1,1,0.0,0.0,1.0
40,128398.38,1,0,0.0,1.0,0.0
30,83319.28,1,0,0.0,1.0,0.0
34,0.0,2,1,0.0,1.0,0.0
59,170331.37,1,1,1.0,0.0,1.0
48,141819.02,1,0,1.0,0.0,0.0
32,184715.86,2,0,1.0,0.0,1.0
37,0.0,2,1,0.0,0.0,1.0
42,0.0,2,1,0.0,0.0,1.0
35,132292.63,1,0,0.0,0.0,0.0
45,24043.45,1,1,0.0,0.0,1.0
61,66101.89,1,1,1.0,0.0,0.0
37,0.0,2,0,0.0,1.0,1.0
35,0.0,2,1,0.0,0.0,1.0
35,127801.88,1,1,1.0,0.0,1.0
39,92126.26,2,0,0.0,1.0,0.0
45,110827.49,1,1,1.0,0.0,0.0
36,148667.81,2,0,0.0,0.0,0.0
49,121973.28,1,0,0.0,0.0,1.0
37,116880.53,1,0,1.0,0.0,1.0
52,107906.75,1,0,1.0,0.0,0.0
36,0.0,2,1,0.0,1.0,1.0
41,0.0,2,0,0.0,0.0,1.0
28,84121.04,1,1,0.0,1.0,0.0
29,178171.04,2,1,0.0,0.0,0.0
45,129855.32,1,0,0.0,0.0,1.0
42,99836.47,1,1,0.0,1.0,0.0
31,0.0,2,0,0.0,1.0,0.0
41,146720.98,2,1,1.0,0.0,0.0
30,0.0,1,1,0.0,1.0,1.0
37,0.0,2,0,0.0,0.0,1.0
43,105301.5,1,1,1.0,0.0,1.0
36,0.0,2,1,0.0,1.0,1.0
33,155736.42,2,1,1.0,0.0,1.0
35,135871.5,1,1,0.0,0.0,1.0
41,145754.91,1,1,0.0,0.0,0.0
37,138292.64,2,0,1.0,0.0,1.0
43,113567.94,1,0,0.0,1.0,1.0
39,133707.09,1,1,0.0,0.0,1.0
32,0.0,2,1,0.0,0.0,0.0
39,131607.28,4,1,1.0,0.0,1.0
40,154863.15,1,1,0.0,0.0,1.0
50,0.0,1,1,0.0,1.0,0.0
26,109819.16,2,0,1.0,0.0,0.0
32,38550.06,1,1,0.0,0.0,0.0
64,0.0,1,1,0.0,0.0,0.0
34,0.0,2,1,0.0,0.0,1.0
50,165438.26,1,0,0.0,0.0,1.0
37,108269.37,1,0,0.0,1.0,0.0
34,0.0,2,0,0.0,0.0,1.0
38,98640.74,1,1,0.0,0.0,0.0
23,126873.52,1,1,0.0,1.0,1.0
37,0.0,3,0,0.0,1.0,0.0
72,0.0,2,1,0.0,1.0,0.0
25,75212.28,1,0,0.0,1.0,0.0
29,105599.67,1,1,0.0,0.0,0.0
39,0.0,2,1,0.0,0.0,0.0
29,85646.81,1,0,0.0,0.0,0.0
45,0.0,1,0,0.0,1.0,1.0
39,0.0,2,0,0.0,1.0,0.0
45,0.0,2,0,0.0,1.0,1.0
56,129255.2,2,0,0.0,0.0,0.0
46,0.0,1,1,0.0,0.0,0.0
38,0.0,2,0,0.0,1.0,1.0
36,0.0,1,0,0.0,0.0,1.0
40,0.0,1,1,0.0,0.0,0.0
29,0.0,2,1,0.0,0.0,1.0
59,0.0,2,1,0.0,0.0,0.0
39,0.0,2,0,0.0,0.0,1.0
36,0.0,2,0,0.0,0.0,1.0
43,139972.18,1,0,0.0,0.0,0.0
69,107569.96,1,1,0.0,1.0,0.0
32,0.0,2,0,0.0,0.0,1.0
64,91216.0,1,1,0.0,1.0,0.0
51,105229.53,1,0,0.0,0.0,0.0
67,158719.57,1,1,0.0,1.0,1.0
52,144696.75,1,1,1.0,0.0,1.0
38,84651.79,1,1,1.0,0.0,1.0
28,0.0,2,0,0.0,0.0,1.0
43,0.0,2,0,0.0,0.0,0.0
33,136678.52,1,0,0.0,0.0,1.0
30,122924.75,1,0,0.0,1.0,0.0
36,65253.07,2,0,1.0,0.0,0.0
72,0.0,2,1,0.0,0.0,0.0
32,172448.77,1,0,0.0,0.0,0.0
39,95252.72,1,0,1.0,0.0,1.0
32,0.0,2,1,0.0,0.0,0.0
39,0.0,2,0,0.0,0.0,1.0
25,0.0,2,1,0.0,0.0,1.0
48,142055.41,2,1,1.0,0.0,1.0
38,110570.78,2,0,0.0,0.0,0.0
41,97925.11,1,0,0.0,0.0,1.0
27,62339.81,2,0,0.0,0.0,0.0
45,0.0,2,0,0.0,0.0,0.0
35,0.0,2,1,0.0,0.0,1.0
39,0.0,2,0,0.0,0.0,1.0
29,157576.47,2,1,0.0,1.0,0.0
31,146587.3,1,1,1.0,0.0,1.0
36,81210.72,2,1,0.0,0.0,1.0
29,197200.04,2,0,0.0,1.0,1.0
40,134320.23,2,0,0.0,0.0,1.0
43,116220.5,3,0,1.0,0.0,0.0
29,0.0,2,1,0.0,0.0,1.0
27,102000.17,1,1,0.0,0.0,0.0
38,138731.95,1,1,0.0,0.0,0.0
34,0.0,1,0,0.0,0.0,1.0
32,162657.64,2,1,1.0,0.0,1.0
40,0.0,2,0,0.0,0.0,0.0
35,107749.03,1,1,0.0,0.0,0.0
38,105069.98,2,1,0.0,0.0,1.0
27,0.0,2,0,0.0,0.0,0.0
30,0.0,2,0,0.0,0.0,0.0
39,0.0,2,1,0.0,0.0,1.0
31,0.0,2,0,0.0,0.0,0.0
46,180226.24,1,0,0.0,0.0,1.0
37,0.0,1,1,0.0,0.0,1.0
26,0.0,2,0,0.0,1.0,0.0
25,106570.34,2,1,1.0,0.0,0.0
39,89039.9,2,1,0.0,1.0,1.0
49,169377.31,1,1,1.0,0.0,1.0
53,170491.84,1,0,0.0,1.0,1.0
48,179380.74,2,1,0.0,0.0,0.0
37,129965.18,1,0,1.0,0.0,1.0
37,124513.66,2,0,1.0,0.0,0.0
42,143145.87,2,0,0.0,1.0,1.0
31,0.0,2,0,0.0,0.0,0.0
38,158651.29,2,1,1.0,0.0,0.0
38,130015.24,1,1,0.0,0.0,1.0
22,114440.24,1,1,0.0,1.0,0.0
59,0.0,1,1,0.0,0.0,0.0
37,107720.64,1,1,1.0,0.0,1.0
25,91718.8,1,0,0.0,0.0,0.0
40,0.0,3,1,0.0,0.0,0.0
29,45022.23,1,1,0.0,1.0,1.0
42,106036.52,1,0,0.0,0.0,1.0
30,101140.76,1,1,0.0,0.0,1.0
20,134397.61,1,0,0.0,0.0,0.0
53,99141.86,1,1,1.0,0.0,1.0
59,0.0,2,0,0.0,0.0,1.0
59,95727.05,1,0,1.0,0.0,0.0
29,127570.93,2,0,0.0,1.0,0.0
53,0.0,2,0,0.0,0.0,0.0
48,78314.63,3,1,0.0,0.0,1.0
34,0.0,2,0,0.0,0.0,1.0
52,0.0,2,1,0.0,0.0,1.0
42,0.0,2,1,0.0,1.0,0.0
35,98270.34,1,0,1.0,0.0,1.0
33,83415.04,1,1,1.0,0.0,0.0
25,0.0,2,1,0.0,0.0,1.0
35,102482.76,1,1,0.0,0.0,0.0
60,113715.36,1,0,1.0,0.0,1.0
35,104508.1,1,1,0.0,0.0,0.0
37,0.0,2,1,0.0,0.0,1.0
33,129834.67,1,0,1.0,0.0,1.0
19,130274.22,1,1,0.0,1.0,1.0
37,142987.46,2,0,0.0,0.0,0.0
21,0.0,2,1,0.0,1.0,0.0
19,110928.51,1,1,0.0,0.0,1.0
45,88656.37,2,0,0.0,1.0,1.0
42,0.0,2,1,0.0,0.0,1.0
39,129189.15,2,0,0.0,0.0,0.0
35,104832.49,1,0,0.0,1.0,1.0
34,150856.79,1,1,0.0,0.0,1.0
56,0.0,2,1,0.0,0.0,0.0
42,0.0,2,0,0.0,0.0,1.0
39,0.0,2,1,0.0,0.0,1.0
54,0.0,1,0,0.0,1.0,0.0
40,104291.41,2,1,0.0,1.0,1.0
47,139756.12,1,0,1.0,0.0,0.0
67,145981.87,1,1,0.0,0.0,1.0
43,0.0,2,0,0.0,0.0,0.0
56,174506.1,2,1,0.0,1.0,0.0
71,0.0,2,1,0.0,0.0,1.0
24,98148.61,1,0,0.0,0.0,1.0
38,133189.4,1,0,0.0,0.0,0.0
38,0.0,2,0,0.0,0.0,1.0
37,105961.68,2,1,0.0,0.0,1.0
31,0.0,2,0,0.0,1.0,0.0
41,190409.34,2,1,1.0,0.0,1.0
38,122447.76,1,0,0.0,1.0,1.0
34,122338.43,2,0,0.0,0.0,0.0
61,117419.35,1,1,0.0,0.0,0.0
39,91068.56,1,0,0.0,0.0,1.0
51,0.0,3,1,0.0,0.0,0.0
37,0.0,2,0,0.0,0.0,1.0
42,0.0,1,0,0.0,0.0,1.0
46,139859.54,1,0,0.0,0.0,1.0
36,113877.23,2,0,1.0,0.0,1.0
41,0.0,2,0,0.0,0.0,0.0
51,0.0,1,0,0.0,0.0,0.0
52,124099.13,1,0,1.0,0.0,0.0
31,113292.17,1,1,0.0,0.0,1.0
25,148042.97,2,0,0.0,1.0,1.0
58,89685.92,1,1,0.0,0.0,1.0
43,132615.73,2,0,1.0,0.0,1.0
40,141782.57,2,0,1.0,0.0,0.0
28,135337.49,2,1,1.0,0.0,0.0
41,0.0,2,0,0.0,1.0,0.0
31,118100.59,2,0,0.0,0.0,0.0
55,123378.2,1,0,1.0,0.0,0.0
44,0.0,2,0,0.0,0.0,0.0
33,80462.24,1,0,0.0,1.0,1.0
43,66338.68,1,1,0.0,0.0,1.0
35,174894.53,1,1,0.0,1.0,1.0
37,143258.85,2,0,1.0,0.0,0.0
48,91246.53,1,0,0.0,0.0,1.0
43,0.0,2,1,0.0,0.0,1.0
38,123948.85,1,0,1.0,0.0,0.0
39,98544.11,1,1,0.0,1.0,0.0
44,95488.82,2,0,1.0,0.0,1.0
40,123177.01,1,0,0.0,1.0,1.0
39,0.0,2,0,0.0,0.0,1.0
39,0.0,2,1,0.0,1.0,1.0
19,143390.51,1,0,0.0,0.0,1.0
32,123502.53,1,1,0.0,0.0,0.0
36,0.0,2,0,0.0,0.0,0.0
34,152992.91,1,1,0.0,0.0,0.0
34,175111.11,1,1,0.0,0.0,1.0
31,0.0,2,1,0.0,0.0,0.0
35,119948.09,1,0,1.0,0.0,0.0
45,68375.27,1,0,0.0,0.0,1.0
19,75888.2,1,0,1.0,0.0,1.0
49,122451.46,2,1,0.0,0.0,1.0
32,0.0,2,0,0.0,0.0,0.0
58,104796.54,1,1,0.0,0.0,1.0
60,0.0,1,0,0.0,0.0,1.0
36,0.0,1,0,0.0,0.0,0.0
39,0.0,1,1,0.0,1.0,1.0
40,150578.0,1,1,0.0,0.0,1.0
72,0.0,2,1,0.0,0.0,0.0
35,178032.53,1,1,0.0,0.0,0.0
51,88827.53,1,0,0.0,1.0,1.0
36,0.0,1,1,0.0,0.0,1.0
40,92055.36,1,1,0.0,0.0,0.0
24,137492.35,2,1,0.0,0.0,1.0
38,119658.49,1,1,0.0,1.0,0.0
38,126473.99,1,0,0.0,1.0,1.0
41,123049.21,1,1,1.0,0.0,1.0
53,114421.55,1,0,1.0,0.0,1.0
23,104592.55,2,0,1.0,0.0,1.0
79,108078.56,1,1,0.0,1.0,0.0
42,148283.94,1,1,0.0,0.0,0.0
33,139451.67,1,0,0.0,0.0,1.0
33,0.0,2,0,0.0,0.0,0.0
25,0.0,2,1,0.0,0.0,1.0
78,151675.65,1,1,0.0,1.0,1.0
43,0.0,2,0,0.0,0.0,0.0
43,145618.37,1,1,0.0,0.0,0.0
46,0.0,2,1,0.0,0.0,0.0
33,0.0,1,1,0.0,0.0,0.0
42,138912.17,1,1,0.0,1.0,0.0
57,106138.33,2,1,1.0,0.0,0.0
44,81811.71,1,0,0.0,1.0,0.0
23,139542.82,1,1,1.0,0.0,1.0
26,214346.96,2,0,1.0,0.0,1.0
31,61297.05,2,1,0.0,0.0,1.0
41,0.0,2,1,0.0,1.0,1.0
38,86131.71,2,0,0.0,1.0,1.0
38,143006.7,1,1,0.0,1.0,1.0
29,101486.96,1,1,0.0,0.0,1.0
30,115286.68,2,1,1.0,0.0,1.0
34,0.0,2,0,0.0,1.0,0.0
32,100262.88,2,1,0.0,1.0,1.0
30,74323.2,1,1,0.0,0.0,0.0
23,0.0,2,0,0.0,1.0,0.0
39,102556.18,2,0,1.0,0.0,0.0
46,0.0,2,1,0.0,1.0,0.0
41,57568.94,1,1,0.0,0.0,1.0
32,155619.36,1,1,0.0,1.0,1.0
52,135870.01,2,0,1.0,0.0,1.0
50,119655.77,1,1,1.0,0.0,1.0
32,147256.86,1,0,0.0,0.0,0.0
32,93694.42,1,1,0.0,0.0,1.0
22,89492.62,1,0,0.0,0.0,0.0
31,0.0,2,1,0.0,0.0,1.0
30,0.0,2,1,0.0,0.0,0.0
51,0.0,1,1,0.0,1.0,1.0
42,177728.55,1,0,1.0,0.0,1.0
48,0.0,2,1,0.0,0.0,0.0
52,0.0,1,0,0.0,0.0,0.0
51,84474.62,2,1,0.0,1.0,0.0
36,129944.39,2,0,0.0,0.0,0.0
44,0.0,1,0,0.0,1.0,1.0
34,108513.25,2,1,1.0,0.0,1.0
40,0.0,2,0,0.0,0.0,1.0
46,0.0,1,0,0.0,0.0,0.0
50,148942.0,1,1,0.0,0.0,1.0
42,133616.39,1,0,0.0,0.0,0.0
54,0.0,1,1,0.0,1.0,0.0
41,95858.37,1,1,0.0,0.0,0.0
34,117715.84,1,0,0.0,0.0,1.0
50,144895.05,2,1,1.0,0.0,0.0
69,78833.15,2,1,1.0,0.0,0.0
44,0.0,2,0,0.0,1.0,1.0
41,0.0,1,0,0.0,1.0,0.0
38,0.0,2,1,0.0,0.0,0.0
37,122506.38,1,1,1.0,0.0,1.0
23,0.0,2,1,0.0,1.0,0.0
61,125397.21,1,0,1.0,0.0,0.0
34,117300.02,1,0,0.0,1.0,1.0
37,0.0,2,1,0.0,0.0,1.0
45,0.0,4,0,0.0,0.0,0.0
47,117879.32,1,1,0.0,0.0,1.0
34,144855.34,1,0,0.0,1.0,0.0
29,129514.99,1,1,1.0,0.0,1.0
39,138106.75,1,0,0.0,0.0,0.0
31,108345.22,1,1,0.0,0.0,1.0
42,101043.63,1,1,0.0,1.0,1.0
49,0.0,2,1,0.0,0.0,1.0
38,135979.01,4,1,0.0,0.0,0.0
34,0.0,2,1,0.0,0.0,1.0
18,128743.8,1,0,1.0,0.0,0.0
47,123365.34,2,0,0.0,0.0,0.0
35,0.0,1,0,0.0,0.0,0.0
30,0.0,2,0,0.0,0.0,1.0
47,0.0,1,0,0.0,1.0,1.0
37,0.0,2,1,0.0,0.0,1.0
32,145330.43,1,1,1.0,0.0,0.0
35,121418.62,1,1,0.0,0.0,0.0
45,174088.3,4,0,0.0,1.0,0.0
33,153819.58,1,0,0.0,0.0,1.0
39,92224.56,1,1,0.0,0.0,0.0
39,96863.13,1,1,0.0,0.0,1.0
49,0.0,1,0,0.0,1.0,0.0
59,138772.15,1,1,0.0,0.0,1.0
31,0.0,2,0,0.0,0.0,1.0
42,99948.45,1,1,1.0,0.0,0.0
27,154483.98,1,0,0.0,0.0,1.0
43,157960.49,2,0,0.0,0.0,1.0
46,117837.43,1,0,1.0,0.0,1.0
32,106045.92,2,1,0.0,0.0,0.0
33,0.0,2,0,0.0,0.0,1.0
41,131762.94,1,1,0.0,0.0,1.0
39,132865.56,1,1,0.0,0.0,0.0
45,0.0,1,0,0.0,0.0,0.0
38,0.0,2,1,0.0,1.0,1.0
58,125850.53,2,1,1.0,0.0,1.0
29,132144.35,1,0,0.0,0.0,0.0
41,0.0,2,0,0.0,0.0,1.0
46,127559.97,2,1,1.0,0.0,1.0
35,140691.08,2,0,1.0,0.0,1.0
48,0.0,2,1,0.0,1.0,1.0
26,147037.32,1,0,1.0,0.0,1.0
36,174060.46,1,1,0.0,0.0,1.0
46,0.0,1,1,0.0,0.0,1.0
39,139723.9,1,1,0.0,1.0,0.0
51,93656.95,1,1,0.0,1.0,0.0
30,139762.13,2,1,1.0,0.0,1.0
43,132412.38,1,0,0.0,0.0,1.0
73,137732.23,2,1,0.0,0.0,0.0
33,140700.61,1,0,0.0,0.0,1.0
26,137998.2,2,1,0.0,0.0,1.0
73,0.0,2,0,0.0,0.0,0.0
34,137361.96,1,0,0.0,0.0,1.0
25,0.0,1,0,0.0,0.0,1.0
38,63176.44,2,1,1.0,0.0,1.0
30,169462.09,1,0,0.0,0.0,1.0
35,133607.75,1,1,1.0,0.0,0.0
33,0.0,1,0,0.0,0.0,0.0
58,178713.98,1,1,0.0,1.0,1.0
19,108711.57,2,0,1.0,0.0,0.0
35,176273.95,1,1,0.0,1.0,1.0
26,139584.57,1,0,0.0,1.0,1.0
50,104129.24,2,0,0.0,0.0,1.0
22,169649.73,2,1,0.0,1.0,0.0
67,125919.35,1,0,0.0,1.0,1.0
38,0.0,1,0,0.0,1.0,1.0
27,0.0,2,0,0.0,0.0,1.0
34,124379.14,1,0,0.0,0.0,0.0
32,92041.87,1,1,1.0,0.0,0.0
48,87070.23,1,1,0.0,1.0,1.0
30,110153.27,1,1,1.0,0.0,1.0
34,91258.52,2,0,1.0,0.0,0.0
32,0.0,2,1,0.0,1.0,1.0
51,116574.84,1,0,1.0,0.0,0.0
44,0.0,2,0,0.0,1.0,1.0
29,152265.43,1,0,0.0,0.0,0.0
43,107963.38,1,0,1.0,0.0,0.0
32,105000.23,1,0,0.0,0.0,1.0
37,0.0,2,1,0.0,0.0,1.0
40,0.0,1,1,0.0,0.0,0.0
28,96213.82,2,0,1.0,0.0,1.0
40,95710.11,2,0,1.0,0.0,1.0
25,0.0,2,1,0.0,0.0,1.0
29,0.0,2,0,0.0,1.0,0.0
26,136214.08,1,0,0.0,0.0,0.0
32,111871.93,1,0,0.0,0.0,0.0
37,0.0,2,1,0.0,0.0,0.0
31,120599.38,2,1,1.0,0.0,0.0
49,159458.53,1,0,0.0,0.0,1.0
35,128415.45,1,0,0.0,1.0,0.0
45,144889.18,1,1,0.0,0.0,1.0
41,143350.41,1,1,1.0,0.0,1.0
48,0.0,2,1,0.0,0.0,1.0
47,93871.95,3,0,0.0,0.0,1.0
55,0.0,2,1,0.0,0.0,1.0
31,141751.82,1,1,0.0,1.0,0.0
39,102025.08,2,0,0.0,0.0,1.0
28,142243.54,2,0,0.0,0.0,0.0
44,0.0,2,0,0.0,0.0,1.0
26,142662.68,1,0,0.0,0.0,1.0
32,102128.27,1,0,1.0,0.0,1.0
44,0.0,3,0,0.0,1.0,0.0
33,164704.38,1,1,0.0,0.0,1.0
32,159397.75,1,1,0.0,1.0,0.0
39,0.0,2,1,0.0,0.0,1.0
71,0.0,2,1,0.0,0.0,1.0
39,0.0,2,0,0.0,1.0,0.0
49,0.0,2,1,0.0,1.0,0.0
43,85162.26,1,1,0.0,1.0,1.0
21,0.0,2,1,0.0,1.0,1.0
42,139707.28,1,0,1.0,0.0,0.0
31,151290.16,1,1,0.0,0.0,0.0
37,83568.55,1,0,0.0,0.0,1.0
36,145387.32,2,1,1.0,0.0,0.0
41,114206.84,1,0,1.0,0.0,0.0
36,65349.71,1,0,1.0,0.0,1.0
33,0.0,2,1,0.0,0.0,1.0
35,124098.54,1,0,1.0,0.0,1.0
45,0.0,2,1,0.0,1.0,1.0
29,144591.96,1,1,0.0,0.0,1.0
43,145843.82,1,1,0.0,1.0,1.0
20,134874.4,1,1,1.0,0.0,1.0
35,0.0,2,1,0.0,1.0,0.0
66,0.0,1,1,0.0,1.0,0.0
46,0.0,2,1,0.0,0.0,1.0
55,106415.57,3,1,0.0,0.0,1.0
38,111096.91,1,1,1.0,0.0,1.0
33,0.0,2,1,0.0,0.0,1.0
54,152677.48,1,1,0.0,1.0,1.0
35,131504.73,1,0,1.0,0.0,0.0
48,106396.48,1,1,1.0,0.0,1.0
33,0.0,2,1,0.0,0.0,1.0
38,168190.33,2,0,0.0,0.0,0.0
60,0.0,2,1,0.0,0.0,0.0
51,0.0,2,0,0.0,1.0,1.0
46,120392.99,1,0,1.0,0.0,0.0
64,0.0,1,1,0.0,0.0,0.0
56,0.0,2,1,0.0,0.0,1.0
32,62321.62,1,1,0.0,0.0,1.0
44,125512.98,2,0,0.0,1.0,0.0
32,97514.07,1,1,0.0,0.0,1.0
47,171937.27,1,1,1.0,0.0,1.0
38,101985.81,2,0,1.0,0.0,1.0
39,139443.75,2,0,0.0,1.0,1.0
79,0.0,2,1,0.0,0.0,0.0
67,151858.98,1,1,0.0,1.0,1.0
34,96127.27,1,0,0.0,0.0,0.0
24,0.0,2,1,0.0,0.0,1.0
48,100900.5,1,0,1.0,0.0,1.0
40,0.0,2,0,0.0,1.0,0.0
48,0.0,2,0,0.0,0.0,0.0
38,129728.6,1,0,1.0,0.0,1.0
62,118356.89,2,0,1.0,0.0,1.0
41,130385.82,1,1,0.0,0.0,1.0
31,0.0,2,1,0.0,0.0,0.0
46,0.0,2,0,0.0,1.0,1.0
42,70105.87,1,1,0.0,1.0,1.0
51,119741.77,2,0,1.0,0.0,0.0
29,0.0,2,1,0.0,0.0,1.0
32,133476.09,1,1,0.0,1.0,1.0
58,0.0,2,1,0.0,0.0,0.0
43,119654.44,2,1,1.0,0.0,1.0
30,78653.05,1,0,0.0,1.0,1.0
31,100082.14,1,1,0.0,0.0,1.0
37,0.0,2,1,0.0,1.0,0.0
36,129118.5,2,0,1.0,0.0,0.0
41,0.0,2,1,0.0,1.0,1.0
55,137592.31,2,1,1.0,0.0,0.0
55,134140.68,1,0,0.0,0.0,1.0
27,128554.98,1,1,0.0,0.0,1.0
29,0.0,2,1,0.0,1.0,1.0
43,95556.31,1,1,1.0,0.0,1.0
34,148375.19,2,1,1.0,0.0,1.0
39,157371.54,1,1,0.0,0.0,0.0
38,73023.17,2,0,1.0,0.0,1.0
39,117704.73,1,0,0.0,0.0,0.0
32,0.0,2,1,0.0,1.0,1.0
31,93460.47,2,0,1.0,0.0,0.0
45,108924.33,2,0,1.0,0.0,1.0
38,135289.33,2,1,0.0,1.0,1.0
71,104308.77,1,1,0.0,0.0,0.0
36,119984.07,1,0,1.0,0.0,1.0
43,132558.26,1,0,0.0,0.0,0.0
61,94867.18,2,1,1.0,0.0,0.0
43,78022.61,1,1,0.0,1.0,1.0
25,127974.06,2,1,0.0,0.0,0.0
42,0.0,2,1,0.0,0.0,1.0
38,120623.21,1,0,1.0,0.0,0.0
48,133297.24,1,0,0.0,0.0,0.0
35,0.0,2,1,0.0,1.0,1.0
31,109848.6,1,1,0.0,0.0,0.0
41,127892.57,2,1,1.0,0.0,1.0
36,108960.0,2,0,0.0,1.0,0.0
34,140694.78,2,0,0.0,1.0,1.0
33,0.0,2,1,0.0,1.0,0.0
46,85216.61,1,0,0.0,0.0,0.0
25,108664.85,2,0,0.0,0.0,0.0
36,0.0,2,0,0.0,0.0,1.0
36,0.0,2,1,0.0,0.0,1.0
49,111087.5,1,1,0.0,1.0,1.0
26,0.0,2,0,0.0,0.0,0.0
46,121063.8,3,0,1.0,0.0,1.0
40,107949.45,1,0,1.0,0.0,1.0
37,0.0,2,0,0.0,0.0,0.0
31,107784.65,1,1,0.0,0.0,0.0
25,0.0,2,1,0.0,0.0,1.0
58,216109.88,1,1,0.0,1.0,0.0
44,193213.02,2,1,0.0,1.0,0.0
28,0.0,2,1,0.0,0.0,0.0
23,0.0,2,0,0.0,0.0,0.0
30,98014.74,1,1,0.0,0.0,1.0
44,123322.15,1,0,0.0,0.0,0.0
34,0.0,2,1,0.0,1.0,1.0
24,146126.75,1,1,0.0,0.0,1.0
40,160272.27,1,0,0.0,0.0,1.0
48,95808.19,1,0,0.0,1.0,0.0
39,125211.55,2,0,0.0,0.0,1.0
36,82729.49,1,0,0.0,1.0,1.0
28,0.0,1,0,0.0,0.0,1.0
61,0.0,2,0,0.0,1.0,1.0
26,116244.14,2,1,1.0,0.0,1.0
30,0.0,1,0,0.0,0.0,1.0
31,0.0,2,1,0.0,0.0,0.0
34,91562.99,1,1,0.0,0.0,1.0
53,0.0,1,1,0.0,1.0,1.0
35,0.0,2,0,0.0,1.0,1.0
68,97705.99,1,1,0.0,0.0,1.0
35,136496.12,2,0,1.0,0.0,1.0
37,0.0,2,0,0.0,0.0,0.0
41,93925.3,1,0,1.0,0.0,1.0
83,123356.63,1,1,1.0,0.0,1.0
25,0.0,2,0,0.0,0.0,1.0
28,111167.7,1,0,0.0,0.0,1.0
62,119096.55,1,1,0.0,0.0,1.0
30,0.0,2,0,0.0,1.0,0.0
23,116022.53,2,1,1.0,0.0,0.0
19,128514.84,1,0,0.0,0.0,1.0
37,75150.34,4,1,0.0,0.0,0.0
39,0.0,2,1,0.0,0.0,1.0
75,87140.85,1,1,0.0,0.0,1.0
27,127009.83,1,0,0.0,0.0,1.0
25,0.0,2,1,0.0,0.0,0.0
44,0.0,1,0,0.0,1.0,1.0
36,156021.31,1,0,0.0,0.0,0.0
45,153697.53,2,0,0.0,0.0,0.0
47,106758.6,1,1,0.0,1.0,1.0
28,132405.52,3,0,1.0,0.0,1.0
47,0.0,2,1,0.0,0.0,0.0
47,0.0,2,0,0.0,0.0,1.0
45,128352.59,3,1,1.0,0.0,0.0
49,145359.99,1,0,0.0,0.0,0.0
26,0.0,2,0,0.0,0.0,0.0
32,139626.01,1,1,1.0,0.0,1.0
32,127849.38,1,0,0.0,0.0,0.0
47,0.0,1,1,0.0,0.0,0.0
32,0.0,2,0,0.0,1.0,0.0
35,0.0,2,0,0.0,0.0,1.0
27,0.0,2,0,0.0,0.0,1.0
42,0.0,4,0,0.0,0.0,0.0
40,0.0,1,0,0.0,0.0,0.0
40,0.0,2,0,0.0,0.0,0.0
37,178742.71,1,1,0.0,1.0,1.0
41,99945.93,2,0,0.0,1.0,0.0
31,94263.91,2,0,0.0,0.0,1.0
23,80673.96,2,0,0.0,0.0,1.0
35,0.0,2,0,0.0,0.0,0.0
18,142872.36,1,1,1.0,0.0,1.0
42,187534.79,1,1,0.0,0.0,1.0
45,0.0,2,1,0.0,0.0,0.0
37,126817.13,2,1,1.0,0.0,1.0
54,0.0,1,1,0.0,1.0,1.0
35,0.0,3,1,0.0,0.0,0.0
21,86402.52,2,0,1.0,0.0,1.0
32,139875.2,2,0,1.0,0.0,0.0
46,57037.74,1,1,0.0,0.0,1.0
29,0.0,2,1,0.0,1.0,0.0
27,0.0,1,0,0.0,0.0,1.0
49,113599.74,2,0,1.0,0.0,1.0
31,0.0,1,1,0.0,1.0,1.0
35,163856.76,1,1,1.0,0.0,1.0
56,62732.65,1,1,0.0,0.0,0.0
27,190125.43,2,0,1.0,0.0,1.0
27,150905.03,2,0,1.0,0.0,0.0
28,156823.7,2,0,0.0,1.0,1.0
27,126285.73,1,0,1.0,0.0,1.0
40,99004.24,1,1,0.0,1.0,1.0
29,99027.61,2,0,1.0,0.0,0.0
42,177626.77,3,1,0.0,1.0,1.0
36,119799.27,2,0,0.0,1.0,0.0
35,0.0,1,0,0.0,1.0,0.0
36,99806.85,1,1,1.0,0.0,0.0
46,0.0,1,1,0.0,0.0,0.0
36,91711.59,1,1,0.0,0.0,0.0
36,106190.55,1,1,0.0,1.0,1.0
33,129907.63,1,1,0.0,0.0,1.0
35,0.0,2,0,0.0,1.0,1.0
31,88161.85,2,0,0.0,1.0,0.0
29,141325.56,1,1,0.0,0.0,1.0
37,0.0,1,1,0.0,0.0,1.0
27,0.0,2,0,0.0,0.0,1.0
49,113882.33,1,0,1.0,0.0,1.0
39,129626.19,2,1,1.0,0.0,1.0
58,110597.76,1,1,1.0,0.0,1.0
24,97378.54,1,1,0.0,1.0,0.0
50,0.0,1,0,0.0,0.0,0.0
41,0.0,2,1,0.0,0.0,0.0
39,100116.67,1,1,1.0,0.0,0.0
35,110067.71,1,0,1.0,0.0,1.0
38,126645.13,1,1,0.0,0.0,0.0
43,115643.58,2,0,0.0,1.0,1.0
50,0.0,1,0,0.0,0.0,0.0
34,76001.57,1,1,0.0,1.0,0.0
36,108546.16,3,0,0.0,0.0,1.0
58,0.0,1,1,0.0,0.0,1.0
57,111359.55,2,0,0.0,0.0,0.0
34,0.0,2,0,0.0,1.0,0.0
32,0.0,2,1,0.0,0.0,1.0
37,35549.81,2,0,1.0,0.0,0.0
46,0.0,2,1,0.0,1.0,1.0
29,0.0,2,1,0.0,1.0,1.0
41,33563.95,2,0,0.0,0.0,0.0
55,70263.83,1,1,0.0,1.0,1.0
39,125997.22,1,1,1.0,0.0,0.0
38,118590.41,1,1,0.0,0.0,0.0
40,134504.78,1,0,1.0,0.0,0.0
41,0.0,1,1,0.0,0.0,1.0
44,120702.67,2,1,1.0,0.0,0.0
33,102874.28,1,0,0.0,0.0,1.0
28,0.0,2,1,0.0,1.0,0.0
42,16893.59,1,1,0.0,0.0,1.0
36,0.0,1,0,0.0,0.0,1.0
34,132121.71,1,1,0.0,0.0,0.0
30,104145.65,1,0,0.0,0.0,1.0
34,0.0,2,1,0.0,0.0,1.0
54,116726.22,1,0,1.0,0.0,1.0
41,0.0,2,0,0.0,1.0,0.0
47,99219.47,2,1,1.0,0.0,0.0
34,97208.46,1,1,0.0,1.0,1.0
38,0.0,1,0,0.0,0.0,0.0
37,156282.79,1,0,1.0,0.0,0.0
51,107494.86,2,0,1.0,0.0,0.0
39,124828.46,2,1,1.0,0.0,1.0
50,129293.74,1,0,1.0,0.0,0.0
22,111812.52,2,1,1.0,0.0,1.0
33,0.0,2,0,0.0,1.0,1.0
39,0.0,2,0,0.0,0.0,0.0
72,138089.97,2,1,1.0,0.0,0.0
33,90124.64,1,0,0.0,0.0,0.0
45,0.0,2,0,0.0,0.0,1.0
38,0.0,1,0,0.0,1.0,0.0
30,131563.88,2,0,1.0,0.0,0.0
25,108380.72,1,1,1.0,0.0,1.0
35,0.0,2,0,0.0,0.0,0.0
34,176311.36,1,0,1.0,0.0,0.0
41,136733.24,1,1,1.0,0.0,0.0
36,103294.56,1,0,1.0,0.0,0.0
41,0.0,1,0,0.0,1.0,1.0
47,0.0,1,0,0.0,0.0,1.0
37,126872.6,1,0,0.0,0.0,1.0
40,0.0,1,0,0.0,0.0,0.0
37,0.0,2,0,0.0,0.0,0.0
42,0.0,2,0,0.0,0.0,0.0
50,94684.27,1,1,0.0,1.0,0.0
29,143330.56,2,1,0.0,1.0,0.0
41,58820.32,2,1,0.0,0.0,1.0
36,0.0,2,1,0.0,0.0,1.0
57,120043.13,1,0,1.0,0.0,1.0
38,128345.69,2,0,0.0,0.0,0.0
45,0.0,1,1,0.0,1.0,1.0
48,110463.25,2,1,1.0,0.0,0.0
36,0.0,2,1,0.0,0.0,1.0
38,0.0,2,0,0.0,1.0,0.0
41,28082.95,1,0,0.0,1.0,0.0
38,0.0,2,1,0.0,0.0,1.0
45,145933.27,1,1,0.0,0.0,0.0
32,0.0,3,0,0.0,0.0,1.0
49,0.0,1,1,0.0,0.0,1.0
38,0.0,2,1,0.0,0.0,0.0
41,68213.99,1,1,0.0,0.0,0.0
28,0.0,2,0,0.0,0.0,1.0
25,132837.7,1,0,1.0,0.0,0.0
33,0.0,2,0,0.0,1.0,0.0
28,98738.92,1,0,0.0,0.0,1.0
44,73348.56,1,0,0.0,0.0,1.0
43,88798.34,1,0,0.0,1.0,1.0
32,102773.15,2,1,0.0,1.0,1.0
42,0.0,2,0,0.0,1.0,0.0
30,112935.87,1,1,0.0,0.0,1.0
51,147910.3,1,1,1.0,0.0,1.0
37,151105.68,1,1,0.0,0.0,0.0
38,0.0,2,1,0.0,1.0,1.0
33,124781.67,1,1,0.0,0.0,1.0
37,0.0,2,0,0.0,1.0,1.0
39,115301.31,1,0,1.0,0.0,0.0
38,120599.21,1,0,0.0,1.0,1.0
29,105204.01,1,1,1.0,0.0,0.0
32,104336.43,2,0,1.0,0.0,0.0
36,166287.85,1,1,1.0,0.0,0.0
34,100628.0,2,1,0.0,1.0,1.0
45,0.0,1,1,0.0,0.0,0.0
30,112013.81,1,0,1.0,0.0,0.0
32,0.0,1,1,0.0,0.0,0.0
44,113522.64,1,1,0.0,1.0,1.0
61,137655.31,1,1,1.0,0.0,0.0
35,151958.19,3,1,1.0,0.0,0.0
44,91115.76,2,0,1.0,0.0,0.0
30,0.0,2,0,0.0,0.0,1.0
49,0.0,2,1,0.0,0.0,0.0
39,0.0,1,0,0.0,1.0,0.0
66,123760.68,1,1,0.0,0.0,1.0
29,0.0,2,1,0.0,1.0,1.0
39,0.0,2,1,0.0,1.0,0.0
34,0.0,2,0,0.0,1.0,1.0
46,0.0,2,1,0.0,0.0,1.0
29,0.0,2,0,0.0,1.0,0.0
37,99660.13,2,1,1.0,0.0,1.0
31,0.0,2,1,0.0,1.0,1.0
32,102238.01,2,1,0.0,1.0,1.0
39,142406.43,2,0,1.0,0.0,1.0
54,133436.52,1,0,0.0,0.0,1.0
29,121890.06,1,0,1.0,0.0,1.0
61,82182.1,1,0,0.0,1.0,1.0
33,0.0,2,1,0.0,0.0,1.0
32,0.0,2,1,0.0,0.0,1.0
26,84587.9,1,1,1.0,0.0,0.0
43,0.0,2,0,0.0,1.0,0.0
40,109542.29,1,1,0.0,0.0,1.0
63,165350.61,2,0,0.0,0.0,0.0
32,130935.56,1,0,1.0,0.0,0.0
35,132164.26,1,1,0.0,0.0,1.0
35,181166.44,1,1,0.0,0.0,0.0
54,93806.31,2,1,0.0,0.0,1.0
40,171178.25,1,0,0.0,0.0,0.0
29,80262.6,1,1,0.0,0.0,1.0
43,158713.08,2,0,0.0,0.0,1.0
43,111094.05,2,1,1.0,0.0,0.0
56,119963.45,1,0,0.0,0.0,0.0
41,109013.23,1,0,0.0,1.0,0.0
25,79656.81,1,0,1.0,0.0,0.0
42,118889.66,2,0,1.0,0.0,0.0
40,95293.86,2,1,1.0,0.0,1.0
44,121250.04,1,1,0.0,1.0,1.0
29,0.0,2,1,0.0,0.0,0.0
30,132005.77,1,0,0.0,0.0,1.0
60,185648.56,1,0,0.0,0.0,1.0
33,146193.6,2,1,0.0,0.0,1.0
35,111743.43,1,1,1.0,0.0,0.0
37,0.0,2,1,0.0,0.0,1.0
34,145030.92,1,1,0.0,0.0,1.0
30,92847.59,1,0,1.0,0.0,1.0
71,0.0,2,1,0.0,0.0,1.0
46,120530.34,1,0,1.0,0.0,0.0
37,130461.02,1,0,0.0,1.0,1.0
44,0.0,2,0,0.0,1.0,0.0
33,115761.51,1,1,1.0,0.0,0.0
31,121192.22,2,1,1.0,0.0,1.0
49,105918.1,1,1,0.0,0.0,1.0
31,0.0,2,0,0.0,0.0,1.0
34,125566.9,1,1,0.0,0.0,1.0
48,0.0,2,1,0.0,0.0,1.0
30,0.0,2,0,0.0,1.0,0.0
25,113113.12,1,0,1.0,0.0,0.0
39,0.0,2,1,0.0,0.0,1.0
28,96381.68,2,0,0.0,1.0,0.0
33,96769.04,1,1,0.0,1.0,0.0
61,128213.96,2,1,0.0,0.0,1.0
25,144351.86,1,0,1.0,0.0,0.0
35,128100.28,1,0,1.0,0.0,0.0
67,153946.14,1,1,0.0,1.0,1.0
30,0.0,1,1,0.0,0.0,0.0
62,0.0,1,0,0.0,1.0,1.0
60,88541.57,2,1,0.0,0.0,1.0
22,0.0,1,0,0.0,0.0,1.0
35,0.0,2,0,0.0,1.0,1.0
43,0.0,2,1,0.0,1.0,1.0
36,105858.71,1,1,1.0,0.0,0.0
41,104584.11,1,0,1.0,0.0,1.0
34,0.0,2,1,0.0,0.0,1.0
34,0.0,2,0,0.0,0.0,0.0
26,112972.57,1,0,0.0,0.0,1.0
44,0.0,2,0,0.0,0.0,1.0
39,128264.03,1,0,1.0,0.0,0.0
44,96553.52,2,0,1.0,0.0,0.0
36,0.0,2,0,0.0,1.0,1.0
34,150635.3,1,1,1.0,0.0,0.0
52,161209.66,1,1,0.0,0.0,0.0
25,102585.88,2,1,0.0,0.0,1.0
42,177640.09,1,1,1.0,0.0,1.0
37,0.0,2,1,0.0,0.0,0.0
63,138082.16,1,1,0.0,0.0,1.0
34,0.0,1,0,0.0,1.0,0.0
30,122641.56,2,0,1.0,0.0,1.0
43,152063.59,2,0,1.0,0.0,0.0
39,0.0,1,0,0.0,0.0,0.0
60,76961.6,2,1,0.0,0.0,1.0
60,0.0,1,1,0.0,0.0,1.0
37,120764.08,1,1,0.0,0.0,1.0
43,136855.94,2,0,1.0,0.0,1.0
45,0.0,2,0,0.0,1.0,1.0
37,0.0,1,1,0.0,0.0,0.0
64,128306.7,1,1,0.0,0.0,0.0
39,124576.65,2,0,1.0,0.0,1.0
46,46870.43,4,0,0.0,0.0,0.0
36,114007.5,2,0,0.0,0.0,1.0
42,87271.41,2,0,1.0,0.0,0.0
34,0.0,2,0,0.0,1.0,1.0
24,133628.09,2,1,0.0,0.0,1.0
35,174588.8,2,1,0.0,1.0,1.0
34,140641.26,2,1,1.0,0.0,1.0
26,0.0,2,1,0.0,1.0,0.0
44,55053.62,1,0,0.0,0.0,0.0
57,0.0,1,0,0.0,0.0,1.0
35,84026.86,1,1,0.0,0.0,1.0
43,123536.52,2,0,0.0,1.0,0.0
37,0.0,2,0,0.0,1.0,0.0
31,0.0,2,1,0.0,0.0,1.0
35,0.0,2,1,0.0,1.0,1.0
45,0.0,2,1,0.0,0.0,1.0
34,0.0,1,0,0.0,0.0,1.0
34,138190.13,2,1,0.0,1.0,0.0
57,113386.36,2,1,1.0,0.0,0.0
45,0.0,2,0,0.0,1.0,0.0
23,156267.59,1,0,0.0,0.0,1.0
44,118577.24,1,1,0.0,0.0,1.0
57,0.0,2,1,0.0,0.0,1.0
50,128061.0,2,1,0.0,1.0,1.0
40,117641.43,2,0,1.0,0.0,0.0
64,129555.7,1,1,0.0,0.0,0.0
33,187257.94,1,1,1.0,0.0,0.0
26,42712.87,2,1,1.0,0.0,0.0
38,145400.69,2,1,1.0,0.0,0.0
25,0.0,2,0,0.0,0.0,1.0
39,132077.48,2,0,0.0,0.0,0.0
25,120383.41,1,1,0.0,0.0,1.0
43,0.0,2,1,0.0,0.0,1.0
44,98009.13,2,1,1.0,0.0,0.0
36,70438.01,2,1,0.0,1.0,1.0
42,166685.92,2,1,1.0,0.0,1.0
38,0.0,2,0,0.0,0.0,0.0
43,0.0,1,0,0.0,0.0,1.0
46,0.0,2,0,0.0,0.0,0.0
60,134250.17,3,0,1.0,0.0,1.0
34,0.0,2,1,0.0,0.0,0.0
38,106687.76,1,0,0.0,1.0,1.0
31,138857.59,1,0,0.0,0.0,0.0
48,0.0,1,1,0.0,1.0,0.0
44,114427.86,1,1,0.0,0.0,0.0
27,97893.2,1,0,0.0,0.0,0.0
42,126428.38,1,0,1.0,0.0,1.0
69,0.0,2,1,0.0,0.0,1.0
30,66190.33,1,1,0.0,0.0,1.0
62,114931.35,3,1,1.0,0.0,0.0
54,125456.07,1,0,1.0,0.0,0.0
43,127823.93,1,1,0.0,0.0,1.0
39,102945.01,1,0,1.0,0.0,1.0
37,0.0,2,0,0.0,0.0,0.0
43,119127.46,2,0,1.0,0.0,0.0
52,131694.97,1,1,1.0,0.0,1.0
38,129022.06,2,1,0.0,0.0,0.0
42,144801.97,1,1,0.0,0.0,0.0
37,145219.3,1,0,1.0,0.0,0.0
39,143903.11,1,1,1.0,0.0,0.0
41,137742.9,2,1,1.0,0.0,1.0
34,0.0,2,1,0.0,0.0,1.0
27,172463.45,1,1,0.0,1.0,1.0
33,100476.46,2,1,0.0,1.0,1.0
40,0.0,2,1,0.0,0.0,1.0
45,122311.21,1,1,0.0,1.0,0.0
28,145105.64,2,0,0.0,0.0,1.0
38,135559.8,2,1,1.0,0.0,1.0
40,99165.84,1,1,1.0,0.0,1.0
39,116120.19,2,1,0.0,1.0,1.0
35,147900.43,1,0,0.0,0.0,0.0
48,0.0,1,0,0.0,0.0,0.0
68,100194.44,1,1,1.0,0.0,1.0
40,101891.1,1,1,0.0,0.0,0.0
35,109196.66,3,0,1.0,0.0,1.0
38,0.0,2,1,0.0,1.0,1.0
37,0.0,2,0,0.0,0.0,0.0
38,96479.81,1,0,0.0,0.0,0.0
27,137963.07,1,0,0.0,0.0,0.0
61,157201.48,1,1,0.0,0.0,1.0
38,0.0,2,1,0.0,0.0,1.0
46,0.0,2,1,0.0,0.0,1.0
58,106913.43,1,0,1.0,0.0,1.0
24,0.0,2,1,0.0,1.0,0.0
24,172231.93,1,1,0.0,1.0,0.0
45,134264.04,1,0,0.0,0.0,0.0
31,133964.3,1,1,0.0,0.0,0.0
43,0.0,1,0,0.0,1.0,1.0
24,0.0,2,1,0.0,0.0,1.0
36,92340.69,2,1,1.0,0.0,1.0
54,0.0,1,1,0.0,0.0,1.0
56,111920.13,3,0,1.0,0.0,0.0
32,0.0,2,0,0.0,0.0,0.0
34,0.0,2,1,0.0,0.0,1.0
68,0.0,2,0,0.0,1.0,1.0
37,0.0,2,1,0.0,0.0,1.0
35,100829.94,1,1,0.0,1.0,1.0
33,0.0,2,1,0.0,0.0,1.0
23,115636.05,2,0,0.0,1.0,1.0
34,127758.09,1,0,1.0,0.0,0.0
41,113220.2,2,1,1.0,0.0,1.0
33,0.0,2,1,0.0,0.0,0.0
73,0.0,1,1,0.0,0.0,1.0
37,138497.84,1,1,0.0,0.0,0.0
42,65046.08,2,1,1.0,0.0,0.0
37,0.0,1,1,0.0,1.0,1.0
55,87485.67,1,1,0.0,0.0,1.0
27,98926.4,1,1,0.0,1.0,0.0
32,120452.4,2,0,0.0,0.0,1.0
37,88363.03,1,1,0.0,0.0,1.0
31,114493.68,1,0,0.0,1.0,1.0
29,0.0,2,0,0.0,0.0,1.0
35,104783.81,2,1,0.0,0.0,0.0
36,0.0,1,0,0.0,0.0,0.0
31,0.0,2,1,0.0,0.0,1.0
40,120711.73,1,0,1.0,0.0,1.0
46,0.0,2,1,0.0,1.0,0.0
20,0.0,2,0,0.0,1.0,0.0
34,96152.68,2,0,1.0,0.0,1.0
48,178144.91,2,0,0.0,1.0,1.0
30,0.0,2,1,0.0,0.0,0.0
37,0.0,2,1,0.0,0.0,0.0
30,128770.88,2,1,1.0,0.0,1.0
35,126397.66,1,0,0.0,0.0,0.0
31,111855.04,2,1,0.0,0.0,0.0
43,0.0,2,1,0.0,0.0,1.0
43,123105.88,2,0,0.0,1.0,1.0
49,121537.71,2,0,1.0,0.0,1.0
31,107884.81,2,1,1.0,0.0,1.0
44,164113.04,2,1,1.0,0.0,1.0
58,116313.57,1,1,1.0,0.0,1.0
27,172310.33,1,1,1.0,0.0,0.0
18,151762.74,1,1,0.0,0.0,1.0
38,0.0,1,0,0.0,0.0,0.0
27,171283.91,1,1,1.0,0.0,0.0
35,129205.49,1,1,0.0,0.0,1.0
30,115007.08,1,0,0.0,0.0,1.0
35,0.0,2,0,0.0,1.0,1.0
29,122084.63,1,1,1.0,0.0,0.0
27,0.0,2,0,0.0,0.0,1.0
40,176914.8,1,1,0.0,0.0,0.0
35,52436.2,1,0,1.0,0.0,0.0
39,77652.4,1,1,0.0,0.0,1.0
43,161546.68,2,1,0.0,1.0,1.0
42,0.0,2,1,0.0,1.0,1.0
45,0.0,2,1,0.0,0.0,1.0
44,0.0,2,0,0.0,0.0,1.0
26,0.0,1,0,0.0,1.0,1.0
29,0.0,2,1,0.0,0.0,1.0
38,195926.39,1,1,0.0,0.0,0.0
38,0.0,2,1,0.0,0.0,0.0
34,0.0,2,0,0.0,0.0,1.0
60,0.0,4,1,0.0,0.0,1.0
38,0.0,2,0,0.0,0.0,1.0
32,103515.39,2,1,0.0,1.0,0.0
29,111681.98,2,1,1.0,0.0,1.0
40,109308.79,2,0,1.0,0.0,0.0
50,128039.01,1,1,0.0,1.0,0.0
33,74385.98,1,0,0.0,0.0,0.0
35,0.0,1,0,0.0,1.0,0.0
31,117153.0,1,1,1.0,0.0,0.0
38,114141.64,1,1,1.0,0.0,1.0
26,0.0,2,0,0.0,0.0,0.0
38,151532.4,1,1,0.0,0.0,1.0
37,125822.21,1,0,0.0,1.0,1.0
40,137494.28,1,0,0.0,0.0,0.0
27,0.0,2,1,0.0,0.0,0.0
36,0.0,2,0,0.0,0.0,1.0
36,113680.54,1,0,0.0,1.0,0.0
56,115895.22,3,0,0.0,0.0,0.0
30,91057.37,2,0,1.0,0.0,0.0
43,93616.35,2,0,0.0,0.0,1.0
46,88820.29,1,0,0.0,0.0,0.0
46,56580.95,2,1,0.0,1.0,0.0
41,148088.11,1,0,0.0,0.0,1.0
33,160777.9,1,1,0.0,1.0,1.0
32,80728.15,1,0,0.0,0.0,1.0
37,80387.81,1,1,0.0,0.0,1.0
48,0.0,2,1,0.0,0.0,0.0
42,83492.07,2,0,0.0,1.0,0.0
32,0.0,2,0,0.0,0.0,0.0
37,0.0,2,0,0.0,0.0,1.0
60,88786.81,1,1,0.0,1.0,1.0
67,0.0,2,1,0.0,1.0,0.0
41,137891.35,1,0,0.0,0.0,0.0
51,136188.78,1,1,0.0,0.0,0.0
32,78535.25,1,0,0.0,0.0,0.0
38,135919.33,1,0,0.0,0.0,0.0
28,0.0,2,0,0.0,0.0,0.0
38,0.0,1,1,0.0,1.0,1.0
40,43028.77,1,0,0.0,0.0,1.0
29,100315.1,2,1,1.0,0.0,0.0
39,161993.89,1,0,0.0,1.0,0.0
39,121404.64,1,1,0.0,0.0,1.0
45,152880.97,1,0,1.0,0.0,1.0
29,0.0,2,1,0.0,0.0,1.0
42,90248.79,1,1,1.0,0.0,1.0
27,133801.49,1,1,0.0,0.0,0.0
42,104430.08,1,1,0.0,0.0,1.0
38,0.0,2,0,0.0,0.0,1.0
34,0.0,2,0,0.0,1.0,1.0
46,155681.72,1,0,0.0,1.0,0.0
33,108431.87,2,1,0.0,1.0,0.0
29,131240.61,1,1,0.0,0.0,0.0
35,124580.69,1,1,0.0,1.0,0.0
34,0.0,1,0,0.0,0.0,1.0
43,134896.03,1,1,1.0,0.0,1.0
65,38340.02,1,0,0.0,0.0,1.0
52,71283.09,2,1,1.0,0.0,0.0
34,123034.43,2,1,0.0,0.0,0.0
60,131778.08,1,0,0.0,0.0,0.0
28,0.0,2,0,0.0,1.0,1.0
43,103409.16,1,0,1.0,0.0,1.0
25,98141.57,2,1,1.0,0.0,1.0
33,0.0,1,0,0.0,0.0,1.0
23,122478.51,1,0,1.0,0.0,1.0
29,0.0,1,1,0.0,0.0,0.0
31,0.0,2,0,0.0,0.0,0.0
38,0.0,2,0,0.0,1.0,1.0
42,175159.9,2,0,0.0,0.0,0.0
35,0.0,2,1,0.0,1.0,1.0
35,0.0,2,0,0.0,1.0,0.0
42,141947.67,1,1,0.0,1.0,1.0
27,137003.68,1,0,0.0,0.0,1.0
28,0.0,2,0,0.0,0.0,1.0
30,136808.53,2,1,0.0,1.0,1.0
49,108797.63,2,0,1.0,0.0,0.0
36,103914.17,1,1,1.0,0.0,0.0
34,0.0,2,1,0.0,1.0,0.0
33,0.0,1,0,0.0,0.0,1.0
37,164858.18,1,1,0.0,0.0,1.0
36,0.0,2,1,0.0,1.0,1.0
35,106365.29,1,1,0.0,1.0,1.0
57,90212.0,1,0,1.0,0.0,0.0
44,83325.77,1,1,0.0,1.0,1.0
35,0.0,2,0,0.0,0.0,1.0
51,144237.91,4,0,0.0,0.0,0.0
23,131254.81,1,0,0.0,0.0,1.0
29,0.0,1,1,0.0,0.0,1.0
42,0.0,2,1,0.0,0.0,0.0
41,0.0,1,1,0.0,0.0,1.0
33,121260.19,2,0,0.0,1.0,1.0
76,0.0,2,1,0.0,0.0,0.0
46,117640.39,1,0,0.0,0.0,1.0
58,79954.61,2,1,0.0,1.0,1.0
49,155393.98,2,0,1.0,0.0,0.0
23,140007.19,1,1,0.0,0.0,1.0
28,0.0,2,1,0.0,1.0,0.0
29,0.0,2,1,0.0,0.0,0.0
37,96340.81,2,1,1.0,0.0,0.0
40,0.0,2,1,0.0,0.0,0.0
39,111574.41,1,1,1.0,0.0,1.0
32,102954.68,2,1,1.0,0.0,0.0
38,102741.15,2,1,1.0,0.0,0.0
23,197715.93,2,1,1.0,0.0,1.0
42,0.0,2,1,0.0,0.0,0.0
80,0.0,2,1,0.0,0.0,0.0
34,0.0,2,1,0.0,0.0,0.0
47,144090.42,1,0,1.0,0.0,0.0
38,82407.51,1,0,1.0,0.0,0.0
41,79857.64,1,1,1.0,0.0,1.0
47,93578.68,2,1,0.0,0.0,1.0
40,77701.64,1,1,1.0,0.0,0.0
26,0.0,2,0,0.0,1.0,0.0
31,0.0,2,0,0.0,1.0,0.0
25,0.0,2,0,0.0,1.0,1.0
37,0.0,2,1,0.0,1.0,1.0
44,0.0,2,1,0.0,0.0,0.0
32,106807.64,1,1,1.0,0.0,0.0
30,70729.17,1,1,0.0,0.0,0.0
36,0.0,2,1,0.0,0.0,1.0
48,131326.47,1,0,1.0,0.0,1.0
81,0.0,2,1,0.0,0.0,0.0
37,137794.18,2,1,0.0,1.0,0.0
30,141040.01,1,1,0.0,1.0,1.0
44,112652.08,2,0,0.0,1.0,0.0
31,55732.92,2,1,0.0,1.0,1.0
67,0.0,3,1,0.0,0.0,0.0
38,0.0,2,0,0.0,0.0,1.0
60,0.0,1,0,0.0,1.0,1.0
29,139106.19,1,0,1.0,0.0,0.0
27,104848.68,1,1,1.0,0.0,0.0
39,0.0,2,1,0.0,0.0,0.0
54,0.0,1,0,0.0,1.0,0.0
24,0.0,2,1,0.0,0.0,1.0
30,34013.63,1,0,0.0,1.0,0.0
52,0.0,1,0,0.0,0.0,0.0
32,0.0,1,0,0.0,0.0,1.0
27,43658.33,2,1,0.0,0.0,0.0
34,0.0,2,0,0.0,1.0,0.0
31,149620.88,2,1,0.0,1.0,1.0
40,0.0,2,0,0.0,0.0,1.0
29,145541.56,2,1,1.0,0.0,1.0
36,74974.89,1,1,1.0,0.0,0.0
33,118327.17,2,1,0.0,0.0,1.0
42,0.0,1,0,0.0,0.0,1.0
30,0.0,2,0,0.0,1.0,0.0
54,0.0,1,0,0.0,0.0,0.0
32,0.0,2,1,0.0,1.0,0.0
42,0.0,2,1,0.0,0.0,0.0
41,147726.98,3,0,0.0,0.0,1.0
38,129499.42,1,1,1.0,0.0,0.0
26,0.0,2,1,0.0,0.0,1.0
43,0.0,2,0,0.0,0.0,0.0
32,0.0,2,0,0.0,1.0,1.0
31,0.0,2,0,0.0,0.0,0.0
33,140956.99,1,0,0.0,0.0,1.0
41,115144.68,1,0,0.0,1.0,1.0
30,108300.27,2,1,1.0,0.0,1.0
43,0.0,2,0,0.0,0.0,1.0
46,141535.52,1,0,1.0,0.0,0.0
55,0.0,4,1,0.0,0.0,0.0
57,137946.39,1,1,1.0,0.0,1.0
52,0.0,1,1,0.0,0.0,1.0
34,137523.02,1,0,0.0,1.0,1.0
66,0.0,2,1,0.0,0.0,1.0
42,0.0,1,0,0.0,0.0,0.0
35,180303.24,2,0,1.0,0.0,0.0
74,0.0,2,0,0.0,1.0,1.0
37,71786.9,2,1,0.0,0.0,0.0
35,100988.39,2,0,0.0,1.0,1.0
51,0.0,1,1,0.0,1.0,1.0
38,111527.17832906262,1,1,1.0,0.0,0.0
36,0.0,1,1,0.0,0.0,1.0
37,130577.64945546993,1,0,1.0,0.0,0.2016196594816475
35,0.0,1,0,0.0,0.0,0.0
47,0.0,1,0,0.0,0.0,0.14243766233871624
39,130573.45484683759,1,0,0.9166352358412073,0.0,0.08336476415879268
37,154967.01000293877,1,0,0.5690147794867038,0.43098522051329624,0.0
49,0.0,1,0,0.0,0.6811331816788612,0.0
40,0.0,1,0,0.0,0.0,0.0
45,106616.256143426,1,0,0.3711724234376276,0.0,0.6288275765623724
47,117296.13442245353,3,0,0.601074166800233,0.0,0.0
63,0.0,1,0,0.0,0.0,0.7055858626438246
53,125425.04221489764,1,0,1.0,0.0,0.6884050184921369
54,0.0,1,0,0.0,0.0,1.0
34,108306.71017064087,1,0,0.16686020169875282,0.0,0.16686020169875282
36,90148.5037084251,1,0,0.5694706615377925,0.43052933846220753,1.0
49,143045.3099178734,1,1,0.0,0.0,0.0
54,159442.62949967477,1,0,0.0,0.10990296481619166,0.10990296481619166
37,121440.46364395494,1,1,0.3458774607378574,0.6541225392621426,1.0
53,63194.53975074073,2,0,0.0,0.8455402527766762,1.0
47,109489.68959348256,1,0,1.0,0.0,0.025447759905750877
37,0.0,1,0,0.0,0.0,0.6458223862864843
29,0.0,1,0,0.0,0.0,0.36309768254525676
41,102984.79443666231,1,0,0.34060416658129167,0.0,0.34060416658129167
42,0.0,1,0,0.0,0.0,0.0
55,119772.72155929828,1,0,1.0,0.0,0.409628894895232
46,123532.2298172522,2,1,1.0,0.0,1.0
33,134214.93016226662,1,0,0.6771206397350094,0.32287936026499064,0.6771206397350094
43,107092.1884859604,1,1,0.6057792494526903,0.39422075054730965,0.6057792494526903
62,123216.24400580213,2,1,0.63540627180246,0.36459372819754,0.63540627180246
44,106404.86014763665,1,1,1.0,0.0,0.7821074457450099
50,0.0,1,0,0.0,0.9880359661555919,1.0
33,0.0,1,0,0.0,0.5459983788038851,0.5459983788038851
32,123982.5522878845,2,0,0.688274235780237,0.0,0.688274235780237
42,0.0,1,1,0.0,0.0,0.14055296757836078
55,137332.84636732645,1,0,0.0,0.5144103003406022,0.5144103003406022
34,83483.58839318294,1,0,0.027536719869465487,0.0,0.9724632801305345
46,112321.58891260378,1,0,0.49454488208955005,0.0,1.0
53,149996.62543515174,1,0,0.0,0.0,0.03598259288229766
40,123074.83771793562,1,1,1.0,0.0,0.0
41,128713.91592453019,1,0,0.9610039874250884,0.0,0.03899601257491159
30,108300.51269340081,1,0,1.0,0.0,1.0
40,108479.81887615421,2,0,1.0,0.0,0.3879867599468695
29,100045.98609840339,1,0,1.0,0.0,0.0
44,142994.88654199592,1,0,0.023352096328185912,0.0,0.0
31,184711.25909871288,1,0,0.0,0.7562136139501768,0.0
42,138263.76181143025,1,0,0.5414769911181093,0.4585230088818907,0.4585230088818907
55,136188.10316723358,1,1,0.2892447719726545,0.0,0.2892447719726545
47,118548.9302158464,1,0,0.09991681698351929,0.9000831830164807,0.0
46,122019.51451955442,1,0,0.11613896020052561,0.0,0.0
47,0.0,1,0,0.0,0.0,0.0
26,124376.77931583472,1,0,1.0,0.0,0.6860332826226472
31,161315.5327522725,1,0,0.8884036723086812,0.0,0.11159632769131878
29,150305.73511469693,1,0,0.0,0.0,0.39705712352053846
42,129920.60317937133,1,0,1.0,0.0,1.0
39,169741.1546629939,1,1,0.0,0.01598683678953572,0.9840131632104643
36,0.0,1,1,0.0,0.0,1.0
46,81576.52847226683,1,0,0.03886451459240703,0.961135485407593,0.0
50,133223.17307250772,1,0,0.38948189490242036,0.0,0.6105181050975796
46,98737.32962440833,1,0,1.0,0.0,0.3855119047369223
49,92003.3038542366,1,0,0.6596128957454943,0.3403871042545057,0.0
43,62254.05708699454,3,0,0.5414076073475852,0.0,0.5414076073475852
68,71892.665682468,1,0,1.0,0.0,0.1541450431784871
46,123515.06904421473,2,1,1.0,0.0,1.0
44,132649.09553407642,1,0,1.0,0.0,0.458295187589996
45,155434.8712702825,2,0,1.0,0.0,0.0
45,174190.23098582274,3,0,0.0,0.8336499619375856,0.16635003806241444
44,0.0,4,0,0.0,0.0,0.44044135031242404
42,63573.27116351361,1,0,0.0,1.0,0.6976667506485063
36,147638.7387078389,3,0,0.0,0.25933489731709447,0.7406651026829055
40,0.0,1,0,0.0,0.0,0.0
68,137259.53423574867,1,1,0.05764758219902488,0.9423524178009751,0.9423524178009751
52,0.0,1,1,0.0,0.6575520211652867,0.0
45,113868.09617770415,2,0,0.7297523078692167,0.27024769213078326,0.27024769213078326
49,0.0,1,0,0.0,0.03358261413359265,1.0
49,93714.96611958713,1,0,0.0,0.0,1.0
51,92868.59527983474,1,0,0.34727703903050755,0.0,0.34727703903050755
27,86611.79807347078,1,0,0.0,0.419532399006304,0.0
53,127714.5098391225,2,0,0.8608032986543045,0.1391967013456955,0.0
48,118754.70938761771,1,0,0.5559562507977971,0.0,0.4440437492022029
42,137902.90256997172,1,1,1.0,0.0,0.37376567857893617
42,129046.46552242216,1,0,0.4888978317924514,0.0,0.0
40,184158.66605609522,1,0,0.0,0.5982211993456757,0.5982211993456757
43,132558.6629305271,1,0,0.006151611100301824,0.0,0.006151611100301824
44,130661.58733093322,1,0,0.11968523785107299,0.0,1.0
43,43493.88056637919,2,0,0.0,0.0,0.0
31,127473.14469131085,1,0,0.43062263881771723,0.0,0.43062263881771723
50,126585.39340526298,1,1,0.620660479824584,0.0,0.620660479824584
42,0.0,3,0,0.0,0.0,0.0
42,99239.95993788152,1,0,1.0,0.0,1.0
35,0.0,1,1,0.0,1.0,1.0
52,170353.7774943684,1,0,0.0,0.47554603748682667,0.47554603748682667
53,0.0,1,0,0.0,1.0,0.0
31,0.0,1,1,0.0,1.0,0.0
31,117054.63438494898,1,0,0.9640288471655137,0.0,0.0
39,100734.38811531232,2,0,1.0,0.0,0.090545389062758
41,102943.78939644611,1,0,0.0,0.0,0.0
35,116826.94878658112,1,0,1.0,0.0,0.5333866287653626
46,118563.74878912736,1,0,0.13003084035231505,0.869969159647685,0.0
45,0.0,1,0,0.0,0.0,0.1306523438234629
51,81572.24409417264,1,0,0.790509794274885,0.209490205725115,0.0
48,0.0,1,0,0.0,0.0,0.8751791860331517
46,95756.35578168294,1,0,0.20578933745059458,0.7942106625494054,0.20578933745059458
42,144826.0196896272,1,1,0.0,0.0,0.27576756825135695
47,105213.54194277884,1,0,0.12290941898181107,0.0,0.0
39,0.0,2,0,0.0,0.0,0.05595790617460217
48,143936.18440139756,1,1,1.0,0.0,0.14879596940511564
41,67833.31013521069,1,0,0.0,0.4626756050653935,0.0
38,104020.69050966864,1,0,0.01901262183731489,0.0,0.01901262183731489
38,164677.8602680625,1,0,0.0,0.0,0.5165925640268534
48,152784.46165968213,1,0,1.0,0.0,0.0
37,144932.48709076797,1,0,0.5887315221313199,0.0,1.0
53,98726.41381184285,1,0,1.0,0.0,1.0
41,0.0,1,1,0.0,0.0,0.0
23,0.0,1,0,0.0,0.0,1.0
46,91905.87204606515,1,0,0.23820180862230278,0.0,0.7617981913776972
36,150565.97759226637,1,0,0.6134594931769721,0.0,0.0
38,114228.21266462575,1,0,1.0,0.0,1.0
45,116557.50374074632,1,0,0.5076745199988181,0.4923254800011819,0.4923254800011819
43,0.0,3,0,0.0,0.0,0.42272097076686876
28,112078.54310903752,1,0,1.0,0.0,0.13442285437544776
51,0.0,2,0,0.0,0.0192606564165706,1.0
40,0.0,1,1,0.0,0.0,1.0
57,0.0,1,0,0.0,0.0,0.8275189221063031
42,107891.62278535399,1,1,0.7645277946547177,0.23547220534528235,0.7645277946547177
55,124152.44932456374,1,1,0.5735289514555733,0.0,0.5735289514555733
37,130881.24696177141,2,0,1.0,0.0,0.0
42,148980.23335877346,1,1,1.0,0.0,1.0
40,137389.2875240921,1,0,0.10926421030962141,0.0,0.0
37,143607.19923421677,1,0,1.0,0.0,0.14603803304457785
55,137535.9802530204,1,0,1.0,0.0,0.0
32,135398.5133987904,1,0,0.15303114579293953,0.8469688542070605,0.8469688542070605
41,0.0,1,1,0.0,0.0,0.0
39,0.0,1,0,0.0,1.0,0.0
48,126601.64941288141,1,0,1.0,0.0,1.0
46,148190.1740695695,1,0,0.4483190553694222,0.0,0.0
45,140441.5896633218,2,0,0.0,0.5104324890042322,0.0
39,133014.28799843308,1,0,0.0,0.0,0.0
54,156972.356990384,1,0,0.0,0.0,0.0
64,126309.11840164282,2,0,0.980883905570236,0.01911609442976403,1.0
46,0.0,1,0,0.0,0.0,1.0
33,138839.85588462793,1,0,1.0,0.0,0.6877220424305607
52,155722.6905868912,1,0,0.27729304230177154,0.7227069576982285,0.0
46,108763.82926943088,1,0,0.692532431537108,0.0,0.0
40,112205.4207738741,1,0,0.13443512940812186,0.0,0.8655648705918781
58,113095.8406155673,1,0,0.29939558837168123,0.0,0.7006044116283188
32,147930.80498983266,1,0,1.0,0.0,1.0
43,144066.1467462172,1,0,1.0,0.0,0.195562792320495
41,136037.4854584364,3,1,0.0,0.0,0.0
47,108445.57216182727,2,0,0.7892950361327968,0.21070496386720317,0.0
50,138217.82501179236,1,0,1.0,0.0,0.042551980961903824
47,126597.44603804867,1,1,0.9911367148865311,0.0,0.0
38,125212.82407004811,1,1,1.0,0.0,0.0
46,116979.91877741227,1,0,0.3231787011426044,0.0,1.0
35,185176.08395852416,1,0,0.0,0.8284692994491171,0.17153070055088293
70,0.0,1,0,0.0,1.0,1.0
62,120917.16390118947,3,0,1.0,0.0,1.0
39,41652.56171668356,1,0,0.0,0.73786951856153,0.73786951856153
51,98683.51552798023,1,0,1.0,0.0,1.0
52,0.0,1,1,0.0,1.0,0.25952386804648087
52,111918.03010077668,2,0,1.0,0.0,0.0
46,107212.38334418798,1,1,1.0,0.0,1.0
33,0.0,1,0,0.0,0.0,1.0
49,121472.42887868163,1,0,1.0,0.0,1.0
32,126299.72094490017,1,0,1.0,0.0,1.0
42,67503.97126484869,1,0,0.0,1.0,0.0
37,132876.020084394,2,1,1.0,0.0,0.0
46,110837.39689306896,1,0,1.0,0.0,0.08860471396967906
44,144236.84697137494,3,0,0.0,0.0,0.48762780966721087
43,100177.35375723284,1,0,0.9223506653283949,0.0,1.0
35,111626.59196041447,2,0,1.0,0.0,0.40754303103243084
41,145153.29782797035,1,0,0.0,0.0,0.5928935108743724
47,114180.852983791,1,0,1.0,0.0,1.0
48,129355.08110570008,1,0,0.3488205339694793,0.0,0.6511794660305207
37,0.0,2,0,0.0,0.0,0.0
31,129137.05217700085,1,0,0.0,0.0,0.0
47,69337.2697153287,1,0,0.9476880259644708,0.05231197403552923,0.05231197403552923
40,125989.41560599016,1,0,1.0,0.0,0.0
43,86060.07784600627,1,0,0.0,0.04488479270829859,1.0
51,106996.95864363799,1,0,0.47742340066325484,0.5225765993367452,0.47742340066325484
44,150322.83878082182,1,0,0.0,0.0,0.2995656779538739
38,75100.74967486126,1,0,0.0,1.0,1.0
44,118227.65333204252,2,0,0.5006242680704178,0.4993757319295822,0.5006242680704178
44,106362.45999354588,1,1,1.0,0.0,0.7945155444907487
44,0.0,1,0,0.0,1.0,1.0
24,0.0,1,0,0.0,0.0,0.9497739885360262
58,0.0,2,0,0.0,1.0,0.0
55,146322.1120032012,1,0,0.4028732826326371,0.5971267173673629,0.5971267173673629
49,88271.02202908779,2,1,0.7047095059520567,0.0,0.0
37,168238.4787084908,2,0,1.0,0.0,1.0
37,108461.03590612792,2,0,1.0,0.0,0.0
46,105954.92496130342,1,0,0.8034827432968846,0.19651725670311537,0.19651725670311537
27,112043.41520578871,1,0,1.0,0.0,0.0
58,140286.8019296769,1,0,1.0,0.0,0.0
45,0.0,1,0,0.0,0.0,0.0
57,120963.8698868798,3,0,1.0,0.0,1.0
37,138247.84394855157,1,0,0.4764369863437916,0.5235630136562084,1.0
38,0.0,1,0,0.0,1.0,1.0
46,134993.47308928246,2,0,0.359523957824156,0.0,0.640476042175844
60,80533.2338145853,1,0,0.0,0.021018884825191098,0.021018884825191098
45,174331.25960539942,2,0,0.0,0.6034930960433786,0.39650690395662136
31,0.0,1,1,0.0,1.0,0.0
42,128365.6348418005,2,1,1.0,0.0,0.0
50,0.0,1,1,0.0,0.0,0.0
44,118573.28458078665,1,1,1.0,0.0,0.0
47,104233.52777124984,2,0,0.49691604922016364,0.0,1.0
50,128061.79044228193,1,0,1.0,0.0,1.0
45,104624.99342808386,1,0,1.0,0.0,1.0
50,103017.7452448068,1,0,0.0,0.0,0.37521613721059754
41,0.0,1,0,0.0,1.0,0.0
42,107938.8145030832,1,0,1.0,0.0,1.0
44,0.0,3,0,0.0,1.0,0.0
37,99418.37381401847,1,0,0.2860473674934102,0.0,0.2860473674934102
42,128255.14431715482,1,0,0.8225347943841967,0.0,0.17746520561580326
51,111917.24819006103,2,0,1.0,0.0,0.0
32,141687.65220300402,1,0,1.0,0.0,0.0
51,197553.67022465362,2,1,0.0,0.0,0.5201698923107512
39,132595.9891811474,1,0,1.0,0.0,0.14287596133941172
39,147899.24812603486,2,0,0.7753461504031356,0.0,1.0
63,0.0,1,0,0.0,0.0,0.0
42,0.0,1,0,0.0,1.0,0.0
46,62575.14029495361,1,1,0.0,0.2842740929275167,0.0
41,165002.44698372454,2,0,0.8661716370003069,0.0,1.0
54,44558.546254308305,1,0,0.0,0.0,0.0
47,104880.55102107106,1,0,0.9456679651770962,0.0,0.0
54,73825.45618716691,1,0,0.0,0.0,0.0
55,120664.53397833173,1,0,0.0,0.0,0.0
28,0.0,1,1,0.0,1.0,0.9998653069955147
53,95046.26558536653,1,1,0.4888708607627702,0.5111291392372298,0.5111291392372298
35,181791.24763692197,1,1,0.0,0.0,0.9531480914723969
37,97692.89555231271,1,0,0.0,0.0,0.0
57,0.0,1,0,0.0,0.0,0.7069764874557162
51,104675.65705349403,1,0,1.0,0.0,1.0
37,118526.64468831377,1,0,0.0,1.0,0.0
59,101070.03988736274,1,0,0.003819922658583108,0.0,0.003819922658583108
60,119852.90966074546,1,0,1.0,0.0,1.0
55,123955.95100606205,1,0,0.0,0.7409040561520714,0.7409040561520714
46,0.0,1,0,0.0,0.0,0.0
45,142962.66711976103,1,1,0.10189238806601353,0.0,0.0
35,126326.17148540047,1,0,1.0,0.0,1.0
48,89137.43562193384,2,0,0.0,0.7296067136154745,0.27039328638452553
46,87399.13562474944,2,0,0.8427119021605549,0.15728809783944508,0.0
43,104501.49575465184,2,1,1.0,0.0,0.0
27,0.0,2,0,0.0,0.21106752822399277,0.21106752822399277
64,0.0,1,0,0.0,0.8918721448107347,0.10812785518926527
49,92863.99392780112,1,0,0.43381741957652953,0.0,0.43381741957652953
49,0.0,1,0,0.0,0.0,0.0
37,118976.06842681533,1,0,0.6226819460368072,0.37731805396319285,0.37731805396319285
57,0.0,2,0,0.0,1.0,0.0
57,0.0,3,1,0.0,0.0,0.9107104754744271
53,165148.35246059237,1,0,0.0,0.0,0.31298073349675726
41,138909.54333138186,1,0,0.49381404045692867,0.0,0.5061859595430713
56,149154.51899758278,2,0,1.0,0.0,0.38764880545564706
36,161803.56721517234,1,1,0.0,1.0,0.3672881212513991
44,132477.86243187817,1,0,1.0,0.0,0.2961429083656688
48,133995.6354698861,1,0,1.0,0.0,1.0
39,97747.91503483178,1,0,0.0,0.0,0.0
51,112115.16719456928,1,0,1.0,0.0,0.2869539493656813
51,104708.84860159503,1,0,0.6663854135782065,0.0,0.6663854135782065
41,147711.1965037092,2,0,0.03395249487132279,0.0,0.9660475051286772
39,161858.41708420534,1,1,0.0,0.761037790250783,0.0
40,137291.36073833087,3,0,0.0,0.0,0.0
43,91684.4556647516,1,0,0.0,0.702540501534807,0.29745949846519304
46,162651.6185335675,1,0,0.29805220863944315,0.0,0.7019477913605568
54,152686.0693484619,1,0,0.0,0.8946350777491435,1.0
59,131794.38430269223,1,0,0.0,0.0,0.0
58,0.0,1,1,0.0,0.0,0.0
35,156957.59329024193,1,0,0.04818601239329623,0.0,0.0
29,113683.43447177704,1,0,1.0,0.0,0.6399495340990217
46,95802.46295153875,1,0,0.043200184515713835,0.9567998154842862,0.0
63,71954.73419954338,2,0,0.5004011457102012,0.0,0.0
39,121477.55210388935,1,1,0.43272913601970464,0.5672708639802954,0.5672708639802954
40,0.0,1,0,0.0,0.542300394840706,1.0
42,0.0,1,0,0.0,0.0,1.0
48,113647.51467517193,2,0,0.6312928291352048,0.0,0.3687071708647952
42,141207.51937486458,1,0,0.0,0.3698132559871766,0.6301867440128234
42,0.0,1,0,0.0,0.0,0.0
35,112004.54989432015,1,0,1.0,0.0,0.0
48,89217.6129793223,2,0,0.0,0.583495568096121,0.416504431903879
57,134252.63636496986,2,0,0.8221798868164233,0.0,0.8221798868164233
46,0.0,1,1,0.0,0.0,1.0
33,0.0,1,0,0.0,0.0,0.21199405469865806
42,0.0,1,1,0.0,0.0,0.6573534821701286
46,0.0,3,0,0.0,0.0,0.0
40,0.0,1,0,0.0,0.0,0.11984326207851492
42,125580.39209659488,1,0,0.7842593208235459,0.0,1.0
45,81197.70184211778,1,1,0.3221867996899558,0.6778132003100442,0.3221867996899558
45,108081.9413988467,2,0,0.6077521222527226,0.0,1.0
57,123754.55227045075,1,0,0.0,0.0,0.0
45,123323.89202859739,1,0,1.0,0.0,0.1366009036511726
39,147934.65759166412,1,0,0.0,0.0,1.0
34,0.0,1,0,0.0,0.0,1.0
42,0.0,4,0,0.0,0.0,0.31562734376335
37,158156.24012991795,3,0,0.6448326040223138,0.3551673959776862,0.3551673959776862
48,156482.45212220316,1,0,0.0,0.6048690923884967,0.39513090761150327
42,111700.42767483632,1,0,1.0,0.0,1.0
42,103008.28205236941,1,0,0.8007847251059469,0.0,0.8007847251059469
34,124506.97049896525,2,0,0.8902150026361744,0.0,0.0
54,116982.54045586986,2,0,0.28740959646557973,0.0,0.28740959646557973
44,91739.70000014697,1,0,0.3677859877561529,0.0,1.0
25,108523.490030498,2,0,1.0,0.0,0.9419080479196502
50,76876.92331753508,3,0,0.1115122123212764,0.0,0.8884877876787236
57,101535.24858953418,1,0,1.0,0.0,0.0
30,86807.67161912152,2,0,0.2675926767279715,0.7324073232720285,0.0
36,98034.83823946823,1,0,0.8354802257421944,0.0,0.0
38,115298.79787134167,1,0,1.0,0.0,0.014693388654953843
57,0.0,3,0,0.0,0.0,0.0
36,90210.0627848934,1,0,0.6626544532309073,0.3373455467690927,1.0
58,0.0,2,1,0.0,0.019327630917601035,1.0
44,115177.94478320696,1,0,1.0,0.0,0.8756316009994898
43,108517.66415612485,2,0,0.41364267491863527,0.0,0.5863573250813647
58,0.0,1,1,0.0,0.0,0.0
49,93743.87229565979,1,0,0.0,0.5957102527451309,0.4042897472548691
41,0.0,1,0,0.0,1.0,0.0
44,144763.36428665422,1,0,0.5951316749056815,0.40486832509431847,0.5951316749056815
45,134952.02392214444,2,0,0.00992382112783563,0.0,0.9900761788721644
39,155167.9546101452,1,1,1.0,0.0,0.4640951594535039
40,113337.76246917676,1,0,0.036500759112411685,0.0,0.9634992408875883
43,108915.27000205204,1,0,0.0,1.0,0.4809677198704513
46,0.0,1,1,0.0,0.0,1.0
27,0.0,2,0,0.0,0.0,0.0
32,182060.38101535907,2,1,0.0,0.22600862184723747,1.0
48,0.0,1,0,0.0,0.0,0.2270785181238849
49,117261.5442099821,3,0,0.521296047654139,0.47870395234586105,0.521296047654139
34,181829.19974771963,1,0,0.0,0.0,1.0
34,83709.4354564345,2,0,0.0,0.0,1.0
49,155393.96881454118,1,0,1.0,0.0,0.0
56,110833.5803822721,1,0,0.22984178824290402,0.770158211757096,1.0
46,106354.88727515958,1,0,1.0,0.0,1.0
55,132611.01201905002,1,0,1.0,0.0,0.8797927708794238
53,152654.94730187516,2,0,0.2655828329586061,0.0,0.7344171670413939
40,101011.45684041614,1,1,1.0,0.0,0.9824476366333711
24,0.0,1,0,0.0,0.0,0.7066913892194353
57,0.0,3,0,0.0,1.0,0.0
52,64301.860862629124,1,1,0.48203947228742106,0.5179605277125789,0.5179605277125789
35,108308.03829051525,1,0,0.3480955931682881,0.0,0.3480955931682881
49,104562.57741046292,1,0,1.0,0.0,0.6282607050936697
40,109309.08710730828,1,0,0.9986463742845318,0.0,0.0
40,0.0,1,1,0.0,0.0,0.0
51,107572.59665188866,2,0,1.0,0.0,0.3535412583620695
48,73277.98934729154,1,0,0.0,0.0,0.0
47,132404.908923506,1,0,0.8470608269838995,0.0,1.0
44,81805.62769001369,1,0,0.0,0.9764050353544709,0.0
46,118029.8262001061,2,0,0.10143939532516066,0.0,1.0
59,43887.29817500009,3,0,0.0,0.0,0.7831984132986259
51,104148.58007855834,1,0,0.2196238764290196,0.0,1.0
54,116547.3532102585,1,0,0.0,0.4579957590035715,1.0
51,97008.17254215945,1,0,0.6019947070454972,0.0,0.6019947070454972
48,138470.62652695703,1,0,0.3029157288331926,0.0,0.3029157288331926
50,162658.8225573026,1,0,0.0,0.0,0.9343051410456342
43,104552.63510588999,1,0,1.0,0.0,0.0
39,0.0,2,0,0.0,0.0,0.7533963650219754
33,159439.53321220615,2,0,0.0,0.4840770697102016,0.0
36,103670.56517607877,1,0,0.747444406596694,0.0,0.747444406596694
48,154499.1510807939,1,1,0.4738098283979466,0.5261901716020534,1.0
69,137258.82832827565,1,0,0.057844449447160606,0.9421555505528394,0.9421555505528394
48,128134.16180027266,1,0,1.0,0.0,1.0
38,0.0,1,0,0.0,1.0,1.0
57,169762.892279941,1,0,0.7851895431484084,0.0,1.0
44,116916.75312152316,1,0,1.0,0.0,1.0
49,148555.3232348096,1,0,0.4555176671997371,0.0,1.0
40,129248.3739723967,2,0,0.9627683502532061,0.0,0.0
39,133113.07300090443,1,0,0.0,0.0,0.07560504061675077
37,102161.0555336959,3,0,1.0,0.0,0.0
48,0.0,1,0,0.0,0.0,0.0
38,88867.23055924883,1,0,0.80416691586573,0.0,1.0
48,121178.7949333202,1,0,0.14080294889267608,0.0,1.0
47,108173.50883238182,1,0,1.0,0.0,1.0
49,0.0,1,1,0.0,0.0,0.0
42,0.0,1,0,0.0,1.0,0.0
52,132522.19973307283,1,0,1.0,0.0,0.14696270958820967
67,170247.61896364263,2,0,0.0,0.0,0.0
45,131702.66820994279,1,1,0.3640452928362715,0.6359547071637285,0.6359547071637285
54,116250.3300431578,1,1,1.0,0.0,1.0
46,107201.0287170178,1,1,1.0,0.0,1.0
41,159482.61472006264,1,0,0.7400950207571672,0.25990497924283285,1.0
43,102911.74478964409,1,0,0.0,0.0,0.0
38,88764.48835020898,1,0,0.08251415686800978,0.0,0.0
56,118422.39062403642,1,0,1.0,0.0,0.2905045056714204
48,129251.86778317876,2,0,0.4699882681579366,0.0,0.0
55,157530.63449958345,2,0,0.0,1.0,0.0
38,145095.46606202915,1,0,0.29227864973247253,0.0,0.29227864973247253
21,117351.46504294053,1,0,0.9377967738352972,0.0,0.0
58,72052.2634261397,3,0,0.14730304427897034,0.0,0.0
58,0.0,2,1,0.0,0.0,1.0
51,155687.7599057075,1,0,0.3690782097708366,0.6309217902291634,0.0
54,0.0,1,0,0.0,0.0,0.0
37,134177.70722652637,2,0,0.13427485090227553,0.8657251490977245,0.13427485090227553
45,118013.17274175567,2,0,0.0,0.0,1.0
46,123581.85879892137,2,0,1.0,0.0,1.0
61,95063.62862855951,1,0,0.7581067058871108,0.24189329411288918,0.0
57,96165.21249987585,3,0,0.0,1.0,1.0
53,106784.20019373042,1,0,0.3203796672648922,0.0,1.0
43,80069.6432479496,1,0,0.0,0.07623921797356448,1.0
44,148267.10340317572,1,0,0.0,0.0,0.274703815047892
56,85750.77186284678,1,0,0.0,0.1930345091160064,1.0
43,120899.69106452537,1,0,1.0,0.0,0.45966487040266124
43,114250.93887199087,1,0,1.0,0.0,1.0
68,0.0,3,0,0.0,0.43281600220946925,0.43281600220946925
44,148595.78530369257,1,0,0.0,0.0,1.0
63,127170.53720369063,1,0,1.0,0.0,0.0
42,92057.45404570209,1,0,0.4455416387418909,0.0,0.0
47,0.0,1,0,0.0,1.0,1.0
37,138200.55223906675,1,0,0.04997902865967874,0.9500209713403213,1.0
43,119549.8949336307,1,0,1.0,0.0,1.0
32,175459.1146617686,2,0,0.0,0.0,0.9811925291641158
49,0.0,1,0,0.0,0.0,0.0
33,136485.80371213937,2,0,0.0,0.0,1.0
53,152664.19578011308,2,0,0.24197713031704537,0.0,0.7580228696829546
31,0.0,1,0,0.0,0.9606269755131998,0.0
44,0.0,2,0,0.0,0.0,0.0
60,148837.67650797893,1,0,1.0,0.0,0.9514298103618323
47,0.0,1,0,0.0,0.005180706034048965,0.0
42,103003.73633200528,1,0,0.7117228057460487,0.0,0.7117228057460487
43,146550.85319459258,1,0,1.0,0.0,0.0
32,135112.81212098364,1,0,1.0,0.0,0.5695397795671037
48,120591.36647072193,1,0,1.0,0.0,0.0
32,0.0,3,1,0.0,0.0,0.0
36,117018.21577803815,1,0,0.593560935378786,0.0,0.40643906462121404
49,102668.65708658124,1,0,1.0,0.0,0.926918437972985
54,0.0,1,0,0.0,0.0,1.0
50,116575.04949067683,1,0,1.0,0.0,0.0
40,136018.88888169514,3,1,0.0,0.0,0.0
52,198766.28938162286,1,1,0.0,0.0,0.7925951162883833
46,116529.8483462427,1,0,0.09210120622038065,0.9078987937796194,1.0
42,0.0,1,0,0.0,0.0,1.0
60,80538.72942368127,1,0,0.03986439559455279,0.0,0.03986439559455279
51,107480.6241518629,1,0,1.0,0.0,0.0
58,104569.45111318135,1,0,0.9773079079915037,0.0,0.9773079079915037
42,0.0,2,0,0.0,1.0,0.0
33,0.0,1,0,0.0,0.0,0.0
35,108308.05245901171,1,0,0.47690010646797,0.0,0.47690010646797
48,0.0,1,0,0.0,0.0,0.0
45,132748.2637445964,2,0,1.0,0.0,0.24734031581908333
48,143783.15384891053,1,0,1.0,0.0,0.0
32,150086.07865399338,1,0,0.0,0.0,0.0
33,184992.65715679256,1,0,0.0,1.0,0.1626997438085659
50,86010.62477704005,1,0,0.0,0.0,1.0
30,101547.14475990497,1,0,1.0,0.0,0.0
54,0.0,1,0,0.0,0.5011043354640581,0.0
46,123570.2322990136,2,1,1.0,0.0,1.0
58,118210.45525002941,2,0,1.0,0.0,1.0
38,178364.9859375157,1,0,0.0,0.3570293439700122,1.0
41,0.0,2,0,0.0,0.0,0.0
50,96889.09203771339,1,0,1.0,0.0,1.0
45,76111.14368637855,1,0,0.0,0.6343636888716871,0.0
52,0.0,1,0,0.0,0.7779241293066794,0.0
37,151999.35089187685,2,1,1.0,0.0,0.0
39,100140.86321891454,1,0,1.0,0.0,0.15195791039851603
32,131375.79367774722,1,1,1.0,0.0,0.7288614422699469
34,183506.4459189611,1,1,0.0,0.09539927731321063,0.09539927731321063
52,108461.25080466845,2,0,1.0,0.0,0.0
45,109029.08258250267,1,0,1.0,0.0,0.029169763645264468
52,116555.40967640921,1,0,0.480890146603009,0.0,1.0
44,113807.73478125909,2,0,0.3375659882989319,0.6624340117010681,0.6624340117010681
33,0.0,1,0,0.0,0.8814973764018484,1.0
46,159464.9498453583,1,0,0.28888493890916567,0.7111150610908343,1.0
35,99934.473163645,1,0,0.6021633744978431,0.0,0.3978366255021569
42,119017.16611720917,1,0,0.9195310246560497,0.0,0.08046897534395026
52,0.0,1,0,0.0,0.0,0.0
45,0.0,1,0,0.0,0.0,1.0
39,102510.60660093134,1,0,1.0,0.0,0.0
37,0.0,2,0,0.0,0.6282759335976568,0.6282759335976568
51,155678.86218806665,1,0,0.39245818622948003,0.60754181377052,0.0
51,109892.36984762008,1,1,0.0,0.2457350266529773,1.0
33,70775.95340850495,1,1,0.0,0.9184264321454086,0.08157356785459136
42,0.0,1,0,0.0,1.0,0.0
62,0.0,1,0,0.0,0.5771225860383208,1.0
45,25681.309812707128,1,0,0.0,0.0,0.0
42,107940.37834596616,1,0,1.0,0.0,0.7875490858587793
31,108515.31912973028,1,0,1.0,0.0,0.7489986167376997
40,165669.7366906894,1,0,0.0,0.43592597116648224,0.5640740288335178
46,131767.57699987697,1,0,0.6414215384751268,0.35857846152487316,0.35857846152487316
34,121351.29737219529,1,1,0.3433689262921239,0.0,1.0
40,137879.9190316919,1,0,0.2403989128935069,0.0,0.0
55,0.0,1,0,0.0,0.0,1.0
50,109791.28070122635,1,1,0.08176091332456292,0.9182390866754371,0.9182390866754371
59,96949.51940993415,1,0,0.1018036829495369,0.0,0.1018036829495369
50,99780.21606700751,1,0,0.5059579077349317,0.0,1.0
61,123288.76402164459,1,0,1.0,0.0,0.7791472170369911
63,131941.31640403002,1,1,0.9610700366743326,0.0,1.0
39,0.0,1,0,0.0,0.0,1.0
40,0.0,1,0,0.0,0.0,0.0
57,72280.47576619737,1,1,0.8667703545060003,0.0,0.8667703545060003
45,93005.14964831626,1,0,0.7175212560229733,0.0,0.7175212560229733
56,0.0,1,0,0.0,0.0,0.9504591705752957
50,0.0,1,1,0.0,1.0,0.0
49,0.0,1,0,0.0,0.0,0.0
57,0.0,1,0,0.0,0.4199111653305454,0.0
33,0.0,1,0,0.0,1.0,1.0
46,187156.51498232957,1,0,0.0,0.0,1.0
45,167914.3304621328,2,0,0.7175039340271477,0.0,0.7175039340271477
46,126625.0466361219,1,0,1.0,0.0,0.0
32,0.0,1,1,0.0,1.0,0.8940943025332507
37,149739.99331167454,1,0,0.053543486849594535,0.0,0.9464565131504055
54,106407.9824620251,2,0,0.10744177251352549,0.0,1.0
59,125901.90441221843,2,0,0.5805520060426864,0.4194479939573136,0.4194479939573136
45,0.0,1,0,0.0,0.0,0.21963449699311832
41,115201.86181035516,1,0,1.0,0.0,0.5236642666989012
43,79882.15486352616,1,1,0.0,0.4975398521461022,0.4975398521461022
45,0.0,2,0,0.0,0.0,0.0
49,93751.80276846087,1,1,0.0,0.40886969674148355,0.5911303032585165
57,94901.7863861103,1,1,0.8138641022466521,0.18613589775334793,0.18613589775334793
45,91244.15179841979,1,0,1.0,0.0,0.0
53,120034.56808370768,1,0,1.0,0.0,1.0
32,0.0,1,0,0.0,0.0,0.0
39,73507.89620711665,1,1,0.0,0.0,0.07115828517343281
57,131847.0292339668,1,0,0.0690075926128163,0.0,0.0
51,106271.89263475161,1,0,1.0,0.0,0.9407845205031079
48,104825.00119665035,1,0,0.5069204379618346,0.0,0.0
50,152766.3693890708,1,0,0.5905879281829817,0.40941207181701833,0.40941207181701833
43,0.0,2,0,0.0,0.0,0.0
64,0.0,1,0,0.0,0.0,0.835825927910516
47,146869.2416980788,1,0,0.6678089668843954,0.3321910331156046,0.0
35,122083.22377506558,1,0,1.0,0.0,0.0
55,152469.32787275896,1,0,0.7711228158518866,0.0,0.22887718414811342
22,136325.60178997967,1,0,0.0,0.3453493131340455,0.6546506868659545
27,0.0,2,0,0.0,0.0,0.0
49,128139.82867847967,1,0,1.0,0.0,1.0
47,88961.52904068306,1,0,0.0,1.0,1.0
39,0.0,3,0,0.0,0.0,0.7175275736299963
39,0.0,1,1,0.0,0.0,0.0
36,103906.14932362163,1,0,1.0,0.0,0.0
53,175554.23565981642,2,0,0.0,1.0,0.0
33,122499.84578793688,1,0,1.0,0.0,1.0
55,115895.2188537439,2,0,1.1634755366141114e-05,0.0,0.0
54,0.0,1,0,0.0,0.5834341715177078,0.0
42,128310.30350163694,2,0,1.0,0.0,0.0
52,65928.92303496484,1,0,0.0,0.0,0.0
37,98216.82797889701,1,0,1.0,0.0,0.0
55,118795.80472197969,1,1,0.0,0.0,1.0
36,130639.38381865478,1,0,0.6958012803637191,0.0,1.0
45,80006.06621115327,1,0,0.0,0.30394251225502733,1.0
53,104564.79476257139,1,0,1.0,0.0,0.7695833378826501
71,148666.84863098548,1,0,1.0,0.0,0.0
40,134989.66776833433,2,0,0.27065520591200365,0.0,1.0
56,0.0,1,0,0.0,0.0,1.0
29,113670.43411241565,1,0,1.0,0.0,0.0
47,116230.85792932396,2,0,1.0,0.0,0.0
44,81745.17603516341,1,0,0.0,0.7418963269587151,0.0
30,106055.93197267358,1,0,0.8484253790905247,0.0,0.15157462090947527
38,157996.2603429739,2,0,0.4226291970136091,0.5773708029863909,0.5773708029863909
53,90679.16843546164,2,0,0.30293090564042924,0.6970690943595708,0.0
33,135087.76473293643,1,1,1.0,0.0,0.6747048659769689
41,140166.5241012104,1,0,0.7126213330985128,0.0,1.0
40,124529.39392869336,2,0,0.816779466505636,0.0,0.0
46,107732.52545586241,2,0,0.8183860322433973,0.18161396775660266,0.8183860322433973
53,111953.9985361208,1,0,1.0,0.0,0.0
55,116241.376164391,1,1,1.0,0.0,0.09805980325084995
51,0.0,1,1,0.0,0.8066935196947392,0.0
42,0.0,1,1,0.0,0.0,0.0
45,126653.75153337215,1,0,0.7542482596820808,0.0,0.0
60,0.0,1,0,0.0,0.0,1.0
43,102222.57757422587,1,0,0.5906378339946378,0.0,0.40936216600536224
48,148923.31222876676,1,0,1.0,0.0,1.0
51,123850.13482098107,2,1,0.07845581631712395,0.0,0.07845581631712395
34,0.0,1,0,0.0,1.0,0.0
57,0.0,1,1,0.0,0.0,0.0
49,121156.86017106484,1,0,1.0,0.0,1.0
46,77658.1976095973,2,0,0.0,1.0,0.7806317174255571
38,116696.26606548564,1,0,1.0,0.0,0.0
54,63092.131522123396,2,0,0.047778214302405364,0.9522217856975946,1.0
53,0.0,1,0,0.0,0.042422298206891695,0.0
45,126518.21348240119,1,0,0.0,0.26532613755546697,0.26532613755546697
39,89712.38068351157,1,0,0.0,0.6015538792998241,0.0
42,123800.0403794472,1,0,0.0,0.0,0.0
56,126332.63311258623,2,0,0.7144241640712422,0.0,0.7144241640712422
61,103175.68997509625,1,0,0.240994717478069,0.0,1.0
50,0.0,3,0,0.0,0.8974840359335255,0.10251596406647445
36,0.0,1,1,0.0,0.0,1.0
38,98698.25735348683,1,0,1.0,0.0,0.0
42,150046.93172574753,1,0,0.0,0.0,0.36928077021554107
49,143934.74864884454,1,0,1.0,0.0,0.06707513743032789
50,88943.665863288,2,0,0.0,0.0,0.1724936801267788
50,128864.31918540584,1,0,0.0,0.0,0.6972093819096368
52,117276.26827146708,3,0,0.28567336426500245,0.7143266357349976,0.28567336426500245
48,0.0,2,1,0.0,0.0,0.0
48,120649.871965391,3,0,1.0,0.0,0.0
24,67428.02315668973,1,0,0.0,0.6945954272532854,0.3054045727467146
24,122452.95562430352,1,0,1.0,0.0,1.0
40,121668.2241253386,1,1,0.8616909037873453,0.0,1.0
31,0.0,1,1,0.0,1.0,1.0
47,118171.87657188477,2,0,0.0,0.807070903866703,0.192929096133297
42,0.0,1,0,0.0,0.0,0.0
39,123020.42172709893,1,0,0.6546580477551122,0.34534195224488784,0.0
52,152627.51118012163,2,0,0.3356104542698427,0.0,0.6643895457301573
44,63573.98904493862,1,1,0.0,0.021474531610859438,1.0
45,0.0,1,1,0.0,0.0,0.8565372237479268
46,121533.46661203458,1,0,1.0,0.0,1.0
33,108487.62466012234,2,0,0.7270567616153901,0.0,0.2729432383846099
52,0.0,1,1,0.0,0.5620727944025711,1.0
40,204370.94689567003,1,0,0.0,1.0,0.0
37,127446.85623928151,1,0,0.49625875288236154,0.0,0.0
47,104506.46476420821,2,0,1.0,0.0,0.0
39,163009.70711106336,1,0,0.163035336931591,0.0,1.0
44,69361.34673724788,1,0,0.786205652261058,0.21379434773894201,0.21379434773894201
58,125910.21487126341,1,0,0.26555606792440856,0.7344439320755914,0.7344439320755914
44,126039.7241281403,1,0,1.0,0.0,0.6156449614758651
50,108868.44433842228,1,0,0.02519341395922936,0.9748065860407706,1.0
45,0.0,1,1,0.0,0.16100267228198928,1.0
38,74602.47773225041,3,1,0.9885820165459264,0.0,0.0
43,102262.0486300663,1,0,0.703699779629051,0.0,0.29630022037094905
43,125582.692968069,1,0,1.0,0.0,0.0
54,0.0,1,0,0.0,0.0,1.0
53,53926.78796325155,1,0,0.0,0.23497340499595276,0.0
65,0.0,2,0,0.0,0.0,0.7048710100433817
40,77317.00126132164,2,0,0.8171281420155851,0.18287185798441485,0.18287185798441485
31,0.0,1,1,0.0,1.0,0.0
48,0.0,1,0,0.0,0.0,1.0
44,138083.60183365046,1,0,1.0,0.0,0.9483312783420389
41,85181.88131530909,1,0,0.0,0.0,0.49520440169547186
36,0.0,1,1,0.0,0.2815460526774499,0.0
36,124518.48546788664,1,0,0.862640471149179,0.0,0.0
28,105100.1455117742,1,0,1.0,0.0,0.0
50,75099.65619135242,2,0,0.1999965182363186,0.8000034817636814,0.0
46,120468.90431684995,1,0,1.0,0.0,0.0
48,118204.1139859768,2,0,1.0,0.0,1.0
38,0.0,1,1,0.0,1.0,1.0
66,0.0,1,0,0.0,0.0,0.8652957589089124
46,142686.3976095038,1,0,0.15727320817971535,0.8427267918202846,0.15727320817971535
51,149229.74786030073,2,0,1.0,0.0,0.30978785920909924
47,159513.72583240134,2,0,0.0,0.7099544680375631,0.7099544680375631
55,111927.05306839917,2,0,1.0,0.0,0.0
47,0.0,1,1,0.0,0.327297005791102,0.0
49,44539.48558609848,2,1,0.0,0.0,0.0
49,157454.24320176788,2,0,0.250467898792499,0.749532101207501,0.0
57,96195.13173021693,2,0,0.0,1.0,0.6248740996069989
41,95090.50370583223,1,0,0.0,1.0,0.5717459831437487
42,0.0,1,0,0.0,0.0,0.0
54,0.0,1,0,0.0,0.0,0.9060870604812605
52,144451.0995806825,1,0,0.0,0.0,1.0
41,155312.33502892748,1,0,1.0,0.0,0.0
40,56241.99226113507,2,0,0.0,0.0,0.05183579911972902
43,162804.64627799712,1,0,0.0,0.0,1.0
44,107007.94574009458,1,1,1.0,0.0,1.0
42,136235.36944224485,1,0,0.0,0.3067765995221412,0.0
40,102690.55986006094,1,0,1.0,0.0,1.0
53,117298.88035391545,4,0,0.3787075509503899,0.6212924490496101,0.0
57,156759.73751544088,1,0,0.0,0.0,0.6659500343312308
41,99607.26144170277,2,0,0.2673009494097196,0.0,0.2673009494097196
42,97699.77638298557,1,0,0.4045273855738697,0.0,0.4045273855738697
54,0.0,1,0,0.0,0.0,1.0
49,203753.8183364896,1,0,0.0,0.0,0.21624015751589276
40,0.0,1,0,0.0,0.0,1.0
48,101346.9569137672,1,0,1.0,0.0,0.43276687959926263
31,146373.08004343693,1,0,0.6854438832219015,0.0,1.0
46,126623.46252760787,1,0,1.0,0.0,0.0
36,99466.00706779545,1,0,0.056585656146715624,0.0,0.056585656146715624
43,135378.4173080332,1,1,0.3739210470128136,0.6260789529871864,0.6260789529871864
52,0.0,1,1,0.0,0.05555141730569657,0.0
48,170737.7570923503,1,0,0.0,0.6417343972985582,0.6417343972985582
44,141345.2630980166,3,0,0.3285208513327931,0.0,0.6714791486672069
52,165355.2800166488,2,0,0.0,0.0,0.36771784636236016
31,0.0,1,0,0.0,0.0,0.0
58,0.0,1,0,0.0,0.0,1.0
49,109731.98743910201,1,0,0.0,0.7509397983633183,0.7509397983633183
49,121502.12436674311,2,0,1.0,0.0,0.10137289755315915
44,65733.32304796382,1,1,0.0,0.0,0.7221472239102877
50,110770.8169935077,1,1,0.2763191084658536,0.7236808915341464,0.7236808915341464
53,112396.75956151895,1,0,1.0,0.0,0.432018927594506
40,104784.88136517553,1,0,0.0,0.9803687409421851,1.0
36,92836.82231062795,1,0,1.0,0.0,1.0
36,0.0,1,1,0.0,0.0,1.0
47,127671.72230838356,2,0,0.17936468201221045,0.8206353179877895,0.0
24,159210.67607987244,1,0,0.0,0.9706765454097441,0.0
29,146073.04095066065,2,0,0.0,1.0,0.1133035047274642
61,0.0,1,0,0.0,0.40360100236159124,1.0
41,0.0,2,1,0.0,0.0,0.0
46,97040.71505725083,1,0,1.0,0.0,1.0
48,107930.6891227073,1,0,1.0,0.0,0.0
32,0.0,1,0,0.0,0.0,1.0
23,132349.22085289954,1,0,1.0,0.0,0.39761237855287057
41,143361.15547286003,1,0,1.0,0.0,1.0
28,0.0,2,1,0.0,0.2053329387067998,0.0
45,121010.91496106028,3,0,1.0,0.0,1.0
38,105551.98040799105,1,0,1.0,0.0,0.0
52,125263.54236571176,1,1,0.7125383351027499,0.2874616648972501,0.0
48,110984.62879425756,1,0,1.0,0.0,0.6567560634745571
40,121652.24524204427,1,1,0.9685373316998922,0.0,1.0
31,0.0,1,1,0.0,1.0,0.3963627994406249
49,159469.5870663972,2,0,0.0,0.9230205329350337,0.9230205329350337
45,46907.76981691619,3,0,0.0,0.0,0.0
50,96891.67913371655,1,0,0.951423220845566,0.0,0.951423220845566
38,106423.50619620478,1,1,1.0,0.0,0.29729079030733363
54,0.0,1,0,0.0,0.0,1.0
45,0.0,1,0,0.0,0.0,1.0
47,108231.8377544151,1,0,0.3763512217097339,0.6236487782902661,1.0
42,0.0,1,1,0.0,0.0,0.35149517988131185
36,164689.71032475174,1,0,0.0,0.0,0.7325979721424587
54,116974.4622060361,2,0,0.015110684214475034,0.0,0.0
61,64097.315893207546,1,1,0.0,1.0,0.9650153694544719
42,168032.63025541033,2,0,1.0,0.0,0.7491069543088975
36,0.0,1,1,0.0,0.0,1.0
31,115105.81425712186,1,0,1.0,0.0,0.7066298698787096
45,119654.95869013529,1,1,1.0,0.0,1.0
42,87560.55100158557,2,1,0.6870926057863518,0.3129073942136482,0.0
42,131562.34037401353,3,0,1.0,0.0,0.7289037462359342
36,159299.28792276114,1,0,0.0,0.5976682827027031,0.0
53,157577.31759906615,2,0,0.0,1.0,0.1339043663883085
45,106976.17971038172,1,1,1.0,0.0,1.0
49,0.0,1,0,0.0,0.0,0.0
50,116576.56324245821,1,0,1.0,0.0,0.0
48,155379.515117444,1,1,1.0,0.0,0.0
44,95939.05302515079,1,0,0.26346477166520743,0.7365352283347926,0.0
46,0.0,1,1,0.0,0.0,0.0
43,145857.50282399825,1,1,0.0,0.20263263413534316,0.20263263413534316
43,65954.36435468294,1,0,0.0,0.0,0.5875858711094019
31,0.0,1,0,0.0,0.0,1.0
40,76966.04554040421,1,1,0.6801118854469727,0.0,0.0
44,171095.13548550566,1,0,0.5918483091333019,0.4081516908666981,0.0
62,0.0,1,0,0.0,0.0,1.0
46,109100.5173391122,1,1,1.0,0.0,0.0
41,179638.71900069067,1,0,0.0,1.0,0.25310153917960876
43,63555.340180282554,1,0,0.0,1.0,0.5497457538571097
38,140272.2954358005,2,0,0.04241898491618268,0.0,1.0
36,67409.63351846955,1,0,0.0,1.0,0.0
49,0.0,1,1,0.0,0.0,1.0
44,107117.7129256509,1,1,1.0,0.0,1.0
53,0.0,1,0,0.0,0.0,0.0
26,155134.10319819045,1,0,0.9770069544389435,0.022993045561056524,0.0
49,121149.88354628133,1,0,0.10189310087293679,0.0,1.0
42,91610.22036464697,1,0,0.008319942227192012,0.991680057772808,0.0
46,174291.2296323852,2,0,0.5664172073673857,0.43358279263261434,0.5664172073673857
56,0.0,1,0,0.0,1.0,0.0
39,116889.72403586283,1,0,1.0,0.0,1.0
38,116522.52822465415,1,0,1.0,0.0,0.08545133615144107
41,99462.55773583257,2,0,0.43402097270875883,0.0,0.43402097270875883
45,169765.90593797906,1,0,0.0,0.0,1.0
42,62394.00391800263,2,0,0.5655966809933902,0.4344033190066098,1.0
42,122138.78379422988,1,0,1.0,0.0,0.276552182149999
47,0.0,1,1,0.0,0.0,0.009054161580370979
31,124397.01562096927,1,0,1.0,0.0,0.5894539894846972
45,126641.672964478,1,0,0.6132916848873791,0.0,0.0
43,152069.3206190683,1,1,1.0,0.0,0.3623117531040645
47,106653.49535345832,1,0,0.2420220799808772,0.0,0.7579779200191228
58,0.0,2,1,0.0,0.7140527233781268,1.0
39,130876.54198169023,2,0,1.0,0.0,0.0913914863317764
44,96526.5328183323,1,0,0.8007296635331992,0.0,0.0
51,124625.22119891578,1,0,0.0,0.0,0.0
45,165292.63500713097,1,0,0.0,0.7387231507265664,0.0
37,117809.36582314888,1,0,0.0,0.0,0.9862544459886547
52,0.0,1,1,0.0,0.0,0.2483762603698002
47,93595.46159542387,1,1,0.0,0.21440648299316456,0.7855935170068354
40,98334.89563861123,1,0,1.0,0.0,0.2708063280369726
51,104702.13718648413,1,0,0.7524402297201136,0.0,0.7524402297201136
57,0.0,2,1,0.0,0.0,0.0
43,0.0,2,0,0.0,0.0,0.45894051659682034
42,144923.7803243542,1,0,0.26726652521383487,0.0,1.0
45,129982.25630575581,1,0,0.6067317247174364,0.3932682752825636,1.0
50,169456.41396961178,1,0,0.6728716685980798,0.3271283314019202,0.0
47,157269.90944031416,1,0,0.0,0.9188508214637608,0.0
64,0.0,1,0,0.0,0.9514907101767872,0.04850928982321279
49,121454.59030451115,1,0,1.0,0.0,1.0
50,0.0,1,0,0.0,1.0,1.0
48,117305.10739522106,3,0,0.1770161949582325,0.8229838050417675,0.0
57,0.0,3,0,0.0,0.0,0.0
43,91947.76099089932,1,0,0.0,0.0,0.5442539661136977
29,0.0,1,0,0.0,0.0,1.0
50,0.0,1,0,0.0,1.0,1.0
57,0.0,3,0,0.0,0.742881493667939,0.0
42,140169.7103195769,1,0,1.0,0.0,0.7379173933540254
48,124099.74626580287,1,0,0.0,0.0,0.0
37,0.0,2,1,0.0,0.0,0.0
40,115470.35004976808,1,0,1.0,0.0,0.6288870615698722
54,157570.07970870554,2,0,0.0,1.0,0.07923339153664266
28,133759.72807043622,1,0,0.584448909757426,0.415551090242574,0.584448909757426
52,104559.90435529656,1,0,1.0,0.0,0.46166805674428657
61,0.0,1,0,0.0,0.0,0.7311464856178065
59,0.0,1,0,0.0,0.0,0.6315510800834211
45,92796.14897009649,1,0,0.10465391084683073,0.0,0.10465391084683073
45,152064.51241925944,1,0,1.0,0.0,1.0
39,130960.78437820321,3,0,0.0,1.0,0.21261297324766715
49,0.0,1,1,0.0,0.0,0.5456545769323449
38,69423.43986042091,1,0,0.3697527805438421,0.6302472194561579,0.6302472194561579
39,154168.10305270678,1,0,0.24838360874320753,0.0,0.24838360874320753
46,0.0,1,1,0.0,0.0,0.0
33,207020.7866417832,1,0,0.0,1.0,0.0
37,137869.94932231374,1,0,0.5574544851852544,0.0,0.0
40,102107.95596816,1,0,0.35067767542311834,0.0,0.6493223245768817
38,135475.96652425706,1,0,0.0,1.0,0.06371937853107335
40,83274.20803484053,2,0,0.9359936533913791,0.06400634660862092,0.06400634660862092
56,110919.70454136777,1,0,1.0,0.0,0.8247432373470076
38,188555.97877205606,2,0,0.0,1.0,0.7076168895878069
53,96994.49903281481,1,0,0.4439194545063778,0.0,0.4439194545063778
31,175446.64694206405,1,0,0.0,0.021913328775008956,0.0
39,209587.7009496406,1,0,0.0,0.0,0.0
33,0.0,1,0,0.0,0.0,1.0
49,124653.01759312882,1,1,0.05617607734743901,0.0,0.0
48,120611.84741726394,2,0,1.0,0.0,0.0
58,115910.73634191173,1,0,1.0,0.0,0.07288937114157268
42,0.0,1,1,0.0,0.0,0.0
50,157460.51377022854,2,0,0.23555927192449566,0.7644407280755043,0.0
42,108506.45058479627,3,0,0.40967105337599263,0.0,0.5903289466240074
55,0.0,1,0,0.0,0.0,1.0
31,0.0,2,0,0.0,0.0,0.7397634020147706
47,0.0,1,0,0.0,0.0,0.0
43,120509.7982361419,1,0,1.0,0.0,0.0
27,86555.17227540808,2,0,0.0,0.9295080543568554,0.07049194564314465
51,137968.90086429226,1,0,0.814353295098757,0.0,0.814353295098757
39,128377.19268601999,1,1,1.0,0.0,0.0
29,0.0,1,0,0.0,0.11830938815649195,1.0
45,95901.57835739416,1,0,0.0,1.0,0.0
50,98668.8638614323,1,0,1.0,0.0,1.0
51,0.0,1,1,0.0,0.8895681365888973,1.0
37,103009.08812144668,1,0,0.7108125537040502,0.0,0.0
43,0.0,1,0,0.0,1.0,0.309806875322469
54,0.0,1,0,0.0,0.0,1.0
50,126577.17610719138,1,1,0.4849943402902769,0.0,0.4849943402902769
42,111978.43657408001,2,0,1.0,0.0,0.0
45,94755.7382360994,1,0,0.3568859751711102,0.0,0.6431140248288898
54,123824.09019577676,1,0,0.0,0.0,0.0
56,143185.1900755659,1,0,0.8285555979060814,0.0,0.0
51,123534.218974019,1,0,0.7892928483196856,0.0,0.7892928483196856
43,80363.1554637479,1,0,0.0,0.6922041683192544,0.6922041683192544
53,99775.4974677044,1,0,0.9137884438732593,0.0,1.0
40,113349.94341005017,1,0,0.04718498299749396,0.0,0.952815017002506
56,125908.11005655417,1,0,0.32674254203004083,0.6732574579699592,0.6732574579699592
52,119863.67460630418,1,0,1.0,0.0,0.6455750512069451
46,102922.9619717875,1,0,0.5056341534219588,0.0,0.0
29,158998.73882661475,1,0,0.05887918746632648,0.9411208125336735,0.9411208125336735
50,94237.80755408054,1,0,0.0,0.12368056685768847,0.12368056685768847
43,113637.20778756215,3,0,1.0,0.0,0.1025679625835898
38,0.0,2,0,0.0,0.0,0.0
53,0.0,1,0,0.0,1.0,0.0
54,123303.8537477256,1,0,1.0,0.0,0.50313247255154
69,113276.85790435766,1,0,0.8061369320631073,0.0,0.19386306793689267
52,75251.33829423046,1,0,0.0,1.0,0.1411832288318453
56,0.0,1,0,0.0,0.0,0.0
45,156895.27597009062,2,0,1.0,0.0,0.0
31,0.0,1,0,0.0,0.0,0.1412357206505278
58,0.0,1,1,0.0,0.0,0.7483558536657398
54,106110.46647945672,1,1,1.0,0.0,0.0
49,113426.20885602682,1,0,1.0,0.0,0.38945324498457545
37,39686.16776692587,1,0,0.0,0.16036540611974315,1.0
52,53986.70111848675,1,0,0.0,0.3263545825250923,0.0
41,119315.13087759545,1,0,1.0,0.0,0.8207467442607193
37,69432.93788394507,1,0,0.3060504094898432,0.6939495905101568,0.6939495905101568
46,89082.84887354453,2,0,0.0,1.0,0.22959816075396866
52,145151.26834254383,1,0,0.88244869984978,0.0,0.0
42,91651.86923819984,1,0,0.0,0.8347155098570426,0.16528449014295743
49,88915.19501084235,2,0,0.0,0.001992135219070268,0.001992135219070268
42,93201.08752874029,2,0,1.0,0.0,0.28126038214646976
45,124211.25674618015,1,0,0.7324010490583791,0.0,0.7324010490583791
47,141681.5036047004,1,0,1.0,0.0,0.0
32,133019.5600053401,1,0,1.0,0.0,0.1613628010553837
26,110423.34206151504,1,0,1.0,0.0,0.08355433751068975
62,0.0,2,0,0.0,0.01912896643728701,1.0
55,162490.733682569,1,0,0.8342518230347793,0.0,0.1657481769652207
28,105113.66824945774,1,1,0.8908555349831467,0.0,0.10914446501685326
47,105770.61159287866,1,1,0.24153684170168177,0.0,0.7584631582983182
41,115403.85351235818,1,0,1.0,0.0,0.6457286727827843
36,123046.67628605613,1,0,1.0,0.0,0.0
47,98082.16094726685,1,0,0.7776386952518297,0.0,0.0
31,0.0,1,0,0.0,1.0,0.0
46,0.0,3,0,0.0,0.0,0.0
56,130842.91122984569,1,1,0.7546476858337889,0.0,0.7546476858337889
56,113398.67888813546,2,0,1.0,0.0,0.05773215922511721
44,135378.79701936594,1,1,0.39103286912739865,0.6089671308726013,0.6089671308726013
40,140263.00319367074,1,0,1.0,0.0,0.23420337092633414
55,112407.83257631975,1,0,1.0,0.0,0.7804460767701981
64,37744.51604364674,1,0,0.0,0.0,0.9598628027134553
47,162343.2217072504,2,0,0.6163004859257241,0.0,0.0
41,0.0,3,1,0.0,0.5568784431720959,0.4431215568279041
59,0.0,1,1,0.0,1.0,0.0
37,103972.82312751339,1,0,0.42894433343014426,0.0,0.0
48,0.0,1,0,0.0,0.0,0.0
47,171535.64605850462,1,0,0.0,0.0,0.6964298070361072
54,129266.67928945315,1,0,0.29785390381817056,0.0,0.0
29,108308.57826819387,1,0,1.0,0.0,0.8283060922945504
49,64232.320462801465,1,1,0.0,1.0,0.499887247923373
57,123600.57008561009,1,0,0.588041904965898,0.0,0.588041904965898
65,123289.83280765399,1,0,1.0,0.0,0.8705269662693842
39,1389.067825793517,2,0,0.0,0.0,0.0
48,162301.96370214058,2,0,0.5325040664159818,0.0,0.0
46,134262.43947631298,1,0,0.11539464217891737,0.0,0.11539464217891737
39,45454.598406258636,2,0,0.0,0.0,0.0
45,0.0,1,1,0.0,0.0,0.0
41,116522.9338157497,1,0,0.6627934244342479,0.33720657556575206,0.33720657556575206
38,98279.67773623703,1,0,1.0,0.0,0.14284196481433187
34,126324.58708923163,1,0,1.0,0.0,1.0
30,0.0,1,1,0.0,0.0,0.0
35,103834.77537239838,1,1,1.0,0.0,0.391859373188026
41,95160.06983384326,1,0,0.0,1.0,0.0
38,127259.71719391615,3,0,0.7956836166010297,0.0,0.7956836166010297
23,0.0,1,0,0.0,0.0,0.4921949360412209
48,131505.38184486204,1,0,1.0,0.0,0.0
49,113880.50255294135,1,0,1.0,0.0,0.9818759589542703
50,121044.37759301453,1,0,1.0,0.0,1.0
28,154464.08735551962,1,1,1.0,0.0,1.0
40,137257.64887267872,3,0,0.4742550209769536,0.0,0.0
51,133158.00664247776,1,0,0.5606782949389499,0.0,0.0
34,127373.99965044872,1,0,0.0,0.37157354338541293,0.37157354338541293
48,0.0,1,0,0.0,0.0,1.0
30,0.0,2,0,0.0,0.0,0.0
49,98177.20968916782,1,0,1.0,0.0,0.0
58,135417.43790883844,1,0,0.723443662354912,0.276556337645088,0.0
48,106034.83895606679,1,0,1.0,0.0,0.0
44,96018.95796338897,1,0,0.8361177032072488,0.16388229679275124,0.16388229679275124
54,0.0,1,0,0.0,0.0,1.0
45,116584.22622024748,1,0,1.0,0.0,0.0
49,148552.7112905772,1,0,0.48509465997954015,0.0,1.0
42,109113.34741537478,2,1,1.0,0.0,0.0
53,148103.88222166433,1,0,1.0,0.0,0.0
34,122780.83567957295,1,0,1.0,0.0,0.45129411302925493
28,86614.35965216903,1,0,0.0,0.1834421964034345,0.0
35,137858.52754738904,1,0,0.8549740195614743,0.0,0.0
49,121450.22183941556,1,0,1.0,0.0,1.0
41,99639.97049030372,1,0,0.0,0.0,0.5336902438598299
71,0.0,1,0,0.0,0.9243002726902125,0.9243002726902125
41,95106.56726930666,1,0,0.0,1.0,0.38782608991693124
52,78008.47725136696,1,0,0.0,1.0,0.19646234053739664
52,107451.53246823789,1,0,1.0,0.0,0.09822597145377132
61,0.0,1,0,0.0,0.0,0.7965272575024042
51,0.0,1,1,0.0,0.9330263879747285,0.06697361202527152
51,114394.8025868192,1,0,1.0,0.0,1.0
55,115856.8558254118,2,0,0.3894049389788753,0.0,0.0
49,85550.12984164683,1,0,0.0,0.0,1.0
35,103711.212875377,1,0,1.0,0.0,0.9680658120507589
57,118722.62740572263,1,0,1.0,0.0,0.0
38,136624.55956921793,1,1,0.6483180074520956,0.0,0.35168199254790444
30,0.0,1,0,0.0,0.9258945774251329,0.0
44,107873.66367802353,1,0,1.0,0.0,0.0
32,112021.04087800358,1,0,1.0,0.0,0.0
49,0.0,1,0,0.0,0.0,0.0
48,91503.29467207247,1,0,0.9971823539029504,0.0028176460970495976,0.0
57,213313.18264892377,1,1,0.0,1.0,0.0
37,87904.43495044138,1,1,0.6788378473640465,0.3211621526359535,0.6788378473640465
50,94311.98789557112,1,0,0.0,0.7798886740952469,1.0
41,119177.64898521447,1,0,1.0,0.0,0.6494794657138382
40,100133.09126670731,1,0,1.0,0.0,0.3725332737595508
39,131618.1147727035,3,1,0.931286322276039,0.06871367772396098,1.0
43,83014.89878681525,1,0,0.0,0.36957419942677316,1.0
50,106377.73452426399,1,0,0.5357614802607751,0.0,1.0
51,99777.7079242066,1,0,0.7227377522388047,0.0,1.0
42,171095.0721214429,1,0,0.34327051527839203,0.0,0.0
38,0.0,2,0,0.0,1.0,1.0
40,154313.21871022036,1,0,0.9916363181231429,0.008363681876857099,0.9916363181231429
30,182058.0914487846,1,0,0.0,0.0,1.0
47,121101.61016392843,2,0,1.0,0.0,1.0
30,0.0,1,0,0.0,0.0,0.0
26,146265.6648790896,1,0,0.0,0.005313475668345946,1.0
39,80618.84985377257,1,0,1.0,0.0,0.8044946424318223
44,0.0,3,0,0.0,0.7728095732903374,0.0
52,125372.111104742,1,1,1.0,0.0,0.5484191629935626
43,132418.75516220846,1,0,0.06646332577627212,0.0,0.9335366742237279
41,0.0,2,0,0.0,0.23348495046741535,0.0
51,142879.28668060224,1,1,0.41628641226863605,0.0,0.0
37,177835.69193467262,1,0,0.0,0.0,0.7819599771579592
41,145154.1063921913,1,0,0.0,0.0,0.7517469923958404
45,125596.61829907299,1,0,0.8030020719578371,0.0,0.19699792804216287
41,66856.75338583742,1,0,0.5180080664046248,0.4819919335953752,0.5180080664046248
51,66057.37634551988,1,0,0.0,0.140324518193515,0.0
31,0.0,1,1,0.0,0.3288425266203113,0.0
49,143904.4257693783,1,1,1.0,0.0,0.0
42,115295.94371135748,1,0,1.0,0.0,0.0
36,0.0,1,0,0.0,0.0,0.1698810060507353
33,125947.61599651923,2,0,1.0,0.0,0.8050248000997108
55,152731.6012834,1,0,0.10959048278067152,0.0,0.8904095172193285
35,114724.2148480251,1,0,0.7499777984520708,0.2500222015479292,0.0
47,0.0,1,0,0.0,0.0,0.0
64,96992.54098705432,2,0,1.0,0.0,0.0
49,123458.33910426577,1,0,1.0,0.0,0.5971553059903019
54,0.0,1,0,0.0,0.0,1.0
31,131250.1294764505,1,0,0.11087207605999005,0.0,0.11087207605999005
38,81025.28438402554,1,0,0.5788067545119405,0.4211932454880595,0.0
56,0.0,1,0,0.0,0.0,0.0
57,131776.02702548602,1,0,0.0,0.15647671600360058,0.15647671600360058
52,156914.48431650677,1,0,0.4739212201161027,0.0,0.0
43,144699.83001855237,2,0,1.0,0.0,1.0
43,46851.78035452672,1,1,0.0,0.0,0.0
38,176709.51743864737,2,0,0.0,0.0,0.0
50,107286.59601997367,2,0,1.0,0.0,1.0
52,152586.0287003297,1,0,1.0,0.0,0.0
36,109220.75815399089,2,0,1.0,0.0,0.7850873629636042
37,0.0,1,0,0.0,0.0,0.42485084286808694
58,0.0,1,1,0.0,0.09216148611646591,1.0
51,136084.189382523,2,1,0.5070596467387183,0.0,0.5070596467387183
57,116301.85692266379,1,1,1.0,0.0,0.812079619184677
35,103727.15522993325,1,1,1.0,0.0,0.9230283306191259
38,103612.11040099207,1,0,1.0,0.0,0.30384385486207477
39,100642.46543931954,2,1,1.0,0.0,0.38279876443638783
34,154528.35099657692,1,0,0.17816905341464073,0.0,1.0
36,187202.39079277788,1,1,0.0,0.0,0.6595107686407702
24,0.0,1,0,0.0,0.20375854945863148,0.0
46,109872.47504993045,1,0,0.27194603941844875,0.7280539605815513,1.0
37,87562.17033074072,2,0,0.6923589224610581,0.3076410775389419,0.3076410775389419
42,0.0,1,0,0.0,0.0,0.0
35,103901.82466462142,1,1,1.0,0.0,0.06093152054970841
49,129377.10254598549,2,1,0.6363742815333744,0.0,1.0
52,118230.20402170016,1,0,0.0,1.0,0.0
31,133883.67120431992,1,0,0.0,0.26951186229227264,0.26951186229227264
54,155745.18602815235,1,1,0.1909265850716435,0.8090734149283565,0.0
41,125629.98301693717,2,0,1.0,0.0,0.0
42,93214.09246258935,2,0,1.0,0.0,0.2187156129979273
43,138269.3963458773,1,0,0.5953032659274891,0.40469673407251094,0.40469673407251094
42,155327.69951115627,1,0,1.0,0.0,0.0
46,88804.34783023396,1,0,0.0,0.6619689447938686,0.6619689447938686
46,107924.71925927803,1,0,1.0,0.0,0.8149397285405392
29,133852.34366706773,1,0,1.0,0.0,1.0
43,125532.23664597463,1,0,1.0,0.0,1.0
57,162379.91226500247,1,0,1.0,0.0,0.0
40,179798.26355038126,1,0,0.0,0.9116150530154813,0.08838494698451871
42,26866.853792674796,1,0,0.0,0.6989488284873856,0.3010511715126144
47,119956.54783080729,1,0,1.0,0.0,0.6316527862056487
47,0.0,1,0,0.0,0.0,0.0
45,95929.47899988889,1,0,0.0,1.0,0.031149092793391064
46,81749.24033171748,1,0,0.2595764492750492,0.7404235507249508,0.0
37,0.0,2,1,0.0,0.966323596125536,0.966323596125536
46,92091.01864577094,1,0,0.8791857726012476,0.12081422739875236,0.0
49,0.0,1,0,0.0,0.7566033167814695,0.0
41,118128.30284799123,1,0,0.44266283042699195,0.557337169573008,0.44266283042699195
59,0.0,1,0,0.0,0.9610206793388696,0.0
51,142786.33644485628,1,0,1.0,0.0,0.33315260869434193
45,0.0,1,0,0.0,0.6769726542459061,0.0
39,115446.91940406825,2,0,1.0,0.0,0.8979191869576658
47,0.0,1,0,0.0,1.0,0.11188181106596418
41,151827.2340058392,1,0,0.3252906183617478,0.6747093816382522,1.0
44,41163.009784075904,1,0,0.0,0.9009608956904679,1.0
44,0.0,3,0,0.0,0.9961576734987788,0.0
52,78159.16295966225,1,1,0.0,0.8254156641239481,0.17458433587605193
44,95050.93130144163,1,1,0.15512865224477101,0.844871347755229,0.844871347755229
50,105233.43445698218,1,0,0.2490087361090899,0.0,0.2490087361090899
37,0.0,1,1,0.0,0.4232976011422437,1.0
40,78120.03994206444,3,0,0.9327440860326321,0.06725591396736785,0.0
53,0.0,2,0,0.0,1.0,0.0
32,0.0,1,0,0.0,0.0,0.0
58,0.0,1,1,0.0,0.0,0.0
47,110774.83351479702,1,0,0.7481839120488464,0.2518160879511536,1.0
48,146669.77299124168,1,0,1.0,0.0,0.0
46,110770.84085409887,1,0,0.8580232710072292,0.1419767289927708,1.0
43,123070.82148151194,1,0,1.0,0.0,0.0
32,135313.33693142154,1,0,0.24149648525686784,0.7585035147431322,0.7585035147431322
60,142731.97193802305,1,0,1.0,0.0,0.04035082685969971
39,108401.19938084934,1,0,1.0,0.0,0.588808482005414
59,148223.4110130067,1,0,0.869919330171053,0.0,0.0
60,128215.54080092703,1,0,0.0,0.0,1.0
44,146606.7624432966,1,0,1.0,0.0,0.3604268271414861
31,127414.77831520232,1,0,0.0,0.21626174892476357,0.21626174892476357
46,121155.34702674669,1,0,0.5661806912250709,0.0,1.0
34,150376.50634528615,1,0,0.0,0.0,0.0
40,73628.58607803671,2,1,0.0,0.0,0.6543420054927197
36,104552.69447800016,1,0,1.0,0.0,0.0
41,28017.088154310437,1,0,0.0,0.985618553927915,0.0
57,148415.8680448841,1,0,0.23564661356357264,0.0,0.7643533864364274
44,108442.69817995324,2,0,0.6237430848640091,0.3762569151359909,0.0
62,0.0,1,0,0.0,1.0,1.0
36,145378.13374310304,1,1,1.0,0.0,0.0
34,121451.78933376643,1,1,0.1628803721693478,0.8371196278306522,1.0
49,62677.057819407615,1,0,0.0,1.0,1.0
37,122344.94007614831,1,0,1.0,0.0,0.43660464928735987
56,96054.82473310227,2,0,0.0,1.0,0.6246140481145316
54,108471.93138126167,1,0,1.0,0.0,0.1355667531316359
54,110171.6912438112,1,0,0.0,0.0,0.0
52,97002.86174710828,1,0,0.4190496201118207,0.0,0.0
39,135484.6597503262,1,0,0.009320842934234186,0.9906791570657658,0.0
35,121480.31958412952,1,0,0.243269832931432,0.756730167068568,1.0
39,112541.21778502184,1,0,0.4422938054511353,0.5577061945488647,0.5577061945488647
53,106093.4527343179,1,1,1.0,0.0,0.0
31,114748.56849652085,1,0,0.6107695283082115,0.3892304716917885,0.3892304716917885
53,125785.73425284223,2,0,1.0,0.0,0.0
45,0.0,1,0,0.0,0.0,1.0
52,81569.82047751971,1,0,0.9281820981139515,0.0,0.0
43,95971.73713831312,1,0,0.9291395200154627,0.07086047998453726,0.0
52,151969.89589284867,1,0,0.3419052781054903,0.0,1.0
23,0.0,1,0,0.0,0.0,0.527677466221695
53,175487.89888440003,2,0,0.0,0.7883641014301388,0.0
20,117355.9188229666,1,0,0.9956311094988834,0.004368890501116551,0.0
33,102273.95430572178,1,0,1.0,0.0,0.0
38,0.0,1,1,0.0,1.0,1.0
38,0.0,1,0,0.0,0.8044140596774734,0.0
42,96484.97593513543,1,0,0.0,0.0,0.0
39,64407.3469452061,1,1,0.4068417809605318,0.5931582190394682,0.0
59,116564.1806984461,1,0,0.053347996988897695,0.0,0.9466520030111023
46,107926.168437427,1,0,1.0,0.0,0.45476434255266107
44,81561.35137658454,1,0,0.0,0.32521369783258947,0.0
32,95638.34910393268,1,0,1.0,0.0,0.0
54,121389.4891336086,1,0,0.3731226184223836,0.0,0.3731226184223836
33,104556.31002438147,1,0,0.9416919866580306,0.0,0.0
50,118818.95291681355,1,0,0.0,0.167357032236781,1.0
49,120721.5529332874,2,0,0.5003594462155606,0.0,0.5003594462155606
49,0.0,1,0,0.0,0.0,0.0
45,158621.67601480763,1,0,0.0,0.0,0.30286419410819077
41,123670.09020276667,2,0,0.35136104323118444,0.0,0.35136104323118444
57,0.0,1,0,0.0,1.0,0.0
40,125744.63928498533,2,0,1.0,0.0,0.0
41,129966.9466553974,1,0,0.36405967317328913,0.6359403268267109,1.0
50,168848.09419627656,1,0,1.0,0.0,0.40069788386056227
44,47355.10374660462,3,0,0.0,0.0,0.0
45,159371.22285542174,1,0,0.0,0.29486085442943666,0.0
53,125428.83705973458,1,0,1.0,0.0,0.0
33,0.0,1,0,0.0,0.0,0.0
25,182754.40277410412,1,0,0.0,0.8373670797701507,1.0
31,0.0,1,1,0.0,1.0,0.16972842857692316
45,127212.96011594514,1,0,0.01914486799683668,0.9808551320031633,1.0
39,138681.15758714438,1,1,0.7791025863957868,0.0,0.7791025863957868
42,130744.85557340446,1,0,1.0,0.0,0.39030257484738407
38,181984.9265587101,1,0,0.0,0.3003604303778783,1.0
47,93834.87145974848,1,0,0.16184502501135745,0.0,1.0
41,0.0,1,0,0.0,1.0,0.0
43,0.0,1,0,0.0,1.0,0.9609201469288247
30,146149.43494145435,2,0,0.0,0.4640649211478818,0.5359350788521182
37,0.0,1,0,0.0,0.0,0.48849563265990537
41,109142.65439807868,2,0,1.0,0.0,0.5981128001092699
47,115481.39949398504,2,0,1.0,0.0,0.15369104284420454
36,0.0,1,1,0.0,1.0,0.5726072328820224
40,102981.5487192416,1,0,0.2770125243259788,0.0,0.2770125243259788
51,81286.53943126518,2,0,1.0,0.0,0.9213075122129755
50,121166.28143430395,1,0,0.4168091957229024,0.0,1.0
52,0.0,1,0,0.0,0.0,0.40715981949188984
46,82934.76745493531,2,0,0.64507533912299,0.35492466087701,0.35492466087701
44,116545.22216014947,1,0,1.0,0.0,0.9480106480222925
50,145754.52022700277,1,0,0.9682562346270114,0.0,0.0
37,0.0,1,0,0.0,0.0,1.0
46,104881.50873222563,1,0,0.9154346219027621,0.0,0.08456537809723785
37,122617.51188296806,1,0,0.3931530444598609,0.0,1.0
42,0.0,2,0,0.0,0.0,0.0
53,109335.61295212584,2,0,1.0,0.0,0.8829148165187222
29,114670.52910876718,1,0,0.0,1.0,0.3409545898677676
45,0.0,1,1,0.0,0.0,1.0
38,123762.41380390571,1,0,0.8629968313588721,0.0,0.0
39,0.0,2,0,0.0,0.0,0.8860934353132082
50,88844.80405090227,1,0,0.0,0.8033464150470413,0.8033464150470413
56,0.0,3,0,0.0,0.26257391422932275,0.26257391422932275
36,89732.87204487214,1,0,0.0,0.713480451072877,0.713480451072877
47,0.0,1,0,0.0,1.0,1.0
46,99353.95261576159,1,0,0.9972378999036027,0.0,0.9972378999036027
56,0.0,1,0,0.0,0.9699739946706072,0.0
52,99751.07375886678,1,0,0.8973658657909319,0.0,0.8973658657909319
44,85196.09996950108,1,0,0.0,0.37736946640134195,0.37736946640134195
28,147974.9209432737,1,0,1.0,0.0,0.9733826191648212
48,0.0,1,0,0.0,0.0,0.0
41,114334.46394237518,1,0,1.0,0.0,1.0
48,97122.82508672186,1,0,0.9376059314017228,0.0,0.0
32,136597.92596845914,1,1,0.6647209499217043,0.0,0.3352790500782957
58,106906.11380457369,1,0,0.93298346224879,0.0,0.93298346224879
44,131035.61069863228,1,0,1.0,0.0,0.9753431334790705
41,118576.27990082162,1,0,0.8169739072718367,0.18302609272816328,0.0
43,0.0,2,0,0.0,0.0,0.0
47,178124.88021392538,1,0,0.0,0.9379652314338942,1.0
54,0.0,1,0,0.0,0.0,0.08510348611978535
38,138818.52691830174,1,0,1.0,0.0,0.38559759251333336
33,117451.24171015302,1,0,1.0,0.0,0.9289651109559979
58,0.0,1,1,0.0,0.0,0.21079310155002862
49,145772.31285045133,1,0,0.7706342229623276,0.22936577703767236,0.22936577703767236
49,98754.16307122751,1,0,1.0,0.0,0.4691072110475787
39,0.0,3,0,0.0,0.0,0.7314378325463574
55,95721.85669596636,1,0,1.0,0.0,0.0
39,100490.27583033933,1,0,1.0,0.0,1.0
64,94996.90640521907,1,0,1.0,0.0,0.0
42,80223.08850211684,1,0,0.0,0.0,0.9730767979122983
49,0.0,1,0,0.0,0.0,0.0
36,0.0,1,1,0.0,0.967761465269562,0.0
49,100280.55029177002,1,0,0.43974048650790853,0.0,1.0
44,91789.03103453088,1,0,0.0,0.2783684816626566,0.7216315183373434
55,0.0,1,0,0.0,1.0,0.0
57,140779.86158479482,2,0,0.6737460819588532,0.0,0.0
48,120561.20043816154,1,0,0.7006166262946517,0.0,0.0
44,108712.3300765707,1,0,0.7674940077921688,0.2325059922078312,0.2325059922078312
40,80509.39821126053,1,0,0.8703210217757646,0.12967897822423535,1.0
29,131269.7903670825,1,1,0.25646306101676597,0.0,0.25646306101676597
41,124476.93401539413,1,1,0.6446802515261123,0.3553197484738877,0.3553197484738877
36,143940.84546777201,2,1,1.0,0.0,0.6739942081457304
36,97670.89422657386,1,0,0.06256484221945158,0.0,0.06256484221945158
50,125888.38429481245,2,0,1.0,0.0,0.0
32,154556.62034923004,1,0,0.1909763597083236,0.0,1.0
43,0.0,4,0,0.0,0.0,1.0
30,133865.5721791386,1,0,0.0,0.34264514652252154,0.34264514652252154
54,155222.94181866726,1,0,1.0,0.0,0.8646589218581401
46,62142.08151238833,2,0,0.0,0.15492531114344266,0.15492531114344266
44,95927.97259539175,1,0,0.0827368356181899,0.9172631643818101,0.0
47,116560.278198361,1,0,1.0,0.0,0.5154620049199892
51,0.0,2,1,0.0,0.0,0.6975804887214636
54,0.0,1,0,0.0,0.0,1.0
36,130906.23978583404,3,1,0.19619510951652486,0.8038048904834751,0.19619510951652486
52,125076.60206317046,1,0,0.13714848815274316,0.0,0.0
47,121156.46331304261,1,0,0.419300915445715,0.0,1.0
40,0.0,1,0,0.0,0.0,0.0
52,0.0,1,0,0.0,0.8559212139868004,0.0
39,145869.32285975153,1,0,0.0,0.6239984855289824,0.6239984855289824
30,136153.852860382,1,0,0.0,0.7263595821392284,0.0
36,141822.36654342522,1,0,1.0,0.0,0.0
39,160847.17313931085,1,0,0.0,0.0,1.0
32,135113.9462031879,1,0,1.0,0.0,0.540415942786377
45,129407.51706125772,3,1,0.6935365319571797,0.3064634680428203,0.6935365319571797
49,97710.62714750029,1,0,0.8223812111853543,0.0,0.8223812111853543
47,163588.48007520614,1,0,0.9430212730026317,0.0,1.0
51,0.0,3,0,0.0,0.0,0.41860727491832994
35,100388.80245790254,1,0,1.0,0.0,0.458431424131438
38,0.0,1,0,0.0,1.0,0.0
43,151823.5214116511,1,0,0.425712424909789,0.574287575090211,1.0
59,98806.6016097705,1,0,1.0,0.0,1.0
40,150628.64771377848,1,1,0.22295071434824387,0.0,1.0
53,101598.5863933421,1,0,1.0,0.0,0.0
49,157378.74816467112,2,0,0.0,1.0,0.0
44,136386.41840547323,1,0,0.0,0.0,0.46197729463609705
40,125890.4502821017,1,0,0.8401080784391999,0.15989192156080012,0.15989192156080012
41,80539.34522396547,1,0,0.9894511309650564,0.0,1.0
44,86004.42167301902,1,0,0.0,0.0,0.8895193110437631
61,153205.4216620484,2,0,0.6285327373756232,0.0,0.3714672626243768
52,0.0,1,0,0.0,0.0,0.0
36,136313.80511153126,1,0,0.0,0.0,0.4893925374065887
39,154261.00816745334,1,0,0.7416414518360422,0.0,0.7416414518360422
37,119451.50699536047,1,0,0.5074309292467024,0.4925690707532976,0.5074309292467024
48,96303.43367452614,2,0,0.0,0.5168191366863315,0.5168191366863315
49,143037.02741303685,1,0,0.16176957891819943,0.0,0.16176957891819943
51,148128.22716277288,1,0,0.6385962209328137,0.0,0.36140377906718635
45,0.0,1,0,0.0,0.0,0.8597946748116456
39,0.0,3,0,0.0,0.0,0.5931951990482764
42,83069.51078506786,1,0,0.0,0.3282331056783394,1.0
58,125349.68633609562,1,0,1.0,0.0,0.0
33,0.0,1,1,0.0,0.0,0.23755304132513155
35,0.0,1,0,0.0,1.0,0.0
56,125313.09116351749,1,0,1.0,0.0,0.0
30,131232.7348362743,1,0,0.0,0.048555174336908036,0.048555174336908036
47,94301.8796031179,1,0,0.0,0.0,0.17549162738135737
51,128246.7003329399,2,0,0.0,0.0,1.0
48,131146.6509866521,1,0,0.0,0.5793144666619379,0.5793144666619379
50,0.0,1,0,0.0,1.0,1.0
47,120506.09121150535,1,0,1.0,0.0,0.0
32,182064.40880957842,2,1,0.0,0.22982672579761843,1.0
36,158601.02257266114,2,0,0.0,0.0,0.0
48,0.0,1,0,0.0,0.0,0.0
46,104480.37595993084,1,0,1.0,0.0,0.33833274037081096
44,121132.86901833906,1,0,1.0,0.0,1.0
55,113089.9133891754,1,0,0.42912258316052376,0.0,0.5708774168394762
30,122946.47294916869,1,0,0.1852703553833237,0.8147296446166763,0.0
34,147488.4330773289,2,0,0.0,0.7213569368849636,0.0
48,120629.18883606305,3,0,1.0,0.0,0.0
48,155403.79290364558,2,0,1.0,0.0,0.0
41,92056.17915852767,1,0,0.17428904843933302,0.0,0.0
44,107007.68480372077,1,1,1.0,0.0,1.0
45,182298.71913121268,1,0,0.07287621813555067,0.9271237818644493,0.9271237818644493
46,0.0,1,0,0.0,1.0,0.0
49,93583.73483905944,1,1,0.0,0.0,1.0
41,127625.09342876154,1,1,1.0,0.0,0.8569988773342736
34,155237.32935303685,1,0,1.0,0.0,0.0
50,98687.02038439772,1,1,1.0,0.0,0.797732263348214
57,162314.08538481998,2,0,1.0,0.0,0.0
46,123455.77553758537,1,1,1.0,0.0,1.0
54,0.0,1,0,0.0,0.0,1.0
45,0.0,1,0,0.0,0.0,0.0
35,123038.47196219506,1,0,0.7959263871435024,0.2040736128564976,0.0
45,104302.35690658084,2,0,0.8248768598696468,0.0,1.0
38,123912.44074468002,2,0,0.6727646144124667,0.3272353855875333,1.0
56,116264.98403073994,1,1,1.0,0.0,0.2205042634356471
38,148301.7096721645,1,0,0.21820753455217223,0.0,0.0
55,0.0,3,0,0.0,0.12592822669481485,0.12592822669481485
38,108978.03358845643,1,0,0.24966895274023015,0.7503310472597698,0.0
40,99251.88534240016,1,0,1.0,0.0,1.0
50,115280.50360359566,1,0,1.0,0.0,0.0
28,108360.20020208498,1,0,1.0,0.0,0.12933096587448234
24,117340.43550201137,1,0,0.7925948132091347,0.0,0.0
42,115371.07775006167,1,0,1.0,0.0,0.0
37,98607.03243915759,1,0,1.0,0.0,0.24973423606115774
25,150139.70927847913,1,0,0.0,0.0,0.0
38,107855.7890837788,1,0,0.45832359458757543,0.5416764054124246,0.0
32,0.0,3,1,0.0,0.0,0.0
53,125285.0391310826,1,1,1.0,0.0,0.0
50,108745.50369136677,1,0,1.0,0.0,0.0
46,91860.48642406879,1,0,0.0,0.07926034965736461,0.9207396503426354
36,178100.2112678903,1,0,0.0,0.0,1.0
26,132305.02413354826,1,0,1.0,0.0,0.2914609134937939
52,117281.1507668965,3,0,0.20754093620570346,0.7924590637942965,0.20754093620570346
36,0.0,1,1,0.0,0.7618533463343037,1.0
36,130922.20478369639,3,1,0.09156544812062473,0.9084345518793753,0.09156544812062473
43,106425.87350241949,1,1,0.5319309457657099,0.0,0.4680690542342901
33,0.0,1,0,0.0,0.4662994129398188,1.0
56,0.0,1,0,0.0,0.0,0.0
46,100872.2819989385,1,0,1.0,0.0,0.8455077959950742
54,140276.30029524537,2,1,0.4872653541000508,0.0,0.5127346458999492
57,116286.76902160385,1,1,1.0,0.0,0.5700147858789403
50,80271.3648675906,1,0,0.0,0.0,0.5969106905466561
49,0.0,1,0,0.0,0.0,0.0
47,119903.26960191972,1,0,0.23055110591795291,0.0,0.7694488940820471
37,99397.11379388529,1,0,0.3978657030174272,0.0,0.3978657030174272
43,80033.38100460489,1,0,0.0,0.17244694772595304,1.0
53,105018.34419307226,1,0,0.17070836331248018,0.8292916366875198,0.8292916366875198
51,133722.30558533833,1,0,0.9695363136910399,0.030463686308960125,0.0
46,133229.8416806564,1,0,0.20444837246427305,0.0,0.795551627535727
46,117959.20981439462,2,0,0.34041155611425966,0.0,1.0
44,102599.88513835886,1,0,1.0,0.0,0.4894192425404401
59,69749.20286740884,1,0,0.0,1.0,0.6151291405411998
44,116555.54462530663,1,0,1.0,0.0,0.9106057172144217
56,167391.57007735223,1,0,0.0,0.0,0.4901459904495423
41,132328.58178041302,1,0,1.0,0.0,0.5012756446257294
47,107238.92661422667,1,1,0.9497569901770179,0.05024300982298213,0.9497569901770179
59,73921.52450735353,1,0,0.0,0.0,0.0
47,123752.24576880048,1,0,0.0,0.0,0.0
51,116272.78871646499,1,0,1.0,0.0,0.5618213867516555
39,118585.51947581135,1,0,0.0,0.16081960501970138,0.0
48,113606.44837266172,2,0,1.0,0.0,0.8393204152881548
36,116877.6625040391,1,0,1.0,0.0,0.9750283378829504
43,105181.50037960608,1,0,1.0,0.0,0.5509612320698741
42,144759.85074439648,1,0,1.0,0.0,1.0
50,106074.12147335698,1,0,1.0,0.0,0.0
39,0.0,1,1,0.0,0.0,0.0
43,149027.2074767187,1,0,1.0,0.0,1.0
55,106113.4817890805,1,1,1.0,0.0,0.0
39,0.0,2,0,0.0,0.0,1.0
56,152284.34516909492,1,0,0.17349605035502202,0.0,1.0
44,108791.61046973431,2,0,0.37975152291931746,0.0,0.0
30,0.0,1,0,0.0,0.0,0.0
29,0.0,1,1,0.0,0.6079064230954273,1.0
46,0.0,3,0,0.0,0.0,0.0
39,0.0,2,0,0.0,0.0,0.0
55,107204.07654201328,1,0,1.0,0.0,1.0
40,111579.4609007116,1,0,1.0,0.0,0.23693332490664865
41,0.0,3,1,0.0,1.0,0.0
36,111112.72995112599,1,0,0.5657815548409963,0.0,1.0
48,141408.57106860174,1,0,0.0,0.9291447172116873,0.07085528278831266
33,0.0,1,0,0.0,1.0,0.0
33,108466.41883949425,1,0,1.0,0.0,0.0
44,128350.02086627786,2,0,1.0,0.0,0.0
37,92844.56763254481,1,0,1.0,0.0,0.8268585609727531
45,0.0,1,0,0.0,0.0,0.0
37,0.0,2,0,0.0,1.0,1.0
44,92822.50721721683,1,0,1.0,0.0,0.2344256000115147
49,110057.54169573501,1,1,0.6549162544867663,0.0,0.6549162544867663
38,162911.06797629697,1,0,0.03010387221131894,0.0,1.0
60,104270.44983310216,1,0,0.038507675425887844,0.0,0.038507675425887844
45,0.0,1,0,0.0,0.0,0.0
55,0.0,1,0,0.0,0.0,0.9332050877593062
54,44406.228830778484,1,0,0.0,0.0,0.0
57,0.0,1,0,0.0,0.0,1.0
68,170117.18716669938,2,0,0.0,0.0,0.3215000317073622
54,0.0,1,0,0.0,0.0,1.0
60,120923.352046609,3,0,1.0,0.0,1.0
30,0.0,1,0,0.0,0.0,0.0
45,117834.36254033541,1,0,0.8848551176960043,0.0,1.0
60,0.0,1,0,0.0,1.0,1.0
37,122298.42453179532,1,0,1.0,0.0,0.27746467972495403
50,107944.56573154355,1,0,1.0,0.0,0.0
61,140545.09776882676,1,0,0.0,0.0,0.03663967955396208
38,115441.15126591049,1,0,1.0,0.0,1.0
31,85504.74128311223,1,0,0.0,0.0,0.2839500267578555
43,81024.00045511115,1,0,1.0,0.0,0.0
41,63591.84682901149,1,0,0.0,0.6226895409497974,1.0
49,116933.50712982961,1,0,0.9901088460868658,0.0,0.9901088460868658
46,123864.34098246058,2,1,0.31187943576372523,0.0,0.31187943576372523
58,0.0,1,0,0.0,0.0,1.0
29,0.0,1,0,0.0,0.0,1.0
46,102917.92126651353,1,0,0.44279813654373745,0.0,0.0
43,85176.44798740085,1,0,0.0,0.7389514737651519,0.7389514737651519
43,131637.39157991396,2,1,1.0,0.0,1.0
43,0.0,3,0,0.0,0.16542820974437233,0.0
53,0.0,1,0,0.0,0.0,0.0
59,0.0,1,0,0.0,0.0,1.0
53,125357.6070987086,1,0,1.0,0.0,0.0
42,140134.3883335906,1,0,1.0,0.0,0.9286305621153941
52,125389.82984454192,1,0,1.0,0.0,0.0
56,106132.47064809661,1,1,1.0,0.0,0.0
43,0.0,1,0,0.0,1.0,1.0
51,0.0,3,0,0.0,0.0,1.0
40,139331.19550905618,1,0,0.0,0.0,1.0
42,133701.78381211078,1,0,0.03192361854926651,0.0,0.9680763814507335
47,0.0,1,0,0.0,0.0,0.5532854727414797
43,0.0,1,0,0.0,1.0,1.0
47,134294.642934463,1,0,0.2466586158054065,0.0,0.2466586158054065
26,86610.60991873892,2,0,0.0,0.5290397475652665,0.0
25,130161.591235525,1,0,0.33808636736298847,0.0,0.6619136326370115
47,0.0,1,0,0.0,0.0,0.0
54,116265.45904086185,1,0,1.0,0.0,0.246131917290087
45,157382.05100199912,2,0,0.4221088873059117,0.5778911126940883,0.0
41,99812.44693615875,1,0,0.09564022500614278,0.0,0.09564022500614278
50,118208.18847657686,2,0,0.18259215269389062,0.8174078473061094,0.18259215269389062
48,114928.0535085963,2,1,1.0,0.0,0.0
36,90396.18588026745,1,0,0.9443944783195394,0.05560552168046062,1.0
54,0.0,1,0,0.0,0.0,1.0
31,109950.59962376847,1,1,0.0,0.787552722804527,0.21244727719547296
46,88268.71584315308,1,0,0.3364764060865477,0.0,0.3364764060865477
44,88822.60796605807,1,0,0.4111974888825458,0.5888025111174542,1.0
41,90000.02430577054,1,0,0.0,1.0,0.0
37,0.0,1,1,0.0,0.0,1.0
46,91820.61927534692,1,0,0.10443715186816127,0.0,0.8955628481318387
49,167346.83481140516,1,0,1.0,0.0,0.09082473594641427
53,156558.38403488725,1,0,0.3138780765150273,0.0,1.0
45,121533.3229925409,1,0,1.0,0.0,1.0
60,0.0,1,0,0.0,0.0,0.0
30,100048.55981745322,1,0,1.0,0.0,0.0
39,0.0,2,0,0.0,0.0,0.0
48,86135.79773591556,1,0,0.0,0.34210762086359403,0.657892379136406
44,104536.66732908541,2,0,0.5700423802201783,0.0,0.0
40,112256.18560903845,1,0,0.16905082894493162,0.0,0.8309491710550684
50,108447.87043500002,2,0,1.0,0.0,0.1198910934727121
45,150037.46987691437,1,0,0.0,0.0,0.0
42,125864.0691364215,1,0,1.0,0.0,0.5314549141893053
44,131402.56016068163,1,0,1.0,0.0,0.2879453426759925
53,154702.33098267298,1,0,0.0,1.0,0.4928195845328246
37,117038.64173836165,1,0,1.0,0.0,0.29994206977702265
46,126383.92202549665,1,0,0.403918044761694,0.596081955238306,1.0
42,0.0,1,0,0.0,0.0,0.0
54,155756.7200354036,1,1,0.16440552907887873,0.8355944709211213,0.0
44,123072.69703765561,1,0,1.0,0.0,0.0
40,133163.79423685453,1,0,0.0,0.0,0.45330431792786985
31,95300.35052487567,1,0,0.09758696671389655,0.9024130332861034,0.0
36,0.0,1,0,0.0,0.0,1.0
49,0.0,1,0,0.0,0.0,0.0
51,106391.46466488585,2,0,0.34133864506023304,0.0,1.0
35,149787.01865142217,1,0,0.0,0.0,0.931554914309481
40,135070.5293975157,1,0,0.0,0.0,1.0
35,135032.83504306394,1,0,0.566605258905463,0.0,1.0
45,0.0,1,0,0.0,0.0,0.0
52,120641.3773558018,1,0,0.10161353341596513,0.0,0.10161353341596513
51,153609.2194206165,2,0,0.6004812154130652,0.0,0.3995187845869348
48,107999.70153301324,2,1,0.32679470585777737,0.0,0.6732052941422226
64,0.0,1,0,0.0,0.9891889163648037,0.0
45,155350.537982042,1,0,1.0,0.0,0.0
36,0.0,1,1,0.0,0.1990192995966351,1.0
37,80964.55289686417,1,0,1.0,0.0,0.0
48,138533.68124266935,1,0,0.5768573811327002,0.0,0.0
27,0.0,1,0,0.0,0.0,0.5360183018331126
48,113956.00928232486,1,0,1.0,0.0,1.0
55,119963.4117194073,1,0,0.019431772939276448,0.0,0.019431772939276448
34,154517.24038222202,1,1,0.7853041125366446,0.21469588746335544,1.0
53,137980.17728902996,1,0,0.9327658199094389,0.0,0.9327658199094389
58,119904.24909909282,1,0,0.4051526204980904,0.0,0.4051526204980904
53,117730.55035299771,1,0,0.0,0.0,0.0
35,56647.839064278356,1,0,0.0,1.0,0.0
38,74785.28527179387,3,1,0.6587176387270222,0.0,0.0
32,0.0,1,1,0.0,1.0,0.0
50,105229.54962035168,1,0,0.0,0.0,0.10326500887504841
36,0.0,1,0,0.0,0.0,0.0
55,0.0,3,0,0.0,0.0,0.0
42,141618.71647284157,1,0,1.0,0.0,0.0
24,0.0,1,0,0.0,0.06168427134868393,0.9383157286513161
45,156866.30672978735,1,1,0.8187402294840508,0.0,0.0
38,143904.50497983905,1,0,1.0,0.0,0.016432793486336972
62,94911.82780404913,1,1,1.0,0.0,0.0
49,121541.71314127145,2,0,1.0,0.0,0.969723632797977
31,0.0,1,1,0.0,1.0,0.0
39,115182.51994711637,1,0,1.0,0.0,0.6524812046862454
54,106412.01431640543,2,0,0.05034952696935324,0.0,1.0
43,23744.95588550415,1,0,0.0,0.05276525785960262,0.0
54,165354.52145704947,2,0,0.0,0.0,0.3079887440533453
45,46497.97049460177,1,1,0.0,0.0,0.0
36,0.0,1,0,0.0,0.0,0.0
39,0.0,2,0,0.0,0.0,0.0
34,124089.17263258409,1,0,0.2528581182501112,0.0,0.2528581182501112
58,0.0,1,0,0.0,0.0,1.0
51,95779.04380226982,1,0,0.35920874698269034,0.6407912530173097,0.0
50,188040.18561192937,1,0,0.0,1.0,0.17644777338818096
56,128193.57673955597,1,0,0.17930383923322069,0.0,0.8206961607667793
31,0.0,2,0,0.0,0.5226496018775987,0.0
40,117884.9075532292,1,0,0.0,0.0,1.0
36,133066.70390192172,1,0,0.36255979655909454,0.0,0.0
55,152710.42668856232,1,0,0.19428547433178212,0.0,0.8057145256682179
55,127604.50901359876,2,0,0.671820517202388,0.0,0.0
46,113955.24762947965,1,0,1.0,0.0,1.0
58,108036.06695752226,2,0,0.08468834187530683,0.0,0.08468834187530683
57,0.0,2,0,0.0,1.0,0.0
55,0.0,1,0,0.0,0.0,1.0
47,127648.61088075081,2,0,0.15909128959709284,0.8409087104029072,0.0
36,88039.0304510501,1,1,0.778761303553936,0.0,0.778761303553936
42,0.0,1,0,0.0,0.0,0.6190087263316001
53,110806.90798988777,1,1,0.19159426110630906,0.8084057388936909,0.8084057388936909
56,131849.6334612296,1,0,0.1763763892510265,0.0,0.1763763892510265
48,116579.12072127564,1,0,1.0,0.0,0.0
52,117300.91881102728,4,0,0.5408759767133191,0.4591240232866809,0.0
58,148172.03038821416,1,0,1.0,0.0,0.0
32,102102.02873846324,3,0,1.0,0.0,0.0
58,108019.93035973121,1,0,0.11864376574158031,0.0,0.0
54,149329.7273520966,2,0,1.0,0.0,0.06625057699852999
55,170103.39479225583,1,0,0.0,0.0,0.3161335481646568
47,121108.69880916497,2,0,0.5315721526867312,0.0,1.0
49,146705.43722627335,1,0,1.0,0.0,0.0
46,62310.97755266102,1,1,0.0,0.5244038081779917,0.5244038081779917
49,117624.51820616773,1,0,0.4077481050027323,0.0,0.4077481050027323
49,0.0,1,0,0.0,0.0,0.0
41,0.0,1,1,0.0,0.0,0.0
31,136564.5191883915,1,0,0.0,0.9711509073682858,0.9711509073682858
47,66362.43335993744,1,0,0.0,1.0,0.0
42,0.0,1,0,0.0,0.0,0.0
43,135639.15478593652,1,0,1.0,0.0,0.9315495474339832
42,108505.67553809546,3,0,0.41766699581699473,0.0,0.5823330041830053
59,123691.69219536756,2,0,0.11635848516449587,0.0,0.0
58,0.0,2,1,0.0,0.3872041644634896,0.6127958355365104
36,89807.88622593787,1,0,0.0,1.0,0.9384821582141546
32,111942.08652935472,1,0,1.0,0.0,0.0
39,135099.70541250656,1,0,0.07680304831442153,0.0,0.9231969516855785
48,107998.0325876455,2,1,0.35466620498508283,0.0,0.6453337950149172
36,69925.95646262672,1,0,0.0,1.0,1.0
41,126087.1088477712,1,1,1.0,0.0,0.0
40,127617.30340354149,1,0,1.0,0.0,1.0
39,125869.39719071526,2,0,1.0,0.0,0.0
40,100597.36211721107,1,1,1.0,0.0,0.6118310201032214
46,117783.90849710934,1,0,0.0,0.0,0.6265420548672948
45,119562.50088081385,1,0,1.0,0.0,1.0
46,107091.73659858273,1,1,0.10587431821312931,0.8941256817868707,0.10587431821312931
52,0.0,1,0,0.0,0.0,1.0
52,107132.7214922817,1,1,0.5868274827922805,0.4131725172077195,0.5868274827922805
47,0.0,1,0,0.0,0.3241770748959264,0.0
40,40745.723186017385,1,0,0.0,0.6581598242975735,1.0
40,0.0,1,0,0.0,0.0,1.0
33,127473.78544571922,1,0,0.6047406845688422,0.0,0.6047406845688422
44,152084.47399884425,1,0,1.0,0.0,0.18177886721736192
50,144450.34559616758,1,0,0.0,0.0,0.8431872946831943
50,96890.9298175997,1,0,1.0,0.0,1.0
31,121464.45365395838,1,0,0.04191521671625753,0.9580847832837425,1.0
54,165223.9706613612,2,0,0.41918287590212133,0.0,0.41918287590212133
40,0.0,1,1,0.0,0.0,0.0
36,123045.48615006905,1,0,1.0,0.0,0.0
58,98790.7974616293,1,0,1.0,0.0,1.0
51,129284.82259027404,1,0,0.768619363623152,0.0,0.0
52,92837.10369963151,1,0,0.0,0.0,0.0
51,100946.19833644213,1,0,0.7314863597031158,0.0,0.7314863597031158
54,118811.36998247202,1,0,0.04188199108056623,0.0,0.9581180089194338
45,124454.19590582755,1,0,1.0,0.0,0.0
39,75113.06309534422,1,0,0.0,1.0,1.0
48,102653.87067853853,1,0,1.0,0.0,1.0
29,186509.07848451397,1,0,0.0,0.0,0.08357945546793377
52,129279.68886931345,1,0,0.6354143568619098,0.0,0.0
41,97628.64018875839,1,0,0.0,0.0,0.3701793455652923
60,0.0,1,0,0.0,1.0,1.0
34,69467.63341446136,1,0,0.0,1.0,1.0
49,70690.90948515285,1,0,0.0,0.46870598164906807,0.5312940183509319
31,95239.7341886234,1,0,0.0,1.0,0.32256192877170553
41,100210.07835847011,1,0,1.0,0.0,1.0
50,131337.70150290907,1,0,0.7314964640431391,0.0,0.7314964640431391
54,104201.84296184026,1,0,0.8244715176045491,0.0,1.0
43,138551.86050414233,1,0,1.0,0.0,0.14643625660281612
46,144869.71798256724,1,0,0.0,0.167070284425772,0.832929715574228
56,125396.68591236416,1,0,1.0,0.0,0.0
63,128787.28674713652,1,0,1.0,0.0,0.0
30,0.0,1,0,0.0,0.0,0.0
49,127603.27940775288,2,1,1.0,0.0,0.37904048538303503
58,185555.42918956117,1,0,0.0,0.08493926748277758,1.0
56,0.0,1,0,0.0,0.7488307324515987,0.0
56,0.0,1,0,0.0,0.0,0.1557876747138569
45,0.0,1,0,0.0,0.0,0.0
62,0.0,1,0,0.0,0.5140954425512597,1.0
36,0.0,1,1,0.0,1.0,0.691531718510516
53,0.0,1,0,0.0,1.0,0.0
54,0.0,1,0,0.0,0.6747888037237887,0.0
48,152825.28080311147,1,0,0.9607305857583477,0.0,0.03926941424165231
50,0.0,4,0,0.0,0.27199860534435605,0.0
47,0.0,1,0,0.0,0.0,0.9936209565934093
43,0.0,1,0,0.0,1.0,1.0
34,146193.9195785324,1,1,0.0,0.03425279018025251,1.0
46,104655.74605591125,1,0,0.604844702527695,0.0,0.604844702527695
42,121822.34336167204,1,0,0.271629145660354,0.0,1.0
51,116240.60992053487,1,0,1.0,0.0,0.0
47,152137.05642550255,1,0,0.671093157085976,0.0,1.0
48,0.0,1,0,0.0,0.0,0.0
31,0.0,1,1,0.0,1.0,0.053243755307759266
49,0.0,1,1,0.0,0.0,0.0
40,80340.07229111894,1,0,0.0,0.7832979829560477,0.7832979829560477
48,118078.2605178196,1,0,0.7340715493678812,0.0,1.0
40,109155.45684940364,2,0,1.0,0.0,0.0
52,0.0,1,0,0.0,0.0,0.0
50,157168.4514287798,1,0,0.0,0.603528806501121,0.0
54,152594.11690952734,1,0,0.6595059816513271,0.0,0.3404940183486729
56,123907.2642396542,1,1,0.0,0.0,0.0
50,170170.08765608745,1,0,0.0,0.0,0.12038757878908901
42,0.0,3,1,0.0,0.06147021652686957,0.0
49,0.0,1,0,0.0,0.0,0.0
48,137765.18361998707,1,0,0.6227534032398411,0.0,1.0
48,0.0,1,0,0.0,0.0,0.0
47,126590.65282923038,1,0,1.0,0.0,1.0
35,113674.47043567276,1,0,1.0,0.0,0.5464585417281244
45,113698.18831889189,1,0,1.0,0.0,0.5828065814354235
43,68325.6849832658,1,0,0.0,0.0,0.8397743990234937
44,117282.60430662963,3,0,0.0,0.1709364024208483,0.0
53,125711.61630959698,1,0,0.41814478816279965,0.0,0.5818552118372003
48,0.0,1,1,0.0,0.0,0.0
34,88080.85063012497,1,1,1.0,0.0,0.8979646468477885
48,66101.2584138875,1,0,0.0,0.9158723377406172,0.08412766225938284
27,0.0,3,0,0.0,0.6068960924405989,0.6068960924405989
45,138502.00407800646,1,0,1.0,0.0,0.0
46,131766.41764942356,1,0,0.0,0.9834075193674021,0.9834075193674021
53,111997.90340320294,1,1,1.0,0.0,0.0
43,0.0,3,1,0.0,0.3975505580334122,0.0
51,125468.85721928765,1,0,1.0,0.0,0.0
53,94147.14910660964,1,0,0.0,0.7661871669069359,1.0
61,0.0,1,0,0.0,0.02370775364451838,1.0
50,0.0,2,1,0.0,0.0,1.0
46,109488.94206286765,1,0,1.0,0.0,0.0
53,131706.228042103,1,0,0.8645404632053092,0.0,0.8645404632053092
33,122923.12041449509,1,0,0.23147521376529812,0.7685247862347019,0.23147521376529812
28,126331.18639531669,1,0,0.868409523946934,0.13159047605306595,1.0
51,0.0,1,0,0.0,0.0,0.07353620204381517
45,0.0,1,0,0.0,0.0,1.0
40,127215.97754908682,3,0,1.0,0.0,1.0
48,123591.28113394564,1,0,1.0,0.0,1.0
40,118058.28854291134,1,0,1.0,0.0,1.0
47,107132.03408923124,1,1,1.0,0.0,1.0
58,113657.81796598042,1,1,0.028652427577654516,0.0,0.9713475724223455
41,120248.90916152703,1,0,0.41674760768744323,0.0,0.0
31,143967.70287084143,1,0,1.0,0.0,0.9886974634109775
60,94945.4275796389,1,0,0.787371958149273,0.0,0.21262804185072703
51,81475.3329929981,1,0,0.3064328227033716,0.6935671772966284,0.0
52,0.0,1,0,0.0,0.9597419969907679,0.0
24,0.0,2,0,0.0,0.0,0.0
51,104729.80459251837,1,0,0.3976844144330547,0.0,0.3976844144330547
52,0.0,1,0,0.0,0.0,0.9738004133571495
45,107929.9872828889,1,0,1.0,0.0,0.5441986625037022
60,123989.18153691501,1,1,0.0,0.0,0.0
41,179139.05700955767,1,0,0.0,1.0,0.7094388646339748
33,0.0,1,0,0.0,0.7285079974572887,1.0
36,0.0,2,1,0.0,0.0,0.0
38,190986.67230373013,1,0,0.0,0.6252780294926236,0.0
47,0.0,1,0,0.0,0.4501314372237948,0.0
22,101524.92271500018,1,0,0.9494268961757711,0.0,0.0
43,111964.78442723436,1,1,1.0,0.0,0.0
44,123453.58126329353,1,0,0.832363539660995,0.0,0.832363539660995
40,175207.75509465538,2,0,0.0,0.19435119463665806,0.0
40,116507.14564067374,1,0,1.0,0.0,1.0
47,121390.26411640318,1,0,0.22607907101056268,0.0,0.22607907101056268
42,114975.12770854388,1,0,0.18269468778676323,0.0,0.0
57,118728.69483076561,1,0,0.9303984201693255,0.0,0.0696015798306745
38,0.0,2,1,0.0,0.0,0.0
45,142208.51721849252,3,0,1.0,0.0,1.0
52,0.0,1,1,0.0,0.33745427896422897,0.0
54,0.0,1,0,0.0,0.0,1.0
30,0.0,1,0,0.0,0.0,0.0
48,115293.30534471328,1,0,1.0,0.0,0.2111259425580374
31,159148.6561304882,1,0,0.24753166241350566,0.7524683375864943,1.0
41,0.0,1,1,0.0,0.0,0.0
38,74869.10818263805,3,1,0.5074646192857107,0.0,0.0
46,159470.0126455733,1,0,0.55789296532028,0.0,0.55789296532028
50,109956.09359005214,1,1,0.33440117898874866,0.0,1.0
50,77422.3508642063,1,0,0.6054276846810762,0.3945723153189238,0.3945723153189238
42,48302.48844806157,2,0,0.0,0.0,0.0
32,106061.89958038143,1,0,1.0,0.0,0.0
52,0.0,1,0,0.0,0.0,0.4280041217164072
52,154721.47875554106,1,0,0.0,1.0,0.19456767070001368
51,162014.95359552227,3,0,0.760160929790159,0.23983907020984097,0.0
45,0.0,1,0,0.0,0.0,0.15389990469377368
33,143984.8248441843,1,0,1.0,0.0,0.8507505302585261
54,97624.15853603359,1,0,1.0,0.0,0.7318256322550867
39,108438.13825724927,2,0,0.3610747263410372,0.6389252736589628,0.0
44,119913.63253761704,1,0,0.4084555814084826,0.0,0.5915444185915174
33,159235.75134545326,1,0,0.0,0.6796972168333453,0.6796972168333453
46,139926.3084768725,3,0,0.056680432165835404,0.0,0.056680432165835404
40,90353.61836265218,1,0,0.034672704226066386,0.9653272957739336,0.034672704226066386
39,0.0,2,0,0.0,0.0,0.0
54,0.0,1,0,0.0,0.30283630786201954,0.0
33,146253.80003291974,1,0,0.0,0.19343534295648257,1.0
40,75242.8282588807,2,0,0.0,0.3584955187437483,0.3584955187437483
47,107927.22953259351,1,1,1.0,0.0,0.7401718620597005
47,97123.51738345686,1,0,1.0,0.0,0.11391389118648365
41,0.0,1,1,0.0,0.0,0.10431005573338348
43,135618.64414788026,1,0,1.0,0.0,0.7027127957186735
53,124458.14871705453,1,1,0.2299937539632405,0.7700062460367595,0.7700062460367595
50,125993.47564910316,1,0,1.0,0.0,0.5886960279337687
37,160903.1367791514,1,0,0.0,0.0,1.0
32,175425.36762072193,2,0,0.0,0.6723838432917036,0.32761615670829636
44,87941.52670507673,1,0,0.0,0.17393531545171448,0.17393531545171448
32,0.0,1,0,0.0,0.0,0.0
57,101040.79620261736,1,0,0.17564955275065053,0.0,0.17564955275065053
46,117948.76333709163,2,0,0.39699216220747413,0.0,1.0
43,66298.15795168314,1,0,0.0,0.15631697070886086,0.8436830292911391
35,113999.17119009543,1,0,1.0,0.0,1.0
44,109110.72056400092,1,0,1.0,0.0,0.3604745051415539
47,109848.90891901638,1,1,0.3287291747708675,0.0,0.6712708252291325
53,147394.62809975195,1,0,0.7293560580182343,0.0,0.0
46,133979.67609653543,1,0,1.0,0.0,1.0
42,132218.1518363289,1,0,1.0,0.0,0.9925817954877634
42,134998.75159587947,1,1,1.0,0.0,0.15620150793059928
47,126597.31000758763,1,1,0.988420993963481,0.0,0.0
50,0.0,1,0,0.0,1.0,1.0
35,80020.6121786916,1,0,0.0,0.20618189609196036,0.20618189609196036
40,131602.70605038077,2,1,1.0,0.0,0.6594229620819976
46,133710.5102343564,1,0,0.4221929497489153,0.0,0.5778070502510847
31,0.0,1,0,0.0,0.8661015453778347,0.0
40,40857.25797823292,1,0,0.0,0.7105604783805121,1.0
37,0.0,2,0,0.0,0.0,0.0
48,0.0,1,0,0.0,0.0,0.0
40,88820.48194999616,1,0,0.5888095241305089,0.4111904758694911,1.0
47,0.0,1,1,0.0,0.0,0.0
54,124170.67087258841,1,1,0.6697153324979156,0.0,0.6697153324979156
40,0.0,1,1,0.0,0.0,0.0
38,67254.22431409438,1,0,0.850574528015116,0.0,0.850574528015116
57,0.0,2,0,0.0,1.0,0.0
65,103096.1107298508,1,0,0.06556696124655859,0.0,1.0
48,106421.5923721469,2,1,0.31091234625177033,0.0,0.6890876537482297
47,91863.96207723583,1,0,0.0,0.17672678731996982,0.8232732126800302
40,64004.031541130695,1,0,0.44380930736998836,0.5561906926300116,0.5561906926300116
50,113552.69327374987,2,0,1.0,0.0,0.7795167014240635
48,143595.00311673837,1,0,0.9837996026605328,0.01620039733946721,0.0
47,128671.78410576032,1,0,0.1816195752204648,0.0,0.8183804247795352
57,0.0,1,0,0.0,0.0,1.0
37,0.0,2,0,0.0,0.0,0.0
56,0.0,1,0,0.0,0.0,0.0
23,0.0,1,0,0.0,0.7059325378232222,0.2940674621767778
37,0.0,2,0,0.0,0.0,0.0
34,69468.20609978162,1,0,0.0,1.0,1.0
45,120518.03026851422,1,0,1.0,0.0,0.0
34,148974.21791396776,1,0,1.0,0.0,0.13443761682779654
34,133927.03090213577,1,0,0.10284259215747671,0.0,0.0
54,108473.73821629352,1,0,1.0,0.0,0.0
52,0.0,1,0,0.0,0.0,0.0
44,163388.73867768332,1,0,0.6738388982700046,0.0,1.0
51,107490.68002122692,1,0,1.0,0.0,0.0
50,101462.19319468366,1,0,0.675670622648482,0.0,0.0
37,117361.37369840633,1,0,1.0,0.0,0.3235162504793956
40,159560.9614305939,1,0,0.5942418273085972,0.0,0.5942418273085972
34,108304.99869694177,1,0,1.0,0.0,1.0
46,113763.94526514069,2,0,0.31746754046227843,0.6825324595377216,0.6825324595377216
41,0.0,2,0,0.0,0.0,0.0
24,0.0,1,0,0.0,0.0,0.0
48,0.0,1,1,0.0,0.0,0.7240773056194532
42,119470.76075708172,1,0,0.768581330913202,0.0,1.0
29,99294.39265314917,1,0,0.2262724300031862,0.0,1.0
44,47022.41312567359,3,0,0.0,0.0,0.0
35,129042.35062225758,1,0,0.0,0.0,0.0
57,167291.84486522732,1,0,0.0,0.0,0.3746698300455461
29,147336.41892576663,2,0,0.0,1.0,0.0
40,80229.84494333458,1,0,0.0,0.2187138889065392,1.0
47,120566.1279585362,1,0,1.0,0.0,0.0
39,114322.3843974072,1,0,1.0,0.0,1.0
51,110231.81920647081,1,0,1.0,0.0,0.0
40,104593.78911713575,1,0,0.15055359377426447,0.0,0.0
33,0.0,1,0,0.0,0.0,0.0
57,0.0,2,0,0.0,1.0,0.0
43,144940.87607934087,1,0,0.3413186459500521,0.0,1.0
40,133713.60102728187,1,0,0.5214716300804775,0.4785283699195225,0.4785283699195225
42,118732.1675253889,1,0,0.9288595498455656,0.07114045015443438,0.07114045015443438
56,0.0,1,0,0.0,0.0,0.0
57,151872.5126470964,1,0,0.46533693393948605,0.0,1.0
40,77273.5906339793,2,0,0.9863175852393189,0.013682414760681105,0.013682414760681105
45,115535.42115182184,1,0,1.0,0.0,0.08159872000483837
48,142733.86702852105,1,1,0.0,0.741408408865216,0.0
40,0.0,1,0,0.0,0.0,1.0
32,0.0,1,0,0.0,0.0,1.0
45,0.0,1,0,0.0,0.5736016431983775,1.0
47,100320.47806849075,1,0,0.548145202728022,0.0,1.0
45,104491.14868006787,2,1,1.0,0.0,0.0
31,122389.84862719988,2,1,1.0,0.0,1.0
57,0.0,3,0,0.0,1.0,0.0
47,114168.20513095432,1,0,1.0,0.0,1.0
42,55781.4881142878,1,0,0.0,1.0,0.0
26,147364.91963373168,2,0,0.0,1.0,0.0
47,0.0,1,0,0.0,0.0,0.42311879868879154
52,117301.20846895412,4,0,0.5639195667556237,0.4360804332443763,0.0
28,124430.73636555672,2,0,1.0,0.0,0.49972146479223967
63,124035.57194323435,1,0,0.0,0.06939408590418339,0.06939408590418339
52,99753.98560859122,1,0,0.9101231482638393,0.0,0.9101231482638393
43,127648.9503022432,1,0,0.3990879943409139,0.6009120056590861,0.3990879943409139
32,86307.33206456043,1,0,0.6590414285644417,0.0,0.0
28,191885.882140361,1,0,0.0,0.0,0.0
35,105152.41654930182,1,1,0.5934094626405277,0.0,0.40659053735947226
44,148596.31798861863,1,0,0.0,0.0,1.0
44,144793.61696744495,1,0,0.0,0.285281166497964,0.0
36,0.0,1,0,0.0,0.0,0.0
46,92859.12074375789,1,0,0.5254703073558932,0.0,0.5254703073558932
45,97050.18137541167,1,1,1.0,0.0,0.69783278550517
29,136630.2805759388,1,0,0.9002641112020704,0.0,0.0997358887979296
52,108765.79774551811,1,0,1.0,0.0,0.2078088051983239
55,0.0,3,0,0.0,0.6763610678727241,0.6763610678727241
39,147917.32447717286,2,0,0.6796331823951436,0.0,1.0
40,128257.18351918091,1,0,1.0,0.0,0.05407535596791346
32,110035.29951187829,1,0,0.704175902503464,0.29582409749653604,0.704175902503464
48,0.0,1,1,0.0,0.0,0.0
36,56357.25084639208,2,0,0.0,0.0,0.2719545593981987
34,159123.87467968013,1,0,0.0,0.782108620373256,0.782108620373256
43,117307.88615937036,2,0,0.6618345851139982,0.3381654148860018,0.0
44,104090.291521175,1,0,0.36628840023447096,0.0,0.36628840023447096
52,77135.90834322403,2,0,0.5934613827047238,0.0,0.4065386172952762
45,0.0,1,0,0.0,0.0,0.0
42,110145.58055161357,1,1,0.7287780544506475,0.2712219455493525,0.0
36,117271.9289481792,2,0,1.0,0.0,0.6764695875145085
32,95236.32292497133,1,0,0.0,1.0,0.3349440109933689
47,147229.17707988486,1,1,0.5565784285021533,0.44342157149784667,0.0
38,88160.98540700272,1,1,1.0,0.0,0.6572690745720928
44,114198.85268827566,1,0,1.0,0.0,1.0
56,104222.05871244209,1,0,0.905581102339519,0.0,0.905581102339519
46,132384.0767800411,1,0,1.0,0.0,1.0
45,138065.85515227396,1,0,1.0,0.0,1.0
48,88140.42158569155,1,1,0.3502119532357004,0.0,0.0
26,56731.851250990076,1,0,0.0,0.10343411486048337,0.8965658851395166
39,148962.63939183493,1,0,1.0,0.0,0.5979727831117593
42,106369.34276138253,1,0,1.0,0.0,0.7289392001051572
31,102119.55310879796,1,0,1.0,0.0,0.7798208840100681
47,116926.89406483993,1,0,1.0,0.0,1.0
38,128289.70193190819,3,0,3.071884538241587e-05,0.0,0.9999692811546176
42,113652.82722177042,2,0,1.0,0.0,0.0
48,0.0,1,1,0.0,1.0,0.35659617598620563
26,99324.65488733668,1,0,0.25448133161826025,0.0,1.0
51,112381.83298582883,1,0,1.0,0.0,0.01289746978952544
49,0.0,1,0,0.0,0.0,0.0
28,127472.10776529364,1,0,0.14884926457401826,0.0,0.14884926457401826
57,130858.0205656013,1,0,1.0,0.0,0.9576316462725879
32,124398.8402686008,1,0,1.0,0.0,0.5657449506132892
40,132831.80535150447,1,1,0.48553867226010583,0.0,0.0
48,117698.69184824522,1,1,1.0,0.0,0.0850563854892411
39,121255.47450684223,1,0,0.0,0.0,1.0
42,145827.490979982,1,0,0.3799790789653946,0.6200209210346054,0.6200209210346054
38,71600.16257791803,2,1,0.0,0.0,0.6071352808835769
52,0.0,1,0,0.0,0.0,0.0
39,0.0,1,0,0.0,1.0,0.0
51,133671.61727217463,2,0,1.0,0.0,0.0949652752283765
36,0.0,1,1,0.0,0.0,1.0
45,123564.5999197442,2,0,0.9033551657122477,0.0,0.9033551657122477
41,174228.3419188582,2,0,0.8231030491760161,0.0,1.0
43,73353.01210008978,1,0,0.0,0.0,1.0
39,144921.84825764605,1,0,0.4441035569066186,0.0,1.0
66,148750.972205089,1,0,1.0,0.0,0.46812823349498345
44,142997.88836604083,1,1,0.0,0.0,0.0
38,0.0,1,0,0.0,0.0,0.0
43,0.0,3,0,0.0,0.0,0.0
32,122354.87027773162,2,1,1.0,0.0,1.0
42,0.0,1,0,0.0,0.0,0.0
41,0.0,3,1,0.0,0.6942560425527089,0.0
42,0.0,1,0,0.0,0.0,0.0
32,78670.75005219682,1,0,1.0,0.0,0.0
48,105763.70292321272,1,1,0.31780831074490123,0.0,0.6821916892550988
32,122622.99447928896,1,0,0.3152394346494508,0.0,1.0
51,107491.22336907107,1,0,1.0,0.0,0.0
46,26086.82319692313,1,0,0.0,0.0,0.6323962564655086
55,130864.1412939227,1,1,0.8716741378112355,0.12832586218876452,0.8716741378112355
42,0.0,1,0,0.0,0.0,0.0
59,43848.761825152586,2,0,0.0,0.0,0.693422128056309
35,121436.20641747092,1,0,0.0,0.7006114963944516,0.7006114963944516
50,0.0,3,0,0.0,0.0,1.0
41,0.0,1,1,0.0,0.0,0.0
49,0.0,1,0,0.0,0.0,0.0
43,118553.63388087289,1,0,0.2697508104704288,0.7302491895295712,0.0
48,144146.5882132609,2,0,0.6191727353658367,0.0,0.0
31,175436.7286054648,1,0,0.0,0.18663993979768256,0.0
39,139625.35721206205,1,0,0.025689644869408168,0.0,0.025689644869408168
35,137287.5477263928,1,0,0.7154586143230662,0.0,0.0
44,75141.76783909611,1,0,0.0,1.0,0.5569662936623806
45,70702.12703833937,1,0,0.0,0.6171059444286563,0.3828940555713437
40,148575.54721357778,1,0,0.8499593305032054,0.0,0.15004066949679462
28,56635.711817818315,2,0,0.0,0.0,0.8037542832938344
31,133919.29893799592,1,0,0.0,0.1255497898984771,0.1255497898984771
52,115034.29295663738,1,0,0.036520052525672475,0.0,1.0
43,126131.56632846672,1,1,1.0,0.0,0.0
36,0.0,1,1,0.0,0.0,1.0
38,97723.46369640478,1,0,0.0,0.0,0.0
38,100472.69436658557,1,0,1.0,0.0,0.45862557909256174
31,85667.86551011224,1,0,0.0,0.0,0.0860321570329432
41,89737.3778010949,1,0,0.0,0.9429730859963806,0.05702691400361937
57,0.0,2,0,0.0,1.0,0.0
42,0.0,1,0,0.0,0.0,0.0
40,0.0,1,0,0.0,0.0,0.0
36,103665.28995704604,1,0,0.7662592079632558,0.0,0.0
36,164829.02916230808,1,0,0.36222585815440844,0.0,1.0
47,63237.875897190555,1,0,0.0,0.8200675020556494,0.0
50,0.0,1,0,0.0,0.041578959846593766,1.0
38,128627.6029976343,2,0,0.4981299435480424,0.0,0.0
52,125875.74150638416,2,0,1.0,0.0,0.3106895878973097
58,0.0,1,1,0.0,0.0,0.0
56,140513.26154030047,1,0,0.0,0.0,0.3077709052931491
44,93883.61539335352,1,0,0.6136379029893838,0.0,1.0
45,108912.3506653915,2,0,1.0,0.0,1.0
49,66058.95224948546,2,0,0.0,0.8099244203028994,0.0
60,0.0,1,0,0.0,0.4168697809004165,1.0
60,43839.62706300112,2,0,0.0,0.0,0.7302217177572492
41,0.0,1,1,0.0,0.0,0.0
31,0.0,1,1,0.0,0.0,0.0
39,130874.89165545418,2,1,0.46618159112755697,0.533818408872443,0.46618159112755697
53,104959.70603412057,1,0,0.0,1.0,1.0
38,118543.43897673649,1,0,0.7017382738772572,0.2982617261227428,0.0
46,77307.46559571786,1,0,1.0,0.0,0.0
55,0.0,3,0,0.0,0.3586215819535914,0.0
57,0.0,1,0,0.0,1.0,0.9113391900786307
48,98648.36366354277,1,0,1.0,0.0,0.9790658821732667
40,0.0,1,0,0.0,0.0,0.0
45,85241.08037732395,1,0,0.0,0.0,0.0
36,103050.78212219823,1,0,1.0,0.0,0.23347268377837282
31,99280.273463504,1,0,0.2978925458862074,0.0,1.0
41,0.0,1,0,0.0,0.668647781263683,1.0
37,80978.79509603487,1,0,0.675662902207073,0.0,0.32433709779292696
45,139648.40781487263,1,0,0.0,0.0,1.0
54,0.0,1,0,0.0,0.0,0.7562537914224343
46,77956.74689927336,3,0,0.0,0.4541836627367061,1.0
40,165679.66806810276,2,0,0.0,0.0,1.0
56,106925.90115504764,1,0,1.0,0.0,1.0
40,114148.544192829,1,0,1.0,0.0,1.0
46,102974.42504379306,1,0,1.0,0.0,0.0
54,125311.8253006371,1,0,0.5845431132594582,0.4154568867405418,0.0
58,72294.18915185869,1,0,1.0,0.0,0.9693218122841789
49,131139.70174207442,1,0,0.0,0.6221607862728133,0.6221607862728133
40,123503.51319607346,1,0,0.06203676362878152,0.0,0.06203676362878152
48,132475.75383875967,1,0,0.6606947326904326,0.0,0.33930526730956745
53,110252.4896981672,1,0,1.0,0.0,0.0
35,88041.13497172469,1,1,0.8380769933677863,0.0,0.8380769933677863
56,0.0,2,1,0.0,0.0,0.0
49,0.0,1,0,0.0,0.0,0.0
52,110888.79100919052,1,0,1.0,0.0,0.5482605240185562
37,80983.20337715372,1,0,0.6452714432697874,0.0,0.35472855673021264
51,131054.2803638401,1,0,0.5992958331655334,0.40070416683446664,1.0
60,123671.17562168339,2,0,0.11514617839520114,0.0,0.11514617839520114
59,64054.321374490915,1,1,0.0,0.8832736014262238,1.0
49,0.0,1,1,0.0,0.585174344478648,0.0
34,151912.13145424926,2,0,0.6127255885751587,0.3872744114248413,0.3872744114248413
50,89238.02676905053,1,0,0.0,0.34030972706952567,1.0
36,122033.14020475035,2,1,0.5579665790688765,0.0,0.0
47,116529.25494534285,2,0,1.0,0.0,1.0
40,129256.70203474899,1,0,0.9385537098692125,0.0,0.061446290130787506
30,133924.55391820645,1,0,0.18627665627777257,0.0,0.18627665627777257
38,0.0,1,0,0.0,1.0,0.0
37,0.0,1,1,0.0,0.0,0.648765386159386
49,162694.61666675107,1,0,0.04543407114118925,0.0,0.9545659288588108
51,0.0,3,0,0.0,0.0,1.0
47,126640.08953162907,1,0,1.0,0.0,0.5225838105196463
45,121532.05565562203,1,0,1.0,0.0,1.0
56,110418.8095187885,1,0,1.0,0.0,0.0
45,152080.6314776032,1,0,1.0,0.0,0.5985382209109568
46,163975.18687288597,1,0,0.6619155906337386,0.0,0.6619155906337386
46,120415.2374700358,1,0,1.0,0.0,0.0
45,165373.1798266881,1,0,0.0,0.3917424505622782,0.6082575494377218
38,0.0,1,0,0.0,0.0,1.0
46,0.0,1,0,0.0,0.0,0.0
52,129007.78991819653,1,0,0.79116906450541,0.0,0.0
54,159444.28728452825,1,0,0.05856530528453385,0.0,0.05856530528453385
54,0.0,1,1,0.0,0.0,0.5523661378172343
35,108308.0445247294,1,0,0.4047702672805984,0.0,0.4047702672805984
36,108308.09591043674,1,0,0.8719130612805055,0.0,0.8719130612805055
52,147513.20570105844,1,0,0.0,0.42301838758231813,0.0
37,107782.73799410668,1,0,1.0,0.0,0.3454808537234457
41,0.0,1,0,0.0,1.0,0.8030118815263205
53,140276.45233949038,2,1,0.45972110681257894,0.0,0.5402788931874211
31,107829.00144683545,1,0,1.0,0.0,0.07928028463119174
54,115983.58266275126,1,0,0.5658505603132467,0.43414943968675335,0.43414943968675335
54,0.0,1,0,0.0,0.0,0.0
34,150536.1807316956,2,0,0.6036873745017795,0.0,0.6036873745017795
44,123462.2046257692,1,0,0.29632580189980007,0.0,0.0
43,0.0,3,0,0.0,0.85653054298198,0.0
25,136082.26210889092,2,0,0.0,0.8485544780646427,0.0
43,204059.54521952439,1,0,0.0,0.5672285156581811,0.0
49,132445.90849521733,1,0,1.0,0.0,0.5956798241615295
46,0.0,1,0,0.0,0.0,0.9193845948303982
48,0.0,1,0,0.0,0.0,0.0
40,0.0,1,0,0.0,0.0,0.0
45,110139.94116434109,2,1,0.41337608171633733,0.5866239182836627,0.0
51,98690.64404755751,1,1,1.0,0.0,0.8284386709389908
38,144235.90480712987,2,0,0.0,0.0,0.9198132431878867
54,112007.70635059962,1,1,1.0,0.0,0.0
44,120512.34403062183,1,0,1.0,0.0,0.0
43,0.0,1,0,0.0,0.0,0.0
27,126292.12414389174,1,0,1.0,0.0,1.0
33,0.0,1,0,0.0,0.0,0.0
46,0.0,1,0,0.0,1.0,1.0
50,0.0,1,1,0.0,1.0,0.8756541585691296
39,127484.02060393857,1,0,1.0,0.0,1.0
41,117282.43737864002,2,0,0.029059750395381445,0.0,0.0
31,165875.1914791688,2,0,0.0,0.8228464767773744,0.17715352322262556
38,109277.62526777916,2,0,1.0,0.0,0.2779339357962147
35,103711.12209641088,1,0,1.0,0.0,0.9597144812220015
43,210960.6263899457,1,0,0.0,0.40542282513915495,0.0
52,0.0,1,1,0.0,0.516283299197674,0.0
69,0.0,2,1,0.0,0.4193547740903659,0.4193547740903659
59,0.0,1,1,0.0,0.0640627517514405,0.0
38,0.0,1,0,0.0,0.0,0.0
29,0.0,2,1,0.0,0.518722048780763,0.481277951219237
44,117981.85004491189,2,0,0.0,0.0,1.0
46,85249.99737782503,1,0,0.0,0.0,0.04946717904559106
55,0.0,1,0,0.0,0.0,0.022066148682290843
49,97034.81960433316,1,0,0.9825212722560387,0.0,0.9825212722560387
45,121071.40116127237,2,0,1.0,0.0,1.0
41,122316.55659448571,1,0,1.0,0.0,0.0
39,66053.39030260642,1,1,0.0,0.0,1.0
55,127580.63729823359,2,0,1.0,0.0,0.13217965775387175
48,0.0,1,0,0.0,0.0,0.5601443602861651
49,131719.88947900446,1,1,0.6439565794476135,0.35604342055238647,1.0
57,152597.74308400156,1,0,0.0,0.0,1.0
51,105705.63299780713,1,1,0.945434591717301,0.05456540828269896,0.05456540828269896
46,107010.7402085222,1,1,0.5994611396587166,0.4005388603412834,0.5994611396587166
47,0.0,1,0,0.0,1.0,0.0
41,0.0,1,0,0.0,1.0,0.0
46,137279.9641736036,3,0,0.0,0.21633277763082703,0.21633277763082703
37,158601.77956389615,2,0,0.0,0.0,0.4425773459328154
32,141542.7779922741,1,0,1.0,0.0,0.0
47,0.0,1,0,0.0,0.1795124155197252,0.0
48,100787.09809709001,1,0,0.8263408109501867,0.0,0.0
41,0.0,3,1,0.0,0.4119995365703716,0.0
50,92845.31416105996,1,0,0.6468971110616105,0.0,0.6468971110616105
48,0.0,1,1,0.0,1.0,0.0
38,127448.79286240219,1,0,1.0,0.0,1.0
50,143923.4873095751,1,1,1.0,0.0,0.0
50,118867.7652325806,1,0,0.3685412074169794,0.0,0.6314587925830206
52,112389.8815940613,1,0,1.0,0.0,0.2155945267872027
34,131386.0794373154,1,1,1.0,0.0,0.59856299321776
37,130670.79679314728,1,0,1.0,0.0,0.4141410682156662
41,0.0,3,1,0.0,0.042054140073862434,0.0
49,107911.72283605064,1,0,1.0,0.0,0.5411138248788447
54,148334.81592671887,1,0,0.0,0.0,0.6050895185405384
46,118205.98783542372,2,0,0.22048763941474925,0.7795123605852508,0.22048763941474925
29,0.0,1,0,0.0,0.3743492105727235,1.0
46,117916.52407967596,1,0,0.5716076494829438,0.0,1.0
57,80478.63539138557,1,0,0.0,0.0,0.18483839794702495
41,0.0,3,0,0.0,0.0,0.9404129026468563
59,0.0,1,0,0.0,0.0,1.0
54,106105.6699085469,1,0,1.0,0.0,0.0
29,0.0,1,0,0.0,0.5234013709220082,1.0
42,69828.34856987002,1,0,0.2267726253196457,0.7732273746803543,0.0
61,0.0,1,0,0.0,0.3334780233069651,1.0
43,91149.49812887616,1,0,1.0,0.0,0.08010572660960225
41,109405.76807986698,1,0,0.5581662951980454,0.0,0.0
54,124909.75438829459,1,0,0.8366332416015798,0.0,0.0
41,120685.2933288021,1,0,1.0,0.0,0.8155409489401166
34,167915.95909565373,1,0,1.0,0.0,0.7977060508417964
36,126746.61849520114,1,0,0.3867070570439779,0.6132929429560221,0.3867070570439779
32,0.0,1,0,0.0,0.0,0.0
50,107050.75428732384,1,1,1.0,0.0,1.0
42,125864.84501440286,1,0,1.0,0.0,0.5117074471147008
50,98750.2833171676,1,0,1.0,0.0,0.5167057150336748
44,125917.0288802332,2,0,1.0,0.0,0.38278410040304056
54,116220.49126559882,1,0,0.8391466080707525,0.16085339192924752,0.16085339192924752
48,126548.22144740802,1,0,0.1453266924205041,0.0,0.1453266924205041
41,68218.77202870198,1,0,0.0,0.0,0.49430325621862603
38,132874.08883358902,1,1,0.062041416956554296,0.0,0.0
35,0.0,1,0,0.0,1.0,0.0
54,112401.26745670274,1,0,1.0,0.0,0.5738658496770963
61,0.0,1,0,0.0,0.566018424887821,1.0
42,0.0,1,0,0.0,0.0,0.0
41,31140.65561629286,1,0,0.0,0.4421263243399268,0.0
40,0.0,1,0,0.0,0.0,1.0
56,107164.56736527201,1,1,1.0,0.0,1.0
41,93914.72595088901,1,0,0.9019923152192589,0.0,1.0
28,143983.60310833252,2,0,1.0,0.0,0.9559341384296186
36,181755.17140099176,2,1,0.18527685033354002,0.0,0.81472314966646
52,125371.07370579874,1,1,1.0,0.0,0.5412701109416781
34,124460.62466454791,1,0,1.0,0.0,0.0
36,125741.07196256076,2,0,1.0,0.0,0.0
56,110602.6933980482,1,1,1.0,0.0,0.9459708898455993
51,118116.26591089048,1,0,1.0,0.0,1.0
32,127521.88737690166,1,0,0.7033875178429069,0.0,0.0
49,114523.96632862477,2,0,0.922812469773532,0.07718753022646796,0.922812469773532
38,105498.20203967282,1,0,0.16988707321905727,0.8301129267809427,0.8301129267809427
40,122416.3330468347,1,1,1.0,0.0,1.0
42,156369.37239940572,1,0,0.12328377929894685,0.8767162207010532,0.12328377929894685
53,125197.8840423748,1,0,0.5185616886657339,0.0,0.0
41,108278.04285778306,1,0,0.7541525575065997,0.2458474424934003,1.0
33,122359.25049896359,2,0,1.0,0.0,0.6418602834708556
42,80213.06464329963,1,0,0.0,0.0,1.0
50,143559.25234454,2,0,0.31568575107465524,0.6843142489253448,0.0
56,104995.06338725648,1,0,0.05101933295299865,0.9489806670470013,0.9489806670470013
45,91996.06066018343,1,0,0.8574434449668844,0.1425565550331156,0.0
45,78122.14651308663,2,0,0.6178605251674307,0.38213947483256927,0.0
32,0.0,1,0,0.0,0.0,1.0
49,126548.02259837948,1,0,0.07675806188873802,0.0,0.07675806188873802
40,154311.17789845043,1,1,0.9958125563720421,0.004187443627957865,1.0
54,131722.36020251815,1,0,0.6704343337969175,0.0,0.6704343337969175
47,93753.06773266633,1,0,0.35818048319856466,0.6418195168014353,0.35818048319856466
60,0.0,3,1,0.0,0.0,1.0
41,99411.85412403366,1,0,0.5103559239679674,0.0,0.5103559239679674
51,125445.29661450091,1,0,1.0,0.0,0.5845569994079104
50,81296.76613775277,2,0,1.0,0.0,0.9759949551551111
41,126786.31605682074,1,0,1.0,0.0,1.0
39,0.0,2,1,0.0,0.8229177446027102,0.0
45,97045.06946290456,1,1,1.0,0.0,0.9015758108986313
56,104995.94123161174,1,0,0.0432795661106502,0.9567204338893498,0.9567204338893498
39,0.0,2,0,0.0,0.0,1.0
39,132646.89863174246,1,1,1.0,0.0,0.0
35,104562.61926790113,1,0,1.0,0.0,0.3153637432661175
30,0.0,3,0,0.0,1.0,0.6068528705059848
35,115138.16796875835,1,0,1.0,0.0,1.0
45,106007.37012321808,1,0,1.0,0.0,0.0
39,0.0,2,0,0.0,0.0,0.8209683625584162
40,146451.6293691832,1,0,0.7975140452964858,0.0,0.20248595470351416
48,92860.44473818451,1,0,0.6775458051837758,0.0,0.0
48,137559.56112819086,1,0,0.4530711240145231,0.0,0.5469288759854769
53,128138.72649715038,1,0,1.0,0.0,1.0
47,93849.20230236783,2,0,0.0,0.0,1.0
44,146514.1798089291,1,0,1.0,0.0,0.0
41,139645.75540095379,2,0,0.719399186762084,0.0,1.0
44,138305.06918823975,1,0,1.0,0.0,0.34993785357071405
32,175418.90595630687,2,0,0.0,0.7824258122127878,0.21757418778721216
43,143390.7656444558,1,0,1.0,0.0,1.0
36,0.0,1,1,0.0,0.0,1.0
45,0.0,1,0,0.0,0.12569266586291938,1.0
39,130867.59820254683,2,0,1.0,0.0,0.16937723956820872
47,0.0,1,0,0.0,0.0,0.0
30,161254.0902979467,1,0,0.3993325801992226,0.0,0.6006674198007774
57,135459.23006319892,1,0,1.0,0.0,0.0
40,137890.31439278845,1,0,0.021779331473441688,0.0,0.0
46,123614.65749923242,2,0,0.8191080986211017,0.0,0.8191080986211017
46,118037.43646573221,2,0,0.20084202889521796,0.0,1.0
37,102181.18273243503,1,0,1.0,0.0,0.6658072858268901
30,0.0,1,0,0.0,0.0,0.0
43,126500.96457291099,1,0,0.0,0.42001100429566285,0.42001100429566285
35,136729.14642796558,1,0,0.57835976311654,0.0,0.0
58,0.0,1,1,0.0,0.0,0.8326117733261311
55,124457.17901148953,1,1,0.19583443501611586,0.8041655649838841,0.8041655649838841
46,46683.66957406603,3,0,0.0,0.0,0.0
34,151846.35028850325,1,0,0.05961732534465902,0.940382674655341,0.940382674655341
61,113365.03142130353,1,0,1.0,0.0,0.0
37,100410.00756872648,1,0,1.0,0.0,0.13998737672176287
56,157316.1989175818,1,0,0.0,0.584181431981589,0.0
40,1701.2303260675462,1,0,0.0,0.0,0.0
31,0.0,1,1,0.0,1.0,0.40273948474683074
38,0.0,1,1,0.0,0.5196116758030075,1.0
40,125534.68250350506,1,0,1.0,0.0,0.0
46,155499.1096530797,1,0,0.8647826862871453,0.13521731371285473,0.0
35,175365.88032102535,2,0,0.0,0.0,0.6754560453364256
45,0.0,1,0,0.0,0.0,0.0
39,124414.15346482088,1,0,1.0,0.0,0.0
63,0.0,2,0,0.0,0.0,1.0
40,191.17393722320594,1,0,0.0,0.0,0.0
38,90434.97640643617,1,0,1.0,0.0,0.879601496711762
54,0.0,1,0,0.0,0.09295803958497817,0.0
54,106414.26655551087,2,0,0.008467224172613474,0.0,1.0
57,133180.70301293168,1,0,0.791684609991482,0.0,0.0
27,0.0,2,0,0.0,0.0,0.0
42,116534.48341649525,1,0,1.0,0.0,1.0
49,117261.86282071589,3,0,0.5161974601393527,0.48380253986064725,0.5161974601393527
51,0.0,3,0,0.0,0.0,1.0
54,113729.82273069814,1,0,0.642188750664407,0.35781124933559305,1.0
47,0.0,1,1,0.0,0.0,0.0
48,105754.04725276622,1,1,0.424406571359918,0.0,0.575593428640082
33,116784.24020308559,1,0,1.0,0.0,0.16145783406424008
38,161302.9993489765,1,0,0.47173983751843906,0.0,1.0
45,0.0,3,0,0.0,0.0,0.0
67,170071.79396505904,2,0,0.0,0.0,0.42971306126860953
44,0.0,2,0,0.0,0.7898928070876482,0.0
36,103755.70990318198,1,0,1.0,0.0,0.0
30,0.0,1,0,0.0,0.0,0.0
44,122057.53788509998,1,0,0.35483185554316266,0.0,0.0
31,111077.87010135037,1,0,1.0,0.0,0.21978735146436645
41,141692.48789211502,1,0,1.0,0.0,0.0
50,88380.17562740552,2,0,0.7388375674891398,0.0,0.0
47,130764.04244967231,1,1,0.0,0.0,0.3050468806569523
35,150175.9562076965,1,0,0.0,0.0,0.0
45,0.0,1,0,0.0,0.0,0.7962436094563872
48,0.0,1,0,0.0,0.0,0.0
42,99399.94972058419,1,0,0.6101079220362347,0.0,0.6101079220362347
41,138410.64575518036,1,0,1.0,0.0,0.488177675310814
58,106898.89050734087,1,0,0.8668178743324766,0.0,0.8668178743324766
58,0.0,1,1,0.0,0.0,0.0
40,127514.54663900414,1,0,0.5809005270829147,0.0,0.5809005270829147
59,123337.52487062402,1,0,1.0,0.0,0.4007007129936113
45,119972.46533955069,1,0,1.0,0.0,1.0
41,0.0,3,1,0.0,0.2881845259595295,0.7118154740404705
40,99283.08761188794,1,0,1.0,0.0,1.0
52,94025.8259091152,1,0,0.0,0.5037607780991861,1.0
51,104563.92852823946,1,0,1.0,0.0,0.7143740114377569
49,106064.70692049827,1,0,0.7346083007105351,0.0,0.26539169928946493
51,137757.86822919443,1,0,1.0,0.0,0.9760537347295165
54,0.0,1,1,0.0,0.0,1.0
37,90433.9196200234,1,0,1.0,0.0,0.9414742375060654
41,66686.64978945284,1,0,0.0,1.0,0.0
37,121379.01376358722,1,1,0.47164949075059537,0.0,1.0
37,123720.37394932631,1,0,0.0,0.0,0.0
35,121277.8524211519,1,0,0.0,0.0,1.0
32,0.0,1,1,0.0,1.0,0.0
42,115461.06324473678,2,0,1.0,0.0,0.5926344757871677
44,123078.97134383285,1,0,1.0,0.0,0.0
44,130635.34511786106,1,0,0.10342534153098981,0.0,0.8965746584690102
32,130418.86529679739,1,0,1.0,0.0,0.19629430231106704
36,123064.40598256755,1,0,0.9774354882946528,0.022564511705347234,0.0
36,0.0,1,1,0.0,0.0,1.0
38,116743.11798817232,1,0,0.4228829176120935,0.0,0.4228829176120935
40,0.0,1,1,0.0,0.0,0.0
52,166788.71909703055,1,0,0.4030547765868274,0.0,0.4030547765868274
54,0.0,1,0,0.0,1.0,0.0
52,81421.53044981573,1,0,0.42967336335514794,0.0,0.0
31,0.0,1,0,0.0,1.0,0.2501400687117312
28,86543.41595528601,2,0,0.0,0.913041466889856,0.08695853311014401
45,157044.74418418604,1,0,0.4278770362777937,0.0,0.0
54,116261.68395814799,1,0,1.0,0.0,0.18078515056237954
51,0.0,3,0,0.0,0.0,1.0
51,0.0,3,0,0.0,0.0,0.8013554231025942
33,132064.42759801826,2,1,0.24685702759573291,0.0,0.7531429724042671
50,143558.75629069476,2,0,0.3064154493510364,0.6935845506489636,0.0
34,111116.00192026954,1,0,0.4448662132468115,0.0,1.0
59,128818.93920707596,1,0,0.5879916294638328,0.0,0.41200837053616723
51,123406.57076318652,1,0,1.0,0.0,0.4264997472418611
47,0.0,1,1,0.0,0.0,1.0
44,128355.61153524464,2,1,1.0,0.0,0.0
38,140110.7781509135,1,0,0.0,0.91221176294184,0.08778823705815997
49,0.0,1,0,0.0,0.0,0.0
43,179498.17014967895,1,0,0.0,0.5180774980403448,1.0
39,148937.6216376435,1,0,1.0,0.0,0.21399467869831357
45,0.0,1,0,0.0,0.0,0.0
54,0.0,1,0,0.0,0.0,1.0
62,135423.0416686429,1,0,1.0,0.0,0.0
53,0.0,2,0,0.0,0.9861378640871399,0.0
47,93769.12332661079,2,0,0.0,0.0,1.0
35,158597.50865133054,2,0,0.0,0.0,0.33112346895931466
41,174951.88121947544,2,0,0.20134421964336346,0.0,0.20134421964336346
48,0.0,1,0,0.0,0.0,0.0
42,0.0,1,0,0.0,0.0,1.0
56,110577.07455377141,1,1,1.0,0.0,0.8462162944867838
43,116899.83974878126,1,0,1.0,0.0,0.886171294055993
46,201324.38089664205,1,0,0.0,0.0,1.0
54,0.0,1,0,0.0,0.0,1.0
42,0.0,1,1,0.0,0.0,0.0
45,117355.41410810547,3,1,1.0,0.0,0.3209333955043626
64,121411.08634560753,1,0,1.0,0.0,1.0
38,75076.1564236126,1,0,0.0,1.0,1.0
48,0.0,1,0,0.0,0.0,0.27984253906905976
36,147629.25011135585,3,0,0.0,0.2872212092051508,0.7127787907948492
46,144067.89642247377,1,0,1.0,0.0,0.0
49,0.0,1,0,0.0,0.0,0.0
45,107568.29980585205,1,0,0.7689191471255038,0.2310808528744962,0.0
44,135073.1935857762,1,1,1.0,0.0,0.10261428253628513
29,0.0,1,0,0.0,0.0,0.743808485560645
43,0.0,3,0,0.0,0.0,0.7793489403782515
37,123793.22025353358,1,0,0.0,0.0,0.0
44,148651.89041049546,1,0,0.1408882423530835,0.0,1.0
58,123733.28605429514,1,0,0.0,0.0,0.0
46,134339.00586938928,1,0,1.0,0.0,1.0
47,121391.0749143578,1,0,0.23906638407502967,0.0,0.23906638407502967
39,128234.43449302168,1,0,0.7580404210112165,0.0,0.2419595789887835
34,109047.70371289543,1,1,1.0,0.0,0.7600055449620985
55,125868.6953484555,1,0,0.6874019750916999,0.31259802490830013,1.0
45,114445.54693777475,1,0,1.0,0.0,1.0
45,134464.2576074773,1,0,0.7903097225697991,0.20969027743020086,0.7903097225697991
48,102281.96095773607,3,0,1.0,0.0,0.0
37,0.0,1,1,0.0,0.0,0.6456025770584116
53,118812.62775034738,1,0,0.0,0.06545611928448447,1.0
44,100664.8266143971,1,1,1.0,0.0,0.30338554362913317
30,122851.81533682837,1,0,0.21810908700311027,0.7818909129968897,0.21810908700311027
45,96389.68631208966,1,0,0.0,0.234141356115258,0.0
40,69107.82325056141,1,0,0.0,0.6916556518665415,1.0
56,110991.91766776229,1,0,1.0,0.0,1.0
42,159347.7769943546,1,0,0.0,0.39355533610631555,0.0
56,116292.27353364076,1,1,1.0,0.0,1.0
45,71087.4858427845,1,0,0.32829114075593924,0.6717088592440608,0.0
40,0.0,1,0,0.0,0.0,1.0
46,144380.33776719225,1,0,0.5750605734588147,0.0,0.42493942654118533
48,157350.53099209315,2,0,0.0,1.0,0.0
52,0.0,1,1,0.0,1.0,0.5044559416693554
38,86259.37324113368,1,0,0.0,0.3121897365691294,0.6878102634308706
43,118572.99925712156,1,0,0.0,0.5725334718333109,0.0
49,0.0,1,1,0.0,0.0,0.0
37,0.0,2,1,0.0,0.0,0.0
46,116627.44355021082,1,0,0.7677753090986569,0.0,0.23222469090134312
53,165318.8000656964,1,0,0.0,0.40532536064695335,0.0
46,154691.3859478534,1,0,0.0,0.7308384290083708,0.2691615709916292
31,122370.37140388155,2,0,1.0,0.0,0.8013683861381309
40,137312.10482182592,3,0,0.0,0.0,0.0
41,132205.3996652943,1,0,0.9092526944369924,0.0,1.0
42,129299.87956652428,1,0,0.6297678143154233,0.0,0.3702321856845767
49,0.0,1,1,0.0,0.0,0.0
44,0.0,4,0,0.0,0.0,0.8969952893644111
33,209532.84898126207,1,1,0.0,1.0,0.0
43,83135.58516638631,2,0,0.8171866114607741,0.1828133885392259,0.1828133885392259
25,110405.23536250353,1,0,1.0,0.0,0.0
45,116253.8396317424,2,0,1.0,0.0,0.37667644042946247
54,127623.28647227012,1,0,0.33924066117383633,0.0,0.0
42,66386.9375430459,1,0,0.062431327277780335,0.0,1.0
43,136142.3793908395,1,0,0.486173654104883,0.513826345895117,0.486173654104883
49,0.0,1,1,0.0,0.8909863843590713,0.0
45,102083.54043041101,1,0,0.248539820927426,0.0,0.751460179072574
50,196649.06499801052,3,1,0.0,0.0,0.3169426217672814
45,0.0,1,0,0.0,0.19117367650831596,0.0
49,0.0,1,1,0.0,0.0,0.0
59,165377.12117272548,1,0,0.0,0.0,0.3024663174614697
42,175008.4809067257,2,0,0.0,0.1413018787554261,0.0
39,130869.35008491643,2,0,1.0,0.0,0.14276906263020894
49,108214.56730037247,1,0,0.0,0.7646509503848735,0.7646509503848735
48,107957.93185056669,1,0,1.0,0.0,0.14669511401518154
37,122365.29014987982,1,0,1.0,0.0,0.309677153099271
35,119958.96808834144,1,0,0.9450240645805688,0.0,0.0
50,146885.79130703173,1,0,1.0,0.0,0.0
39,145228.88645791254,1,0,0.33161684910783396,0.0,0.0
46,133199.33815697682,1,0,0.0,0.4994206825691687,0.0
41,145854.6360144265,1,0,0.0,1.0,1.0
54,0.0,1,0,0.0,0.0,1.0
32,161205.086502272,1,0,0.11995294173096982,0.0,1.0
48,79898.85140190729,1,0,0.0,0.6879359553479794,1.0
46,111069.03139021991,1,0,1.0,0.0,1.0
26,182973.32749663937,1,1,0.0,0.8614180460955174,0.8614180460955174
48,78288.76953883802,2,1,0.0,0.13730003271557023,0.8626999672844298
27,127468.90746597612,1,1,0.04761324760127539,0.0,0.04761324760127539
59,0.0,1,0,0.0,0.0,0.6711773821513907
55,113190.09869566408,1,0,0.0,0.0,1.0
40,70053.17259682514,1,0,0.0,1.0,0.24817485404331885
58,64190.56963341548,1,1,0.1880537653621166,0.8119462346378834,0.8119462346378834
68,0.0,3,0,0.0,0.05425029777406987,0.05425029777406987
49,0.0,1,1,0.0,0.0,0.6870804519711774
35,0.0,1,0,0.0,1.0,0.0
30,0.0,2,0,0.0,0.868313096563793,1.0
40,178812.8203685645,1,0,0.0,0.29495909364640727,0.7050409063535927
52,171085.58206848838,1,0,0.2580222704860141,0.0,0.7419777295139859
48,0.0,1,0,0.0,0.0,0.0
54,136267.58628168725,1,0,0.252314736135153,0.0,0.252314736135153
48,0.0,1,0,0.0,0.12695685298479664,0.0
46,110855.5711624585,1,0,1.0,0.0,0.168858463370395
46,107082.62498033707,1,1,0.05363479152083084,0.9463652084791692,0.05363479152083084
40,126791.17068333742,1,0,1.0,0.0,1.0
53,134403.62482475152,1,0,1.0,0.0,1.0
31,147987.67254315224,1,0,1.0,0.0,0.8490980199586761
41,103495.53372848056,1,0,0.38339714105825895,0.0,0.38339714105825895
29,0.0,1,0,0.0,0.0,1.0
54,78000.02809278942,1,0,0.16355780753013027,0.8364421924698697,0.0
54,0.0,1,0,0.0,0.0,1.0
49,0.0,1,0,0.0,0.0,0.0
39,66749.2877749216,1,0,0.0,1.0,0.0
37,0.0,1,1,0.0,0.48888636151049947,1.0
38,183960.3283827517,1,0,0.0,0.3956870177596802,0.3956870177596802
44,107087.66385510219,1,1,0.4608983382065819,0.5391016617934181,0.4608983382065819
40,137883.20511218056,1,0,0.1712910161819936,0.0,0.0
41,119313.22160266452,1,0,1.0,0.0,0.8295627156830498
47,0.0,1,0,0.0,0.0,0.0
61,0.0,1,0,0.0,0.10540137739646227,1.0
47,118117.26460817769,1,0,1.0,0.0,1.0
40,64063.42932795624,1,1,0.0,1.0,0.0
41,99564.17992814985,1,0,0.3029758339957005,0.0,0.3029758339957005
38,141494.4547074161,1,0,0.6370171595961284,0.36298284040387163,0.0
42,137897.99445322913,1,0,0.1207204438429933,0.0,0.1207204438429933
36,87858.52336573708,1,0,1.0,0.0,0.7253716002348575
40,123708.30612391284,2,0,0.0,0.0,0.0
45,0.0,1,1,0.0,0.0,0.0
38,0.0,1,0,0.0,0.0,0.0
58,110941.87174827549,1,0,1.0,0.0,1.0
50,138218.2526195736,1,0,1.0,0.0,0.0
37,145311.26869519448,1,0,0.6791625683195628,0.0,0.0
50,91789.29430089096,1,0,0.0,1.0,0.0
48,171035.41829767986,1,1,0.0,0.7294407435120086,0.0
62,0.0,1,0,0.0,1.0,1.0
53,99775.17038640051,1,0,0.9420582194885955,0.0,1.0
38,70422.27479348573,1,1,0.0,1.0,0.7017275457658773
53,121478.75631163015,1,0,1.0,0.0,0.22449470328100063
43,0.0,1,0,0.0,0.0,0.0
41,133118.7966145741,1,0,1.0,0.0,0.860745929215296
35,128549.72665250703,3,0,0.0,0.0,0.01071529769535895
61,0.0,1,0,0.0,1.0,1.0
22,0.0,1,0,0.0,0.02422118145106733,1.0
33,151738.67369378373,2,0,1.0,0.0,0.3691361938092045
39,156577.63853824718,1,1,0.0,0.6428076660069552,0.0
50,93626.17840692794,1,1,0.3440916178494421,0.0,0.6559083821505579
50,120599.57944513681,1,0,0.5205438373048584,0.0,0.0
47,0.0,1,0,0.0,0.5593351165757064,0.0
37,139596.86596267912,2,0,0.8799146267270145,0.0,0.8799146267270145
42,209630.28981138658,1,1,0.0,1.0,0.0
42,0.0,1,1,0.0,0.0,0.5077578381885688
41,122324.14726758392,1,0,1.0,0.0,0.1383715947205566
23,0.0,1,1,0.0,0.0,1.0
57,101366.66569780534,1,0,0.7500271091311703,0.0,0.0
60,96955.47493814526,1,0,0.07336406745960267,0.0,0.0
32,154419.6660683175,1,1,1.0,0.0,1.0
45,0.0,3,0,0.0,0.0,0.0
50,99229.6882145587,1,0,1.0,0.0,1.0
46,108169.84535183138,1,0,1.0,0.0,1.0
48,82900.11554523384,1,0,0.7850639210464312,0.2149360789535688,0.2149360789535688
43,158580.11844408157,1,0,0.19571264009964906,0.0,0.0
37,128307.66208583783,2,0,0.17974668105511027,0.0,0.8202533189448897
36,111080.8843000404,1,0,0.35125288610498184,0.0,1.0
33,0.0,1,0,0.0,0.0,1.0
54,110176.9274324012,1,0,0.0,0.0,0.0
36,129940.99545005799,1,0,0.7433527928139042,0.0,1.0
41,145843.7807395082,1,0,0.2478856673030252,0.7521143326969748,0.7521143326969748
49,0.0,1,1,0.0,0.0,0.0
46,126092.43531359753,1,0,1.0,0.0,0.6791454572501564
39,114288.60383803413,1,1,1.0,0.0,1.0
38,0.0,1,0,0.0,0.0,0.0
40,85177.0049436723,1,0,0.0,0.0,0.5647377203434462
40,162493.09161808738,2,0,0.9206914007786196,0.0,0.0
36,0.0,2,1,0.0,0.0,0.0
44,138510.58082709138,1,0,1.0,0.0,0.054732706924985886
42,28393.220311047473,1,0,0.0,0.7957578936315711,0.0
49,0.0,1,1,0.0,0.0,0.0
44,132410.4428199298,1,0,0.219634928594569,0.0,1.0
47,0.0,1,0,0.0,1.0,0.0
54,0.0,1,0,0.0,0.0,0.0
40,100971.40646622807,1,1,1.0,0.0,0.843879411230929
27,0.0,1,0,0.0,0.0,0.2577077685130529
34,108653.04064425855,1,0,0.16781459564602863,0.8321854043539714,0.8321854043539714
32,0.0,1,0,0.0,0.0,1.0
39,111766.56837533892,1,0,1.0,0.0,0.9323952505276168
51,100414.96556851498,1,0,0.2759708112270788,0.0,1.0
49,108450.3989732855,2,0,1.0,0.0,0.0
48,106032.31116332966,1,0,1.0,0.0,0.0
36,0.0,1,1,0.0,0.0,1.0
47,101395.62054450322,1,0,1.0,0.0,0.5123928207321066
45,0.0,2,0,0.0,0.0,0.0
52,108192.82297433459,1,0,0.3748249243499977,0.6251750756500023,1.0
25,136522.49823982446,1,0,0.3786693758442927,0.0,0.6213306241557073
43,133982.10140470052,1,1,0.7187181132622024,0.0,0.7187181132622024
41,132684.41185769456,1,0,1.0,0.0,0.0
40,0.0,1,0,0.0,0.0,1.0
44,138077.8040230811,1,0,1.0,0.0,0.9943303026857149
51,115781.34225625505,1,0,1.0,0.0,0.23272834891555183
40,56243.03673945257,2,0,0.0,0.0,0.053830524908459076
41,181226.93839848757,2,0,0.81012467090408,0.0,0.18987532909591998
46,158645.75775685455,1,0,0.0,0.03895784634846422,0.9610421536515358
50,121461.90450255656,1,1,1.0,0.0,0.6081891053828283
25,150215.66745021316,1,0,0.0,0.0,0.19759821554867574
45,0.0,1,0,0.0,0.0,0.0
44,117008.59923185124,2,0,0.44418340687836655,0.0,0.0
38,67421.18888000063,1,0,0.6755867735674388,0.0,0.6755867735674388
42,126390.11295208185,1,0,0.5088940700698802,0.4911059299301198,1.0
52,0.0,1,1,0.0,1.0,0.1385543139786758
57,134252.02808518714,2,0,0.8660356750457565,0.0,0.8660356750457565
36,103702.80573527345,1,0,1.0,0.0,0.0
52,101404.61010389702,1,0,1.0,0.0,0.22195369351680083
42,135035.33356932466,2,0,0.46073360024167387,0.0,0.5392663997583261
49,110135.05474050439,2,0,0.011159458696336944,0.9888405413036631,0.0
46,158622.12521264068,1,0,0.0,0.0,0.5167679241245648
46,107916.37911687004,1,0,1.0,0.0,1.0
54,136165.39432272338,1,0,0.7545693612057366,0.2454306387942634,0.7545693612057366
57,43201.03533066209,2,0,0.0,0.24860488461330632,1.0
41,167964.83664013492,1,0,0.5383949792869577,0.0,1.0
48,108437.84265654966,1,0,0.9921356394785827,0.007864360521417257,0.9921356394785827
51,136586.6866833976,1,1,0.1424693922480763,0.0,0.8575306077519237
58,152311.40209165443,1,0,0.0973668937912211,0.0,0.9026331062087789
32,127522.10091637175,1,0,0.7063719968099961,0.0,0.0
57,131958.72949237467,1,1,1.0,0.0,0.654420414129187
53,118449.70608970661,1,0,0.9930177381196519,0.006982261880348117,0.0
51,140276.76278505096,2,1,0.4034809690269996,0.0,0.5965190309730004
55,96904.63441814721,1,0,1.0,0.0,0.7652455782750287
38,138687.9557017955,1,1,0.8188692705204715,0.0,0.8188692705204715
42,130984.37287425608,1,0,1.0,0.0,0.6626693911542345
44,108907.2565704645,2,0,0.8275236939538171,0.0,0.8275236939538171
41,126550.7344831326,1,0,1.0,0.0,1.0
54,0.0,1,0,0.0,0.6921808499738809,0.0
50,88380.14763130003,2,0,0.7588347856922381,0.0,0.0
42,0.0,2,0,0.0,0.23356736106861098,0.0
41,100535.00599191115,1,1,1.0,0.0,0.9318133802345373
55,131837.1345998677,1,0,0.18712427041050173,0.0,0.0
57,124652.42076190712,1,0,0.0,0.0,0.0
44,154853.2969273807,1,0,0.2913610728377445,0.7086389271622555,0.0
41,86313.82226176784,1,0,0.0,0.0,0.41739478232914795
65,71920.8344010207,2,0,0.6231331196528115,0.0,0.0
37,0.0,1,1,0.0,0.0,1.0
43,0.0,2,0,0.0,0.0,0.0
56,0.0,1,0,0.0,0.0,0.0
28,0.0,2,1,0.0,0.6698440496843956,0.0
35,83480.03463989325,2,1,0.0,0.10680070400236363,1.0
38,0.0,3,0,0.0,0.046597120617905,1.0
50,0.0,1,0,0.0,1.0,1.0
35,134188.90987953285,2,0,0.29765027756828044,0.7023497224317196,0.29765027756828044
38,117746.00312270239,1,0,0.29806620117000415,0.0,0.29806620117000415
62,106839.23820840791,2,0,0.3204012861402149,0.0,0.3204012861402149
44,131312.36433163664,1,0,0.8357131567275907,0.0,0.8357131567275907
54,0.0,1,0,0.0,0.0,1.0
53,137597.991450838,1,0,0.8775021380340108,0.0,0.12249786196598922
45,97056.20051256355,1,0,1.0,0.0,0.3650933408468372
44,161415.55993538696,1,0,0.8761539732941825,0.0,1.0
48,0.0,1,0,0.0,0.0,0.0
52,116998.98907324701,1,0,1.0,0.0,1.0
46,146482.21409493499,1,1,0.8098712336812943,0.19012876631870568,0.19012876631870568
31,0.0,2,0,0.0,0.0,0.0
54,0.0,1,0,0.0,0.0,1.0
47,0.0,1,0,0.0,0.0,1.0
70,148663.8072187963,1,0,0.9554481914380675,0.0,0.04455180856193253
51,0.0,3,0,0.0,0.0,1.0
51,174429.77794589585,1,0,0.0,1.0,0.0
41,0.0,1,1,0.0,0.0,0.0
55,132601.19742200227,1,0,1.0,0.0,0.8539428821418529
38,132867.3785649101,1,1,0.013228812905293985,0.0,0.0
44,148598.2931432472,1,0,0.0,0.0,1.0
42,0.0,1,0,0.0,0.2305574205784432,0.0
55,0.0,3,1,0.0,0.0,0.0
40,0.0,1,0,0.0,0.0,0.0
43,98804.73535428669,1,0,1.0,0.0,0.0
30,133702.6865082564,1,0,0.0,0.8881913496613041,1.0
35,103870.89948423619,1,0,0.8007803141629235,0.0,0.0
54,113698.89152006351,1,0,1.0,0.0,0.7158157042882712
44,0.0,2,1,0.0,0.7110314750789415,0.0
46,118136.83441590703,1,0,1.0,0.0,1.0
51,156034.80774891312,1,0,0.3933206703851887,0.6066793296148113,0.3933206703851887
34,0.0,1,0,0.0,0.5445553246546755,1.0
46,108461.83492054381,2,0,1.0,0.0,0.15987976336644139
50,0.0,3,1,0.0,0.0,0.6912466637859893
33,102252.5106940088,1,0,1.0,0.0,0.1675665393045065
30,0.0,2,0,0.0,0.0,0.0
43,118833.35744790804,1,0,0.503345130606154,0.49665486939384595,0.49665486939384595
33,106449.56167446577,1,0,1.0,0.0,0.0
37,0.0,2,0,0.0,0.0,0.0
50,43117.86750501719,1,0,0.0,0.35446564358947774,0.35446564358947774
61,169894.25932665495,1,0,0.0,0.0,0.8442267394198298
45,132644.94468918556,2,0,1.0,0.0,0.5470453456155777
49,204204.76356324807,1,0,0.0,0.0,0.08744650179988545
40,70171.63738538862,1,0,0.0,1.0,0.6226368232033492
56,121462.4607399237,1,0,1.0,0.0,0.41351653028995916
31,108626.30086648362,1,1,0.03981143944575383,0.9601885605542462,0.9601885605542462
49,0.0,1,1,0.0,0.0,0.0
50,0.0,1,1,0.0,0.0,0.04435053273351064
44,114963.18271090197,1,0,0.046367392170310495,0.0,0.0
39,106021.00594777608,1,0,1.0,0.0,0.0
46,62431.810762197805,1,0,0.0,1.0,1.0
38,0.0,1,0,0.0,1.0,0.0
51,107219.01495712208,1,1,1.0,0.0,1.0
36,0.0,1,1,0.0,0.0,1.0
58,0.0,1,1,0.0,0.0,0.0
45,0.0,3,0,0.0,0.0,0.0
36,153781.50633280625,1,0,0.10868253937469208,0.0,0.8913174606253079
51,106077.81438019963,1,1,1.0,0.0,0.0
37,113724.64772600267,1,0,0.381616499109135,0.618383500890865,0.618383500890865
47,122200.08182952147,1,0,1.0,0.0,0.775234538899056
44,128166.9948817841,1,0,1.0,0.0,0.6574089171888682
47,81388.28190662902,2,0,0.6276688771588087,0.0,0.6276688771588087
36,108433.02593683013,1,0,0.19201608474003673,0.8079839152599633,0.19201608474003673
49,131837.42983855752,1,0,0.8539789807030375,0.0,0.8539789807030375
40,99177.4579286998,1,0,1.0,0.0,1.0
47,0.0,1,0,0.0,1.0,0.0
55,53300.09954889411,1,0,0.0,0.0,0.0
35,0.0,1,1,0.0,0.0,1.0
42,171170.45993742172,1,0,0.0,0.0,0.19173178878372177
54,137460.2533240104,1,0,0.9309630630886251,0.0,0.0
50,128749.01576460588,1,0,0.33478904189067915,0.0,0.0
45,0.0,1,0,0.0,0.0,0.6862968752428438
40,0.0,1,0,0.0,0.0,1.0
36,122321.63598786994,1,0,1.0,0.0,0.0
42,0.0,2,0,0.0,0.0,0.0
46,132538.09949508766,1,0,0.4035329245864563,0.0,0.0
59,0.0,1,0,0.0,0.0,0.1856160793309185
37,105562.70803803271,1,0,0.6178765055400268,0.3821234944599732,0.3821234944599732
50,113933.79551781307,2,0,1.0,0.0,0.8677312849015183
52,125068.2069641789,1,0,0.19668819731282305,0.0,0.0
51,116692.91296644999,1,0,1.0,0.0,0.762516694830616
31,0.0,1,1,0.0,1.0,0.7001024070054638
46,132337.08059057195,1,0,1.0,0.0,1.0
42,130745.83246501589,1,0,1.0,0.0,0.399054515462281
37,101272.02540692831,1,0,0.6960798615670392,0.0,0.6960798615670392
35,159495.1039678905,2,0,0.0,0.36250198453151317,0.0
47,93834.10949515419,2,0,0.0,0.1760023481200217,0.8239976518799783
26,132386.44596718837,2,0,1.0,0.0,0.7959123388442397
38,97718.06877414521,1,0,0.0,0.0,0.0
49,113814.75915840486,1,0,1.0,0.0,0.1990612784585697
50,188041.09069418197,1,0,0.0,1.0,0.18015864773261925
46,108428.08691436092,1,0,1.0,0.0,0.890136886259217
34,144985.14595730425,1,0,0.8836839676879897,0.0,1.0
48,0.0,1,0,0.0,0.0,0.0
41,135506.08625464534,1,0,0.316129875090968,0.683870124909032,0.0
40,0.0,1,0,0.0,0.0,0.0
36,175187.58826007973,1,0,0.0,0.6900468884094496,0.3099531115905504
42,0.0,1,0,0.0,0.0,0.0
49,116159.73129986646,2,1,1.0,0.0,1.0
46,0.0,2,0,0.0,0.0,0.0
56,0.0,1,0,0.0,0.0,1.0
47,90297.09275902047,1,0,0.38680724205188,0.61319275794812,0.0
36,85186.79699781131,1,0,0.0,0.0,0.9194191877134864
38,92841.71467006071,1,0,0.8528367489050547,0.0,0.8528367489050547
45,96381.942381562,1,0,0.0,0.29797723549584376,0.0
47,127432.67052020297,2,0,1.0,0.0,0.0
51,75171.8447361291,2,0,0.0,0.9108262646863152,0.08917373531368478
42,132558.93890153826,1,0,0.006047043183978418,0.0,0.0
45,123809.11886960706,1,0,0.4838602188643114,0.0,0.0
38,118511.50326809968,1,0,0.12324745813255145,0.8767525418674486,0.0
54,95787.30894967426,1,0,0.6923209105220515,0.30767908947794853,0.0
38,69426.64142961173,1,0,0.07394044018173451,0.9260595598182655,0.9260595598182655
46,174155.85598435786,3,0,0.0,1.0,0.0
48,0.0,2,1,0.0,0.0,0.9658323197183326
40,140268.26482343778,1,0,1.0,0.0,0.2057943769894217
34,104568.6317747017,1,0,0.7415661084668296,0.0,0.0
37,0.0,2,0,0.0,0.0,0.0
32,115120.68242162709,1,0,1.0,0.0,0.8844787275967592
47,97093.19066409254,1,0,1.0,0.0,0.44600674449686906
53,127567.16688363829,2,0,1.0,0.0,0.46544078084369134
37,132282.60515577538,1,0,1.0,0.0,0.1954580003683999
39,140092.21790700353,1,0,0.16622936205165872,0.8337706379483413,0.16622936205165872
49,136316.80558165783,1,0,0.0,0.08351084888448579,0.08351084888448579
58,0.0,2,0,0.0,0.0,1.0
54,116252.95035902144,1,1,1.0,0.0,1.0
44,137914.22199300787,1,0,0.2401763415716116,0.0,0.2401763415716116
38,162767.90893440286,1,0,0.33882348242280735,0.0,0.6611765175771926
32,113689.91137080135,1,0,1.0,0.0,1.0
39,145115.780811511,1,0,0.2620722310011997,0.0,0.2620722310011997
45,146995.78154304693,1,0,0.40257075742658,0.59742924257342,0.0
58,0.0,2,1,0.0,1.0,0.11910483945524752
30,67955.65038273379,1,0,0.0,0.04960590834948275,0.9503940916505172
41,105135.8201536658,1,0,0.7429373078107913,0.0,0.25706269218920874
56,0.0,2,1,0.0,0.0,0.0
46,124433.12381516036,1,0,1.0,0.0,0.0
30,0.0,1,0,0.0,0.0,0.0
50,0.0,1,0,0.0,0.0,0.0
44,139643.95109154575,1,0,0.4237701199309234,0.0,0.5762298800690766
39,115181.7112099068,1,0,1.0,0.0,0.657867399888105
59,116561.03196701876,1,0,0.038449267862433745,0.0,1.0
46,121177.3591775874,1,0,0.44485243282754083,0.0,1.0
48,0.0,1,1,0.0,0.0,0.0
39,99872.73411103866,1,0,0.35164987234190537,0.0,0.6483501276580946
47,120581.3735128479,1,0,1.0,0.0,0.09045152698786163
38,165595.33264245905,2,0,0.0,0.0,1.0
40,128199.84827017633,1,0,1.0,0.0,0.23782541281835534
52,165421.76485886346,1,0,0.0,0.0,0.8118067183508864
49,121190.09197315447,1,0,0.3418490419172582,0.0,1.0
51,77050.05432282163,2,0,0.43369433132038004,0.0,0.56630566867962
47,141776.06174804416,1,0,1.0,0.0,0.0
41,138123.91478148237,1,0,0.6367446483241898,0.36325535167581025,1.0
43,0.0,1,0,0.0,0.0,0.0
48,108210.62611446,1,0,0.9409923225744371,0.0,0.9409923225744371
64,170585.72358992216,2,1,0.0,0.0,0.376789626931993
31,0.0,1,0,0.0,0.2583727125481111,0.0
56,104550.81223630419,1,0,1.0,0.0,0.8050973120411349
50,0.0,3,0,0.0,0.0,1.0
52,133162.35600955557,1,0,0.604946662143204,0.0,0.0
47,0.0,1,1,0.0,0.0,0.0
42,0.0,1,0,0.0,0.0,1.0
45,149147.6822081829,1,0,1.0,0.0,0.6737562297840898
37,0.0,2,1,0.0,0.0,0.0
42,128361.88840489213,2,1,1.0,0.0,0.0
36,181697.9130328614,2,0,0.6430175705313361,0.0,0.3569824294686639
34,157340.97283741087,2,0,0.6347441411040295,0.36525585889597045,0.36525585889597045
49,126604.78141875655,1,1,0.8135801951460254,0.0,0.8135801951460254
38,109162.98026489635,2,0,1.0,0.0,0.7493694366449569
41,0.0,1,1,0.0,0.0,0.45430403118697416
45,126588.26020150448,1,0,1.0,0.0,0.20406438854660058
36,159153.9133924289,1,0,0.0,0.7080888265021927,0.7080888265021927
36,0.0,1,1,0.0,0.0,1.0
37,143769.12958997456,1,0,1.0,0.0,0.0
36,88118.80334745007,1,1,1.0,0.0,0.7839685596069278
29,106059.90696926115,1,0,1.0,0.0,0.0
55,130842.71641082596,1,1,1.0,0.0,1.0
34,88816.01051291001,1,0,1.0,0.0,0.9571348325397961
24,0.0,1,1,0.0,0.0,0.4271050453603432
46,170852.13637514578,1,0,0.0,0.47510034069172047,0.47510034069172047
48,128125.64494547178,1,0,1.0,0.0,1.0
37,0.0,1,1,0.0,0.0,1.0
45,113954.54236122736,1,0,1.0,0.0,1.0
36,137236.111142996,1,0,1.0,0.0,0.0
41,118845.92565847738,1,0,0.44672646870264054,0.5532735312973595,0.5532735312973595
53,137569.7038605728,1,0,0.8765501341896449,0.0,0.0
45,179936.770076181,1,0,0.0,0.20598003587696168,1.0
35,0.0,1,0,0.0,0.0,0.0
47,139757.0992703881,1,0,0.9607349483513398,0.0,0.03926505164866023
40,97759.89697715057,1,0,0.0,0.0,0.0227161768230707
26,122485.26439748346,1,0,1.0,0.0,1.0
39,115314.73716890498,1,0,1.0,0.0,0.33668929049599805
55,0.0,3,0,0.0,0.8390996987996115,0.0
41,130208.46679791417,1,0,1.0,0.0,0.44933954076343574
47,102971.17005743968,1,0,1.0,0.0,0.1531445000839562
47,157174.24607111848,2,0,0.2718835626638336,0.7281164373361664,0.0
39,0.0,1,0,0.0,0.0,1.0
49,98809.04633849581,1,0,1.0,0.0,0.2687494106526249
33,122367.20981058745,1,0,1.0,0.0,0.23025337714291283
50,105699.8400447517,1,1,1.0,0.0,0.0
44,121114.41695946237,2,0,1.0,0.0,1.0
64,0.0,1,0,0.0,0.6583588873093982,0.3416411126906018
37,0.0,2,1,0.0,0.3515354430997629,0.3515354430997629
32,0.0,1,0,0.0,0.0,1.0
49,0.0,1,1,0.0,0.0,0.0
35,115765.71101778898,1,0,1.0,0.0,0.0
54,0.0,1,0,0.0,0.0,0.32784283788581825
41,178777.52724986844,1,0,0.0,0.8157453806261209,1.0
37,130976.86769623084,1,0,1.0,0.0,0.4026876216692882
37,144933.78417112838,1,0,0.6063644797225579,0.0,1.0
49,106663.41762569253,3,0,0.4734356593750214,0.0,0.0
48,124411.96004181431,1,0,1.0,0.0,0.14545260679781968
41,0.0,1,0,0.0,1.0,0.34000438605989214
54,0.0,1,0,0.0,0.0,1.0
41,161769.35622760202,1,0,0.08813443097669149,0.9118655690233085,0.9118655690233085
43,162513.51382958508,2,0,1.0,0.0,0.0
38,0.0,2,0,0.0,0.0,0.0
40,113663.08634712159,1,0,1.0,0.0,0.18181765283733875
51,63282.889898680754,1,0,0.0,1.0,0.5696534676277996
50,125440.69016084705,1,0,1.0,0.0,0.8345002253363444
40,0.0,1,0,0.0,0.0,1.0
33,147918.5830720013,1,0,1.0,0.0,1.0
39,141821.52168184158,1,0,1.0,0.0,0.0
31,0.0,1,1,0.0,1.0,0.8035130330437888
42,0.0,1,0,0.0,0.0,1.0
38,137844.18011550166,1,1,1.0,0.0,0.0
40,119453.33976870403,1,1,0.6779324648042703,0.3220675351957297,0.0
30,146140.3291005809,2,0,0.0,0.559744661333675,0.44025533866632505
56,116290.42475618845,1,1,1.0,0.0,1.0
39,102040.46114554873,1,0,0.3330725525413193,0.0,0.6669274474586807
23,0.0,1,0,0.0,0.0,0.5646036766002486
29,118938.44524501423,1,0,0.0,0.9531201143941378,1.0
63,114850.93355870954,1,0,1.0,0.0,0.0
47,0.0,1,0,0.0,0.0,0.0
49,121516.81751625842,2,0,1.0,0.0,0.47241202672783433
39,0.0,1,0,0.0,1.0,0.0
39,83267.68587425388,2,0,0.947173313635278,0.052826686364721986,0.0
52,106396.22611221179,2,0,0.2739151485161495,0.0,1.0
36,106413.91697741566,1,0,1.0,0.0,0.12130299800553412
34,0.0,1,0,0.0,1.0,0.0
43,130693.86198558068,1,0,0.4675290921161026,0.0,0.0
40,140106.16780709682,1,0,0.4355834122202523,0.5644165877797477,0.4355834122202523
46,123580.33749042463,2,0,1.0,0.0,1.0
39,130587.67561386676,1,0,1.0,0.0,0.0
39,0.0,1,0,0.0,1.0,0.0
38,128312.11040507411,1,0,1.0,0.0,0.0
43,86088.52370008611,1,0,0.0,0.0,0.9698188646337847
38,103033.93512780595,1,0,1.0,0.0,0.0
36,42282.119822114146,1,0,0.0,0.0,0.07739624290604219
41,91554.57148739367,1,0,0.762212058314177,0.23778794168582296,0.762212058314177
49,109981.8586200952,1,1,0.5917169688924004,0.0,1.0
46,166608.32641095025,1,0,0.8079766308636555,0.0,0.8079766308636555
37,80220.42035416709,1,0,0.0,0.666685651892513,1.0
48,107032.53913366796,1,0,1.0,0.0,1.0
24,0.0,1,1,0.0,0.0,0.39753082954273355
47,137502.620411854,1,0,0.5102141320117592,0.0,0.0
33,0.0,1,0,0.0,0.4713433960107244,0.0
54,0.0,1,0,0.0,0.0,1.0
55,162358.26898923598,1,0,0.0,0.0,0.4806873073576968
57,0.0,1,0,0.0,0.19755590567847825,1.0
44,104581.05123803856,1,0,1.0,0.0,1.0
57,0.0,2,0,0.0,1.0,0.0
39,111525.5724705332,1,1,1.0,0.0,0.0
32,0.0,3,1,0.0,0.43624602635715737,0.0
62,0.0,1,0,0.0,0.34169256049393815,1.0
37,69757.51306031873,1,0,0.0,1.0,0.43771682493354136
37,80993.20879008243,1,0,0.7232458680486914,0.2767541319513086,0.0
46,0.0,1,1,0.0,0.0,1.0
30,150156.7228938114,1,0,0.0,0.0,0.0
41,0.0,3,0,0.0,0.0,1.0
43,156329.57614240918,1,1,0.0,1.0,0.0
41,144959.89001706592,1,0,0.5023718199720955,0.0,1.0
43,144138.0648231708,1,0,0.6721160059817415,0.0,0.3278839940182585
69,0.0,3,0,0.0,0.0,0.0
42,132010.584104613,1,0,1.0,0.0,0.03671294348306664
28,108323.24407220246,1,0,1.0,0.0,0.5252309939563488
43,133169.54296984244,1,0,0.6636766057296665,0.33632339427033353,0.6636766057296665
29,106217.29031501278,1,0,1.0,0.0,0.0
45,108923.64186644646,1,0,0.9879969727273175,0.012003027272682543,1.0
46,0.0,1,0,0.0,1.0,1.0
44,105717.30098921456,1,1,1.0,0.0,0.0
49,0.0,1,0,0.0,0.0,0.0
40,0.0,1,0,0.0,0.0,0.0
26,122852.8348904552,2,0,0.0,0.9724613900279022,0.027538609972097783
46,0.0,1,0,0.0,0.0,0.0
41,114615.67007063788,2,0,0.6141862443190114,0.38581375568098863,0.0
45,0.0,1,1,0.0,0.0,0.7633902172924927
43,0.0,2,0,0.0,0.0,0.0
49,107911.9961161689,1,0,1.0,0.0,0.5708505080416781
51,147298.78200007783,1,0,0.9251041579980163,0.0,0.0
43,0.0,1,0,0.0,1.0,1.0
48,111980.4450948184,1,0,1.0,0.0,0.0
45,154832.1882614262,1,0,0.23981995220659025,0.7601800477934098,0.0
45,0.0,1,0,0.0,0.0,0.19495827149863054
48,90282.06656208998,1,0,0.49508854874986075,0.5049114512501393,0.0
47,159462.69354980718,1,0,0.23125286863748706,0.7687471313625129,1.0
39,143914.713202395,1,0,1.0,0.0,0.0
48,120619.428660492,2,0,1.0,0.0,0.0
33,127770.30326567336,3,0,0.0,0.11921044284057336,0.8807895571594266
40,140586.35551246163,1,0,0.03646105082561846,0.0,0.0
52,0.0,1,1,0.0,0.05274395216221739,0.0
47,122845.86344536001,1,1,1.0,0.0,1.0
44,121136.02697727364,1,0,1.0,0.0,1.0
53,115024.97290871937,1,0,0.04515136441229195,0.0,0.954848635587708
48,157617.56356605885,2,0,0.0,1.0,0.4378998871429123
46,81103.16354317652,1,0,0.1560065280579752,0.0,0.8439934719420248
51,0.0,2,1,0.0,0.0,0.0
53,134256.0191540051,2,0,0.5782873824740836,0.0,0.5782873824740836
45,165883.09269298724,1,0,0.0,0.0,1.0
45,132408.41912750533,1,0,0.4490785141348759,0.0,1.0
49,0.0,1,1,0.0,0.0,0.0
37,141410.14998177323,2,1,0.5709070537521448,0.0,0.4290929462478552
54,125396.56245389141,1,0,1.0,0.0,0.0
61,0.0,1,0,0.0,0.3155331806631355,0.3155331806631355
48,107239.89474721954,1,1,1.0,0.0,1.0
44,131656.61286064578,1,1,0.6332016793537316,0.3667983206462684,0.3667983206462684
46,106350.07696028703,1,0,1.0,0.0,1.0
51,45798.61387990085,1,0,0.0,0.0,0.0
38,110635.17918579833,1,1,0.03372570225181415,0.0,0.9662742977481859
43,0.0,2,0,0.0,0.0,0.9700744566667069
41,0.0,1,1,0.0,0.0,0.0
41,103493.3189642795,1,0,0.3992078506603809,0.0,0.3992078506603809
37,103048.01251510975,1,0,1.0,0.0,0.2991343027561201
54,148220.28564389577,1,0,0.28520580268041407,0.0,0.7147941973195859
41,145865.9165994823,1,0,0.0,0.36922957982737936,0.36922957982737936
49,0.0,1,0,0.0,0.0,0.0
51,106406.36828898366,2,1,0.4820173397769325,0.0,1.0
40,144304.2026899955,1,0,0.757776560375158,0.0,0.24222343962484205
48,0.0,1,0,0.0,1.0,0.0
44,116534.05111518638,1,0,0.6819603883054801,0.0,0.3180396116945199
24,0.0,1,0,0.0,0.9246417911286366,0.0
54,155858.77171957906,1,1,0.0,1.0,0.0
38,0.0,2,0,0.0,0.0,0.5143657015866596
54,115883.9747912206,2,0,0.08719919959213829,0.0,0.08719919959213829
50,113371.46807415881,1,0,0.610363007818157,0.0,0.389636992181843
47,96736.49533694141,1,0,1.0,0.0,0.5464070742121321
52,120617.1841309083,1,0,0.2497441792293552,0.0,0.0
54,0.0,2,0,0.0,0.0,0.0
57,0.0,1,0,0.0,0.0,1.0
54,115984.47930076622,1,0,0.5592181317684581,0.44078186823154186,0.44078186823154186
44,127509.36332893503,1,0,1.0,0.0,1.0
38,105466.17791655377,1,0,0.09957971354002892,0.9004202864599711,1.0
40,160833.93344954975,1,1,0.0,0.01602815645512312,1.0
54,63101.01167421228,1,0,0.0,1.0,1.0
32,0.0,3,0,0.0,0.0,0.37698616728684164
51,88380.36550171307,2,0,0.6032130620995043,0.0,0.0
38,0.0,1,0,0.0,1.0,0.07971507318728499
37,106043.77034514266,1,0,0.31688571427695345,0.0,0.6831142857230466
48,165474.06707767714,1,0,0.0,0.06743329129403908,0.9325667087059609
41,121426.24207749199,1,1,0.5756652529974197,0.42433474700258034,1.0
40,127620.76651535637,1,0,1.0,0.0,1.0
38,0.0,1,0,0.0,1.0,0.0
28,0.0,2,1,0.0,0.23365278689534763,0.7663472131046524
37,159205.4093314299,1,0,0.0,1.0,1.0
54,0.0,1,0,0.0,1.0,0.0
38,0.0,2,0,0.0,0.0,0.0
46,128136.15103935056,1,0,1.0,0.0,0.8992489182892025
38,136766.6125857675,1,0,0.3764946887526628,0.0,0.0
39,100137.57235802288,1,0,1.0,0.0,0.13128797200482423
55,89001.40485180683,1,0,0.0,0.3096917111051891,1.0
61,127138.45463752655,1,0,0.7982050517475431,0.20179494825245692,0.20179494825245692
41,126550.43559684338,1,0,0.9088264977168623,0.0,0.9088264977168623
46,91772.68109186486,1,0,0.23959993271251734,0.0,0.7604000672874827
41,188969.60544713665,2,0,0.0,1.0,0.32360163108999396
44,131645.34834695217,1,1,0.6990336803683783,0.3009663196316217,0.3009663196316217
49,120580.37475063099,1,0,0.8159552279497865,0.0,0.0
40,75168.65244269412,3,0,0.0,0.2435489120110882,0.0
30,126784.29739360914,1,0,0.47415794587907967,0.5258420541209203,0.47415794587907967
55,137604.97679387566,1,0,1.0,0.0,0.0
39,129914.02632726994,1,0,0.6166219781652751,0.3833780218347249,1.0
33,146205.9082783186,1,0,0.040333852138451975,0.0,0.959666147861548
41,121827.4140485263,1,0,0.3261702541282535,0.0,1.0
55,96925.81247586964,1,0,0.46855699459113465,0.0,0.46855699459113465
37,103971.70536142972,1,0,0.14795833410940584,0.0,0.14795833410940584
32,192170.6482077896,1,1,0.0,0.0,0.0
47,0.0,1,1,0.0,0.0,0.7909026354103857
54,129272.50307448194,1,0,0.0,0.0,0.13035313004326554
48,97709.20850100344,1,0,0.7964651261131036,0.0,0.7964651261131036
39,104607.32026499875,1,0,0.23093886684027576,0.0,0.23093886684027576
43,91413.36315654745,1,0,0.5744943407281572,0.0,1.0
36,107892.59771323843,1,0,1.0,0.0,0.565415939752538
31,67977.645719913,1,0,0.021009156986360744,0.0,1.0
36,118522.62095482886,1,0,0.034431308573314556,0.9655686914266854,0.0
49,89218.8703714289,1,0,0.0,0.44582554982701617,1.0
57,148183.43340642322,1,0,0.8166552432016235,0.0,0.18334475679837647
51,115044.77569503075,1,0,0.11476112129243476,0.0,1.0
30,112004.41274220397,1,0,1.0,0.0,0.0
39,137865.7508344951,1,0,0.5383631021010228,0.0,0.0
45,182286.1720681945,1,0,0.08677031372072952,0.9132296862792705,0.9132296862792705
42,0.0,1,0,0.0,0.0,0.0
50,108844.76174968477,1,0,0.1704341685716314,0.8295658314283686,0.8295658314283686
52,0.0,1,1,0.0,0.0,0.8663043456005638
57,166939.498245147,1,0,0.0646055103322013,0.0,0.0646055103322013
46,204313.12516185825,1,0,0.0,0.24857668246869735,0.0
47,93583.27175707657,1,1,0.0,0.058665607213098325,0.9413343927869017
43,123368.01867040449,1,0,1.0,0.0,0.32338276644749353
46,140297.5949742616,2,0,0.363403931999427,0.636596068000573,0.0
46,127664.34160417719,2,0,0.06181882747527756,0.9381811725247224,0.0
36,89734.37925591209,1,0,0.0,0.7244332236908215,0.7244332236908215
44,0.0,2,0,0.0,0.0,0.0
56,157149.38580869103,1,0,0.0,0.2991915819982597,0.0
40,69847.86978398159,2,0,0.0,1.0,0.23468370047461373
45,135561.9875657426,1,0,1.0,0.0,0.07059651615084617
42,112239.9410085767,1,0,1.0,0.0,0.7951975909437905
45,126659.27200886905,1,0,1.0,0.0,0.0
43,0.0,2,0,0.0,0.0,0.0
32,0.0,1,1,0.0,1.0,0.06379455625359787
43,0.0,1,0,0.0,0.0,0.0
33,103655.19705902852,2,0,0.0,0.0,0.0
42,74414.47341348945,2,0,0.0,0.0,0.6955095756459696
44,110764.37356044268,1,0,1.0,0.0,0.9829468795547008
48,0.0,1,0,0.0,0.0,0.0
47,167559.7322845394,1,0,1.0,0.0,0.2823238422065004
47,121794.11669876098,1,0,0.02338236268499083,0.0,0.9766176373150092
51,120608.89811212244,1,0,0.3772017824576387,0.0,0.0
45,150338.3961292061,1,0,0.19815983154719408,0.0,0.0
40,151758.47189766038,1,0,1.0,0.0,0.5654690366955046
38,154180.6091181804,1,0,0.0,0.0,0.13046632818502024
54,110605.60415044373,1,1,0.8193424586886968,0.0,1.0
61,64090.222367648545,1,1,0.0,0.9476861770642796,1.0
47,0.0,1,0,0.0,0.7812282915891203,0.0
54,0.0,1,0,0.0,0.0,1.0
48,0.0,1,0,0.0,0.0,0.2438077658932195
45,0.0,1,1,0.0,0.0,0.0
36,66816.07311050079,1,0,0.0,1.0,0.0
40,73608.11551395367,2,1,0.0,0.0,0.5554264989305715
45,152485.92078038777,2,0,1.0,0.0,0.0
57,0.0,1,0,0.0,0.22833125236861085,1.0
39,113356.35568552627,1,0,0.05845798723687701,0.0,1.0
47,91304.3799700631,1,0,1.0,0.0,0.0
45,0.0,1,1,0.0,0.0,0.47430866486843026
45,161510.03836164062,1,1,0.8319799478073214,0.16802005219267857,1.0
60,148632.95784397615,1,0,1.0,0.0,0.0
50,144817.03395811963,1,0,0.6000169817064315,0.0,1.0
52,111970.88002313582,1,0,1.0,0.0,0.0
41,140198.34566456382,1,0,1.0,0.0,0.5833072481842045
41,137855.6652077244,1,1,1.0,0.0,0.11565657202871249
47,108749.99780552849,1,0,0.8482570870469476,0.0,0.0
40,149943.72196690747,1,0,0.0,0.0,0.597808013401514
43,115320.8396697381,1,0,1.0,0.0,0.6647392049108463
52,140169.6005876334,1,0,0.41933468041928834,0.5806653195807117,0.0
39,115764.84021353998,1,0,1.0,0.0,0.70109758736427
47,126592.72211563641,2,1,0.41073154349101204,0.0,0.0
57,0.0,3,0,0.0,0.0,0.0
59,113714.93389106807,1,0,1.0,0.0,0.992646955445573
51,118776.37859278565,1,0,0.3082798858653112,0.0,0.6917201141346888
40,0.0,1,0,0.0,0.0,0.0
31,168036.1839056852,1,0,0.9615991226736554,0.0,0.9615991226736554
52,131990.434503518,1,1,0.6317498926048669,0.0,1.0
46,152077.12332642789,1,0,1.0,0.0,0.9790318407916674
53,103053.41741571507,1,0,0.5792634374313832,0.0,1.0
49,0.0,1,0,0.0,0.0,0.0
36,158427.52037355895,3,0,0.9099301581597186,0.0,0.0
41,0.0,3,0,0.0,0.0,0.7172618758657564
47,137914.35285998293,1,0,0.41792986887577643,0.0,0.41792986887577643
46,118565.82929103693,1,0,0.20219531865892748,0.7978046813410725,0.0
45,0.0,1,0,0.0,0.0,1.0
47,70696.53383065738,1,0,0.0,0.5431119282627331,0.45688807173726687
52,131843.3567016524,1,0,0.5248916350681646,0.0,0.5248916350681646
51,116189.48286361722,2,1,1.0,0.0,0.6139490643481642
50,162693.9046794771,1,0,0.03329385998153944,0.0,0.9667061400184606
40,1141.2865091184995,1,0,0.0,0.0,0.0
23,99324.58909385541,1,0,0.0832230662080723,0.0,1.0
28,0.0,2,1,0.0,0.0,0.0
53,137250.39509967854,1,1,0.4805599408362681,0.5194400591637319,0.5194400591637319
28,159047.01853229466,1,0,0.0,1.0,0.9312460935775125
38,139610.7688503771,1,0,0.45028274483668895,0.0,0.45028274483668895
56,0.0,1,0,0.0,0.0,1.0
54,174455.0237013516,2,0,0.0,1.0,0.0
55,106946.03649744092,1,0,0.7960053963906126,0.20399460360938737,0.7960053963906126
56,0.0,3,0,0.0,1.0,0.17353539050781708
45,105173.81627367892,1,0,0.4423113088145473,0.0,0.5576886911854527
43,135645.16494240565,1,0,1.0,0.0,0.945389696786531
32,0.0,1,1,0.0,1.0,0.9718453013254846
43,139689.08017837617,1,0,0.4873847558968001,0.0,0.0
43,0.0,1,0,0.0,1.0,1.0
39,141667.29658275165,1,0,1.0,0.0,0.0
37,144248.57397068138,1,0,0.14214221648251102,0.0,0.857857783517489
65,114910.19908189423,1,0,0.6950968756149365,0.0,0.0
56,131849.33989809928,1,0,0.19267639648670032,0.0,0.19267639648670032
54,127595.5932264714,2,0,0.8709287530691185,0.12907124693088146,0.0
37,131358.53322423162,1,0,0.7021406016097888,0.0,0.7021406016097888
33,159127.43169048073,1,0,0.0,1.0,1.0
47,110748.75508578755,1,1,0.4716263651952617,0.5283736348047383,0.5283736348047383
45,0.0,1,1,0.0,0.0,0.0
48,113105.91967485116,1,0,1.0,0.0,0.0
37,0.0,1,0,0.0,0.0,1.0
44,119528.25875339542,1,0,1.0,0.0,0.9399243728857088
44,106069.57651622198,1,0,1.0,0.0,0.0
31,0.0,1,1,0.0,0.9881240759546354,0.0
50,134467.70366692956,1,0,1.0,0.0,1.0
48,62279.73257841824,2,0,0.0,0.17916391829015088,0.17916391829015088
41,171173.82702192958,1,0,0.0,0.0,0.10885990820649061
46,99669.42388608198,1,0,0.5396446268651731,0.0,0.5396446268651731
40,114149.62984462676,1,0,1.0,0.0,1.0
58,0.0,1,1,0.0,0.016288416790848248,0.0
53,105771.26141907964,1,1,0.0,0.949824649680026,1.0
31,132100.9588349978,2,0,0.09669455978756714,0.0,0.9033054402124329
49,0.0,1,0,0.0,0.0,0.0
53,131038.15848002922,1,0,0.281825003295472,0.718174996704528,0.718174996704528
49,125421.72335415629,1,0,1.0,0.0,0.0
49,130019.8870267848,1,0,0.9606381201802705,0.039361879819729495,1.0
52,0.0,1,0,0.0,0.0,0.0
48,110107.78626407859,2,1,0.22551439688020913,0.7744856031197909,0.22551439688020913
51,143075.75477415908,1,0,0.13443342736955,0.0,0.0
41,135557.92578605068,1,0,0.4677206159711509,0.5322793840288491,0.0
47,142032.46628489878,1,0,1.0,0.0,0.394103184820517
38,100365.03425318329,1,0,1.0,0.0,0.42835180056884625
51,97718.86618185112,1,0,0.9728933476637669,0.0,0.9728933476637669
54,106954.79636790052,1,0,1.0,0.0,1.0
40,148568.93528975683,1,0,0.9894867754583465,0.0,0.010513224541653488
39,121918.90515140112,1,0,1.0,0.0,0.238110105622516
36,103669.58505907406,1,0,1.0,0.0,0.10669550621187729
47,133713.75169936515,1,0,0.5671600789428277,0.0,0.4328399210571723
50,101827.5269249863,1,0,0.46445752690220177,0.0,0.5355424730977982
41,113666.39178186285,1,0,0.5230166073823462,0.0,0.47698339261765377
46,113699.34017325746,1,0,1.0,0.0,0.6107913813765612
49,66067.30986189433,2,0,0.0,0.8874245353703603,0.0
45,0.0,1,0,0.0,0.0,0.0
43,156365.51493298175,1,0,0.3358163646415345,0.6641836353584655,0.3358163646415345
40,130551.3637597152,1,0,0.384930245985302,0.0,0.615069754014698
35,106432.12886484014,1,1,1.0,0.0,0.07309243785413588
59,115923.76427566359,1,0,0.9620584989413515,0.0,0.0
43,163266.39287676438,1,0,0.5089590404220475,0.0,1.0
43,201374.47594024506,1,0,0.0,0.5471751947156732,0.4528248052843268
47,0.0,1,0,0.0,0.0,0.7213056840714742
26,122859.93796964029,1,0,0.04112812680958999,0.95887187319041,0.04112812680958999
47,136176.199487919,1,0,0.0,0.14281430447286736,0.0
36,118567.71659540234,1,0,0.420170423952275,0.0,0.0
42,107969.17765967816,1,0,0.7174497324813611,0.0,1.0
46,0.0,3,0,0.0,0.0,0.0
48,115233.06412873238,1,0,1.0,0.0,0.40496858737618846
28,154474.60089199393,2,0,0.9987929358156545,0.0,0.9987929358156545
53,0.0,2,0,0.0,0.9450336931601779,0.0
32,122064.06644141665,2,0,1.0,0.0,0.0
42,190233.92705141733,1,0,0.0,0.08257215803527718,0.9174278419647228
38,96334.00644785551,1,0,0.845479170009481,0.15452082999051897,0.0
51,96224.96766006446,2,0,0.4395629417728987,0.5604370582271013,0.5604370582271013
41,144952.5558313959,1,0,0.4895398686535587,0.0,1.0
31,78727.05409380076,1,0,1.0,0.0,0.0
61,148557.79402665718,1,0,1.0,0.0,0.6835428691255838
46,102971.14363765527,1,0,1.0,0.0,0.0
43,24891.947450884483,1,0,0.0,0.3032197838442505,0.0
45,131759.2378145624,1,1,0.03344156061945591,0.9665584393805441,0.9665584393805441
40,99164.5140830125,1,1,1.0,0.0,1.0
35,175323.67291861956,2,0,0.0,0.665121709863015,0.0
50,116332.50105782929,1,0,0.4291460637212384,0.5708539362787616,0.0
44,135538.88632886673,1,0,0.9095953911109443,0.09040460888905566,0.09040460888905566
57,132602.29513405464,1,0,1.0,0.0,0.9938161773591033
51,128680.51251670287,1,0,0.18931642966240814,0.0,0.8106835703375919
44,150840.9804343133,1,1,1.0,0.0,0.05163044721108101
35,188087.39445198377,1,0,0.0,0.9086742656664429,0.9086742656664429
32,157108.22129999584,2,0,0.838552313967079,0.0,0.0
65,125921.01396422552,1,0,0.03925369722864458,0.9607463027713554,1.0
55,140276.0227784071,1,1,0.5375401436403463,0.0,0.4624598563596537
48,152821.00113881592,1,0,0.9858033655282763,0.0,0.014196634471723701
44,126337.74632675745,1,0,1.0,0.0,1.0
52,107082.06258169684,1,1,1.0,0.0,1.0
53,147975.58729461743,1,0,0.6929089110247677,0.0,0.0
59,0.0,1,0,0.0,0.2668396218632004,0.0
58,55334.855987269206,1,0,0.0,0.0,0.004578487074543891
44,122052.60732024287,1,0,0.287511199383759,0.0,0.0
54,81388.08285781024,1,0,0.5382201018684752,0.0,0.0
42,149003.43551956856,1,1,1.0,0.0,1.0
50,0.0,1,0,0.0,0.0,0.0
52,137600.1557286364,1,0,0.8308381061575798,0.0,0.1691618938424202
36,178105.28713744506,1,0,0.0,0.0,1.0
39,97811.88829301976,1,0,0.14668281333341393,0.0,0.0
44,120684.38646673749,2,0,1.0,0.0,0.5016669717057628
28,0.0,2,0,0.0,0.0,0.0
57,0.0,3,1,0.0,0.0,0.7727389464403377
36,132409.2503793029,1,0,0.4562129296082531,0.0,1.0
48,106421.47842852144,2,1,0.3050298668785242,0.0,0.6949701331214758
39,136659.49406405722,2,0,0.0,0.0,0.5151670283865888
40,122402.48554634763,1,0,1.0,0.0,0.9902851705849413
44,98140.01124686512,1,0,1.0,0.0,0.0
47,81560.28106995957,1,0,0.37097371259216905,0.0,0.0
68,0.0,3,1,0.0,0.22784797238416188,0.22784797238416188
54,0.0,1,0,0.0,0.0,1.0
48,114995.28191184984,1,0,0.38451581370626653,0.0,0.6154841862937335
44,87423.48648942598,2,0,1.0,0.0,0.0
38,127731.31933716912,3,0,0.0,0.43180709510777726,0.5681929048922227
45,149005.5056479713,1,0,1.0,0.0,1.0
54,65648.94270672159,1,0,0.0,0.5158269678365925,0.0
42,125514.55617979726,1,0,1.0,0.0,0.20598554973403727
54,0.0,1,0,0.0,0.0,0.5764889031398659
52,98689.90746087811,1,0,1.0,0.0,1.0
40,118985.38644249825,1,0,0.8099787436834724,0.19002125631652755,0.19002125631652755
28,133785.39895057306,1,0,0.7617103294469084,0.0,1.0
64,0.0,1,0,0.0,0.2243829797997955,0.0
51,95854.47202805006,1,0,1.0,0.0,0.0
54,0.0,1,0,0.0,0.0,1.0
33,0.0,1,0,0.0,0.0,0.009087034951216322
40,0.0,1,1,0.0,0.0,0.0
44,104532.29083413786,1,0,1.0,0.0,0.511093821472398
51,200277.64034280315,1,0,0.0,0.0,1.0
42,177643.88493383565,2,0,0.0,1.0,1.0
51,0.0,1,1,0.0,1.0,0.4288008160370863
45,120405.10361905009,1,0,1.0,0.0,0.0
46,140107.25481312303,2,1,1.0,0.0,0.8605497637948398
44,0.0,2,0,0.0,0.0,0.0
34,124486.34316809392,1,0,1.0,0.0,0.0
44,0.0,2,0,0.0,0.0,0.0
57,0.0,1,0,0.0,0.0,1.0
31,95767.6189334486,1,0,0.6279564321877926,0.3720435678122074,0.0
50,128672.01244512,1,0,0.09244951703706661,0.0,0.9075504829629334
46,104637.62608286506,1,0,1.0,0.0,1.0
45,130765.29352838833,1,0,0.3944793908388575,0.0,0.0
28,121909.24853327541,1,0,1.0,0.0,0.8670601823789473
39,121449.67755474144,1,0,0.24399530235247224,0.7560046976475278,1.0
63,70694.11021093257,1,0,0.03326577246489193,0.0,0.9667342275351081
47,126063.3698557913,1,0,1.0,0.0,0.9581381198044961
56,120022.91087634322,1,0,1.0,0.0,1.0
35,132377.46342782653,1,0,0.3480519554773205,0.0,0.6519480445226795
47,69396.85639154557,1,0,0.895555740873885,0.10444425912611499,0.0
39,135129.8414775732,1,0,1.0,0.0,0.0
42,105372.40086182888,1,0,0.44343910283604404,0.556560897163956,1.0
54,110554.58268739084,1,1,1.0,0.0,0.6790029543591022
45,117372.02540516158,2,0,0.47390598674845796,0.526094013251542,0.47390598674845796
47,91227.7951668186,1,0,0.6877692063657348,0.0,0.3122307936342652
48,140464.09137759532,1,0,0.0,0.0,0.7265254846250202
38,140286.2079997472,2,0,0.2635268253809272,0.0,0.7364731746190728
54,76297.98933746293,1,0,0.948342642885359,0.0,0.0
35,137849.39995173254,1,1,0.9507055072355836,0.0,0.04929449276441644
35,130909.60131706233,3,0,0.3862877051455452,0.6137122948544548,0.0
28,121983.37967945795,2,0,1.0,0.0,0.3534731920607206
42,0.0,3,0,0.0,0.3156332153671523,0.0
50,0.0,3,0,0.0,0.50898023733109,0.49101976266891
43,104081.16142456689,1,0,0.32073358231157123,0.0,0.32073358231157123
36,0.0,1,0,0.0,0.0,0.0
38,104574.3957508541,1,0,1.0,0.0,0.6905304509113991
39,165276.29915315803,1,0,0.0,0.974904272810235,0.02509572718976505
49,0.0,1,0,0.0,1.0,1.0
45,158621.97389683142,1,0,0.0,0.0,0.44471277685833577
56,119748.9166085765,1,1,1.0,0.0,1.0
59,162029.95521817228,1,1,0.016659231585773426,0.0,0.016659231585773426
44,0.0,3,0,0.0,1.0,0.0
40,108965.20875650311,2,0,1.0,0.0,1.0
41,62305.4386150032,3,0,0.7159846935417241,0.0,0.7159846935417241
41,116750.19716797498,1,0,1.0,0.0,0.3926755832069341
57,0.0,3,0,0.0,0.0,0.0
50,0.0,3,1,0.0,0.0,0.6768722758275765
35,211308.76639870118,1,0,0.0,0.0,0.0
42,142835.16580574194,1,0,1.0,0.0,0.5961426495498969
54,169870.07062852997,1,0,0.7395811772217427,0.0,0.7395811772217427
30,176011.62381563714,1,0,0.0,0.21096989061995042,0.0
48,145770.56117402983,1,0,0.841622007542774,0.15837799245722595,0.15837799245722595
42,118200.28719726783,2,0,1.0,0.0,1.0
42,126550.2470573046,1,0,0.8438128636583061,0.0,0.8438128636583061
47,156788.51629112446,1,0,0.0,0.0,0.5396709493572349
50,126560.97930152166,1,1,0.2175879399316445,0.0,0.2175879399316445
29,122915.74806862336,1,0,0.0,1.0,0.0
38,133103.03906672267,1,0,0.04669283241762745,0.0,0.04669283241762745
49,0.0,3,0,0.0,0.0,0.0
41,0.0,3,1,0.0,0.8009065800640743,0.0
52,116548.51929235616,1,0,0.34782234743304596,0.0,0.652177652566954
53,137239.85327619605,2,0,0.6202348489611205,0.37976515103887953,0.37976515103887953
43,73409.50899146289,1,0,0.0,0.0,0.0
59,70664.97739159144,1,0,0.0,0.12564349241231398,0.874356507587686
41,0.0,3,1,0.0,0.0,0.2897279837382146
53,97089.43099497583,2,0,1.0,0.0,0.0
39,0.0,1,0,0.0,1.0,0.0
32,132153.96248935707,2,0,0.41114433647998705,0.0,0.588855663520013
35,103801.92511689471,1,0,0.7040314525916569,0.0,0.7040314525916569
49,196206.21649188537,3,1,0.0,0.0,0.21745293221723594
60,121443.5113862192,1,0,1.0,0.0,0.6333211202970186
43,115433.33473855791,1,0,1.0,0.0,0.0
24,173926.68578012698,1,0,0.0,0.9764565294354102,0.0
37,123811.67243684923,1,0,0.0,0.04533364312093113,0.04533364312093113
32,126750.27163911234,1,0,0.8001375827520759,0.19986241724792408,0.8001375827520759
35,150468.8764977149,1,0,0.0,0.0,0.7583410791808148
45,0.0,1,0,0.0,0.0,0.0
57,156754.21432988395,1,0,0.0,0.0,0.6830958622793752
43,0.0,1,0,0.0,1.0,0.7332054505661691
46,151946.0555376516,2,0,0.5059258001463939,0.0,0.4940741998536061
43,143382.03241682335,1,0,1.0,0.0,1.0
28,135101.56690476005,1,0,1.0,0.0,0.858322938878858
46,118033.93720562097,2,0,0.1551359145894915,0.0,1.0
49,148920.90455494047,1,0,1.0,0.0,1.0
57,0.0,1,0,0.0,0.0,0.3127656565393171
47,117801.0129710662,1,0,1.0,0.0,0.68716580247578
33,115132.35231914849,1,0,1.0,0.0,1.0
58,128961.34346405636,1,0,0.7015652656029423,0.0,0.2984347343970577
40,92053.41709285695,1,0,0.0,0.0,0.009827552569787845
52,120943.09496721612,3,0,1.0,0.0,1.0
44,62191.652906540985,3,0,0.32937926930207573,0.0,0.32937926930207573
54,0.0,1,0,0.0,0.0,1.0
57,0.0,3,0,0.0,1.0,0.0
38,126515.90853269852,1,0,0.6959053640287162,0.30409463597128383,1.0
58,169839.56491871882,1,0,0.8116270144448535,0.0,0.8116270144448535
40,82897.08703408703,2,0,0.7060832394950662,0.29391676050493376,0.0
30,133839.91315243053,1,0,0.0,0.4463263599865612,0.4463263599865612
43,102270.1894379659,1,0,0.7270185270141339,0.0,0.27298147298586606
52,0.0,1,1,0.0,0.3070797707752114,0.0
46,99352.52581415499,1,0,1.0,0.0,1.0
40,143945.28491144587,1,0,1.0,0.0,0.0
46,156681.08880229061,1,0,1.0,0.0,0.33768208646041764
42,0.0,1,0,0.0,0.0,0.3903180917242226
42,80175.54725847012,1,0,0.0,0.08490154550997009,1.0
38,147673.77621768392,3,0,0.0,0.15636214164487505,0.843637858355125
33,86263.83935907573,1,0,0.751798163586933,0.0,0.0
45,117310.24314928812,2,0,1.0,0.0,0.0
50,0.0,1,0,0.0,0.0,0.0
28,121958.539935508,1,0,1.0,0.0,0.5255650858528259
46,162645.53788541275,1,0,0.3337765970697978,0.0,0.6662234029302022
52,0.0,1,0,0.0,0.0,0.5793134027884609
49,113948.72056561563,1,0,1.0,0.0,1.0
55,125396.65777416513,1,0,1.0,0.0,0.0
51,0.0,1,1,0.0,1.0,0.36827758167341595
43,179098.6320349098,1,0,0.0,1.0,0.48125215288529055
59,117737.89976564034,1,0,0.051165506445475906,0.0,0.0
42,0.0,1,1,0.0,0.0,0.0
42,179640.54059226168,1,0,0.0,1.0,0.0
44,96460.10516447754,1,0,0.31023528374470477,0.0,0.0
33,0.0,1,0,0.0,0.0,0.0
43,87571.9475652769,2,1,0.5041328419184383,0.4958671580815617,0.0
35,143969.57401699,1,0,1.0,0.0,0.6771902065521497
45,119534.5798708311,2,1,1.0,0.0,0.2581076431734147
37,149009.33983539068,1,0,1.0,0.0,0.5360145825596192
35,0.0,1,0,0.0,1.0,0.0
30,0.0,1,0,0.0,0.07225426692459269,0.0
47,102970.00619187317,1,0,1.0,0.0,0.13229790208076098
58,119795.23781145856,1,0,1.0,0.0,0.7076205857405353
36,129477.67275829456,2,1,0.10621382758845621,0.8937861724115438,0.10621382758845621
54,0.0,1,0,0.0,0.0,1.0
47,98156.7098158763,1,0,1.0,0.0,0.0
56,94840.54492400565,1,0,1.0,0.0,0.0
26,147440.29536353477,3,0,0.11396588711924116,0.8860341128807588,0.11396588711924116
41,177348.53392133446,3,0,0.0,0.6439079570677647,0.6439079570677647
55,106945.08556127615,1,0,1.0,0.0,1.0
59,106770.03407843076,2,0,0.0,0.0,0.4226465987803323
37,157194.51464986792,2,0,0.646407375228089,0.353592624771911,0.0
40,0.0,1,0,0.0,0.0,1.0
49,0.0,1,1,0.0,0.0,0.4712926801159474
47,114174.30346554659,1,0,1.0,0.0,1.0
39,0.0,2,0,0.0,0.3610369780267154,0.0
67,0.0,3,0,0.0,0.0,0.08144721289115919
48,0.0,1,0,0.0,0.0,0.0
46,125672.77416868144,1,0,0.2926550976674078,0.0,0.7073449023325922
45,95904.19622779627,1,0,0.5454279502117131,0.4545720497882869,0.0
45,104357.65620480108,2,1,1.0,0.0,0.8665836644767929
36,80811.81778476351,1,0,1.0,0.0,0.3083565980266818
45,116554.66244567576,1,0,1.0,0.0,0.7950115369284704
46,134481.59786427263,1,0,0.8366455502568435,0.1633544497431565,0.8366455502568435
45,0.0,1,0,0.0,0.0,0.0
55,125307.76256073818,1,0,1.0,0.0,0.0
48,105250.20574515934,1,0,0.12287243810149828,0.0,0.12287243810149828
45,132705.04355398464,3,0,1.0,0.0,0.5281892617563562
44,75185.4733542898,3,0,0.0,0.4672609960075026,0.0
47,124438.02829201701,1,0,1.0,0.0,0.0
39,0.0,1,0,0.0,0.0,1.0
42,140145.61779558513,1,0,1.0,0.0,0.8679995918950899
39,0.0,1,0,0.0,0.17181413067654705,0.0
45,105922.47773922568,1,0,0.6260547089808013,0.0,0.3739452910191987
29,165929.28700145797,2,0,0.0,0.9247212833483264,0.07527871665167363
36,98606.14397317705,1,1,1.0,0.0,0.11239702717601296
28,100020.36780012678,1,0,0.9506910128901753,0.0,0.049308987109824676
40,110082.0979386176,1,0,0.7425207835075307,0.0,0.7425207835075307
64,0.0,1,0,0.0,0.13566146716037775,0.8643385328396223
47,102941.75894621095,1,0,0.7399519597475661,0.0,0.0
47,128956.20586718695,1,0,0.0,0.0,0.6149419442810383
35,130937.53837205977,3,0,0.0,1.0,0.05701721592886433
33,136344.71277199243,1,0,0.0,0.0,0.6103760597816921
48,93601.46021862431,1,1,0.16502621431703768,0.0,0.8349737856829623
33,0.0,1,0,0.0,0.0,0.0
47,120663.03304677199,3,0,1.0,0.0,0.11250313052663174
59,0.0,1,0,0.0,0.0,0.26407959362605116
47,98688.84787523073,1,0,1.0,0.0,0.7249011184408756
53,121560.11848972937,2,0,1.0,0.0,0.0
52,98689.97539253674,1,0,1.0,0.0,1.0
34,111905.46421773,1,0,1.0,0.0,0.0
43,94854.73479647077,1,0,0.7364485205032222,0.2635514794967778,0.0
51,148615.49108083211,1,0,0.27913047077426967,0.0,0.7208695292257303
49,0.0,1,1,0.0,0.0,0.0
52,45506.73657434227,1,0,0.0,0.0,0.0
51,97729.36440328041,2,0,1.0,0.0,1.0
39,110727.09032099435,1,1,1.0,0.0,0.0
68,114897.23686047508,2,1,1.0,0.0,0.0
49,121401.56195106458,1,1,0.9744393106384753,0.02556068936152467,1.0
53,108756.26772428062,1,0,1.0,0.0,0.024398080843347603
37,0.0,2,0,0.0,1.0,1.0
32,0.0,1,0,0.0,0.0,0.0
68,0.0,1,0,0.0,0.0,0.6463099336573813
49,95647.55204935532,1,0,0.6473421343730912,0.3526578656269088,0.0
54,157015.55787238755,1,0,0.0,0.1283499266146948,0.0
44,80373.80257202267,1,0,0.0,0.6501871664456533,0.6501871664456533
20,117354.0080302397,1,0,1.0,0.0,0.017517419398752176
38,144235.9222355184,2,0,0.0,0.0,0.911818569539447
57,113330.73061571139,1,0,0.5608693391951495,0.0,0.4391306608048505
50,121401.52199176884,1,1,1.0,0.0,1.0
48,121391.3465461333,1,0,0.6377065099997952,0.0,0.6377065099997952
45,0.0,1,0,0.0,0.0,1.0
40,100348.89110290435,2,0,0.701499101465166,0.0,1.0
47,110380.16929398816,1,0,1.0,0.0,0.0
44,125192.84492817693,1,1,0.055101535158831094,0.9448984648411689,0.0
45,0.0,1,0,0.0,1.0,0.0
57,0.0,1,0,0.0,0.0,0.5309750602821165
46,121071.78463364375,2,0,1.0,0.0,1.0
39,140296.54934837713,1,0,0.6410861035821595,0.0,0.35891389641784055
52,117728.9524182462,1,0,0.0,0.0,0.0
49,0.0,1,0,0.0,0.4746817355492786,0.0
42,0.0,1,0,0.0,0.0,0.0
27,0.0,2,0,0.0,1.0,0.027431764350263177
61,124699.8131707541,1,0,0.360059901930726,0.0,0.360059901930726
46,0.0,2,0,0.0,1.0,0.0
43,148590.3083262088,1,0,0.3552839742369226,0.0,0.6447160257630774
47,113675.80844523977,1,0,1.0,0.0,0.31748826988379986
53,110200.70693483748,1,0,0.0,0.0,0.0
35,74752.07183167263,2,0,0.0,0.28467768947086436,1.0
38,117265.02992068046,2,0,1.0,0.0,0.7318567703880792
44,136860.03255532522,1,0,0.315668481164066,0.0,0.315668481164066
41,118988.60875125296,1,0,0.874748768903792,0.12525123109620795,0.12525123109620795
43,90356.81526298024,1,0,1.0,0.0,0.6555099718461126
49,88829.62388347108,1,0,0.9602028726643475,0.0,0.0
43,132557.94349478857,1,1,1.0,0.0,0.0
49,0.0,1,0,0.0,0.13030411514836615,0.0
44,96404.84684790901,1,0,0.0,0.10916785171036647,0.0
45,125148.34719701277,1,0,0.4490377603699617,0.0,0.0
49,105743.51372807834,1,1,0.5406963117869262,0.0,0.45930368821307377
52,109938.07926640095,1,1,0.0,0.0,0.9230308169919826
46,0.0,1,0,0.0,0.0,1.0
53,113404.64873610745,1,0,1.0,0.0,0.1787405796271545
63,0.0,2,0,0.0,0.24465505460471304,1.0
49,0.0,1,1,0.0,0.0,0.0
66,96961.86528118912,2,0,1.0,0.0,0.16116066323472966
36,0.0,1,0,0.0,0.0,0.0
36,0.0,1,0,0.0,0.0,1.0
50,104589.02981928724,1,0,0.5505706345413642,0.0,0.5505706345413642
42,145849.69681588892,1,0,0.0,1.0,1.0
38,160875.1259951923,1,0,0.10187876413955654,0.0,0.8981212358604435
41,107956.43859497555,1,0,0.9111205013919575,0.0,0.9111205013919575
36,145084.81529333972,2,0,1.0,0.0,0.8205075042321092
38,70096.06035597,1,0,0.0,1.0,1.0
47,93869.29028497192,2,0,0.0,0.0,1.0
47,130019.85685174626,1,0,0.8437287927102575,0.0,1.0
43,87462.194544574,2,0,1.0,0.0,0.0
51,120611.16089303454,1,0,0.34239512329585964,0.0,0.0
49,130865.54713111762,1,0,1.0,0.0,0.5464763610253764
40,157626.41395063247,1,0,0.0,0.9086467572764442,0.9086467572764442
56,115827.89547883852,1,0,1.0,0.0,0.0
38,103585.28836725102,1,0,1.0,0.0,1.0
37,105590.86289195123,1,0,0.8134099031268325,0.18659009687316752,0.18659009687316752
52,123102.755192716,2,1,0.1882321997690456,0.8117678002309544,0.0
44,89125.75523514597,1,0,0.0,1.0,0.8157513484273258
49,0.0,1,1,0.0,0.0,0.942997612448066
47,0.0,1,0,0.0,0.5877984493716848,0.0
46,134022.29622406315,1,0,0.8403481775885081,0.1596518224114919,0.8403481775885081
27,126283.31717127327,1,0,1.0,0.0,0.9825017860126114
58,0.0,1,1,0.0,0.0,0.04900464497127355
51,116193.62503786806,2,1,1.0,0.0,0.5727702766869458
64,0.0,1,0,0.0,1.0,0.0
46,0.0,3,0,0.0,0.6732611094313664,0.0
53,153591.73691619033,2,0,0.6503856011922778,0.0,0.34961439880772216
48,96285.79052953034,2,0,0.0,0.5963464974967759,0.5963464974967759
46,169638.3815174261,1,0,0.274212889124147,0.0,0.725787110875853
30,176157.61963868295,1,0,0.0,0.02660836607768413,0.0
42,0.0,1,0,0.0,0.0,1.0
54,117348.04513004077,2,0,0.3743500870585469,0.6256499129414531,0.3743500870585469
52,115964.33656599569,2,0,0.0,0.4192440009443409,0.4192440009443409
58,0.0,2,1,0.0,0.2583158710081769,0.7416841289918231
41,83168.73729790404,2,0,1.0,0.0,0.0
43,128774.25289411478,1,0,0.0,0.0,0.20588198817832115
61,0.0,1,0,0.0,0.35248104694335114,1.0
40,139569.60040964535,1,0,0.126110141678625,0.0,1.0
36,115092.13730933257,1,0,0.870142986582119,0.0,1.0
63,96928.41402622685,2,0,1.0,0.0,0.32380425364346077
42,137789.65667725366,1,1,0.14139989301750178,0.0,0.8586001069824982
44,148595.74975335048,1,0,0.0,0.0,1.0
37,0.0,1,1,0.0,0.3716528824505556,1.0
45,0.0,1,0,0.0,1.0,0.0
47,0.0,1,0,0.0,1.0,1.0
30,159121.0407366774,1,0,0.18714902846324222,0.8128509715367578,1.0
44,104643.16203111029,1,0,0.4212435236400007,0.0,0.4212435236400007
47,101037.20368326189,1,0,0.6182850210137198,0.0,0.6182850210137198
38,133053.04056971314,1,0,0.7814620887547092,0.0,0.7814620887547092
46,167905.15568861147,1,0,0.2967227722675484,0.0,1.0
44,158691.39451776491,1,0,0.0,0.16554174714390335,1.0
46,117830.8861392654,1,0,1.0,0.0,0.9437860945401215
42,131597.2407978485,1,1,1.0,0.0,0.2524793632534952
49,132520.6881699768,1,1,1.0,0.0,0.0
61,0.0,1,0,0.0,0.28613504245831434,1.0
46,121975.22246994378,1,0,0.35955272600674715,0.0,0.0
46,129209.2757895083,1,0,0.0,0.0,0.0
53,136570.48184743038,1,0,0.0,0.0,1.0
52,125102.51074010509,1,0,0.03342357243550376,0.0,0.0
44,115469.05180245478,2,0,1.0,0.0,0.42020715616704496
45,63631.31195308338,1,1,0.0,1.0,0.0
39,0.0,2,0,0.0,0.28777979482284133,0.0
45,116968.66146778147,1,0,0.0,0.0,0.8241097165813379
42,161384.51577671582,1,0,0.7646167381016424,0.0,1.0
41,0.0,1,0,0.0,0.5056291889542419,1.0
47,198755.9075072847,1,0,0.0,0.0,1.0
40,119979.70444964632,1,0,0.7882856278520292,0.0,0.7882856278520292
43,85297.84706225122,1,0,0.0,0.8557599788818965,1.0
52,0.0,1,0,0.0,1.0,0.0
53,44747.48418303415,1,0,0.0,0.0,0.0
30,135380.09269304524,1,0,0.0,1.0,0.9117851123817714
52,0.0,1,0,0.0,0.0,0.0
42,99701.15642730478,1,1,0.0,0.0,0.6459278930230393
32,132971.0161037785,1,1,0.767120853848185,0.0,0.0
48,157245.58076447705,1,0,0.0,0.8432395713483607,0.0
40,0.0,1,0,0.0,0.0,0.3165705848427295
45,101361.64544995535,1,0,1.0,0.0,0.5936846199087332
35,181661.24449550567,1,1,0.0,0.0,0.7548274583623312
50,139822.38563245864,1,0,0.0,0.0,0.6905374235538176
55,140360.97201274688,1,0,0.44797165638218994,0.0,0.5520283436178101
42,139678.36758583048,1,0,0.4054716763304185,0.0,0.0
43,132559.3021401102,1,0,0.0159105360334858,0.0,0.0159105360334858
45,161554.40671489947,1,1,0.7077510432606121,0.2922489567393879,1.0
40,0.0,1,0,0.0,0.0,0.0
45,78570.37271399226,2,0,0.0,0.3545482088286074,0.6454517911713926
35,0.0,1,1,0.0,0.0,1.0
57,81203.14997944687,1,0,0.7476772557362548,0.0,0.25232274426374524
45,68456.1003388901,1,0,0.08471005962072609,0.0,0.9152899403792739
44,166066.63121603927,1,0,0.2656855648662635,0.0,1.0
47,157262.4976697868,1,0,0.0,0.8958157315601947,0.0
36,73261.71930612318,2,0,0.0,0.8965249363534153,1.0
54,116341.05185255398,1,0,0.6565627023996523,0.3434372976003477,0.6565627023996523
37,67193.92875009989,1,0,0.9069855184382437,0.0,1.0
54,0.0,1,0,0.0,0.0,1.0
43,121146.01470224692,2,0,1.0,0.0,1.0
49,0.0,1,0,0.0,0.0,0.0
36,119978.9547346684,1,0,0.9457151084410245,0.0,1.0
39,140214.783838068,3,1,0.323179956369953,0.0,1.0
37,144943.99336016865,1,0,0.6984131301264485,0.0,1.0
36,0.0,1,1,0.0,0.0,1.0
37,70044.25046169442,1,0,0.0,1.0,1.0
43,29037.036078025907,1,0,0.0,0.906982590737325,0.09301740926267499
49,116173.43293115012,2,0,1.0,0.0,1.0
47,0.0,1,1,0.0,0.8953395596535189,1.0
48,131147.01721335945,1,0,0.0,0.5770564562584423,0.5770564562584423
46,121083.39381263571,2,0,0.7955783762575864,0.0,1.0
46,0.0,3,0,0.0,0.0,0.0
53,155228.94298253418,1,0,1.0,0.0,0.8696795668276641
42,63566.69645726049,1,0,0.0,1.0,0.6434289495173308
35,112193.95833140069,1,0,0.19718298196806627,0.0,0.8028170180319337
46,93877.15749553312,2,0,0.0976100381089916,0.0,1.0
47,139892.31904086642,3,0,0.0,0.0,0.16684857820557764
42,0.0,1,0,0.0,0.0,1.0
40,0.0,1,1,0.0,0.0,0.0
40,0.0,1,0,0.0,0.0,0.6459354376449059
42,0.0,1,1,0.0,0.0,0.0
43,123873.52140250057,2,1,0.4627243263319619,0.0,0.4627243263319619
41,100349.78370947127,2,0,0.6771242634825639,0.0,1.0
39,118050.64869811645,1,0,1.0,0.0,1.0
34,165944.13643079912,2,0,0.0,0.6287340150599929,0.37126598494000707
43,108708.83481361737,1,0,0.7338986314626914,0.2661013685373086,0.2661013685373086
47,124444.35567521164,1,0,1.0,0.0,0.0
38,159311.93444472956,1,0,0.0,0.5444332180098912,0.0
41,33132.002704539555,1,0,0.0,0.0,0.0
38,102047.5053482091,2,0,0.4305027414814241,0.0,0.5694972585185759
59,125407.07546328544,1,0,1.0,0.0,0.0
39,104615.51728502588,1,0,0.0,0.0,0.0
50,107454.41898282315,1,0,1.0,0.0,0.16361620413827627
53,0.0,1,0,0.0,1.0,0.0
27,122547.23405594929,1,0,0.6742935737000246,0.0,1.0
40,123494.2481944599,1,0,0.020044552641721558,0.0,0.0
42,115768.54415557306,1,0,1.0,0.0,0.9856007339528003
52,170409.35814453638,1,0,0.0,0.6866786117241295,0.6866786117241295
31,132125.7237093365,2,0,0.24361479198219427,0.0,0.7563852080178057
35,105363.90299088224,1,0,0.798555838130599,0.0,0.798555838130599
72,0.0,2,0,0.0,0.0,0.0
40,113651.82783480136,3,0,1.0,0.0,0.2193006958283713
51,148221.90552586917,1,0,0.08980387585530358,0.0,0.9101961241446964
51,148543.10000408796,1,0,0.6171666052315647,0.0,1.0
37,111078.45278835147,1,0,0.36936470501691954,0.0,1.0
41,178126.0534230051,1,0,0.0,0.4301427320968263,1.0
42,131676.30679387052,2,1,0.5622349450118715,0.43776505498812845,1.0
35,102201.89618231423,1,0,1.0,0.0,0.68962911089188
51,108455.89988544257,2,0,1.0,0.0,0.0
59,120725.13721799139,3,0,0.0,0.0,0.0
42,118585.72356754966,1,0,1.0,0.0,0.0
50,110224.37784906235,1,0,0.17478128487493383,0.0,0.0
44,128712.86386657422,1,0,1.0,0.0,0.0
33,0.0,1,0,0.0,0.0,0.7374314414271221
56,89135.13536311215,1,0,0.0,0.0,1.0
53,123841.31484907116,1,0,0.0,0.0,0.0
38,122358.4542317417,1,0,1.0,0.0,0.26799726688437797
33,134250.3300679165,1,0,1.0,0.0,1.0
62,96925.86784576708,2,0,1.0,0.0,0.3668213251042277
37,80972.21102143677,1,0,0.7210546608978718,0.0,0.27894533910212815
37,103990.46788201759,1,0,0.25715235110909584,0.0,0.0
39,130912.8388589569,1,0,1.0,0.0,0.2806118444251797
41,0.0,3,1,0.0,0.9718784937220762,0.0
37,174041.01701685952,2,0,0.0,1.0,0.0
47,113927.35203154698,2,0,1.0,0.0,0.3732466514576688
31,79058.66575640673,1,0,0.8539034344586798,0.14609656554132022,0.14609656554132022
56,0.0,1,0,0.0,0.17699642555306527,0.0
56,0.0,1,0,0.0,0.0,1.0
30,115065.78108626207,2,0,1.0,0.0,0.34771888718155375
49,143574.18790090078,1,0,0.5948028574246703,0.4051971425753297,0.0
49,123359.27868201217,1,0,1.0,0.0,0.0
46,0.0,1,0,0.0,0.0,0.0
42,123332.15219554833,1,0,1.0,0.0,0.0
58,0.0,2,0,0.0,1.0,0.09043557261969881
36,141503.30828996853,1,0,0.7303699912328172,0.2696300087671828,0.0
47,0.0,1,0,0.0,0.0,1.0
32,123906.18045928674,2,1,0.9993503004722002,0.0,0.9993503004722002
23,0.0,1,0,0.0,0.0,0.7885687420010888
40,203179.7490598915,1,0,0.0,0.7348292588166444,0.2651707411833556
53,116591.62332286454,1,0,0.3371402123653343,0.0,0.6628597876346657
26,113677.01870038928,1,0,0.9654486346006212,0.03455136539937875,0.03455136539937875
40,132663.86502194626,1,0,1.0,0.0,0.0
59,123732.98117595479,2,0,0.0,0.0,0.0
41,0.0,1,0,0.0,1.0,0.0
49,138225.10718096123,1,0,1.0,0.0,0.13574585309990106
47,114601.75087030337,2,0,1.0,0.0,0.022561815795987705
51,96188.68181621266,3,0,0.035646765964013505,0.9643532340359865,0.9643532340359865
45,91817.29426272448,1,0,0.0,0.16372895787917097,0.836271042120829
35,0.0,1,1,0.0,1.0,1.0
39,125740.89335848337,2,0,1.0,0.0,0.0
54,55569.26406554329,1,0,0.0,0.0,0.0
59,97427.67481789466,1,0,1.0,0.0,0.18404421058479337
45,0.0,1,0,0.0,0.0,0.0
40,150518.15178510617,1,0,0.08839696714675838,0.0,0.08839696714675838
44,134054.06039680104,1,0,0.6577744752210954,0.34222552477890456,0.6577744752210954
35,0.0,2,0,0.0,1.0,0.018616665758719897
47,140602.1329816503,1,0,0.3703164047407971,0.0,0.6296835952592029
31,133738.64832014684,1,0,0.41616094640615775,0.5838390535938422,0.41616094640615775
30,122016.6669790828,2,0,1.0,0.0,0.0
50,88826.58200475771,1,0,0.0,0.9861767972836948,0.9861767972836948
40,111551.96997046913,1,0,1.0,0.0,0.17915099073687124
41,0.0,1,1,0.0,0.0,0.0
32,141549.0156410894,1,0,1.0,0.0,0.0
45,135065.4927599252,1,1,1.0,0.0,0.0
27,0.0,2,0,0.0,0.8796218504944662,0.8796218504944662
43,146527.22927596877,1,0,1.0,0.0,0.0
46,106348.62082090527,1,0,1.0,0.0,1.0
40,0.0,1,0,0.0,0.0,0.0
38,136505.9712304079,2,1,0.0,0.0,1.0
40,159585.88658899735,2,0,0.4458866198598078,0.0,0.4458866198598078
36,131358.44360287837,1,0,0.7085835457678252,0.0,0.7085835457678252
55,132608.47849724547,1,0,1.0,0.0,1.0
43,0.0,1,0,0.0,1.0,1.0
43,88822.27361922017,1,0,1.0,0.0,0.36121605897581177
47,104505.13736235948,2,0,1.0,0.0,0.0
61,70629.71391418112,1,0,0.0,0.07069660818436618,1.0
33,166169.37972473056,2,0,0.3615401877629566,0.6384598122370434,0.3615401877629566
39,144284.0544797732,1,0,0.5347994662811925,0.0,0.46520053371880754
34,130928.73898901732,3,1,0.0037755069553613296,0.9962244930446387,0.0037755069553613296
34,0.0,1,0,0.0,0.47453356262244073,1.0
43,118649.640410157,1,0,0.18394324288567643,0.0,0.0
38,111617.10973635539,2,0,1.0,0.0,0.5679327149333823
32,131348.70522897557,1,0,1.0,0.0,1.0
44,139677.36344528335,1,0,0.5954148016201084,0.0,0.4045851983798916
39,120173.97432808566,1,0,0.11340455849760167,0.0,0.0
45,110651.54683554491,1,1,1.0,0.0,0.4109425523501099
51,165355.63533386827,2,0,0.0,0.0,0.39569558017852113
49,88859.10933182074,1,0,0.6300186806188274,0.0,0.0
55,115837.82056742618,1,0,0.5826170581995267,0.0,0.0
37,0.0,2,0,0.0,0.0,0.0
50,0.0,1,0,0.0,0.0,0.0
58,101616.54881918932,1,0,0.9833284494003669,0.0,0.0166715505996331
58,0.0,2,1,0.0,0.8735342642452146,1.0
54,124634.52646926393,1,0,0.23647491223869455,0.0,0.0
51,0.0,3,0,0.0,0.0,0.788493250718232
30,161489.7958096896,1,0,0.7360354004260655,0.2639645995739345,0.0
37,132241.77302363486,1,0,1.0,0.0,0.32001611308739175
39,126701.77995979431,1,0,1.0,0.0,0.4939553075881634
35,137859.19879979675,1,0,0.8374889347025437,0.0,0.0
46,136908.06783590664,1,0,0.9597457214619692,0.0,0.9597457214619692
66,140274.2892706719,1,1,0.8515814000172374,0.0,0.14841859998276263
40,0.0,1,0,0.0,0.0,0.13621037703499672
46,0.0,1,0,0.0,1.0,0.0
57,0.0,1,0,0.0,0.7623612137071728,1.0
44,92789.40227952173,1,0,0.14387615538978016,0.0,0.0
46,0.0,1,0,0.0,1.0,0.0
38,143904.80550224654,1,0,1.0,0.0,0.019972932578028124
60,0.0,1,0,0.0,0.41339826259543955,1.0
39,45971.07291418152,2,0,0.0,0.0,0.0
39,0.0,2,0,0.0,0.0,1.0
59,73932.33583454855,1,0,0.0,0.0,0.0
42,148588.29703126944,1,0,0.4226866196574257,0.0,0.5773133803425743
51,157596.91495613861,2,0,0.0,1.0,0.2819318387991392
48,120607.56625793902,2,0,1.0,0.0,0.0
30,114703.45896713148,1,0,0.26778079368777774,0.7322192063122223,0.7322192063122223
54,170136.30982971957,1,0,0.0,0.0,0.23301896439683478
52,110974.56757807411,1,0,0.8131420044817255,0.0,1.0
43,124418.38377401432,1,0,1.0,0.0,0.0
47,146475.0983451616,1,1,0.7892369005700938,0.21076309942990623,0.21076309942990623
47,113340.7921964295,1,0,0.23672047585383293,0.0,0.7632795241461671
42,125570.22772368656,1,0,1.0,0.0,0.628030464569537
39,134138.9128904271,2,0,0.17006040678755663,0.8299395932124434,0.17006040678755663
44,125494.24813675483,1,0,1.0,0.0,0.4156277820291552
48,114464.10119692104,2,0,1.0,0.0,1.0
33,0.0,1,0,0.0,0.0,0.0
43,157181.05435089552,1,0,0.0,0.6692682917508349,0.0
37,123790.22957784552,1,0,0.4480854872830765,0.0,0.0
35,0.0,1,1,0.0,1.0,1.0
38,100345.43987185584,2,0,0.7957435320636036,0.0,1.0
41,135542.81813563674,1,0,0.37319736993515606,0.6268026300648439,0.0
58,113378.65303995895,1,0,1.0,0.0,0.35874251054288864
32,0.0,1,0,0.0,0.0,0.0
45,135027.44031298885,1,1,1.0,0.0,0.0
36,0.0,2,1,0.0,1.0,1.0
35,112453.65509462926,1,0,0.5658517874106719,0.4341482125893281,1.0
32,0.0,1,0,0.0,0.0,1.0
38,151831.89624515182,1,0,0.19918190014024972,0.8008180998597503,1.0
38,143482.9294580031,1,0,1.0,0.0,0.5488699302021586
38,136589.56649318972,2,0,0.0,0.0,0.718699265972796
41,95089.2381915365,1,0,0.0,1.0,0.5862354987807616
43,139691.72823737084,1,0,0.5076329512987511,0.0,0.0
49,0.0,1,1,0.0,0.0,0.8076842272156495
43,128052.74972980905,1,0,1.0,0.0,0.4639362634548909
45,163982.3107875671,1,0,0.0,0.7541814129774254,0.0
28,113677.7050971121,1,0,1.0,0.0,0.08515785014834532
51,142786.75498306187,1,0,1.0,0.0,0.33540681349634693
38,114752.24837023765,1,0,0.9522640145333723,0.0,0.0
55,128072.23918794432,1,0,1.0,0.0,1.0
45,159291.74333975435,1,0,0.0,0.3684556213238397,0.3684556213238397
36,113674.36060067696,1,0,1.0,0.0,0.5429404444893278
47,0.0,1,1,0.0,0.0,1.0
47,104524.6150773961,1,0,1.0,0.0,0.0
53,125884.97326366021,2,0,1.0,0.0,0.09914611227762393
52,0.0,1,1,0.0,0.0,0.6229540441833817
30,122595.2195448127,1,0,0.4468741952004389,0.0,1.0
49,78272.81346939539,2,1,0.0,0.22201502842906318,0.7779849715709368
46,0.0,1,1,0.0,0.0,0.7795295190006302
33,0.0,1,0,0.0,0.16456605842933492,0.0
36,87607.107916978,2,0,0.0,1.0,0.5936677690362322
60,98849.79269863655,1,0,1.0,0.0,0.9265853832183811
27,150257.20192521298,1,0,0.0,0.0,0.28957818498758825
49,0.0,1,0,0.0,0.0,0.0
50,131925.16607447554,1,0,0.48272783024568944,0.0,0.0
57,0.0,2,1,0.0,0.0,0.0
59,96957.8211757234,1,0,0.015424103623886909,0.0,0.0
42,0.0,1,0,0.0,0.0,0.0
30,0.0,2,0,0.0,0.0,0.0
50,0.0,1,1,0.0,0.5858083942152443,1.0
61,43799.83680772931,2,0,0.0,0.0,0.890517633931006
45,110767.791635501,1,0,1.0,0.0,0.9658366688075836
41,109132.68342342497,2,1,1.0,0.0,0.0
47,96989.40330227088,1,0,1.0,0.0,1.0
52,111960.7547317369,1,0,1.0,0.0,0.0
46,0.0,1,1,0.0,0.0,0.0
57,0.0,1,0,0.0,0.0,0.22317863275971894
68,0.0,1,0,0.0,0.6734197289114326,0.0
46,116536.97217337094,1,0,0.6144994602551925,0.0,0.38550053974480747
47,0.0,1,0,0.0,0.0,0.0
37,118586.16337133944,1,0,0.07862671098975804,0.0,0.0
47,121048.05838459183,2,0,1.0,0.0,1.0
42,87496.35832216726,2,0,1.0,0.0,0.0
45,0.0,1,0,0.0,0.0,0.0
60,0.0,1,0,0.0,1.0,1.0
47,0.0,1,0,0.0,0.26738730075960127,0.0
44,159595.4876649496,2,0,0.0,0.3152748361189954,0.3152748361189954
32,115112.6100085469,1,0,1.0,0.0,0.7879187625226223
43,92016.63281589853,1,0,0.0,0.23899768021155132,0.0
37,147795.95378782885,2,0,0.2812845635530341,0.0,1.0
31,67139.00640909538,1,0,0.5888727217406208,0.4111272782593792,0.5888727217406208
42,0.0,1,0,0.0,1.0,0.0
48,113600.87330101001,2,0,1.0,0.0,0.9803485172531522
39,151998.90470146504,1,1,1.0,0.0,0.8793930568071955
36,73180.1062581359,1,0,0.034390168619115924,0.9656098313808841,1.0
30,159359.83840820825,1,0,0.0,0.658429612968432,0.0
47,77729.6354950411,2,0,0.0,1.0,0.6614931205745271
49,105229.82985217987,1,0,0.007091812774370987,0.0,1.0
41,92801.76175999016,1,0,0.31974931166962595,0.0,0.31974931166962595
29,113688.44061330482,1,0,0.8254398957486287,0.17456010425137125,0.17456010425137125
36,161842.6434750731,1,0,0.14660830036000316,0.8533916996399968,0.0
62,113153.72203215881,1,0,0.15966634936715074,0.0,0.8403336506328493
44,131308.44654784256,1,0,0.7900832499714378,0.0,0.7900832499714378
43,109078.93892720285,1,1,1.0,0.0,0.0
48,29328.48577695681,1,0,0.0,0.0,0.0
40,141982.9618585759,2,0,1.0,0.0,0.6225469904622817
50,88827.07898012464,1,0,0.30891772284376606,0.6910822771562339,0.6910822771562339
44,81562.34430804785,1,0,0.0,0.36872515547084594,0.0
32,135396.15186316153,1,0,0.0,1.0,0.7697314182968802
44,131310.23689564285,1,0,0.8109351926726106,0.0,0.8109351926726106
38,0.0,1,0,0.0,0.5996433731601694,1.0
51,124660.29241436835,1,0,0.0,0.0,0.0
44,131539.9006752451,2,0,1.0,0.0,0.5935372820479278
32,176326.82108628924,1,0,0.0,0.0,0.0
47,115764.76893931141,1,0,1.0,0.0,0.48387726456425906
36,117456.42580752146,1,0,1.0,0.0,1.0
47,88045.38168022683,1,1,0.09223875634982137,0.0,0.0
46,97050.58290289479,1,0,1.0,0.0,0.9125831921289161
64,135408.37591704514,2,1,1.0,0.0,0.06350666868977428
37,101237.866121368,1,0,0.8255348415204157,0.0,0.8255348415204157
42,99160.83563092921,1,1,1.0,0.0,1.0
45,90430.063567763,1,0,0.7990886603144776,0.20091133968552244,0.0
39,133680.74957977122,1,0,0.19488079124533508,0.8051192087546649,0.0
40,131421.49947807603,1,1,1.0,0.0,0.1498672653149632
50,0.0,4,0,0.0,1.0,0.0
56,119956.4742426503,1,0,0.047739921637676264,0.0,0.047739921637676264
35,0.0,1,0,0.0,1.0,0.9501398536008357
53,117000.70943021265,1,0,0.8500907467528603,0.0,0.8500907467528603
52,0.0,1,0,0.0,0.0,1.0
40,128275.36471377307,1,0,1.0,0.0,0.0
46,100236.62755768777,1,0,0.6451500833009034,0.0,1.0
49,142948.0191142352,1,0,0.9830308706845335,0.0,0.9830308706845335
54,0.0,1,0,0.0,0.0,0.9603667746221303
28,132405.43260733824,2,0,1.0,0.0,1.0
38,128224.98790256608,1,0,1.0,0.0,0.0
39,131609.4898091235,3,1,0.985985482473943,0.01401451752605698,1.0
32,181581.1080788859,1,0,0.0,0.0,0.4331415667059053
44,0.0,2,0,0.0,0.06773311607902777,0.0
48,145107.05114576884,1,0,1.0,0.0,0.3340528339195358
43,0.0,1,0,0.0,1.0,0.1773425315195727
42,145155.31727362226,1,0,0.013281203458580082,0.0,0.9867187965414199
44,0.0,3,0,0.0,1.0,0.0
45,0.0,1,0,0.0,0.0,0.0
48,113591.6987789577,1,0,0.501032055779207,0.0,1.0
35,111906.49153382442,1,0,1.0,0.0,0.0
44,171012.4044676593,1,0,0.6844353610693075,0.0,0.0
37,0.0,1,0,0.0,0.49677958514136555,1.0
40,89556.04304684154,1,0,0.0,0.0,0.23485115013873603
37,0.0,2,0,0.0,0.0,0.0
42,123504.51429555363,1,0,0.14938163622643208,0.0,0.14938163622643208
37,105534.48084195732,1,0,1.0,0.0,0.0
30,182071.7586243258,1,0,0.0,0.0,1.0
33,154541.80546936308,1,0,0.1276054366451851,0.0,1.0
43,0.0,2,0,0.0,0.0,0.0
42,74492.5322042311,2,0,0.8427961164430458,0.0,0.0
49,122231.39597431432,1,0,1.0,0.0,0.9623380574812068
45,65957.4740263489,1,0,0.0,0.0,0.48163453666467937
54,0.0,1,0,0.0,0.0,1.0
46,102793.98925171401,1,0,0.3731670955849328,0.0,0.3731670955849328
38,0.0,2,0,0.0,0.0,0.0
48,116077.85948406348,1,0,0.19630654812269754,0.8036934518773025,1.0
34,0.0,1,0,0.0,1.0,0.0
50,88833.65063523238,1,0,0.0,1.0,1.0
37,0.0,2,0,0.0,0.0,0.0
36,154328.07060442347,1,0,0.0,0.0,0.45495687972773713
43,182069.17158812936,1,0,0.0,0.7534756054464806,0.7534756054464806
54,157524.67470910796,2,0,0.0,1.0,0.0
46,127610.94122404951,1,1,1.0,0.0,0.5469155137931242
49,0.0,1,0,0.0,0.0,0.0
52,131702.40611123678,1,0,0.9105268771896128,0.0,0.9105268771896128
40,113920.88855433516,1,0,1.0,0.0,1.0
42,94796.59405670271,1,0,0.853284798567202,0.14671520143279804,0.14671520143279804
39,162995.46832787132,1,0,0.14384637800533973,0.0,1.0
49,100917.38925819268,1,0,0.900762335080319,0.0,0.900762335080319
46,116526.50250876929,1,0,0.09072088274783086,0.9092791172521691,1.0
44,121164.02628679652,1,0,0.7373045229980647,0.0,1.0
43,137282.19427321132,3,0,0.0,0.12523393744600653,0.12523393744600653
46,0.0,1,0,0.0,0.0,0.0
44,92009.98828189775,1,0,0.0,0.28000319737255375,0.0
34,102286.41953955736,1,0,1.0,0.0,0.0
23,0.0,1,0,0.0,0.0,0.6231378537478254
45,91152.6236474778,1,0,1.0,0.0,0.0
24,0.0,2,0,0.0,0.0,0.0
39,0.0,3,0,0.0,0.0,0.7663095511746364
53,170904.62375738344,1,0,0.0,0.36079817061004016,1.0
45,0.0,1,0,0.0,0.0,1.0
28,0.0,2,0,0.0,0.7136602831121538,0.0
36,108294.92820301634,1,0,0.12632196543925123,0.0,0.12632196543925123
45,0.0,1,0,0.0,0.0,0.0
39,137850.14337500726,1,0,0.8665956885955035,0.0,0.0
53,69825.69720224793,1,0,0.0,1.0,0.4064247455857021
40,0.0,2,1,0.0,0.872889509132976,0.0
55,97478.48725815819,1,0,0.427541855359712,0.0,0.572458144640288
29,132386.60282948613,3,0,1.0,0.0,1.0
51,123514.25053840668,1,1,1.0,0.0,1.0
49,117813.64957541629,1,0,0.7588681344179496,0.0,0.7588681344179496
44,128356.5087031109,2,1,1.0,0.0,0.0
43,212840.68879868716,1,1,0.0,1.0,0.0
37,95104.17079706487,1,0,0.0,1.0,0.8146250560259172
58,0.0,1,1,0.0,0.0,0.9361630415509965
40,104800.37147718151,1,0,0.0,0.51351786674177,1.0
29,182195.8378910259,1,0,0.0,0.0,0.950279223611407
59,0.0,1,1,0.0,0.4643110295439702,0.0
37,125952.96423317127,1,0,1.0,0.0,0.0
57,101487.23857604925,1,0,1.0,0.0,0.0
35,121493.12254572735,1,0,0.5070172895419109,0.49298271045808906,1.0
38,122032.8949221551,1,1,0.47190251056452304,0.0,0.0
52,116354.35519459743,1,0,0.4903124894098283,0.5096875105901717,0.4903124894098283
32,133695.845174386,1,0,0.15321499813025463,0.8467850018697454,0.8467850018697454
38,139259.4502708098,1,0,0.16805845831194788,0.0,0.8319415416880521
35,85473.21569925222,1,0,0.0,0.0,0.0
47,136749.67538549952,1,0,0.0,0.0,0.333299859870525
35,105435.15701414553,1,0,0.5080719759608707,0.4919280240391293,1.0
39,133683.2460799977,1,0,0.427227490262891,0.572772509737109,0.572772509737109
50,0.0,3,1,0.0,0.761662789372003,0.0
48,114480.00997581695,1,0,1.0,0.0,1.0
48,94074.08102424395,1,0,0.5135172342675771,0.4864827657324229,1.0
29,191950.80398652333,1,0,0.0,0.0,0.0
27,113672.40647552813,1,0,1.0,0.0,0.0
45,95895.5020716501,1,0,0.0,1.0,0.0
40,0.0,1,0,0.0,0.0,1.0
40,108276.50472344237,1,0,1.0,0.0,1.0
29,0.0,1,0,0.0,0.0,1.0
40,109237.46403166806,2,0,1.0,0.0,0.0
37,122633.27302155843,1,0,0.3070877433602487,0.0,1.0
38,112281.62180534618,1,0,1.0,0.0,0.9648407497288058
38,115178.86025437451,1,0,1.0,0.0,0.6768547827205827
28,107815.38711260133,1,0,0.45589137606053143,0.5441086239394686,0.0
49,0.0,1,0,0.0,0.0,0.0
38,188949.32220661498,1,0,0.0,0.6434410788231113,1.0
32,122989.55375182939,1,0,0.5526972437473994,0.44730275625260063,0.0
60,65217.23154012481,1,0,0.0,0.0,0.0
39,132621.2346789423,1,0,1.0,0.0,0.0
49,43539.60428317791,1,0,0.0,0.0,0.0
49,75207.22371295662,2,0,0.0,0.7565329559332399,0.0
48,118513.12309522576,1,1,1.0,0.0,0.0
52,0.0,1,0,0.0,0.24047985128305593,0.0
40,130673.21999014063,1,0,1.0,0.0,0.0
42,0.0,1,0,0.0,1.0,0.0
40,181469.104088321,2,1,0.9788501766505837,0.0,0.021149823349416286
38,0.0,1,0,0.0,0.0,0.0
46,117980.67796698838,2,0,0.22413493479721314,0.0,1.0
37,110672.84807874796,1,1,0.6612670442255686,0.0,0.3387329557744314
51,107929.71487897991,1,0,1.0,0.0,0.0
44,109057.1821220119,1,1,1.0,0.0,0.0
50,0.0,1,1,0.0,0.0,0.2580046088738277
33,94606.53150469442,1,0,0.05227910326875962,0.0,0.9477208967312404
31,0.0,1,0,0.0,0.0,0.0
62,0.0,1,0,0.0,1.0,1.0
47,0.0,1,1,0.0,0.12560196829166925,1.0
49,125493.40284665373,1,0,1.0,0.0,0.3525292413005173
47,142439.38341117775,2,0,0.7226835744744866,0.2773164255255134,0.7226835744744866
39,112937.04648073124,1,0,0.6807747022138115,0.31922529778618847,0.31922529778618847
43,145154.9964693348,1,0,0.09408832876535245,0.0,0.9059116712346476
47,0.0,1,0,0.0,0.0,0.0
34,136521.1207711114,2,1,0.1785197892725987,0.0,0.8214802107274013
35,160992.42531285866,1,0,0.0,0.0,1.0
32,102147.70743650863,1,0,1.0,0.0,0.9180615609618539
45,157373.62031393452,2,0,0.0,1.0,0.19598018470176193
37,0.0,2,1,0.0,0.056233617787985635,0.056233617787985635
63,0.0,2,0,0.0,0.9764896611478872,1.0
43,0.0,1,0,0.0,1.0,1.0
31,184962.7732417548,1,0,0.0,0.9232860210139356,0.0
32,0.0,1,0,0.0,0.0,1.0
45,126585.16085303541,1,0,1.0,0.0,0.26974246587376705
49,113338.90245630234,1,0,0.29760127891940136,0.0,0.7023987210805986
40,115076.90682025405,1,0,0.6589018065748572,0.0,1.0
51,107497.25112483437,2,0,1.0,0.0,0.010874680891266642
35,127525.12124060353,1,0,1.0,0.0,0.2650472874092833
35,103707.99528679393,1,0,1.0,0.0,0.6720595026617354
30,0.0,2,1,0.0,0.052023755029446894,0.0
49,127545.2815672052,2,0,1.0,0.0,0.8863539613032806
37,105490.22447034609,1,0,1.0,0.0,0.0
37,145874.47085058814,1,0,0.0,1.0,0.9994606810596731
39,132312.52901565304,2,0,0.8022736971474778,0.0,1.0
57,0.0,1,0,0.0,0.21327698526645922,1.0
51,120601.54729215449,1,0,0.4902739247118203,0.0,0.0
41,128758.14136384419,1,0,0.6999329170945601,0.0,0.30006708290543993
48,162730.54263733816,1,0,0.0,0.0,1.0
55,85951.53666096972,1,0,0.0,0.0,1.0
41,45085.98042793619,3,0,0.0,0.0,0.0
32,0.0,1,0,0.0,0.0,0.0
54,96036.88196643423,2,0,0.0,1.0,0.5396617889031524
59,0.0,1,1,0.0,1.0,0.0
42,132558.85676019656,1,0,0.01802900895891224,0.0,0.0
34,123893.83985291998,2,0,0.8976678204659368,0.0,0.8976678204659368
38,102169.92590541499,3,0,1.0,0.0,0.0
33,0.0,1,0,0.0,0.0,0.9331929170490183
44,0.0,2,0,0.0,0.3625975187907784,0.0
40,147831.08907483984,3,0,0.8018258998755151,0.0,1.0
42,0.0,1,1,0.0,0.0,0.5336254054954515
35,132251.6672281311,1,0,1.0,0.0,0.6383339168049572
38,0.0,1,1,0.0,1.0,1.0
54,118255.39564071929,1,0,0.12406697781379505,0.875933022186205,0.12406697781379505
45,108436.58462337474,1,0,0.7831600290279028,0.21683997097209717,0.7831600290279028
33,146232.03515947278,1,0,0.1681180975977251,0.0,1.0
32,147627.53369107822,3,0,0.5122605638762605,0.4877394361237395,0.5122605638762605
50,0.0,1,0,0.0,1.0,0.5126251920787551
39,121357.28835601565,1,0,0.0,0.0,0.3749084473134714
45,117235.66921173703,3,1,1.0,0.0,0.9461868939912612
35,119437.51886302688,1,0,0.42022855823752037,0.5797714417624796,0.42022855823752037
64,96952.18265111296,1,0,0.4597827332213814,0.0,0.0
61,118361.53581316852,1,0,1.0,0.0,0.9496770670653361
43,116210.40838269719,2,0,0.9370925239819761,0.06290747601802393,0.06290747601802393
32,119423.37831317795,1,1,0.1873467913267889,0.8126532086732111,0.1873467913267889
37,139598.2772816938,2,0,1.0,0.0,0.9675292283082517
35,110394.49472005255,1,0,1.0,0.0,0.0
48,112484.49202963608,1,0,0.7233303039939631,0.27666969600603686,1.0
40,129905.75835991706,1,0,0.8639437655683571,0.13605623443164294,1.0
38,141103.70074800777,1,0,0.0,0.0,1.0
30,86494.99051042162,2,0,0.0,0.845213965153888,0.15478603484611198
32,0.0,1,0,0.0,0.0,1.0
48,0.0,1,1,0.0,0.0,0.751023100838635
40,157295.58236565982,2,0,0.6276929014269522,0.3723070985730478,0.0
29,95738.59325602927,1,0,0.7453362341100381,0.25466376588996187,0.0
45,91424.7966182702,1,0,0.0,0.48895092643845206,0.5110490735615479
40,105176.64697529592,1,1,0.4074078813546854,0.0,0.5925921186453146
57,0.0,1,0,0.0,1.0,0.013430509220673459
55,149321.43841987898,2,0,1.0,0.0,0.055926350128225666
52,118770.77704546231,1,1,0.0,0.0,0.8578186236126484
65,103094.22037030033,1,0,0.052825893908602484,0.0,0.9471741060913975
56,0.0,3,0,0.0,1.0,0.3741588050176242
40,0.0,1,0,0.0,0.0,0.05450927741371958
48,106072.35645153196,1,0,1.0,0.0,0.0
36,171873.97042485664,1,0,0.0,0.5119386306819278,0.0
37,135499.19015940418,1,0,0.4729923754184663,0.5270076245815337,0.5270076245815337
45,0.0,1,0,0.0,1.0,0.0
46,0.0,1,0,0.0,0.0,1.0
51,142902.3520597995,1,0,1.0,0.0,0.8023096968855125
41,85157.22906264506,1,0,0.0,0.6811826771269953,1.0
50,144731.64329615165,1,0,1.0,0.0,1.0
43,0.0,1,0,0.0,0.0,0.0
25,102795.79278472655,1,0,0.8836682728667388,0.0,0.8836682728667388
54,0.0,1,0,0.0,0.0,1.0
51,0.0,2,1,0.0,0.0,0.0
54,0.0,1,0,0.0,0.0,1.0
44,127432.33161025416,1,0,0.7880351495750221,0.0,0.0
48,148928.17319357186,1,0,1.0,0.0,1.0
57,162132.00087957276,3,0,1.0,0.0,0.0
51,107435.54062944888,1,0,1.0,0.0,0.14562864670542341
53,117726.40269152935,1,0,0.6974316172371925,0.0,0.0
39,0.0,1,1,0.0,0.0,0.0
42,143403.73724679826,1,0,1.0,0.0,0.7827456742513867
39,135991.97828040927,3,1,0.06251882760089533,0.0,0.06251882760089533
41,62334.58124218374,2,0,0.691927363266592,0.0,0.691927363266592
33,164792.8647098771,1,0,0.0,0.15585153655144346,0.8441484634485565
42,112185.18244377134,1,0,0.24344261676541068,0.0,0.7565573832345893
52,0.0,1,0,0.0,0.0,0.0
57,0.0,2,0,0.0,0.0,0.0
48,82749.7905402385,1,0,0.9274776830455186,0.07252231695448141,0.07252231695448141
42,90367.368629539,1,0,1.0,0.0,0.7032800540422505
40,112026.2520896482,1,0,1.0,0.0,0.0
54,0.0,1,0,0.0,0.0,1.0
43,140094.60708034583,2,0,1.0,0.0,1.0
32,161763.18208385413,1,0,0.09041897779166075,0.9095810222083393,0.0
50,108864.8277045918,1,0,0.0,0.9478565672536607,0.9478565672536607
34,0.0,2,0,0.0,1.0,1.0
37,0.0,2,0,0.0,0.0,0.0
35,154468.72252652296,1,0,0.40226041368354204,0.0,1.0
32,157124.09090114784,2,0,1.0,0.0,0.0
44,121593.00771117641,2,0,1.0,0.0,1.0
48,91278.15626022116,1,0,0.12331849107529225,0.0,0.8766815089247078
52,142506.51706306884,1,0,1.0,0.0,0.5990296733116482
54,0.0,1,1,0.0,0.0,1.0
44,87589.20020879664,2,1,0.22715991657349666,0.7728400834265033,0.0
34,131265.7431573696,1,0,0.0,0.0,0.0
58,0.0,1,1,0.0,0.0,0.0
57,0.0,1,0,0.0,0.3665511873792262,1.0
57,131747.05061878663,1,0,0.3733531610318317,0.0,0.3733531610318317
49,76037.27737017341,1,0,0.15141044393608505,0.848589556063915,0.0
35,98636.12583142117,1,0,1.0,0.0,0.0
36,186292.13070650195,1,0,0.0,0.0,0.29277167166457674
43,97062.91332098181,1,1,1.0,0.0,0.19038178629703473
56,108002.88987209869,1,0,0.36672190859379905,0.0,0.0
47,108440.82714749001,1,0,1.0,0.0,0.8941949751434858
41,143485.16719234173,1,0,1.0,0.0,0.6282065970930439
53,94275.71597648294,1,0,0.0,0.8786280754513803,1.0
54,0.0,1,0,0.0,0.0,0.0
53,0.0,2,0,0.0,0.21931792531213767,0.0
47,104523.54113044149,1,0,1.0,0.0,0.0
35,0.0,1,1,0.0,0.0,1.0
47,0.0,1,0,0.0,1.0,0.0
39,115039.00808152206,2,0,0.5540992803958261,0.0,0.4459007196041739
34,0.0,1,0,0.0,1.0,0.0
37,134145.21550110378,1,1,1.0,0.0,1.0
52,123370.852905478,1,0,1.0,0.0,0.0
47,97755.17198535071,2,0,0.6442130159896179,0.0,0.6442130159896179
40,0.0,1,1,0.0,0.0,0.6507243843338003
49,126553.30293621136,1,1,0.0,0.0,0.0
43,0.0,1,0,0.0,1.0,0.8939730574625047
40,130690.36013375637,1,0,1.0,0.0,0.0
63,0.0,2,0,0.0,0.0948491932531561,1.0
45,107182.4134022211,1,1,1.0,0.0,1.0
52,0.0,1,0,0.0,0.0,0.7405095212183186
44,121411.17593251962,1,1,0.7569268451270138,0.0,1.0
49,0.0,1,0,0.0,0.0,0.0
38,140304.50679440974,2,0,0.0,0.0,1.0
43,204941.19322025642,1,0,0.0,1.0,0.0
54,0.0,1,0,0.0,0.2798886664850543,0.0
49,81271.65413079032,2,1,0.9138642284509637,0.0,1.0
45,152081.8736734165,1,0,1.0,0.0,0.46380982467437626
41,112994.73313600592,1,0,0.8260226004781964,0.17397739952180358,0.17397739952180358
59,131901.52268672624,1,0,1.0,0.0,1.0
57,113385.10770355383,1,0,1.0,0.0,0.0
65,94970.28728242544,1,1,1.0,0.0,0.0
44,114040.11622404693,1,0,1.0,0.0,1.0
56,125433.67863141382,1,0,1.0,0.0,0.0
39,145105.98186903275,1,0,0.3365096548712899,0.0,0.3365096548712899
43,63693.32302762682,1,0,0.0,1.0,1.0
46,0.0,3,0,0.0,0.0,0.0
35,117441.21001511606,1,0,1.0,0.0,0.879518177561532
39,89584.97276812518,1,0,0.0,0.0,0.14846282810207434
42,106009.40400766683,1,0,1.0,0.0,0.0
65,121414.71702732205,1,0,1.0,0.0,1.0
39,0.0,2,0,0.0,0.0,0.0
43,73401.43611139646,1,0,0.0,0.0,0.0
56,90203.83100053821,1,0,0.9814214249220252,0.01857857507797478,0.01857857507797478
49,127538.71246840912,1,0,1.0,0.0,1.0
44,148597.1744324799,1,0,0.0,0.0,1.0
40,0.0,1,0,0.0,0.0,0.0
37,101284.18631238402,1,0,0.6499931315268213,0.0,0.6499931315268213
42,136823.19594564763,1,0,0.07162744801920817,0.0,0.0
61,81239.75436867028,1,0,0.9343739118221824,0.06562608817781757,0.0
47,64725.99304896192,1,1,0.0,0.5494118320609646,0.0
27,122415.94117827273,1,0,1.0,0.0,0.5908662673951145
44,128623.82135276512,2,0,0.0,0.0,0.6527281237772241
40,116989.44742225447,1,0,0.25566622333181444,0.0,0.7443337766681856
34,119335.91366909863,1,0,0.36456642751986446,0.6354335724801355,0.36456642751986446
45,174772.77718896323,1,0,0.0,0.0,0.8436805296649776
52,0.0,1,1,0.0,0.19494276897015983,1.0
49,79860.06022839072,1,0,0.0,0.826867847173362,1.0
55,167101.85815418282,1,0,0.4373445770972576,0.0,0.0
42,0.0,1,0,0.0,0.0,0.0
52,0.0,1,1,0.0,1.0,0.7136073662634715
57,170953.854045032,1,1,0.0,0.0,0.792488504615121
49,127687.53424827932,2,0,0.43118726356612713,0.5688127364338729,0.0
47,0.0,1,1,0.0,0.0,0.0
50,0.0,4,0,0.0,0.43211623680192934,0.0
49,120656.07688765404,3,0,0.9665907702233167,0.0,0.0
47,138138.88925026704,1,0,1.0,0.0,0.5477848998982819
58,110919.6998156546,1,0,0.8572143633321153,0.14278563666788469,1.0
37,0.0,1,0,0.0,0.0,1.0
57,118722.75984244634,1,0,1.0,0.0,0.0
47,156461.2980926568,1,0,0.0,0.6802791506601458,0.31972084933985423
63,70808.65233087278,1,0,0.13190184013293715,0.0,0.8680981598670628
46,124448.39465297281,1,0,1.0,0.0,0.0
36,0.0,1,0,0.0,0.0,1.0
43,131424.4330866607,1,0,1.0,0.0,0.08325765805063212
45,106117.86722943395,1,1,1.0,0.0,0.0
32,149875.58262126872,1,0,0.0,0.0,0.688487700986014
33,139618.83996697894,1,0,1.0,0.0,1.0
49,159538.44601883861,1,0,0.0,0.0,0.0
41,78544.69122315195,1,0,0.5147332576573784,0.48526674234262157,0.0
60,135412.48915130284,1,0,0.7779094067485368,0.2220905932514632,0.0
31,0.0,1,0,0.0,1.0,0.0
41,135573.45019477626,1,0,0.5568726546770855,0.44312734532291453,0.5568726546770855
44,104564.45999976624,1,0,1.0,0.0,0.37619046876962214
44,98688.9248511244,1,0,1.0,0.0,0.36734051527727996
38,177881.88038712606,1,0,0.0,0.4740534230985406,1.0
57,116556.80576431868,1,0,0.0,0.1912005554988493,1.0
53,125934.6853587424,1,0,0.36176831192256587,0.6382316880774341,1.0
41,111992.92369193377,1,0,1.0,0.0,0.0
35,158597.43772888905,2,0,0.0,0.0,0.32927267455739917
37,183836.69666097625,1,0,0.0,0.269439446303655,0.269439446303655
68,148716.7775911995,1,0,1.0,0.0,0.27752280490239256
65,125929.132277509,1,0,0.0665868729765452,0.9334131270234548,1.0
46,0.0,3,1,0.0,0.7235345733310886,0.0
47,170782.06329357356,1,0,0.0,0.5771866762233089,0.5771866762233089
44,119517.26018284839,1,0,1.0,0.0,0.647720054420612
36,145380.52399417217,1,0,0.9707005568965816,0.0,0.029299443103418366
43,25586.123070613525,1,0,0.0,0.38189703443830314,0.6181029655616969
58,125345.86538884911,1,0,1.0,0.0,0.0
44,113665.26607774201,1,0,0.45425032022056433,0.0,0.5457496797794357
44,0.0,2,0,0.0,0.0,0.0
34,181846.55126654668,1,0,0.0,0.0,1.0
51,72110.54533445448,1,1,0.8066607663879478,0.0,1.0
36,133688.3380126353,1,0,0.04925528678732827,0.9507447132126717,0.0
45,114667.76736050894,1,0,0.0,0.591300437729066,0.0
40,0.0,1,0,0.0,0.0,0.0
48,143889.0048487709,1,1,1.0,0.0,0.0
49,0.0,1,1,0.0,0.0,0.9624337704560194
43,125586.11987623668,1,0,0.7171814470467577,0.0,1.0
53,153592.09086897894,2,0,0.4619053358788887,0.0,0.0
43,0.0,1,0,0.0,1.0,0.49129401578373333
44,133690.33362073655,2,0,0.24312453042266868,0.0,0.7568754695773313
33,0.0,1,0,0.0,0.2552492683700778,1.0
48,109467.63586035669,1,0,1.0,0.0,0.16823657910849188
51,150097.48695459098,1,0,0.0,0.0,0.0
33,109009.93266005487,2,0,0.5392878286517245,0.46071217134827547,0.5392878286517245
36,138765.3316912456,1,0,1.0,0.0,0.7137201378880591
51,62944.68828391707,2,0,0.24746298123314636,0.7525370187668536,1.0
67,0.0,1,0,0.0,0.6452376445533317,1.0
43,0.0,1,0,0.0,1.0,1.0
49,107969.89791786038,1,1,0.8245170697999292,0.0,0.17548293020007077
49,199023.70379839122,1,0,0.0,0.0,1.0
31,136645.41811923488,1,1,0.9269149089738498,0.0,0.07308509102615024
52,125782.7408754957,2,0,1.0,0.0,0.0
66,125918.74916416907,1,0,0.019994536803183083,0.9800054631968169,0.9800054631968169
46,108060.903815722,2,0,0.4037414247672979,0.0,1.0
51,0.0,1,1,0.0,0.0,1.0
39,0.0,1,0,0.0,1.0,0.0
46,0.0,1,0,0.0,0.0,1.0
28,0.0,1,1,0.0,1.0,0.03752865753180312
40,159210.26499532905,1,0,0.0,0.569230212091448,0.569230212091448
63,169392.6479979488,1,0,1.0,0.0,0.07922915036392464
50,121175.05754836625,1,0,0.9684191305004078,0.0,1.0
39,138628.99696962713,1,0,1.0,0.0,0.5405526753889242
41,77847.9066248218,3,0,0.541795194747784,0.45820480525221596,0.45820480525221596
47,0.0,1,0,0.0,1.0,0.0
32,0.0,1,1,0.0,1.0,0.3263901680033049
32,0.0,1,0,0.0,0.0,0.0
45,152081.22398982607,1,0,1.0,0.0,0.5342744223325024
41,0.0,3,1,0.0,0.0,0.7597549815356961
50,0.0,1,0,0.0,1.0,1.0
43,140102.56423138356,1,0,1.0,0.0,1.0
48,101461.29441155505,1,0,0.582144802814742,0.0,0.0
47,115507.52743201019,1,0,1.0,0.0,0.0
56,106939.68698864103,1,0,0.8357295505440719,0.16427044945592806,0.8357295505440719
42,26078.22465602613,1,0,0.0,0.5037194345899563,0.49628056541004373
52,43588.32166004389,1,0,0.0,0.16979711565423794,0.16979711565423794
53,110993.62250296603,1,0,1.0,0.0,1.0
38,128272.7159031183,1,0,0.6616321340747842,0.0,0.33836786592521584
47,126586.45581130039,1,1,0.0,0.0,0.0
54,89280.46054870331,1,0,0.0,0.0,1.0
40,111648.43514762663,1,0,1.0,0.0,0.7906516006159012
58,0.0,2,1,0.0,0.960582414879637,1.0
33,181900.0407925585,1,0,0.0,0.0,1.0
45,102979.51591828516,1,0,1.0,0.0,0.0
34,151845.7012264007,1,0,0.03213543404864472,0.9678645659513553,1.0
40,0.0,4,1,0.0,0.0,1.0
51,72823.45850808933,2,0,0.0,0.0,0.0
35,141962.71831189108,2,0,1.0,0.0,0.5300523392123808
33,0.0,1,0,0.0,0.0,0.9721589487374137
40,150567.9797822891,1,0,0.24665644684477783,0.0,0.24665644684477783
45,0.0,1,0,0.0,1.0,0.0
44,135643.8507260688,1,0,1.0,0.0,0.3714960999164322
42,128183.80281854884,1,0,1.0,0.0,0.44274816668158934
53,108467.13500527367,1,0,1.0,0.0,0.25736401031830947
43,139615.91943076646,1,0,0.27976693088704085,0.0,0.7202330691129591
37,164854.08850865465,1,0,0.43504739234752676,0.0,1.0
32,146199.9814984215,1,0,0.0,0.0,1.0
43,0.0,1,0,0.0,1.0,0.586334476416793
40,157101.1067021148,1,0,0.0,0.249839167045399,0.0
48,145223.732870659,1,1,1.0,0.0,0.0
33,115130.64916396383,1,0,1.0,0.0,1.0
43,0.0,3,0,0.0,0.0,0.722108874012244
56,111982.65059521592,1,0,1.0,0.0,0.0
38,102846.41527881587,2,0,0.3295304137739967,0.0,0.3295304137739967
30,127503.08515281093,1,0,0.44060311405917474,0.0,0.0
49,117307.86730043117,3,0,1.0,0.0,0.0
31,154363.68053861326,2,0,0.6842090751884866,0.0,0.6842090751884866
49,88826.12282106043,1,0,0.1175588086524183,0.8824411913475817,1.0
51,117298.3530310533,3,0,0.20351110833188646,0.7964888916681135,0.0
54,123107.79608099829,2,1,0.126638882158562,0.873361117841438,0.0
41,0.0,2,1,0.0,0.9402377258216156,0.0
47,198673.47446874095,1,0,0.0,0.0,1.0
43,107059.8973399319,1,1,1.0,0.0,1.0
36,0.0,1,0,0.0,0.0,1.0
47,120671.62834355872,1,0,0.4879114233013361,0.0,0.4879114233013361
44,92789.46120243384,1,0,0.05930981227676824,0.0,0.05930981227676824
24,0.0,2,0,0.0,0.04778136468140537,0.0
33,103706.42095007372,1,0,0.6477690249292547,0.0,0.6477690249292547
30,56536.22646408271,1,0,0.0,0.0,0.8565719886833357
35,80153.17088484985,1,0,0.0,0.6039455225645333,0.6039455225645333
36,80336.47277466589,1,0,0.199156897597067,0.800843102402933,1.0
57,0.0,3,0,0.0,0.5752058186685882,0.0
29,0.0,1,0,0.0,0.3855525014916693,1.0
36,105481.56973659621,1,0,1.0,0.0,0.08458379853329656
43,135017.46162254162,1,0,1.0,0.0,0.0
48,162304.9238695597,3,0,1.0,0.0,0.0
52,144451.21455095665,1,0,0.0,0.0,1.0
44,118575.41604877332,1,0,0.5347224687240767,0.4652775312759233,0.0
42,55770.34342059434,1,0,0.0,1.0,0.0
58,123351.57653359255,1,0,1.0,0.0,0.2622743218149849
38,118559.2631752779,1,0,1.0,0.0,0.0
52,97533.71931246427,1,0,0.1569026241461201,0.0,0.8430973758538799
46,0.0,1,1,0.0,0.0,0.0
34,146251.29515998537,1,0,0.0,0.2331511021822269,1.0
47,116245.46948974382,2,0,1.0,0.0,0.26828720042777265
54,0.0,1,0,0.0,0.0,1.0
50,171148.93752074664,1,0,0.0,0.0,0.721449157109572
35,0.0,1,0,0.0,0.941278928906798,0.0
39,127483.56340224599,1,0,1.0,0.0,1.0
45,98244.21176508782,1,0,1.0,0.0,0.0
52,0.0,1,1,0.0,0.0,0.0
61,0.0,1,0,0.0,0.562144753827585,0.562144753827585
40,77739.60748163259,3,0,1.0,0.0,0.0
43,0.0,3,0,0.0,0.0,0.8852580416618081
35,181776.48989703832,2,1,0.12613765801615207,0.0,0.8738623419838479
51,152203.55488637116,1,0,0.5295336150224574,0.0,0.47046638497754256
31,0.0,1,0,0.0,0.7311384550209934,1.0
54,159442.35382121475,1,0,0.02103690246046863,0.0,0.02103690246046863
38,118542.94099478795,1,0,0.7228392039002123,0.2771607960997877,0.0
43,111100.01774700603,1,0,1.0,0.0,0.967513403309835
42,0.0,1,1,0.0,0.0,0.0
52,35764.79269568236,1,0,0.0,0.0,0.4608062058726856
35,156954.3532962697,1,0,0.03118530942219555,0.0,0.0
30,0.0,1,0,0.0,0.0,0.0
43,131426.53355050867,1,0,1.0,0.0,0.06360143637779736
44,127593.03826650942,1,0,1.0,0.0,1.0
26,182709.24917230633,2,1,0.0,0.8410961706161014,1.0
32,111537.1528704792,3,0,1.0,0.0,0.0
57,0.0,1,0,0.0,0.0,1.0
32,132138.64955603526,2,0,0.3202987424967425,0.0,0.6797012575032575
52,125899.37397619295,2,0,1.0,0.0,0.0
57,140497.6862158765,1,0,0.0,0.0,0.19124212907612137
53,131820.5944802123,1,0,0.3845710849670734,0.0,0.0
50,110377.46423555569,1,0,1.0,0.0,0.0
49,0.0,1,0,0.0,0.0,0.0
55,101011.58497455792,1,0,0.34728847430569776,0.0,0.34728847430569776
57,136131.42364757726,1,1,0.7347714774973254,0.0,0.7347714774973254
45,116735.41125101254,1,0,0.6860911539434869,0.0,0.6860911539434869
30,95313.77587327186,1,0,0.051209502308081856,0.9487904976919181,0.0
43,93004.91669476804,1,0,1.0,0.0,1.0
49,148114.22189882642,1,0,0.8114659391516817,0.0,0.0
30,136645.66126529017,1,0,0.9446401830615905,0.05535981693840952,0.05535981693840952
50,0.0,3,0,0.0,0.0,0.5381210100398132
42,0.0,1,0,0.0,0.0,0.0
38,105483.2385896071,1,0,0.06596700886936069,0.9340329911306393,0.9340329911306393
40,151952.4515874505,2,0,0.7663512805573902,0.0,0.2336487194426098
43,156882.4307829044,1,1,0.6579499112045923,0.0,0.0
38,144413.38182163314,1,0,0.17610361837533572,0.0,0.0
29,108487.6518143605,2,0,1.0,0.0,0.35248020442983685
46,63490.97699679918,1,1,0.0,0.9689443971742911,0.03105560282570885
29,0.0,1,0,0.0,0.2860420521352285,1.0
42,55880.56741946383,2,0,0.0,0.9246586095822468,0.0
47,125508.39466386368,1,1,1.0,0.0,0.517131892010638
47,0.0,1,0,0.0,0.0,0.0
51,143107.22538834828,1,0,0.5281777214230171,0.0,0.0
53,118781.74736356571,1,1,0.0,0.0,0.8731271719369067
30,129073.58323294918,1,0,0.0,0.0,0.0
45,0.0,1,0,0.0,0.0,0.48249306052766294
46,125608.01946061094,1,0,0.6225753978327817,0.0,0.3774246021672183
50,88379.82406577347,2,0,0.9899530189451684,0.0,0.0
32,0.0,1,0,0.0,0.0,1.0
56,148861.7748377079,1,0,1.0,0.0,0.5086695680878691
39,116522.4231957832,1,0,0.9505035615891348,0.0,0.04949643841086515
45,29019.32799852527,1,0,0.0,0.3836090403551584,0.0
37,165229.71344247807,2,0,0.42437202605363467,0.0,1.0
40,75170.20041010388,1,0,0.0,1.0,1.0
35,0.0,1,0,0.0,0.0,0.0
49,105234.21716203354,1,0,0.29892615009833323,0.0,0.29892615009833323
38,80436.96315568205,1,0,0.5891836044325722,0.4108163955674278,1.0
44,95611.14422533616,1,0,0.7823002011427675,0.21769979885723245,0.7823002011427675
46,120525.67304741153,1,0,1.0,0.0,0.0
49,0.0,1,0,0.0,0.0,0.0
35,136719.90290721552,1,0,0.6281632154335806,0.0,0.0
56,0.0,3,0,0.0,1.0,0.02583897222001119
50,66107.16162546979,1,0,0.0,0.2217794919335464,0.0
57,115954.56810680238,1,0,0.7804711383801549,0.21952886161984508,0.21952886161984508
49,139749.73299282798,1,0,0.0,0.0,0.7988247677111205
38,115448.2652109839,1,0,1.0,0.0,0.9199365974710344
28,0.0,1,1,0.0,1.0,0.5255468201554767
42,0.0,1,0,0.0,0.0,0.0
41,90359.18134550373,1,0,0.08476615442633317,0.9152338455736668,0.0
40,0.0,1,0,0.0,0.0,1.0
44,90963.61609407373,2,0,1.0,0.0,0.0
32,176122.80950490935,1,0,0.0,0.08486117959510397,0.0
30,107798.42269663874,1,0,0.14548456408925048,0.8545154359107495,0.14548456408925048
43,97569.31121244674,1,0,0.3168244367601819,0.0,0.0
48,131332.49037190387,1,0,1.0,0.0,0.9476671426993372
47,45671.16460775838,1,0,0.0,0.0,0.0
44,140502.964692635,1,0,0.15448918915943954,0.0,0.8455108108405605
40,77079.1196346275,1,1,0.7990821457719545,0.0,0.0
48,100265.85192788008,1,0,0.5084790353080261,0.0,1.0
41,144386.826766063,1,0,0.0,0.0,0.0
35,118522.75637419238,1,0,0.1546700243112733,0.8453299756887267,0.0
34,157000.40731171973,1,0,0.27283719025986153,0.0,0.0
27,0.0,1,0,0.0,0.0,0.019238825611148425
35,161746.75339344467,1,1,0.15569259775593292,0.8443074022440671,0.15569259775593292
55,0.0,3,0,0.0,0.22566458305205506,0.0
57,43285.66616003297,2,0,0.0,0.2117981498815027,1.0
44,46972.91950399971,3,0,0.0,0.0,0.0
37,117709.76679698286,1,0,0.18690729645011817,0.0,0.0
54,155209.3119854497,1,1,1.0,0.0,0.9333401701766939
