Age,Balance,NumOfProducts,IsActiveMember,Geography_Germany,Geography_Spain,Gender_Male
20,95830.43,1,0,0.0,0.0,1.0
63,0.0,2,1,0.0,1.0,0.0
31,118870.92,1,0,0.0,0.0,1.0
20,0.0,2,0,0.0,0.0,1.0
18,0.0,2,1,0.0,0.0,1.0
33,0.0,2,1,0.0,0.0,1.0
31,41299.03,1,1,0.0,0.0,0.0
23,136100.69,2,0,0.0,1.0,0.0
39,0.0,2,0,0.0,0.0,1.0
43,121152.05,2,0,1.0,0.0,1.0
43,0.0,2,0,0.0,1.0,0.0
33,115182.84,2,1,1.0,0.0,0.0
42,95386.82,1,1,0.0,1.0,0.0
21,0.0,2,0,0.0,0.0,0.0
45,131038.14,1,0,1.0,0.0,1.0
37,103769.22,2,0,1.0,0.0,0.0
74,0.0,2,1,0.0,0.0,0.0
30,0.0,2,0,0.0,1.0,1.0
39,135134.99,1,0,1.0,0.0,0.0
33,80002.33,1,1,1.0,0.0,1.0
41,100254.76,2,1,0.0,0.0,1.0
44,92436.86,1,0,0.0,0.0,0.0
31,0.0,2,0,0.0,0.0,0.0
39,137843.8,1,1,1.0,0.0,0.0
47,154543.98,1,0,0.0,0.0,0.0
38,0.0,1,1,0.0,0.0,1.0
49,0.0,1,0,0.0,1.0,1.0
60,143262.04,1,1,0.0,0.0,0.0
33,0.0,2,0,0.0,1.0,1.0
51,105701.91,1,1,1.0,0.0,0.0
37,134752.08,1,0,0.0,0.0,1.0
33,115409.6,1,1,0.0,1.0,0.0
31,82613.56,2,0,0.0,1.0,1.0
34,199229.14,1,0,0.0,1.0,1.0
34,65812.35,2,1,0.0,1.0,1.0
33,116474.28,2,1,0.0,1.0,1.0
37,171653.17,1,1,0.0,1.0,1.0
43,0.0,2,0,0.0,1.0,0.0
75,0.0,2,1,0.0,1.0,0.0
37,0.0,2,1,0.0,1.0,1.0
38,130588.82,1,1,0.0,0.0,1.0
33,109341.87,1,0,1.0,0.0,1.0
38,0.0,2,0,0.0,0.0,1.0
30,116295.29,1,0,0.0,0.0,1.0
33,173331.52,1,0,0.0,1.0,0.0
37,0.0,2,0,0.0,0.0,1.0
38,0.0,2,0,0.0,0.0,0.0
35,71829.34,1,1,0.0,1.0,1.0
30,0.0,2,1,0.0,1.0,1.0
46,0.0,2,0,0.0,0.0,0.0
54,123699.28,2,1,1.0,0.0,0.0
33,127343.4,1,1,0.0,1.0,1.0
38,122267.85,1,0,0.0,1.0,1.0
39,0.0,2,0,0.0,0.0,0.0
45,85325.93,1,0,0.0,0.0,0.0
32,0.0,2,1,0.0,0.0,1.0
33,0.0,2,0,0.0,0.0,0.0
31,0.0,2,1,0.0,1.0,1.0
42,0.0,2,0,0.0,0.0,0.0
36,138992.48,2,0,1.0,0.0,1.0
38,61482.47,1,1,1.0,0.0,0.0
71,0.0,2,1,0.0,0.0,0.0
48,118469.38,1,1,0.0,0.0,1.0
35,129717.3,2,0,0.0,0.0,1.0
55,119327.93,1,1,1.0,0.0,0.0
32,117337.54,2,1,0.0,0.0,1.0
43,86920.86,1,1,1.0,0.0,1.0
39,129669.32,2,0,0.0,0.0,1.0
27,0.0,1,1,0.0,1.0,1.0
30,0.0,1,0,0.0,0.0,0.0
31,102289.85,1,1,0.0,1.0,0.0
34,0.0,2,0,0.0,0.0,0.0
24,0.0,1,1,0.0,0.0,1.0
46,0.0,1,0,0.0,1.0,1.0
52,100755.66,1,1,0.0,0.0,1.0
50,133204.91,1,1,0.0,1.0,0.0
49,110132.55,3,1,0.0,1.0,0.0
30,0.0,2,0,0.0,0.0,1.0
60,128981.07,1,1,1.0,0.0,0.0
33,138162.81,1,0,0.0,0.0,0.0
32,137649.47,1,0,0.0,0.0,0.0
36,130809.77,1,0,1.0,0.0,1.0
42,99580.13,1,0,0.0,0.0,1.0
31,149085.9,2,1,1.0,0.0,1.0
38,135157.05,1,1,1.0,0.0,0.0
43,110646.54,1,0,0.0,1.0,0.0
60,120731.39,4,1,0.0,0.0,0.0
40,114318.78,2,0,1.0,0.0,1.0
30,77949.69,1,1,1.0,0.0,0.0
36,89772.3,1,0,0.0,1.0,1.0
38,0.0,2,1,0.0,0.0,0.0
38,120530.13,2,0,1.0,0.0,0.0
30,0.0,2,1,0.0,0.0,0.0
33,0.0,2,1,0.0,1.0,1.0
35,0.0,2,0,0.0,1.0,0.0
30,89182.09,1,1,0.0,0.0,1.0
24,98567.1,1,0,0.0,1.0,0.0
52,97720.35,2,0,1.0,0.0,1.0
40,0.0,2,1,0.0,0.0,0.0
43,79757.21,1,0,0.0,1.0,1.0
42,0.0,2,1,0.0,0.0,1.0
40,104784.23,1,0,0.0,1.0,1.0
39,120145.96,2,1,0.0,0.0,0.0
29,132450.24,1,1,0.0,1.0,1.0
47,0.0,1,0,0.0,0.0,1.0
38,0.0,1,0,0.0,1.0,1.0
31,0.0,2,0,0.0,1.0,0.0
35,57369.61,1,1,0.0,0.0,1.0
21,176511.08,1,1,0.0,0.0,0.0
23,156123.73,1,0,0.0,0.0,0.0
31,0.0,2,0,0.0,0.0,0.0
59,0.0,2,1,0.0,0.0,0.0
32,59271.82,1,1,0.0,0.0,1.0
59,0.0,1,0,0.0,0.0,0.0
41,0.0,2,1,0.0,0.0,1.0
31,93249.4,1,0,0.0,0.0,1.0
54,0.0,1,0,0.0,0.0,1.0
42,63227.0,1,1,1.0,0.0,1.0
36,0.0,2,1,0.0,1.0,1.0
44,95671.75,2,1,0.0,0.0,0.0
82,0.0,2,1,0.0,0.0,0.0
65,0.0,2,1,0.0,0.0,1.0
35,106518.52,1,1,0.0,1.0,1.0
23,0.0,2,1,0.0,1.0,1.0
44,109528.28,1,0,0.0,0.0,0.0
36,0.0,2,1,0.0,0.0,1.0
24,0.0,2,0,0.0,0.0,0.0
39,86350.87,2,0,1.0,0.0,1.0
44,0.0,1,1,0.0,0.0,1.0
35,0.0,2,0,0.0,0.0,1.0
37,107548.94,1,0,0.0,0.0,1.0
27,135096.05,1,1,1.0,0.0,1.0
52,111284.53,1,1,0.0,1.0,1.0
36,0.0,2,1,0.0,0.0,0.0
34,156478.62,1,1,0.0,1.0,1.0
31,96288.26,1,0,0.0,0.0,1.0
42,0.0,2,0,0.0,0.0,0.0
32,63763.49,1,0,0.0,0.0,0.0
41,142015.76,2,0,1.0,0.0,0.0
27,117307.44,2,1,0.0,0.0,0.0
62,0.0,2,1,0.0,1.0,1.0
48,0.0,1,1,0.0,0.0,1.0
41,127841.52,1,0,1.0,0.0,1.0
37,0.0,2,1,0.0,0.0,0.0
38,0.0,2,0,0.0,0.0,0.0
30,0.0,2,0,0.0,1.0,1.0
37,177657.35,1,1,0.0,1.0,1.0
30,0.0,2,1,0.0,0.0,0.0
47,95523.16,1,0,1.0,0.0,0.0
50,143054.56,1,1,0.0,0.0,0.0
28,135936.1,2,1,0.0,1.0,1.0
38,88758.95,2,0,0.0,0.0,0.0
32,0.0,1,0,0.0,1.0,0.0
38,0.0,2,0,0.0,0.0,0.0
43,128412.61,1,1,0.0,1.0,0.0
21,0.0,2,1,0.0,0.0,1.0
47,109387.33,1,0,0.0,0.0,0.0
43,140121.17,1,0,1.0,0.0,1.0
35,0.0,2,0,0.0,1.0,1.0
29,0.0,2,1,0.0,0.0,0.0
31,56116.3,2,0,1.0,0.0,0.0
44,0.0,2,0,0.0,0.0,1.0
37,138476.41,2,1,1.0,0.0,1.0
48,0.0,2,1,0.0,1.0,1.0
35,0.0,2,1,0.0,0.0,1.0
37,0.0,2,1,0.0,0.0,0.0
44,155114.9,1,0,0.0,0.0,0.0
38,138131.34,1,1,0.0,0.0,1.0
33,0.0,2,0,0.0,0.0,1.0
26,0.0,2,1,0.0,1.0,0.0
19,0.0,2,1,0.0,0.0,1.0
26,0.0,1,0,0.0,0.0,1.0
36,0.0,2,0,0.0,0.0,1.0
41,150463.11,2,1,1.0,0.0,0.0
31,0.0,2,1,0.0,1.0,1.0
44,137148.68,1,0,0.0,0.0,1.0
41,110624.99,1,0,1.0,0.0,0.0
34,170600.78,1,1,0.0,1.0,1.0
24,87413.19,1,0,0.0,0.0,0.0
37,102708.77,1,0,1.0,0.0,1.0
39,0.0,2,1,0.0,1.0,0.0
43,103018.45,1,0,1.0,0.0,1.0
38,119272.29,1,0,0.0,0.0,1.0
39,0.0,2,0,0.0,0.0,0.0
43,106086.42,2,0,0.0,0.0,1.0
31,0.0,2,0,0.0,1.0,0.0
26,105249.76,2,1,1.0,0.0,0.0
30,0.0,2,0,0.0,0.0,1.0
34,0.0,2,0,0.0,0.0,1.0
37,0.0,2,1,0.0,0.0,1.0
36,59893.85,2,0,0.0,1.0,1.0
41,129901.21,1,0,1.0,0.0,1.0
33,0.0,2,1,0.0,0.0,0.0
74,108131.53,1,1,0.0,0.0,1.0
52,170228.59,2,0,0.0,0.0,0.0
23,137060.88,2,1,1.0,0.0,1.0
34,0.0,1,0,0.0,0.0,1.0
40,162261.01,2,0,1.0,0.0,0.0
27,120509.81,1,0,0.0,0.0,1.0
62,0.0,2,1,0.0,0.0,1.0
45,57327.04,1,1,0.0,0.0,0.0
25,111363.1,2,0,1.0,0.0,1.0
32,0.0,2,1,0.0,1.0,1.0
55,132436.34,1,0,0.0,0.0,1.0
38,123081.84,2,1,0.0,1.0,0.0
26,135219.57,1,1,0.0,1.0,0.0
35,110349.82,1,0,0.0,1.0,1.0
41,156067.05,1,1,0.0,0.0,0.0
48,122831.58,1,1,1.0,0.0,1.0
24,92398.08,1,1,1.0,0.0,1.0
35,97560.16,1,1,0.0,0.0,1.0
46,143267.14,2,0,0.0,0.0,1.0
37,0.0,2,0,0.0,1.0,0.0
40,77270.08,2,1,1.0,0.0,0.0
38,0.0,1,0,0.0,0.0,1.0
39,104349.45,1,0,0.0,1.0,1.0
45,0.0,2,1,0.0,0.0,0.0
30,64097.75,1,1,0.0,0.0,1.0
45,123086.39,1,1,1.0,0.0,0.0
42,82228.67,2,0,0.0,0.0,0.0
39,0.0,1,1,0.0,0.0,1.0
42,128707.31,1,0,1.0,0.0,0.0
40,0.0,1,1,0.0,1.0,0.0
25,114330.95,1,1,1.0,0.0,0.0
43,0.0,2,0,0.0,0.0,1.0
38,128578.52,1,1,0.0,1.0,1.0
65,151659.52,2,1,0.0,0.0,0.0
29,78885.88,2,1,1.0,0.0,0.0
54,150005.38,1,0,0.0,0.0,0.0
30,121535.18,1,0,0.0,0.0,1.0
33,141234.98,1,0,0.0,0.0,1.0
31,132876.55,1,1,0.0,1.0,1.0
38,141074.59,1,0,0.0,0.0,1.0
34,0.0,2,0,0.0,0.0,1.0
36,156948.41,1,1,0.0,0.0,0.0
22,67178.19,1,1,0.0,1.0,0.0
33,182888.08,1,0,0.0,0.0,1.0
28,0.0,2,1,0.0,0.0,0.0
51,0.0,2,1,0.0,0.0,1.0
43,0.0,2,0,0.0,1.0,0.0
36,100895.54,1,1,0.0,0.0,1.0
28,0.0,2,0,0.0,0.0,1.0
44,86102.27,1,0,0.0,0.0,1.0
27,141223.68,2,0,0.0,0.0,1.0
67,113978.97,2,1,0.0,0.0,0.0
32,192122.84,1,1,0.0,0.0,0.0
72,98765.84,1,1,0.0,1.0,0.0
52,96196.24,4,0,0.0,1.0,1.0
37,96651.03,1,1,0.0,0.0,1.0
37,0.0,2,1,0.0,0.0,0.0
47,0.0,1,1,0.0,1.0,1.0
31,0.0,2,0,0.0,0.0,1.0
48,0.0,1,1,0.0,1.0,1.0
51,115280.49,2,0,1.0,0.0,0.0
47,62094.71,3,0,0.0,0.0,0.0
43,0.0,2,0,0.0,0.0,0.0
42,0.0,2,0,0.0,1.0,0.0
40,103549.24,1,0,0.0,0.0,0.0
41,0.0,2,1,0.0,0.0,1.0
57,76165.65,1,1,0.0,0.0,1.0
39,94631.26,2,1,0.0,0.0,0.0
37,133968.96,2,0,0.0,0.0,0.0
41,0.0,2,0,0.0,1.0,1.0
35,0.0,2,1,0.0,0.0,1.0
41,0.0,2,1,0.0,0.0,1.0
60,0.0,2,1,0.0,1.0,0.0
38,0.0,2,1,0.0,0.0,1.0
42,98795.61,2,0,0.0,1.0,1.0
60,121730.49,1,1,0.0,0.0,0.0
28,95328.6,1,0,0.0,1.0,0.0
34,120777.88,1,1,0.0,0.0,0.0
33,167733.51,2,1,0.0,0.0,0.0
54,0.0,2,1,0.0,0.0,1.0
44,113063.83,1,0,1.0,0.0,0.0
43,146547.78,1,1,1.0,0.0,0.0
31,123974.96,1,0,0.0,0.0,0.0
36,190479.48,2,0,1.0,0.0,1.0
35,0.0,2,1,0.0,0.0,0.0
69,27288.43,1,1,1.0,0.0,1.0
30,107499.7,1,1,0.0,0.0,0.0
33,132527.9,2,1,1.0,0.0,1.0
29,0.0,2,1,0.0,0.0,1.0
18,160980.03,1,0,0.0,0.0,1.0
74,105102.5,1,1,1.0,0.0,1.0
38,147904.31,1,1,0.0,1.0,1.0
36,0.0,3,1,0.0,1.0,1.0
50,125845.66,1,0,1.0,0.0,1.0
25,0.0,1,1,0.0,0.0,1.0
37,120328.88,2,1,0.0,0.0,0.0
56,137464.04,1,0,1.0,0.0,0.0
41,107511.52,1,1,0.0,1.0,1.0
39,0.0,1,0,0.0,0.0,1.0
31,113836.27,1,1,0.0,1.0,1.0
20,180293.84,2,1,1.0,0.0,1.0
58,0.0,1,1,0.0,0.0,0.0
48,99906.19,1,0,0.0,1.0,0.0
44,152086.15,1,1,1.0,0.0,0.0
28,121164.11,1,1,0.0,0.0,0.0
37,124969.13,1,0,0.0,0.0,1.0
33,181656.51,1,1,1.0,0.0,1.0
26,0.0,2,0,0.0,0.0,0.0
36,0.0,2,1,0.0,0.0,1.0
39,0.0,2,0,0.0,0.0,1.0
40,128486.91,2,0,1.0,0.0,0.0
36,0.0,2,0,0.0,0.0,1.0
52,76101.81,2,1,1.0,0.0,1.0
33,147229.65,1,1,0.0,0.0,0.0
29,60280.62,1,0,0.0,1.0,1.0
30,144684.03,1,1,0.0,0.0,1.0
31,102523.88,1,1,0.0,0.0,0.0
32,144272.07,2,0,1.0,0.0,1.0
28,61274.7,2,0,0.0,1.0,0.0
41,122403.24,1,1,1.0,0.0,1.0
33,124067.32,1,1,1.0,0.0,1.0
45,126674.81,1,0,1.0,0.0,0.0
31,118613.34,1,0,1.0,0.0,0.0
40,0.0,2,0,0.0,0.0,0.0
28,0.0,2,1,0.0,0.0,0.0
39,104614.29,1,0,0.0,0.0,0.0
22,0.0,2,0,0.0,1.0,1.0
31,76798.92,1,0,1.0,0.0,0.0
18,0.0,1,1,0.0,1.0,1.0
26,96659.64,2,1,0.0,1.0,1.0
40,139625.34,1,0,0.0,0.0,0.0
33,0.0,2,1,0.0,1.0,1.0
39,0.0,2,0,0.0,1.0,1.0
35,109342.82,2,1,1.0,0.0,1.0
39,127415.85,1,1,1.0,0.0,1.0
35,136281.41,2,1,1.0,0.0,1.0
47,107604.66,1,1,0.0,1.0,1.0
37,0.0,2,1,0.0,0.0,1.0
41,152532.3,1,0,1.0,0.0,1.0
34,125227.82,2,1,1.0,0.0,0.0
38,123544.21,1,1,0.0,0.0,0.0
37,125190.86,1,1,0.0,0.0,1.0
32,0.0,1,1,0.0,0.0,1.0
33,164284.72,2,1,1.0,0.0,1.0
27,152309.37,1,0,0.0,0.0,0.0
52,93590.47,1,1,0.0,0.0,1.0
39,133214.13,1,1,0.0,1.0,1.0
47,0.0,1,0,0.0,0.0,1.0
28,116755.5,2,1,0.0,0.0,0.0
23,124577.33,1,1,0.0,1.0,1.0
40,118129.87,1,1,0.0,0.0,1.0
30,126663.51,1,1,1.0,0.0,0.0
28,0.0,2,0,0.0,0.0,1.0
77,149083.7,1,1,0.0,1.0,1.0
29,0.0,2,1,0.0,1.0,0.0
26,105099.45,1,1,1.0,0.0,0.0
39,0.0,2,0,0.0,1.0,0.0
39,0.0,1,0,0.0,0.0,0.0
30,129753.69,1,0,1.0,0.0,0.0
38,0.0,2,0,0.0,0.0,1.0
43,0.0,2,1,0.0,0.0,1.0
43,135645.29,2,1,1.0,0.0,1.0
36,82275.35,2,1,0.0,0.0,1.0
35,0.0,2,1,0.0,0.0,1.0
18,0.0,2,1,0.0,0.0,1.0
40,173432.55,1,1,0.0,1.0,0.0
24,126431.54,1,0,0.0,0.0,1.0
22,0.0,2,0,0.0,1.0,1.0
35,117183.74,1,1,0.0,0.0,0.0
44,0.0,1,1,0.0,1.0,0.0
34,0.0,2,0,0.0,0.0,0.0
37,0.0,1,1,0.0,0.0,1.0
48,83287.05,2,1,0.0,1.0,1.0
49,126615.94,2,1,0.0,1.0,0.0
47,105792.49,1,1,0.0,0.0,1.0
34,0.0,2,1,0.0,0.0,1.0
38,0.0,2,1,0.0,0.0,0.0
50,81310.34,1,1,0.0,0.0,1.0
42,0.0,2,0,0.0,1.0,1.0
33,142645.43,1,0,0.0,0.0,1.0
30,168078.83,1,0,1.0,0.0,1.0
32,125321.84,2,1,0.0,0.0,0.0
32,120074.97,2,1,1.0,0.0,0.0
59,126224.87,1,1,0.0,1.0,0.0
43,94752.49,1,0,1.0,0.0,0.0
46,0.0,1,1,0.0,0.0,0.0
19,127649.64,1,1,0.0,0.0,1.0
33,174673.65,2,0,1.0,0.0,1.0
36,129440.3,2,0,0.0,0.0,1.0
40,0.0,3,1,0.0,0.0,1.0
34,86055.17,2,1,1.0,0.0,1.0
31,0.0,1,0,0.0,0.0,1.0
47,0.0,2,1,0.0,1.0,1.0
34,121303.77,2,1,1.0,0.0,1.0
69,0.0,2,1,0.0,0.0,1.0
36,0.0,2,0,0.0,1.0,1.0
46,0.0,2,1,0.0,1.0,0.0
35,136364.46,1,0,0.0,0.0,1.0
43,128760.32,1,0,0.0,0.0,1.0
43,0.0,2,0,0.0,0.0,1.0
37,177069.24,2,1,0.0,0.0,1.0
39,0.0,2,0,0.0,1.0,0.0
38,86977.96,1,1,0.0,0.0,1.0
37,0.0,1,0,0.0,0.0,0.0
27,0.0,2,0,0.0,0.0,1.0
33,128135.99,1,0,1.0,0.0,1.0
62,43772.66,3,0,0.0,0.0,1.0
49,98649.55,1,0,1.0,0.0,1.0
30,135422.31,1,1,0.0,0.0,0.0
38,183102.29,1,1,1.0,0.0,1.0
51,0.0,1,1,0.0,1.0,0.0
55,0.0,1,1,0.0,0.0,0.0
31,102575.04,1,1,0.0,0.0,0.0
44,152509.25,1,1,0.0,0.0,0.0
36,44054.84,1,1,0.0,1.0,0.0
33,0.0,2,1,0.0,1.0,1.0
42,101979.16,1,0,1.0,0.0,0.0
43,125211.92,1,1,0.0,0.0,1.0
36,0.0,1,0,0.0,0.0,0.0
43,148962.76,1,1,1.0,0.0,1.0
34,0.0,1,1,0.0,0.0,0.0
39,0.0,1,0,0.0,1.0,1.0
43,95984.21,1,1,1.0,0.0,0.0
30,92472.1,2,1,0.0,0.0,0.0
44,114203.47,1,1,1.0,0.0,1.0
42,0.0,2,1,0.0,1.0,0.0
43,112499.42,2,0,0.0,0.0,1.0
46,119492.88,2,1,1.0,0.0,0.0
41,126619.27,1,0,0.0,0.0,0.0
37,0.0,2,1,0.0,0.0,0.0
46,127660.46,2,0,0.0,1.0,0.0
58,0.0,1,1,0.0,0.0,1.0
40,96202.32,1,0,1.0,0.0,0.0
35,74988.59,2,1,0.0,0.0,0.0
57,0.0,1,0,0.0,0.0,1.0
51,79811.72,2,1,0.0,1.0,1.0
22,0.0,2,1,0.0,0.0,0.0
52,0.0,2,1,0.0,0.0,1.0
31,52192.08,2,1,0.0,0.0,0.0
43,81076.8,2,1,0.0,0.0,1.0
33,103121.33,2,1,0.0,1.0,0.0
39,129674.89,2,0,0.0,0.0,1.0
59,137648.41,1,0,1.0,0.0,0.0
32,0.0,2,1,0.0,0.0,1.0
29,106059.4,1,0,1.0,0.0,0.0
33,96759.42,1,1,1.0,0.0,1.0
33,132603.36,1,0,1.0,0.0,1.0
45,121874.89,1,0,1.0,0.0,0.0
37,0.0,2,0,0.0,0.0,1.0
33,0.0,2,1,0.0,1.0,1.0
35,90413.12,1,1,0.0,0.0,0.0
55,0.0,2,1,0.0,1.0,1.0
20,137624.4,2,1,0.0,0.0,1.0
29,0.0,2,0,0.0,0.0,0.0
50,109062.28,1,1,1.0,0.0,0.0
55,0.0,1,0,0.0,0.0,1.0
25,104013.79,1,0,1.0,0.0,1.0
34,0.0,1,0,0.0,1.0,0.0
74,161371.5,1,1,1.0,0.0,0.0
73,124730.26,1,1,1.0,0.0,1.0
32,0.0,2,0,0.0,0.0,0.0
26,0.0,2,1,0.0,0.0,0.0
19,125860.2,1,0,1.0,0.0,1.0
43,0.0,1,1,0.0,0.0,0.0
61,0.0,2,1,0.0,0.0,0.0
30,79871.02,2,0,1.0,0.0,0.0
54,172192.49,1,1,1.0,0.0,1.0
30,176173.52,1,0,0.0,0.0,0.0
25,150355.35,2,1,1.0,0.0,0.0
41,154007.21,1,0,1.0,0.0,0.0
40,0.0,1,0,0.0,0.0,0.0
44,83870.33,1,0,0.0,1.0,1.0
35,124151.09,1,0,0.0,0.0,0.0
32,95153.77,1,1,0.0,1.0,0.0
34,0.0,2,1,0.0,0.0,0.0
45,103821.47,2,1,0.0,0.0,0.0
31,112211.61,1,0,0.0,0.0,1.0
46,0.0,1,0,0.0,0.0,0.0
30,0.0,2,1,0.0,0.0,0.0
42,0.0,2,0,0.0,0.0,1.0
45,135827.33,2,1,1.0,0.0,1.0
30,0.0,2,1,0.0,1.0,1.0
34,152806.74,1,0,0.0,1.0,1.0
24,0.0,2,0,0.0,0.0,0.0
34,0.0,1,0,0.0,1.0,1.0
30,153972.89,2,0,0.0,0.0,1.0
32,0.0,2,0,0.0,0.0,0.0
33,135946.26,1,0,0.0,0.0,0.0
41,119782.72,2,0,0.0,1.0,1.0
29,151012.55,2,0,0.0,1.0,1.0
50,76817.0,4,0,0.0,0.0,1.0
42,0.0,1,0,0.0,1.0,0.0
44,128605.32,1,1,1.0,0.0,0.0
26,0.0,2,0,0.0,1.0,1.0
41,0.0,2,1,0.0,0.0,0.0
36,133686.52,1,0,0.0,1.0,0.0
52,0.0,1,1,0.0,1.0,1.0
49,141434.04,1,0,0.0,1.0,0.0
36,115462.02,1,1,1.0,0.0,1.0
37,130922.81,2,0,0.0,1.0,0.0
61,0.0,1,0,0.0,0.0,1.0
61,125921.37,1,1,0.0,1.0,1.0
39,182491.57,1,0,1.0,0.0,0.0
51,0.0,3,0,0.0,0.0,1.0
35,110245.13,1,1,1.0,0.0,1.0
29,0.0,2,0,0.0,1.0,0.0
37,113865.23,2,1,1.0,0.0,0.0
38,0.0,2,1,0.0,1.0,0.0
34,0.0,2,0,0.0,1.0,1.0
31,164003.05,2,1,0.0,0.0,0.0
51,141556.96,1,0,0.0,0.0,1.0
60,0.0,2,1,0.0,0.0,0.0
41,134318.21,2,1,1.0,0.0,1.0
21,121827.43,2,1,1.0,0.0,0.0
50,121399.98,1,1,1.0,0.0,1.0
47,158623.14,1,0,0.0,0.0,1.0
55,109339.17,2,0,1.0,0.0,1.0
44,23503.31,1,1,0.0,0.0,0.0
63,137715.66,1,1,0.0,1.0,0.0
33,112833.35,1,1,0.0,0.0,1.0
33,0.0,2,1,0.0,1.0,1.0
64,128751.65,2,0,1.0,0.0,0.0
43,202443.47,1,0,0.0,0.0,1.0
39,0.0,2,0,0.0,1.0,0.0
63,70655.48,1,0,0.0,0.0,1.0
45,179334.83,2,1,1.0,0.0,1.0
38,0.0,2,0,0.0,0.0,1.0
40,0.0,2,1,0.0,0.0,0.0
44,179356.28,2,0,0.0,1.0,0.0
35,0.0,1,0,0.0,1.0,0.0
48,114169.16,1,0,1.0,0.0,1.0
35,161274.05,2,0,0.0,0.0,1.0
27,128940.24,1,0,0.0,0.0,1.0
36,0.0,1,0,0.0,0.0,1.0
71,83116.68,1,1,0.0,0.0,1.0
25,0.0,2,1,0.0,1.0,1.0
31,0.0,2,0,0.0,0.0,1.0
40,100275.88,1,0,1.0,0.0,1.0
39,0.0,2,1,0.0,1.0,1.0
29,0.0,2,0,0.0,1.0,1.0
30,32197.64,1,1,1.0,0.0,0.0
38,97257.41,2,1,0.0,1.0,0.0
30,111099.79,2,0,0.0,0.0,1.0
37,170057.62,1,1,1.0,0.0,0.0
51,0.0,3,1,0.0,0.0,1.0
35,0.0,2,1,0.0,0.0,1.0
38,115934.74,1,1,0.0,0.0,1.0
38,124976.19,1,0,0.0,0.0,1.0
71,0.0,2,1,0.0,1.0,1.0
33,115130.34,1,0,1.0,0.0,1.0
42,133701.07,2,0,0.0,0.0,1.0
39,0.0,2,1,0.0,0.0,1.0
28,0.0,1,0,0.0,1.0,1.0
37,101438.0,1,0,1.0,0.0,1.0
37,123806.28,1,0,0.0,0.0,0.0
41,146466.46,2,0,0.0,1.0,1.0
33,0.0,2,1,0.0,0.0,0.0
35,127543.11,2,0,1.0,0.0,0.0
35,121520.36,1,0,1.0,0.0,0.0
36,117700.86,1,0,1.0,0.0,0.0
36,127675.39,2,0,1.0,0.0,0.0
41,94521.17,2,0,0.0,1.0,0.0
39,0.0,2,1,0.0,1.0,0.0
34,131736.88,1,1,1.0,0.0,0.0
43,113034.31,1,1,0.0,1.0,1.0
20,121093.29,2,0,1.0,0.0,0.0
32,0.0,2,0,0.0,0.0,1.0
69,115462.44,1,0,0.0,1.0,1.0
31,132084.66,3,1,0.0,0.0,1.0
33,0.0,2,0,0.0,0.0,0.0
45,151421.44,1,1,1.0,0.0,1.0
46,129269.27,1,0,1.0,0.0,1.0
31,150604.52,1,0,1.0,0.0,1.0
36,0.0,2,1,0.0,0.0,0.0
22,114415.84,1,1,0.0,0.0,0.0
25,146566.01,1,1,1.0,0.0,0.0
41,87541.06,2,1,1.0,0.0,0.0
43,133237.21,1,0,0.0,0.0,1.0
33,0.0,1,0,0.0,0.0,0.0
30,0.0,2,1,0.0,0.0,0.0
54,133656.91,3,0,1.0,0.0,0.0
75,0.0,2,1,0.0,1.0,0.0
44,161889.79,1,0,0.0,0.0,1.0
71,183135.39,2,1,0.0,0.0,1.0
44,0.0,2,1,0.0,0.0,0.0
32,0.0,2,0,0.0,1.0,0.0
33,83501.66,2,0,1.0,0.0,1.0
35,0.0,2,1,0.0,0.0,0.0
42,0.0,2,0,0.0,0.0,1.0
50,121498.11,2,1,1.0,0.0,0.0
33,144753.21,1,1,1.0,0.0,0.0
30,112543.42,1,1,0.0,0.0,0.0
33,0.0,2,0,0.0,0.0,0.0
38,65962.63,1,1,0.0,0.0,1.0
32,0.0,2,1,0.0,0.0,1.0
25,182876.88,2,1,0.0,1.0,1.0
40,0.0,2,1,0.0,1.0,1.0
29,0.0,2,0,0.0,1.0,1.0
36,126477.42,1,0,0.0,0.0,1.0
49,116933.11,1,0,1.0,0.0,1.0
40,113348.14,1,0,0.0,0.0,1.0
24,122109.78,1,1,0.0,1.0,1.0
55,118793.6,1,1,0.0,0.0,1.0
41,0.0,2,0,0.0,0.0,1.0
43,0.0,1,1,0.0,0.0,0.0
34,165312.27,1,0,0.0,0.0,1.0
40,129860.37,1,0,0.0,0.0,0.0
46,170826.55,2,0,1.0,0.0,1.0
81,0.0,2,1,0.0,0.0,0.0
33,191523.09,1,1,0.0,0.0,1.0
32,144705.87,2,0,0.0,0.0,0.0
26,108348.66,1,0,1.0,0.0,0.0
40,160818.08,1,1,0.0,0.0,1.0
42,145988.65,2,1,0.0,0.0,0.0
61,66250.71,1,1,0.0,0.0,1.0
41,109508.68,1,0,0.0,1.0,0.0
30,113672.18,2,0,0.0,1.0,1.0
39,151914.93,1,0,0.0,1.0,1.0
32,108262.87,1,1,1.0,0.0,0.0
40,0.0,2,1,0.0,1.0,1.0
32,84378.9,1,1,0.0,0.0,0.0
51,97750.07,3,1,1.0,0.0,1.0
38,94456.0,2,1,0.0,0.0,1.0
22,76318.64,1,1,0.0,0.0,0.0
30,0.0,2,0,0.0,0.0,1.0
30,53291.86,1,0,0.0,1.0,1.0
56,123785.24,1,0,0.0,0.0,0.0
33,89276.48,1,0,0.0,0.0,1.0
30,0.0,2,1,0.0,0.0,1.0
41,90605.29,1,1,0.0,0.0,1.0
43,170172.9,1,1,0.0,1.0,0.0
35,75915.75,1,0,0.0,0.0,1.0
35,0.0,2,0,0.0,1.0,0.0
31,0.0,2,1,0.0,0.0,0.0
46,117685.31,2,1,0.0,0.0,1.0
57,0.0,2,1,0.0,1.0,1.0
54,120633.42,1,0,0.0,0.0,0.0
34,0.0,2,1,0.0,1.0,1.0
36,0.0,2,1,0.0,1.0,0.0
38,72594.0,1,1,0.0,0.0,0.0
72,124978.19,2,1,1.0,0.0,0.0
29,82916.48,1,1,1.0,0.0,1.0
35,127283.78,1,1,0.0,1.0,1.0
35,123042.0,1,0,1.0,0.0,0.0
62,142724.48,1,1,1.0,0.0,0.0
29,0.0,2,1,0.0,0.0,0.0
44,0.0,1,1,0.0,1.0,0.0
35,121063.49,1,0,0.0,0.0,1.0
41,0.0,2,1,0.0,0.0,0.0
45,108231.37,1,1,1.0,0.0,1.0
54,75900.84,1,1,1.0,0.0,0.0
41,131341.46,2,1,1.0,0.0,1.0
37,157084.99,1,0,0.0,1.0,1.0
30,161378.02,1,0,1.0,0.0,0.0
32,110029.77,1,0,1.0,0.0,1.0
51,105056.13,1,0,0.0,0.0,0.0
66,111577.01,1,1,1.0,0.0,0.0
42,121490.05,1,1,0.0,1.0,1.0
49,0.0,2,0,0.0,0.0,0.0
44,136836.49,1,0,0.0,0.0,0.0
33,102017.25,2,0,0.0,0.0,0.0
34,0.0,2,0,0.0,1.0,0.0
42,121453.63,1,0,0.0,0.0,0.0
28,124695.72,2,0,1.0,0.0,1.0
34,148962.46,1,0,1.0,0.0,0.0
49,0.0,1,0,0.0,0.0,0.0
41,0.0,1,1,0.0,0.0,1.0
35,98585.94,2,1,1.0,0.0,1.0
36,0.0,2,1,0.0,0.0,1.0
40,163505.16,1,0,0.0,0.0,1.0
32,107209.73,1,1,0.0,0.0,1.0
31,0.0,2,1,0.0,1.0,1.0
39,48023.83,1,0,0.0,0.0,0.0
53,123805.03,1,0,1.0,0.0,0.0
47,63723.78,2,1,1.0,0.0,1.0
28,0.0,2,0,0.0,0.0,0.0
29,108541.04,1,1,0.0,0.0,0.0
46,105969.42,1,0,0.0,0.0,1.0
67,148564.66,1,1,0.0,1.0,1.0
32,0.0,1,1,0.0,0.0,1.0
35,137482.19,1,0,0.0,0.0,1.0
28,75381.15,1,1,0.0,0.0,1.0
42,139561.46,1,0,0.0,0.0,1.0
31,98108.79,1,1,0.0,1.0,1.0
38,148045.68,1,0,0.0,0.0,1.0
37,0.0,2,1,0.0,0.0,0.0
29,95947.76,1,0,0.0,0.0,0.0
30,136622.55,2,0,1.0,0.0,1.0
31,110071.1,1,0,0.0,1.0,1.0
25,142862.21,1,1,0.0,1.0,1.0
35,0.0,1,1,0.0,0.0,0.0
32,0.0,2,0,0.0,0.0,1.0
32,108586.86,1,1,1.0,0.0,1.0
42,59972.26,2,1,1.0,0.0,1.0
24,108058.07,2,1,0.0,1.0,1.0
37,113143.12,1,0,0.0,0.0,0.0
31,0.0,2,0,0.0,0.0,0.0
35,206868.78,2,1,1.0,0.0,0.0
38,0.0,2,0,0.0,1.0,1.0
66,86459.8,1,1,0.0,0.0,1.0
32,0.0,1,1,0.0,0.0,0.0
36,181671.16,2,1,1.0,0.0,1.0
39,83348.89,3,0,1.0,0.0,0.0
47,170935.94,1,0,1.0,0.0,0.0
41,0.0,2,0,0.0,0.0,0.0
25,60205.2,2,0,1.0,0.0,1.0
39,0.0,2,1,0.0,0.0,1.0
42,0.0,2,1,0.0,0.0,1.0
34,127122.79,3,1,1.0,0.0,0.0
35,136526.26,2,0,0.0,1.0,0.0
42,99263.09,1,1,0.0,0.0,1.0
35,131101.04,1,1,1.0,0.0,0.0
50,109387.9,1,0,1.0,0.0,1.0
33,138847.9,1,1,1.0,0.0,0.0
33,0.0,2,1,0.0,0.0,0.0
38,117633.28,1,1,1.0,0.0,1.0
33,0.0,1,1,0.0,0.0,1.0
65,0.0,1,1,0.0,0.0,1.0
46,0.0,2,0,0.0,0.0,0.0
32,175307.32,1,0,0.0,0.0,1.0
40,128644.46,1,0,1.0,0.0,0.0
28,159900.38,1,0,0.0,1.0,1.0
30,0.0,2,1,0.0,0.0,0.0
59,190353.08,1,0,1.0,0.0,0.0
47,142382.03,1,1,0.0,0.0,1.0
26,0.0,2,1,0.0,0.0,0.0
44,119530.52,1,0,1.0,0.0,1.0
27,106414.57,2,0,0.0,0.0,0.0
44,0.0,1,1,0.0,0.0,0.0
55,159441.27,1,0,0.0,0.0,0.0
44,98862.54,1,0,0.0,0.0,1.0
34,0.0,1,1,0.0,0.0,1.0
58,0.0,2,1,0.0,0.0,1.0
49,0.0,2,0,0.0,0.0,1.0
34,137239.17,1,1,1.0,0.0,0.0
56,90778.76,2,0,0.0,1.0,0.0
31,78990.15,1,1,0.0,0.0,1.0
34,91622.42,1,1,1.0,0.0,0.0
37,183613.66,2,0,0.0,0.0,0.0
25,0.0,2,1,0.0,1.0,0.0
40,171325.98,1,1,0.0,1.0,0.0
30,131406.56,1,1,0.0,0.0,1.0
57,101465.31,1,0,1.0,0.0,0.0
34,0.0,2,1,0.0,0.0,0.0
45,114959.12,1,0,0.0,0.0,0.0
34,151839.26,1,0,0.0,1.0,1.0
67,149436.73,2,1,0.0,0.0,1.0
35,0.0,2,0,0.0,0.0,1.0
29,0.0,2,1,0.0,1.0,0.0
33,0.0,2,0,0.0,1.0,0.0
38,0.0,2,0,0.0,1.0,0.0
41,82161.7,2,0,1.0,0.0,0.0
41,0.0,2,0,0.0,1.0,0.0
37,79731.91,1,1,1.0,0.0,1.0
38,0.0,2,0,0.0,0.0,1.0
35,0.0,2,1,0.0,0.0,0.0
34,95039.73,2,1,1.0,0.0,1.0
31,0.0,2,0,0.0,0.0,0.0
31,58662.92,2,1,0.0,0.0,1.0
29,180520.29,1,1,1.0,0.0,0.0
34,204017.4,2,0,1.0,0.0,1.0
46,102785.16,1,1,1.0,0.0,0.0
31,121461.87,1,1,0.0,1.0,1.0
39,0.0,2,0,0.0,1.0,1.0
50,125647.36,1,0,0.0,0.0,1.0
54,83102.72,2,1,0.0,1.0,0.0
40,109681.61,1,1,0.0,1.0,1.0
52,0.0,1,1,0.0,1.0,0.0
37,0.0,2,0,0.0,1.0,1.0
33,124125.26,1,0,1.0,0.0,1.0
44,107726.93,2,0,0.0,1.0,1.0
40,0.0,2,0,0.0,0.0,0.0
42,92578.14,2,0,0.0,0.0,0.0
36,92716.96,1,1,0.0,1.0,0.0
49,171787.84,2,0,1.0,0.0,1.0
38,0.0,2,1,0.0,1.0,0.0
20,0.0,2,1,0.0,1.0,1.0
28,191402.82,2,0,0.0,0.0,1.0
20,0.0,1,1,0.0,0.0,0.0
42,102936.72,1,0,0.0,0.0,1.0
42,0.0,2,0,0.0,0.0,1.0
24,0.0,2,1,0.0,1.0,0.0
24,0.0,1,0,0.0,0.0,0.0
52,151457.88,1,1,0.0,0.0,1.0
38,115341.55,1,1,0.0,0.0,1.0
22,154377.3,1,1,0.0,0.0,1.0
32,170291.22,2,1,1.0,0.0,1.0
41,81733.74,2,0,1.0,0.0,0.0
35,124616.23,1,1,0.0,0.0,1.0
35,110046.93,2,0,0.0,1.0,1.0
32,136659.74,1,1,0.0,1.0,1.0
34,125474.44,1,0,0.0,0.0,0.0
71,170252.05,3,1,0.0,0.0,0.0
33,130367.87,1,0,1.0,0.0,0.0
29,0.0,2,0,0.0,1.0,1.0
40,137285.26,4,0,0.0,0.0,0.0
28,0.0,2,0,0.0,0.0,0.0
38,137654.05,2,1,0.0,0.0,0.0
37,133200.09,1,0,1.0,0.0,0.0
31,143966.3,2,1,1.0,0.0,1.0
68,0.0,2,1,0.0,0.0,1.0
30,0.0,2,1,0.0,0.0,1.0
53,89550.85,1,1,0.0,0.0,0.0
30,156660.72,2,0,0.0,0.0,1.0
37,156091.97,1,0,0.0,0.0,0.0
31,174853.46,1,0,0.0,1.0,0.0
28,110976.23,2,0,0.0,0.0,1.0
35,0.0,2,1,0.0,1.0,1.0
27,0.0,2,1,0.0,1.0,0.0
37,0.0,2,1,0.0,0.0,1.0
56,0.0,3,1,0.0,0.0,0.0
26,0.0,2,1,0.0,1.0,1.0
35,171982.95,2,1,1.0,0.0,0.0
41,89763.84,1,0,0.0,1.0,0.0
39,0.0,1,0,0.0,0.0,0.0
28,137222.77,1,0,0.0,0.0,1.0
37,155187.3,1,0,0.0,1.0,1.0
25,115142.9,1,1,1.0,0.0,1.0
43,161256.53,1,1,0.0,0.0,1.0
44,0.0,2,0,0.0,0.0,0.0
38,128718.78,1,0,0.0,1.0,1.0
50,126608.37,1,1,1.0,0.0,1.0
52,112383.03,1,0,1.0,0.0,0.0
50,117565.03,2,0,0.0,0.0,0.0
56,0.0,1,0,0.0,0.0,1.0
42,0.0,2,0,0.0,1.0,1.0
35,0.0,3,0,0.0,1.0,1.0
32,0.0,2,1,0.0,1.0,1.0
36,0.0,1,0,0.0,0.0,0.0
50,0.0,2,0,0.0,1.0,1.0
34,111388.18,2,0,1.0,0.0,0.0
35,0.0,2,0,0.0,1.0,1.0
40,139930.18,1,1,0.0,0.0,1.0
34,100337.96,3,0,1.0,0.0,1.0
43,150805.17,3,1,1.0,0.0,1.0
43,0.0,2,1,0.0,0.0,0.0
55,149349.58,3,0,1.0,0.0,0.0
38,117314.92,1,0,1.0,0.0,0.0
42,0.0,2,0,0.0,0.0,0.0
32,111537.23,4,1,1.0,0.0,0.0
28,0.0,2,1,0.0,0.0,0.0
35,154206.07,2,1,1.0,0.0,0.0
54,134388.11,1,0,1.0,0.0,1.0
35,147127.81,2,1,1.0,0.0,1.0
37,0.0,2,0,0.0,1.0,1.0
33,97188.62,1,0,0.0,1.0,1.0
34,74197.38,2,0,0.0,0.0,0.0
36,0.0,2,1,0.0,1.0,1.0
33,0.0,1,0,0.0,0.0,1.0
44,0.0,2,0,0.0,0.0,0.0
28,0.0,2,1,0.0,1.0,1.0
43,129264.05,2,0,1.0,0.0,0.0
39,0.0,3,0,0.0,0.0,1.0
24,133811.78,1,0,1.0,0.0,1.0
31,0.0,2,1,0.0,0.0,1.0
47,0.0,2,0,0.0,0.0,1.0
33,0.0,2,0,0.0,1.0,1.0
38,90957.81,1,1,0.0,0.0,1.0
73,170241.7,2,1,0.0,0.0,1.0
22,0.0,2,0,0.0,0.0,1.0
31,161171.7,2,0,0.0,0.0,1.0
49,180614.04,1,0,0.0,0.0,1.0
34,98382.72,1,0,0.0,1.0,1.0
24,95741.75,1,0,0.0,0.0,1.0
48,0.0,1,0,0.0,0.0,0.0
37,169902.92,1,1,0.0,1.0,1.0
38,0.0,1,1,0.0,1.0,1.0
40,148556.74,1,1,0.0,0.0,1.0
34,0.0,2,0,0.0,0.0,1.0
40,147171.2,1,1,1.0,0.0,0.0
26,84006.88,2,0,0.0,0.0,1.0
45,158621.04,1,0,0.0,0.0,0.0
41,0.0,2,1,0.0,0.0,1.0
27,0.0,2,1,0.0,1.0,0.0
36,114997.42,1,0,0.0,0.0,0.0
50,90305.76,1,1,0.0,0.0,1.0
44,125584.17,2,1,1.0,0.0,0.0
46,131764.96,1,1,0.0,1.0,1.0
46,130812.91,1,1,1.0,0.0,1.0
38,0.0,2,0,0.0,0.0,0.0
55,44020.89,1,0,0.0,0.0,0.0
27,112045.67,1,1,1.0,0.0,0.0
29,0.0,2,0,0.0,1.0,0.0
26,157624.84,1,1,0.0,0.0,0.0
34,142393.11,1,1,1.0,0.0,1.0
33,66220.17,1,1,0.0,1.0,1.0
40,0.0,1,1,0.0,0.0,1.0
38,182065.85,1,0,0.0,0.0,0.0
24,149592.14,1,1,0.0,1.0,0.0
39,0.0,2,1,0.0,0.0,0.0
27,121325.84,1,1,0.0,0.0,1.0
36,106192.1,1,0,0.0,0.0,1.0
68,110357.0,1,0,1.0,0.0,0.0
38,0.0,2,0,0.0,0.0,0.0
30,0.0,2,0,0.0,0.0,1.0
21,0.0,2,1,0.0,0.0,0.0
31,114519.57,2,1,0.0,0.0,0.0
27,155879.09,2,0,0.0,0.0,0.0
28,88963.31,2,1,0.0,0.0,1.0
42,113657.41,2,1,1.0,0.0,0.0
47,0.0,2,0,0.0,0.0,0.0
36,0.0,2,0,0.0,0.0,0.0
69,0.0,1,1,0.0,1.0,0.0
53,109330.06,1,1,0.0,1.0,0.0
24,102773.2,2,0,1.0,0.0,1.0
38,129378.32,1,1,0.0,1.0,1.0
33,128306.83,1,1,0.0,0.0,0.0
38,117810.79,1,1,0.0,0.0,1.0
36,0.0,2,0,0.0,0.0,0.0
49,0.0,1,1,0.0,0.0,0.0
38,129055.13,1,0,1.0,0.0,0.0
48,102962.62,1,0,1.0,0.0,0.0
46,62400.48,1,1,0.0,1.0,1.0
39,70657.61,2,1,0.0,0.0,1.0
56,0.0,1,0,0.0,0.0,0.0
37,149762.08,1,0,0.0,0.0,1.0
60,85891.55,1,0,0.0,0.0,1.0
31,125167.02,1,0,0.0,1.0,1.0
61,0.0,2,1,0.0,0.0,1.0
51,127545.56,2,0,1.0,0.0,1.0
42,0.0,2,0,0.0,0.0,0.0
46,0.0,2,1,0.0,0.0,1.0
47,0.0,2,0,0.0,0.0,1.0
24,143221.35,2,0,1.0,0.0,1.0
39,0.0,2,0,0.0,0.0,1.0
45,0.0,2,1,0.0,1.0,0.0
35,0.0,1,0,0.0,0.0,0.0
33,150092.8,1,0,0.0,1.0,1.0
33,56084.69,2,0,0.0,1.0,1.0
46,0.0,1,1,0.0,0.0,0.0
36,96643.32,1,0,1.0,0.0,1.0
24,135125.28,1,0,0.0,0.0,1.0
40,0.0,2,0,0.0,1.0,0.0
39,0.0,1,1,0.0,0.0,0.0
38,130170.82,1,1,1.0,0.0,1.0
32,138901.61,1,0,0.0,1.0,0.0
35,148172.44,1,1,0.0,0.0,1.0
34,147422.44,1,1,0.0,1.0,1.0
57,0.0,2,1,0.0,1.0,0.0
39,117103.26,2,1,0.0,0.0,0.0
27,0.0,1,0,0.0,0.0,0.0
31,0.0,2,1,0.0,1.0,0.0
42,0.0,1,0,0.0,0.0,1.0
47,99353.42,1,0,1.0,0.0,1.0
32,0.0,1,1,0.0,0.0,1.0
49,116150.65,3,1,1.0,0.0,1.0
39,88477.36,2,0,1.0,0.0,0.0
34,0.0,2,0,0.0,0.0,1.0
29,0.0,2,1,0.0,0.0,1.0
50,123936.54,1,1,1.0,0.0,0.0
31,125681.51,1,1,1.0,0.0,1.0
48,0.0,1,0,0.0,0.0,1.0
26,129109.02,1,0,0.0,0.0,0.0
36,91286.51,1,0,1.0,0.0,0.0
62,98854.34,1,0,1.0,0.0,1.0
42,178820.91,1,0,0.0,1.0,1.0
37,0.0,1,0,0.0,0.0,1.0
45,123949.75,1,0,1.0,0.0,1.0
41,0.0,2,1,0.0,1.0,1.0
31,0.0,1,1,0.0,0.0,0.0
32,0.0,2,0,0.0,0.0,0.0
36,0.0,1,0,0.0,0.0,0.0
35,0.0,1,1,0.0,0.0,1.0
26,109166.37,1,1,1.0,0.0,1.0
33,0.0,2,0,0.0,0.0,1.0
26,0.0,2,0,0.0,0.0,0.0
35,165982.43,2,1,1.0,0.0,0.0
36,0.0,1,1,0.0,0.0,1.0
46,0.0,2,0,0.0,0.0,1.0
35,123557.65,2,1,0.0,1.0,1.0
32,0.0,1,0,0.0,0.0,0.0
37,113817.06,1,0,0.0,1.0,0.0
25,108396.67,1,0,0.0,0.0,1.0
63,96134.11,3,0,0.0,1.0,1.0
43,0.0,2,0,0.0,0.0,0.0
52,143542.36,3,0,0.0,1.0,0.0
35,114321.28,2,0,0.0,0.0,0.0
29,106230.92,1,1,1.0,0.0,0.0
30,80964.57,2,0,0.0,0.0,1.0
37,121231.39,1,1,0.0,1.0,0.0
32,106520.73,2,0,1.0,0.0,1.0
48,0.0,2,1,0.0,1.0,1.0
36,0.0,2,1,0.0,0.0,1.0
73,137761.55,1,1,0.0,1.0,1.0
45,116546.59,2,0,1.0,0.0,1.0
38,102133.38,1,1,0.0,0.0,0.0
40,0.0,1,1,0.0,0.0,1.0
33,77253.22,1,1,0.0,1.0,1.0
73,0.0,2,1,0.0,0.0,0.0
28,0.0,1,0,0.0,0.0,0.0
37,0.0,3,1,0.0,1.0,1.0
50,102645.48,1,0,1.0,0.0,1.0
39,76769.68,1,0,0.0,0.0,0.0
32,141827.33,2,1,1.0,0.0,1.0
46,78136.36,2,1,1.0,0.0,1.0
44,141252.18,4,1,0.0,0.0,1.0
20,0.0,2,1,0.0,1.0,1.0
27,131691.33,1,0,0.0,0.0,1.0
51,143930.92,1,1,1.0,0.0,0.0
42,0.0,1,1,0.0,0.0,0.0
30,119370.11,1,1,0.0,1.0,0.0
38,99167.54,1,0,1.0,0.0,0.0
38,128218.47,1,0,1.0,0.0,0.0
44,0.0,3,0,0.0,1.0,0.0
34,126558.92,1,0,0.0,0.0,0.0
53,88381.21,1,0,0.0,0.0,0.0
42,118274.71,1,1,0.0,0.0,1.0
31,119266.69,1,1,0.0,0.0,1.0
29,156569.43,1,0,0.0,0.0,0.0
41,62078.21,2,0,1.0,0.0,1.0
38,0.0,2,1,0.0,0.0,0.0
51,126725.25,1,0,1.0,0.0,1.0
34,0.0,2,1,0.0,0.0,0.0
29,107000.49,1,1,0.0,0.0,1.0
47,198546.1,2,0,0.0,0.0,1.0
22,0.0,2,0,0.0,1.0,0.0
32,148326.09,1,0,0.0,0.0,0.0
41,0.0,2,0,0.0,0.0,0.0
37,153366.13,1,1,1.0,0.0,1.0
45,120961.5,3,1,1.0,0.0,1.0
33,0.0,2,0,0.0,1.0,1.0
53,75225.53,2,0,0.0,1.0,0.0
62,64667.95,2,1,0.0,0.0,0.0
42,0.0,2,0,0.0,0.0,0.0
46,0.0,2,0,0.0,0.0,0.0
37,100252.18,1,1,0.0,1.0,1.0
35,118536.4,1,0,1.0,0.0,0.0
42,105021.28,1,0,0.0,1.0,0.0
48,143595.87,1,0,1.0,0.0,0.0
34,0.0,2,1,0.0,0.0,1.0
40,0.0,2,1,0.0,0.0,1.0
37,106453.53,2,1,1.0,0.0,0.0
46,0.0,2,0,0.0,1.0,0.0
36,109632.85,1,1,0.0,1.0,1.0
52,0.0,1,0,0.0,0.0,0.0
46,0.0,3,0,0.0,0.0,0.0
51,107714.74,3,0,1.0,0.0,1.0
40,0.0,1,1,0.0,0.0,1.0
68,0.0,2,1,0.0,0.0,1.0
37,143452.74,2,1,1.0,0.0,1.0
47,102562.23,1,0,0.0,1.0,1.0
38,101430.3,2,1,0.0,0.0,0.0
42,152039.7,1,1,1.0,0.0,1.0
38,71460.67,2,1,0.0,1.0,1.0
30,140916.81,1,0,0.0,0.0,1.0
45,91091.06,2,0,0.0,1.0,0.0
44,0.0,4,0,0.0,0.0,1.0
36,0.0,2,0,0.0,1.0,1.0
57,0.0,1,0,0.0,1.0,0.0
32,185714.28,1,1,0.0,0.0,1.0
29,92887.13,1,1,1.0,0.0,1.0
26,0.0,2,1,0.0,1.0,1.0
35,0.0,2,0,0.0,0.0,0.0
42,119624.6,2,1,1.0,0.0,1.0
23,113923.81,2,0,0.0,0.0,0.0
45,0.0,2,1,0.0,0.0,1.0
32,108698.96,2,1,0.0,0.0,0.0
63,114715.71,1,1,0.0,0.0,0.0
26,149144.61,1,1,0.0,0.0,1.0
43,71240.3,1,1,0.0,0.0,1.0
34,0.0,2,0,0.0,1.0,1.0
33,138335.96,1,1,1.0,0.0,0.0
29,147737.63,1,1,0.0,0.0,1.0
28,118402.25,2,0,1.0,0.0,1.0
36,0.0,2,1,0.0,1.0,0.0
32,46161.18,1,1,0.0,1.0,1.0
30,133537.1,2,0,1.0,0.0,0.0
45,118626.55,2,0,0.0,0.0,1.0
44,105206.7,2,1,1.0,0.0,0.0
28,123674.28,2,1,1.0,0.0,1.0
30,154159.51,1,0,1.0,0.0,0.0
35,0.0,2,1,0.0,0.0,0.0
44,63438.91,1,0,0.0,0.0,1.0
33,0.0,1,0,0.0,0.0,1.0
42,156864.2,2,0,0.0,0.0,1.0
54,0.0,1,0,0.0,0.0,0.0
46,123571.77,3,1,1.0,0.0,1.0
50,163085.79,1,1,0.0,1.0,1.0
23,0.0,2,1,0.0,0.0,0.0
32,93012.89,1,0,0.0,0.0,1.0
31,175477.15,1,1,0.0,0.0,1.0
33,154969.79,2,1,1.0,0.0,0.0
40,101993.12,1,1,0.0,1.0,0.0
32,83161.65,1,1,0.0,0.0,1.0
34,0.0,1,1,0.0,1.0,1.0
34,107556.06,2,0,0.0,1.0,0.0
36,97234.58,1,0,0.0,0.0,1.0
35,138718.92,1,1,1.0,0.0,1.0
42,0.0,2,1,0.0,1.0,1.0
30,0.0,2,1,0.0,0.0,1.0
29,75395.53,2,1,1.0,0.0,1.0
30,134366.42,1,0,1.0,0.0,1.0
32,40172.91,1,1,1.0,0.0,1.0
43,86394.14,1,1,0.0,0.0,1.0
40,0.0,2,1,0.0,0.0,0.0
36,129934.64,1,0,0.0,1.0,1.0
49,127421.78,2,0,1.0,0.0,0.0
24,69881.09,2,1,1.0,0.0,0.0
23,166070.48,2,0,1.0,0.0,0.0
50,92895.56,1,0,1.0,0.0,0.0
26,0.0,2,1,0.0,1.0,1.0
41,141749.68,1,1,1.0,0.0,1.0
35,82453.96,2,0,1.0,0.0,0.0
38,171848.38,1,0,0.0,1.0,0.0
50,113957.01,2,0,1.0,0.0,1.0
32,96709.07,2,0,1.0,0.0,1.0
29,104982.57,1,0,0.0,0.0,0.0
35,103060.63,1,0,1.0,0.0,0.0
27,0.0,1,1,0.0,1.0,0.0
39,0.0,2,1,0.0,1.0,1.0
20,117356.19,1,0,1.0,0.0,0.0
39,0.0,2,0,0.0,0.0,1.0
45,57784.22,1,0,0.0,1.0,0.0
37,121801.72,2,1,1.0,0.0,0.0
56,121235.05,2,1,0.0,0.0,0.0
46,0.0,2,0,0.0,0.0,1.0
32,94753.55,2,1,1.0,0.0,0.0
38,121021.05,1,1,0.0,1.0,0.0
35,81951.74,2,0,0.0,0.0,1.0
34,0.0,2,0,0.0,0.0,0.0
35,0.0,2,0,0.0,0.0,0.0
74,121276.32,1,1,0.0,0.0,0.0
76,95052.29,1,0,1.0,0.0,0.0
39,129068.54,2,1,0.0,0.0,0.0
41,102827.44,1,1,0.0,1.0,1.0
37,0.0,2,1,0.0,0.0,1.0
39,49572.73,1,0,0.0,0.0,0.0
66,182532.23,2,1,1.0,0.0,1.0
40,0.0,2,0,0.0,1.0,0.0
30,0.0,2,0,0.0,0.0,0.0
31,103696.97,3,0,0.0,0.0,0.0
43,114091.38,1,1,1.0,0.0,1.0
40,0.0,2,0,0.0,0.0,1.0
40,0.0,1,0,0.0,0.0,1.0
48,120568.41,1,0,1.0,0.0,0.0
44,0.0,1,0,0.0,0.0,0.0
43,125851.93,1,1,0.0,0.0,0.0
39,0.0,2,0,0.0,0.0,1.0
56,0.0,1,0,0.0,0.0,0.0
37,113488.68,1,0,1.0,0.0,1.0
51,123372.3,1,1,0.0,0.0,1.0
35,0.0,2,1,0.0,1.0,1.0
29,0.0,2,1,0.0,0.0,1.0
30,0.0,2,1,0.0,1.0,0.0
33,134678.13,1,0,1.0,0.0,0.0
36,0.0,2,1,0.0,0.0,1.0
33,126524.11,1,0,1.0,0.0,1.0
46,115074.02,2,0,1.0,0.0,0.0
49,93817.41,2,1,0.0,0.0,1.0
45,138825.19,1,0,0.0,0.0,1.0
45,114347.85,2,1,0.0,1.0,0.0
48,138311.76,1,1,1.0,0.0,0.0
40,134590.21,1,1,1.0,0.0,0.0
32,0.0,2,1,0.0,1.0,0.0
31,108632.48,1,1,0.0,1.0,1.0
26,0.0,2,0,0.0,1.0,1.0
70,77356.92,2,1,1.0,0.0,1.0
46,81576.75,1,1,0.0,1.0,0.0
28,79460.98,2,1,1.0,0.0,1.0
36,147137.74,1,1,1.0,0.0,1.0
62,108716.59,2,1,1.0,0.0,1.0
21,109130.96,2,1,0.0,0.0,1.0
34,0.0,2,0,0.0,0.0,0.0
61,0.0,2,1,0.0,0.0,1.0
29,101713.84,3,0,1.0,0.0,0.0
32,0.0,2,0,0.0,0.0,0.0
40,75893.11,2,0,0.0,0.0,0.0
24,141078.57,1,1,0.0,1.0,1.0
31,0.0,2,0,0.0,0.0,0.0
61,125193.96,1,1,1.0,0.0,0.0
34,0.0,1,1,0.0,0.0,0.0
34,161588.89,1,1,0.0,0.0,1.0
38,132591.36,1,1,1.0,0.0,0.0
57,0.0,1,1,0.0,0.0,1.0
35,163943.89,2,1,0.0,0.0,0.0
31,157120.86,2,0,0.0,0.0,1.0
44,111369.79,2,1,1.0,0.0,1.0
41,0.0,2,1,0.0,0.0,0.0
32,96106.83,1,1,1.0,0.0,1.0
36,78381.13,1,1,0.0,1.0,1.0
63,126473.33,1,1,0.0,0.0,0.0
24,100169.51,1,0,0.0,0.0,0.0
40,84390.8,2,1,0.0,0.0,0.0
56,0.0,2,1,0.0,1.0,0.0
42,56228.25,1,0,0.0,0.0,0.0
37,121532.17,2,1,1.0,0.0,0.0
36,0.0,2,1,0.0,0.0,0.0
41,0.0,3,0,0.0,0.0,1.0
41,135756.96,1,1,0.0,0.0,0.0
28,0.0,2,1,0.0,1.0,1.0
32,0.0,2,1,0.0,1.0,0.0
40,141004.46,1,0,0.0,0.0,1.0
28,126315.26,1,0,1.0,0.0,1.0
41,126605.14,1,1,0.0,1.0,0.0
37,0.0,1,0,0.0,0.0,1.0
39,159492.79,1,0,1.0,0.0,1.0
35,0.0,2,1,0.0,1.0,1.0
44,0.0,3,1,0.0,1.0,0.0
28,0.0,1,1,0.0,1.0,0.0
34,108653.93,1,1,0.0,1.0,1.0
41,0.0,2,0,0.0,1.0,1.0
48,0.0,2,0,0.0,1.0,0.0
37,69609.85,1,1,0.0,0.0,0.0
33,0.0,2,0,0.0,1.0,1.0
37,0.0,2,1,0.0,0.0,0.0
40,45408.85,2,0,1.0,0.0,1.0
58,128468.69,1,1,0.0,1.0,1.0
22,0.0,2,0,0.0,0.0,1.0
34,146407.11,1,1,1.0,0.0,1.0
35,82231.51,2,0,0.0,1.0,0.0
25,157228.61,2,0,0.0,1.0,1.0
41,122189.66,2,0,1.0,0.0,0.0
24,111769.14,2,0,1.0,0.0,1.0
61,80538.56,1,0,0.0,0.0,0.0
26,107508.93,2,1,0.0,0.0,0.0
48,107247.69,1,1,1.0,0.0,1.0
33,122528.18,1,0,0.0,1.0,0.0
36,174180.39,1,0,0.0,1.0,0.0
29,0.0,2,0,0.0,1.0,1.0
32,0.0,2,1,0.0,0.0,1.0
54,92877.33,1,0,1.0,0.0,1.0
34,114543.27,1,1,0.0,0.0,1.0
43,154100.3,1,0,0.0,0.0,0.0
38,0.0,1,0,0.0,1.0,1.0
58,0.0,2,1,0.0,1.0,1.0
24,0.0,1,0,0.0,1.0,0.0
45,144677.19,3,0,1.0,0.0,1.0
35,0.0,2,1,0.0,1.0,0.0
37,128932.4,1,1,0.0,1.0,0.0
36,73194.99,1,1,1.0,0.0,1.0
36,53369.13,1,1,0.0,0.0,0.0
35,99967.76,1,1,1.0,0.0,1.0
42,164951.56,1,0,0.0,0.0,1.0
34,93244.42,1,1,1.0,0.0,0.0
39,0.0,2,0,0.0,0.0,1.0
35,69617.36,1,0,0.0,0.0,0.0
34,155973.88,1,0,0.0,0.0,1.0
43,0.0,2,1,0.0,0.0,0.0
33,131765.72,1,0,0.0,0.0,1.0
37,0.0,2,0,0.0,0.0,0.0
39,127631.62,1,1,1.0,0.0,1.0
35,118894.22,1,0,0.0,0.0,1.0
44,138076.47,1,0,1.0,0.0,1.0
30,117696.67,1,0,0.0,0.0,1.0
38,0.0,2,1,0.0,0.0,0.0
61,133802.29,2,1,1.0,0.0,1.0
44,0.0,2,0,0.0,1.0,1.0
22,0.0,3,0,0.0,1.0,1.0
41,0.0,3,0,0.0,0.0,1.0
29,105957.44,1,0,1.0,0.0,0.0
36,82696.09,2,0,0.0,1.0,1.0
35,119182.73,1,0,0.0,1.0,0.0
28,109161.25,1,0,0.0,1.0,1.0
24,110407.44,2,0,1.0,0.0,0.0
43,112088.04,2,1,1.0,0.0,1.0
35,103711.56,1,1,1.0,0.0,1.0
65,0.0,2,1,0.0,1.0,0.0
47,124192.28,2,1,1.0,0.0,0.0
46,174701.05,1,0,0.0,0.0,1.0
34,0.0,2,0,0.0,0.0,0.0
44,115451.05,2,0,0.0,0.0,1.0
55,97318.25,1,1,0.0,0.0,1.0
39,157691.98,2,0,0.0,1.0,1.0
33,95927.04,1,0,0.0,0.0,0.0
36,146050.97,2,0,1.0,0.0,1.0
59,0.0,1,0,0.0,0.0,1.0
27,0.0,2,0,0.0,0.0,0.0
26,57422.62,1,1,1.0,0.0,1.0
36,0.0,2,0,0.0,0.0,0.0
48,82794.18,1,0,1.0,0.0,0.0
37,124348.38,2,1,0.0,0.0,1.0
37,122304.65,2,0,1.0,0.0,0.0
24,0.0,2,0,0.0,0.0,1.0
38,124271.26,1,0,0.0,0.0,1.0
43,120481.69,1,0,1.0,0.0,0.0
29,59697.17,2,1,0.0,0.0,1.0
37,0.0,2,1,0.0,0.0,0.0
41,132670.53,1,0,1.0,0.0,0.0
54,145151.4,1,1,1.0,0.0,0.0
31,0.0,1,0,0.0,0.0,1.0
34,0.0,1,0,0.0,0.0,0.0
39,0.0,1,0,0.0,0.0,1.0
44,0.0,2,0,0.0,1.0,1.0
48,0.0,1,0,0.0,0.0,0.0
43,140080.32,3,1,1.0,0.0,1.0
41,0.0,2,1,0.0,0.0,1.0
45,0.0,1,1,0.0,0.0,1.0
38,0.0,2,0,0.0,0.0,0.0
37,0.0,2,0,0.0,0.0,1.0
29,0.0,2,1,0.0,0.0,1.0
40,99816.46,1,1,0.0,0.0,0.0
36,0.0,2,1,0.0,1.0,0.0
58,122330.7,2,1,0.0,1.0,1.0
76,134208.25,1,1,0.0,1.0,0.0
30,0.0,3,1,0.0,1.0,0.0
49,0.0,2,0,0.0,1.0,1.0
54,134249.7,1,1,0.0,1.0,1.0
38,0.0,2,1,0.0,0.0,0.0
45,47884.92,1,1,0.0,0.0,0.0
25,82506.72,2,0,1.0,0.0,1.0
42,162318.61,1,0,1.0,0.0,1.0
59,120170.07,1,1,1.0,0.0,0.0
41,124227.14,1,1,1.0,0.0,1.0
31,82729.47,2,0,1.0,0.0,0.0
19,0.0,2,0,0.0,1.0,0.0
35,161637.75,1,1,0.0,1.0,1.0
46,163764.84,1,1,0.0,1.0,0.0
29,0.0,2,0,0.0,0.0,1.0
41,0.0,1,0,0.0,1.0,1.0
44,111833.47,1,0,0.0,0.0,1.0
46,107238.85,2,0,0.0,0.0,0.0
29,46388.16,3,0,0.0,0.0,0.0
29,0.0,2,0,0.0,0.0,1.0
30,0.0,3,0,0.0,1.0,1.0
75,61319.63,1,1,1.0,0.0,1.0
45,105426.5,2,1,1.0,0.0,0.0
37,0.0,1,1,0.0,0.0,1.0
47,104552.61,1,0,1.0,0.0,0.0
27,0.0,2,0,0.0,0.0,0.0
46,115518.07,1,0,1.0,0.0,0.0
49,0.0,1,0,0.0,0.0,0.0
28,167738.82,2,1,1.0,0.0,0.0
39,108055.1,2,0,1.0,0.0,1.0
40,97990.49,2,0,1.0,0.0,0.0
52,0.0,1,0,0.0,0.0,0.0
47,0.0,2,0,0.0,0.0,1.0
37,89634.69,1,1,0.0,0.0,0.0
32,146810.99,2,1,1.0,0.0,0.0
26,162482.76,1,1,0.0,0.0,0.0
44,111095.58,2,0,0.0,0.0,1.0
40,0.0,1,0,0.0,0.0,0.0
29,43504.42,1,1,0.0,0.0,1.0
70,87542.89,2,1,0.0,0.0,0.0
42,100160.75,1,0,1.0,0.0,1.0
66,0.0,1,0,0.0,1.0,0.0
48,0.0,2,1,0.0,0.0,0.0
33,0.0,2,1,0.0,0.0,0.0
29,129938.07,1,1,0.0,1.0,0.0
26,89900.24,2,0,0.0,0.0,1.0
25,0.0,2,0,0.0,0.0,0.0
48,140576.11,1,1,0.0,1.0,0.0
33,102185.42,2,0,1.0,0.0,0.0
73,97259.25,1,1,0.0,0.0,0.0
33,0.0,1,0,0.0,0.0,0.0
57,0.0,1,0,0.0,0.0,0.0
31,90826.27,2,0,0.0,1.0,1.0
34,72079.71,1,1,0.0,0.0,1.0
88,0.0,2,1,0.0,1.0,1.0
68,114386.85,1,1,0.0,1.0,1.0
42,81589.04,1,0,0.0,1.0,1.0
45,84692.5,1,1,0.0,1.0,1.0
30,123040.38,1,1,1.0,0.0,0.0
38,136712.91,1,1,0.0,0.0,1.0
39,160903.2,1,0,0.0,0.0,0.0
42,99045.93,2,0,0.0,0.0,0.0
67,128843.67,1,1,0.0,0.0,0.0
38,127475.24,1,0,1.0,0.0,1.0
33,156297.58,2,1,0.0,0.0,1.0
28,110997.76,1,0,0.0,0.0,0.0
29,0.0,2,1,0.0,1.0,0.0
39,65521.2,1,1,0.0,1.0,1.0
37,113383.07,1,1,1.0,0.0,0.0
48,130806.99,2,1,0.0,0.0,0.0
39,111233.09,1,1,0.0,1.0,1.0
40,79035.95,1,0,0.0,1.0,0.0
31,0.0,2,1,0.0,0.0,0.0
25,111432.13,1,1,1.0,0.0,1.0
26,79932.41,1,0,0.0,1.0,1.0
54,0.0,2,1,0.0,1.0,0.0
35,92833.89,1,0,1.0,0.0,1.0
33,96834.78,1,0,0.0,0.0,0.0
31,102016.72,2,0,0.0,0.0,1.0
40,95452.89,1,1,0.0,0.0,0.0
51,131156.76,1,0,1.0,0.0,1.0
40,0.0,3,0,0.0,1.0,0.0
22,99339.0,1,0,0.0,0.0,1.0
45,107023.03,1,0,0.0,1.0,1.0
29,96974.97,1,1,0.0,0.0,0.0
27,122550.05,2,1,0.0,0.0,0.0
44,129605.99,1,0,0.0,0.0,0.0
54,118449.21,1,1,1.0,0.0,0.0
43,0.0,1,0,0.0,1.0,0.0
57,86568.75,1,1,1.0,0.0,0.0
31,0.0,2,0,0.0,0.0,1.0
26,0.0,1,0,0.0,0.0,1.0
21,0.0,2,1,0.0,0.0,0.0
61,149525.34,2,0,1.0,0.0,0.0
38,0.0,2,0,0.0,0.0,1.0
33,0.0,2,1,0.0,0.0,1.0
58,91285.13,2,1,0.0,0.0,1.0
33,141816.25,1,0,1.0,0.0,0.0
72,140997.26,1,1,0.0,0.0,1.0
36,0.0,2,0,0.0,1.0,0.0
30,0.0,2,0,0.0,0.0,1.0
39,0.0,2,0,0.0,0.0,1.0
48,0.0,2,1,0.0,1.0,0.0
51,40685.92,1,1,0.0,0.0,1.0
32,0.0,2,1,0.0,0.0,0.0
28,0.0,1,0,0.0,0.0,1.0
36,0.0,2,1,0.0,0.0,1.0
27,0.0,2,0,0.0,1.0,1.0
40,124339.9,1,0,0.0,0.0,1.0
32,0.0,1,1,0.0,0.0,0.0
40,28649.64,1,1,0.0,1.0,1.0
26,141462.13,1,0,0.0,0.0,1.0
45,83624.55,2,0,1.0,0.0,1.0
33,152805.05,1,0,0.0,0.0,0.0
57,0.0,3,1,0.0,0.0,0.0
29,0.0,2,1,0.0,0.0,1.0
28,128396.33,2,0,0.0,1.0,1.0
32,0.0,2,1,0.0,0.0,0.0
27,111568.01,1,1,1.0,0.0,0.0
39,105473.74,1,0,0.0,1.0,1.0
18,0.0,2,0,0.0,1.0,1.0
63,0.0,2,1,0.0,0.0,1.0
32,145553.07,1,1,0.0,1.0,0.0
41,128876.71,3,1,0.0,0.0,1.0
37,166115.42,1,0,0.0,0.0,1.0
31,117020.08,2,0,1.0,0.0,1.0
23,93301.97,2,1,1.0,0.0,1.0
59,113657.83,1,1,0.0,0.0,1.0
40,107041.3,1,1,1.0,0.0,1.0
24,145081.73,1,1,0.0,0.0,0.0
64,139663.37,1,1,0.0,0.0,0.0
44,0.0,2,1,0.0,0.0,1.0
31,150593.59,2,1,1.0,0.0,1.0
30,0.0,2,1,0.0,0.0,1.0
27,0.0,2,0,0.0,1.0,1.0
35,0.0,2,1,0.0,1.0,0.0
38,0.0,1,0,0.0,0.0,0.0
38,111501.66,1,1,0.0,0.0,1.0
40,0.0,2,1,0.0,0.0,0.0
38,0.0,2,0,0.0,0.0,1.0
36,108239.11,2,0,1.0,0.0,1.0
43,141349.43,1,1,1.0,0.0,0.0
39,149379.66,2,0,0.0,0.0,0.0
28,139246.22,2,0,1.0,0.0,0.0
40,136093.74,1,1,0.0,1.0,0.0
36,121092.47,2,1,0.0,0.0,1.0
51,155903.82,2,1,1.0,0.0,0.0
32,0.0,1,0,0.0,0.0,0.0
43,39043.29,2,1,1.0,0.0,1.0
35,0.0,2,0,0.0,1.0,0.0
45,91549.78,1,1,0.0,1.0,1.0
29,107233.85,2,0,1.0,0.0,1.0
58,114327.59,2,1,1.0,0.0,1.0
39,137817.52,1,0,0.0,0.0,1.0
40,119501.88,2,0,0.0,0.0,1.0
30,116416.94,1,1,1.0,0.0,1.0
49,96296.78,1,0,0.0,1.0,0.0
24,161884.99,1,1,0.0,0.0,0.0
55,125292.53,1,1,1.0,0.0,0.0
38,0.0,2,1,0.0,0.0,0.0
37,0.0,2,0,0.0,1.0,0.0
29,80204.11,2,0,1.0,0.0,0.0
34,121151.05,1,0,0.0,1.0,1.0
43,116644.29,2,1,1.0,0.0,0.0
54,87105.32,1,1,0.0,0.0,1.0
25,135903.33,1,0,0.0,0.0,1.0
47,91522.04,2,1,1.0,0.0,0.0
38,116520.28,1,1,1.0,0.0,0.0
26,112930.28,2,0,1.0,0.0,1.0
55,127723.25,2,0,1.0,0.0,0.0
25,0.0,2,1,0.0,0.0,1.0
41,130701.29,1,0,1.0,0.0,0.0
59,122781.51,1,1,0.0,0.0,1.0
71,140273.47,1,1,1.0,0.0,0.0
38,158373.23,1,1,1.0,0.0,0.0
56,0.0,3,0,0.0,1.0,1.0
41,109402.13,1,1,0.0,1.0,1.0
55,0.0,1,0,0.0,1.0,0.0
43,0.0,2,1,0.0,0.0,1.0
32,131945.94,1,1,0.0,1.0,1.0
57,93716.72,1,1,1.0,0.0,0.0
42,0.0,3,1,0.0,1.0,1.0
46,0.0,1,0,0.0,1.0,0.0
42,152324.66,2,0,1.0,0.0,0.0
41,0.0,1,1,0.0,0.0,1.0
34,165363.31,2,1,0.0,0.0,1.0
29,0.0,2,0,0.0,0.0,0.0
35,0.0,2,1,0.0,0.0,1.0
64,98848.19,1,1,0.0,0.0,1.0
38,0.0,2,0,0.0,0.0,1.0
44,79064.85,2,1,1.0,0.0,0.0
34,149297.19,2,1,1.0,0.0,0.0
32,0.0,2,0,0.0,0.0,0.0
44,77526.66,3,0,0.0,1.0,1.0
48,104478.12,3,1,1.0,0.0,0.0
33,0.0,1,0,0.0,0.0,0.0
43,0.0,2,0,0.0,0.0,0.0
36,113110.26,1,0,0.0,1.0,1.0
54,138547.97,1,1,0.0,0.0,0.0
35,133853.27,1,1,0.0,0.0,1.0
45,0.0,2,1,0.0,0.0,1.0
35,0.0,2,1,0.0,0.0,1.0
34,115101.5,1,0,1.0,0.0,1.0
42,0.0,2,0,0.0,0.0,0.0
32,100249.41,2,1,0.0,0.0,1.0
27,176913.52,1,0,0.0,0.0,1.0
28,65643.3,1,0,1.0,0.0,1.0
33,106506.77,3,0,1.0,0.0,0.0
39,124216.93,1,1,1.0,0.0,1.0
44,143571.52,1,0,0.0,0.0,1.0
39,81042.42,1,1,0.0,0.0,0.0
31,0.0,2,1,0.0,0.0,1.0
45,157320.51,1,0,0.0,1.0,0.0
40,156218.19,1,1,0.0,0.0,1.0
34,0.0,2,1,0.0,1.0,0.0
51,0.0,2,1,0.0,0.0,0.0
24,0.0,2,1,0.0,1.0,0.0
38,0.0,2,1,0.0,0.0,1.0
39,84468.67,2,1,1.0,0.0,1.0
22,120811.89,1,1,0.0,1.0,1.0
23,157761.56,1,0,0.0,0.0,1.0
28,0.0,2,1,0.0,1.0,0.0
31,121691.54,2,0,0.0,1.0,0.0
28,0.0,2,1,0.0,1.0,1.0
34,85141.79,2,1,0.0,1.0,1.0
33,134944.0,1,1,0.0,0.0,1.0
31,0.0,1,0,0.0,1.0,0.0
25,147386.72,3,0,0.0,1.0,0.0
41,0.0,1,1,0.0,0.0,1.0
28,102282.61,1,1,0.0,1.0,0.0
28,142253.65,1,0,0.0,1.0,0.0
34,112746.54,2,0,1.0,0.0,1.0
72,0.0,2,1,0.0,0.0,1.0
46,150213.71,1,0,0.0,0.0,0.0
36,102989.83,2,1,0.0,1.0,1.0
46,0.0,2,0,0.0,0.0,0.0
30,123217.66,2,1,0.0,0.0,1.0
26,123709.46,2,1,0.0,1.0,0.0
35,141005.47,1,1,0.0,0.0,1.0
28,64808.32,2,0,1.0,0.0,0.0
59,104568.41,1,0,1.0,0.0,1.0
44,115557.0,1,1,0.0,1.0,0.0
41,0.0,2,0,0.0,1.0,1.0
29,104450.86,1,1,0.0,0.0,0.0
50,159453.64,2,0,0.0,1.0,1.0
35,58469.37,2,1,1.0,0.0,1.0
46,0.0,2,0,0.0,0.0,0.0
40,0.0,2,1,0.0,0.0,0.0
33,89968.69,1,0,0.0,0.0,1.0
43,80090.93,1,0,0.0,0.0,1.0
38,127117.8,2,1,0.0,1.0,1.0
40,84315.02,1,0,0.0,0.0,1.0
37,212692.97,1,0,0.0,0.0,1.0
49,44301.43,3,1,0.0,0.0,0.0
36,81231.85,2,0,1.0,0.0,0.0
37,93722.73,2,1,0.0,1.0,1.0
49,172713.44,1,0,0.0,0.0,1.0
62,80927.56,1,1,0.0,1.0,1.0
34,102251.57,1,0,1.0,0.0,0.0
53,124954.94,1,1,1.0,0.0,0.0
51,147262.11,1,1,1.0,0.0,0.0
38,114753.76,1,0,1.0,0.0,0.0
54,0.0,2,1,0.0,0.0,0.0
48,0.0,1,0,0.0,1.0,0.0
45,105266.32,2,1,0.0,1.0,1.0
32,0.0,1,0,0.0,0.0,0.0
30,101014.08,2,1,1.0,0.0,0.0
59,0.0,2,1,0.0,1.0,0.0
39,108935.39,1,1,0.0,1.0,1.0
29,131354.39,1,1,1.0,0.0,1.0
48,0.0,2,1,0.0,0.0,0.0
31,0.0,2,0,0.0,1.0,0.0
28,0.0,1,1,0.0,0.0,0.0
40,0.0,2,1,0.0,1.0,1.0
39,0.0,2,1,0.0,0.0,0.0
70,0.0,2,1,0.0,0.0,0.0
28,0.0,2,0,0.0,1.0,1.0
46,91857.66,1,0,0.0,0.0,1.0
46,52016.08,2,1,0.0,0.0,0.0
50,140292.58,3,0,0.0,1.0,0.0
44,0.0,1,1,0.0,0.0,0.0
41,0.0,2,1,0.0,0.0,1.0
27,160358.68,2,0,1.0,0.0,1.0
32,142188.2,2,1,0.0,1.0,1.0
29,127864.26,1,1,0.0,1.0,1.0
29,0.0,3,0,0.0,0.0,0.0
35,90865.8,1,1,0.0,0.0,0.0
34,0.0,2,1,0.0,0.0,1.0
30,129548.5,2,1,0.0,1.0,1.0
37,95022.57,1,1,1.0,0.0,0.0
26,118097.87,1,0,0.0,0.0,0.0
32,0.0,2,1,0.0,1.0,1.0
38,0.0,2,0,0.0,1.0,1.0
24,142755.25,1,0,1.0,0.0,1.0
27,98590.25,1,0,0.0,0.0,0.0
32,0.0,2,1,0.0,0.0,1.0
49,204510.94,1,1,0.0,0.0,0.0
41,0.0,2,0,0.0,1.0,1.0
38,113525.84,1,0,1.0,0.0,1.0
37,99773.85,2,0,0.0,1.0,0.0
40,167878.5,1,1,0.0,1.0,0.0
35,127290.61,1,0,0.0,1.0,1.0
43,97067.69,1,1,1.0,0.0,0.0
25,0.0,2,1,0.0,1.0,1.0
46,96173.17,2,1,0.0,0.0,0.0
40,0.0,2,1,0.0,0.0,1.0
33,69478.57,1,0,0.0,1.0,1.0
38,128366.44,1,0,0.0,1.0,1.0
29,0.0,2,1,0.0,0.0,1.0
40,0.0,2,0,0.0,0.0,0.0
37,0.0,1,0,0.0,0.0,1.0
38,141786.78,1,1,0.0,1.0,0.0
32,151922.94,1,0,1.0,0.0,1.0
41,83807.86,1,1,0.0,1.0,0.0
36,110480.48,1,0,0.0,0.0,0.0
35,117458.51,1,1,1.0,0.0,1.0
45,0.0,1,0,0.0,0.0,1.0
64,145578.28,1,1,0.0,0.0,1.0
35,147285.52,1,1,0.0,1.0,0.0
43,114974.24,1,0,0.0,0.0,1.0
27,87262.4,2,0,0.0,0.0,0.0
43,107805.67,1,0,0.0,0.0,1.0
62,140549.4,1,0,0.0,0.0,0.0
36,73211.12,2,0,0.0,1.0,1.0
57,137936.94,1,1,0.0,0.0,0.0
28,191864.51,1,0,0.0,0.0,0.0
42,75302.85,2,0,0.0,1.0,0.0
31,113000.66,1,0,0.0,0.0,0.0
40,83015.71,1,0,0.0,1.0,1.0
52,107467.56,1,0,1.0,0.0,0.0
48,108019.27,3,1,0.0,0.0,1.0
38,152582.2,2,0,0.0,0.0,0.0
30,72549.0,2,1,1.0,0.0,1.0
38,0.0,2,0,0.0,0.0,1.0
46,0.0,2,0,0.0,0.0,0.0
42,0.0,2,1,0.0,0.0,0.0
43,123180.01,2,1,1.0,0.0,1.0
34,113922.44,2,0,0.0,1.0,1.0
77,27517.15,2,1,1.0,0.0,1.0
24,110949.41,1,1,0.0,0.0,0.0
44,115163.38,1,1,1.0,0.0,1.0
40,0.0,2,0,0.0,0.0,1.0
37,123067.63,1,1,1.0,0.0,0.0
39,0.0,1,0,0.0,0.0,0.0
37,0.0,1,1,0.0,0.0,0.0
39,154121.32,2,0,0.0,0.0,0.0
33,0.0,2,0,0.0,0.0,0.0
41,76319.64,1,1,0.0,0.0,0.0
30,0.0,2,1,0.0,0.0,0.0
62,131078.42,2,0,0.0,1.0,1.0
36,0.0,2,1,0.0,0.0,1.0
44,0.0,1,0,0.0,1.0,1.0
50,0.0,2,1,0.0,0.0,1.0
41,0.0,2,1,0.0,0.0,0.0
40,0.0,1,1,0.0,1.0,0.0
29,123229.46,1,0,1.0,0.0,0.0
42,98298.18,1,1,0.0,0.0,1.0
63,111179.83,1,1,0.0,1.0,1.0
39,90217.07,1,0,0.0,0.0,0.0
31,144162.3,2,1,0.0,0.0,0.0
34,0.0,2,1,0.0,0.0,1.0
47,0.0,1,1,0.0,0.0,0.0
36,152899.24,2,0,1.0,0.0,1.0
57,0.0,2,1,0.0,1.0,0.0
59,0.0,2,1,0.0,1.0,0.0
26,128793.63,1,0,1.0,0.0,1.0
23,0.0,1,0,0.0,0.0,1.0
40,150679.71,2,1,1.0,0.0,0.0
34,134954.53,1,1,0.0,0.0,1.0
27,153325.1,1,1,0.0,1.0,1.0
31,0.0,2,0,0.0,0.0,1.0
47,139196.0,1,1,0.0,1.0,1.0
34,0.0,2,0,0.0,1.0,1.0
34,133936.04,2,0,0.0,0.0,1.0
24,0.0,1,0,0.0,1.0,1.0
37,117524.72,2,1,1.0,0.0,1.0
41,77647.6,1,0,1.0,0.0,0.0
28,0.0,2,1,0.0,0.0,1.0
40,153537.57,2,0,1.0,0.0,0.0
24,108528.07,2,0,1.0,0.0,1.0
34,60515.13,1,0,1.0,0.0,1.0
38,0.0,1,0,0.0,0.0,1.0
32,0.0,2,1,0.0,0.0,1.0
20,0.0,2,1,0.0,0.0,0.0
79,0.0,1,1,0.0,0.0,0.0
32,187487.63,1,1,0.0,1.0,0.0
41,0.0,2,0,0.0,0.0,1.0
29,170214.23,2,0,1.0,0.0,0.0
33,151233.62,1,0,0.0,1.0,0.0
71,0.0,1,1,0.0,1.0,1.0
28,0.0,1,1,0.0,0.0,1.0
33,114634.63,2,0,0.0,1.0,0.0
58,101579.28,1,1,0.0,0.0,1.0
59,0.0,1,1,0.0,0.0,1.0
38,0.0,2,0,0.0,0.0,1.0
41,150844.94,1,1,1.0,0.0,1.0
62,119817.33,1,1,1.0,0.0,1.0
38,115442.19,2,0,1.0,0.0,1.0
32,0.0,1,0,0.0,1.0,1.0
36,128829.25,1,0,0.0,0.0,1.0
43,163159.85,1,1,0.0,0.0,1.0
35,146781.24,1,0,1.0,0.0,0.0
33,156570.86,1,1,1.0,0.0,1.0
23,96471.2,1,0,0.0,0.0,1.0
30,131286.46,1,0,0.0,0.0,0.0
27,0.0,2,0,0.0,0.0,0.0
33,96926.12,2,0,1.0,0.0,1.0
44,0.0,2,0,0.0,0.0,1.0
33,117413.95,1,1,0.0,0.0,1.0
31,72541.48,1,0,0.0,0.0,1.0
32,95377.13,1,1,0.0,0.0,1.0
38,0.0,2,0,0.0,1.0,1.0
38,132271.12,2,1,1.0,0.0,1.0
21,0.0,2,1,0.0,0.0,1.0
33,136624.6,2,1,1.0,0.0,0.0
26,138023.79,2,1,0.0,0.0,1.0
32,76087.98,1,1,0.0,1.0,1.0
36,0.0,2,0,0.0,1.0,0.0
35,132253.22,1,0,1.0,0.0,0.0
37,0.0,2,0,0.0,0.0,1.0
46,0.0,1,1,0.0,0.0,1.0
42,125437.14,2,0,0.0,0.0,0.0
32,102500.34,1,0,1.0,0.0,1.0
31,120962.59,1,0,0.0,0.0,1.0
38,96939.06,1,1,0.0,1.0,0.0
44,63562.02,2,1,0.0,0.0,1.0
43,0.0,3,1,0.0,0.0,0.0
42,0.0,1,1,0.0,0.0,0.0
31,0.0,2,1,0.0,1.0,0.0
30,87505.47,2,1,0.0,0.0,1.0
28,152812.58,1,0,1.0,0.0,0.0
29,0.0,1,0,0.0,0.0,1.0
33,100116.82,1,0,0.0,0.0,1.0
30,0.0,2,0,0.0,1.0,1.0
35,0.0,2,0,0.0,0.0,0.0
33,105663.56,2,1,1.0,0.0,0.0
60,147751.75,1,0,0.0,0.0,0.0
44,146498.76,1,0,1.0,0.0,0.0
50,155393.32,1,1,1.0,0.0,0.0
64,116954.32,1,1,0.0,1.0,0.0
76,138489.66,1,1,0.0,0.0,0.0
38,0.0,2,0,0.0,0.0,0.0
37,0.0,2,1,0.0,0.0,1.0
30,0.0,2,1,0.0,1.0,0.0
37,136425.18,1,0,0.0,0.0,0.0
38,0.0,2,0,0.0,1.0,0.0
35,183572.84,1,1,0.0,0.0,0.0
56,131368.3,1,0,0.0,0.0,0.0
28,168253.21,1,1,0.0,1.0,0.0
36,114370.41,1,1,0.0,0.0,1.0
49,115488.52,2,1,1.0,0.0,0.0
26,126392.18,1,1,0.0,0.0,1.0
40,0.0,2,0,0.0,0.0,0.0
25,76968.12,2,1,1.0,0.0,0.0
34,122359.5,1,0,0.0,0.0,1.0
36,0.0,2,0,0.0,0.0,1.0
35,0.0,2,1,0.0,0.0,1.0
32,116324.53,1,0,0.0,0.0,1.0
31,107818.63,1,0,1.0,0.0,0.0
37,124053.03,1,0,1.0,0.0,0.0
58,0.0,2,1,0.0,1.0,0.0
43,85200.82,2,1,1.0,0.0,1.0
25,0.0,2,1,0.0,0.0,1.0
21,87096.82,2,0,1.0,0.0,0.0
50,94238.75,2,1,0.0,0.0,0.0
46,102955.14,2,0,1.0,0.0,0.0
45,109200.74,2,1,1.0,0.0,1.0
41,176958.46,2,1,1.0,0.0,1.0
35,0.0,1,1,0.0,0.0,1.0
32,177729.13,1,1,0.0,0.0,1.0
33,0.0,2,0,0.0,0.0,1.0
37,94661.53,2,0,1.0,0.0,1.0
50,0.0,2,1,0.0,0.0,1.0
48,101099.9,2,1,1.0,0.0,1.0
30,105209.54,1,0,0.0,0.0,0.0
54,118614.6,2,1,1.0,0.0,1.0
40,70291.02,1,1,0.0,1.0,1.0
52,111973.97,1,1,1.0,0.0,0.0
26,124281.84,1,1,0.0,0.0,0.0
42,0.0,2,0,0.0,0.0,0.0
51,0.0,1,1,0.0,0.0,1.0
40,80613.93,1,1,0.0,0.0,1.0
52,131441.51,1,0,1.0,0.0,0.0
50,0.0,1,1,0.0,0.0,0.0
36,98088.09,1,1,1.0,0.0,0.0
35,0.0,3,1,0.0,0.0,1.0
25,86605.5,3,0,0.0,1.0,0.0
39,160652.45,2,0,0.0,0.0,1.0
36,0.0,2,1,0.0,1.0,1.0
43,190227.46,1,0,0.0,0.0,1.0
34,0.0,2,1,0.0,0.0,1.0
29,0.0,2,0,0.0,1.0,1.0
22,137583.04,1,1,0.0,0.0,1.0
36,0.0,2,1,0.0,1.0,0.0
58,149641.53,1,1,1.0,0.0,0.0
49,108437.89,1,0,1.0,0.0,1.0
32,0.0,2,1,0.0,0.0,1.0
54,0.0,1,1,0.0,0.0,0.0
26,111128.04,1,0,0.0,0.0,1.0
38,118866.36,1,1,0.0,1.0,1.0
40,95297.11,1,0,0.0,0.0,1.0
35,0.0,2,1,0.0,1.0,1.0
35,0.0,1,1,0.0,1.0,1.0
37,0.0,2,0,0.0,0.0,0.0
22,0.0,1,0,0.0,0.0,1.0
35,106250.72,1,0,0.0,0.0,1.0
40,133463.1,1,1,0.0,0.0,1.0
51,145751.03,1,0,1.0,0.0,0.0
31,81480.27,2,1,0.0,0.0,0.0
65,0.0,1,1,0.0,0.0,0.0
34,86656.13,1,1,0.0,1.0,1.0
40,114446.84,2,1,1.0,0.0,1.0
32,0.0,1,1,0.0,1.0,0.0
28,0.0,2,1,0.0,0.0,0.0
42,156371.61,2,1,0.0,1.0,0.0
55,0.0,1,0,0.0,0.0,1.0
37,0.0,2,1,0.0,0.0,1.0
32,0.0,2,0,0.0,0.0,1.0
32,85757.93,1,1,0.0,0.0,0.0
43,92350.36,1,1,0.0,0.0,1.0
42,0.0,2,0,0.0,0.0,0.0
36,118851.05,1,1,0.0,0.0,0.0
29,0.0,1,1,0.0,1.0,1.0
32,156001.68,2,1,0.0,0.0,1.0
41,0.0,3,0,0.0,0.0,0.0
40,0.0,1,1,0.0,1.0,0.0
41,146997.64,2,0,0.0,1.0,0.0
31,68927.57,1,1,1.0,0.0,0.0
37,77608.46,2,1,0.0,0.0,1.0
31,103837.75,1,1,1.0,0.0,1.0
32,145166.09,2,0,1.0,0.0,1.0
38,0.0,2,1,0.0,0.0,1.0
31,132512.26,1,1,0.0,0.0,1.0
40,0.0,1,0,0.0,0.0,1.0
76,96166.88,1,1,1.0,0.0,1.0
42,0.0,2,0,0.0,0.0,0.0
33,107868.14,2,1,1.0,0.0,0.0
31,106942.08,1,1,0.0,0.0,0.0
40,81132.21,1,0,0.0,0.0,0.0
23,0.0,2,1,0.0,0.0,0.0
31,144637.86,2,0,0.0,1.0,0.0
55,103176.62,1,1,0.0,1.0,1.0
44,134066.1,2,1,0.0,0.0,0.0
30,180307.73,2,1,0.0,1.0,1.0
58,118723.11,1,0,1.0,0.0,0.0
48,0.0,2,0,0.0,1.0,1.0
31,109052.59,2,1,1.0,0.0,1.0
23,0.0,2,1,0.0,1.0,0.0
49,119960.29,2,0,0.0,0.0,0.0
28,117466.03,2,1,1.0,0.0,1.0
28,116498.22,1,0,0.0,0.0,1.0
41,144147.68,1,1,0.0,0.0,1.0
42,0.0,2,1,0.0,0.0,1.0
26,118547.72,1,1,1.0,0.0,0.0
34,0.0,2,1,0.0,0.0,1.0
34,84009.47,1,1,0.0,0.0,1.0
51,114514.71,2,0,1.0,0.0,1.0
31,118342.26,1,0,0.0,0.0,1.0
27,79336.61,1,1,0.0,0.0,0.0
27,186558.55,1,1,0.0,0.0,0.0
62,0.0,1,1,0.0,0.0,0.0
55,155196.17,1,1,1.0,0.0,1.0
51,0.0,2,0,0.0,1.0,1.0
32,0.0,1,1,0.0,0.0,1.0
47,110783.28,1,1,0.0,1.0,0.0
40,0.0,1,0,0.0,0.0,0.0
57,0.0,2,0,0.0,0.0,0.0
39,82766.43,1,1,0.0,1.0,0.0
77,0.0,1,1,0.0,0.0,1.0
28,0.0,1,1,0.0,0.0,0.0
45,104339.11,2,1,1.0,0.0,1.0
32,127845.83,1,0,0.0,0.0,1.0
66,0.0,2,1,0.0,1.0,1.0
40,113208.86,2,0,0.0,0.0,1.0
35,0.0,2,0,0.0,0.0,0.0
37,93147.0,2,0,0.0,0.0,1.0
34,141173.03,1,1,0.0,0.0,1.0
32,0.0,2,1,0.0,0.0,1.0
70,71816.74,2,0,1.0,0.0,0.0
36,119912.46,1,0,0.0,0.0,0.0
34,83503.11,2,1,0.0,0.0,1.0
47,139887.01,1,1,0.0,1.0,1.0
30,154870.28,1,1,1.0,0.0,0.0
54,77354.37,1,0,1.0,0.0,0.0
22,139129.92,1,1,1.0,0.0,0.0
42,0.0,2,0,0.0,0.0,1.0
42,138650.49,2,0,1.0,0.0,0.0
33,80107.83,2,1,0.0,0.0,0.0
42,64497.94,3,1,1.0,0.0,0.0
57,0.0,2,1,0.0,1.0,1.0
67,0.0,2,1,0.0,0.0,1.0
46,92060.06,1,0,1.0,0.0,0.0
36,175509.8,2,0,0.0,1.0,0.0
40,0.0,2,1,0.0,0.0,1.0
26,118287.01,2,0,1.0,0.0,1.0
29,130306.49,1,0,0.0,0.0,1.0
36,0.0,1,0,0.0,1.0,0.0
40,97339.99,1,1,0.0,0.0,1.0
30,127023.39,1,1,0.0,0.0,0.0
47,0.0,2,0,0.0,0.0,1.0
50,96888.39,1,0,1.0,0.0,1.0
64,0.0,2,1,0.0,0.0,1.0
39,113096.41,1,1,0.0,0.0,1.0
43,116360.07,1,0,0.0,1.0,0.0
48,126066.26,1,0,1.0,0.0,1.0
44,0.0,2,0,0.0,0.0,1.0
44,107764.75,1,0,0.0,0.0,1.0
52,0.0,1,0,0.0,0.0,1.0
47,0.0,2,0,0.0,0.0,1.0
29,148654.84,2,1,0.0,0.0,0.0
40,0.0,2,0,0.0,1.0,1.0
48,155413.06,1,0,0.0,1.0,0.0
32,109421.13,2,1,1.0,0.0,0.0
26,146266.0,1,0,0.0,0.0,1.0
35,0.0,2,0,0.0,1.0,1.0
47,139914.6,4,1,0.0,0.0,0.0
33,130499.09,2,1,0.0,0.0,0.0
38,67111.65,1,0,1.0,0.0,1.0
43,111677.88,1,0,1.0,0.0,1.0
51,123783.25,1,1,1.0,0.0,1.0
23,0.0,2,1,0.0,0.0,1.0
47,91219.29,1,0,1.0,0.0,0.0
38,0.0,2,0,0.0,1.0,0.0
29,121823.4,2,1,0.0,0.0,1.0
43,122351.29,1,0,0.0,0.0,1.0
40,123497.58,1,0,0.0,0.0,0.0
41,0.0,1,0,0.0,0.0,0.0
43,96353.8,1,0,1.0,0.0,1.0
27,96129.32,2,1,1.0,0.0,0.0
40,0.0,2,1,0.0,0.0,0.0
37,160389.82,1,1,0.0,0.0,0.0
44,0.0,2,0,0.0,0.0,0.0
35,0.0,2,0,0.0,0.0,1.0
38,146756.68,1,0,1.0,0.0,1.0
33,122568.05,2,1,0.0,0.0,1.0
24,0.0,2,0,0.0,0.0,1.0
50,116309.01,1,0,1.0,0.0,1.0
47,134032.01,1,0,0.0,1.0,0.0
39,152462.79,1,0,0.0,0.0,0.0
38,149571.94,1,0,0.0,1.0,0.0
40,47364.45,1,1,0.0,0.0,0.0
25,193858.2,1,1,0.0,1.0,1.0
34,0.0,1,0,0.0,1.0,1.0
42,86167.82,1,0,0.0,0.0,0.0
35,81684.97,1,0,0.0,0.0,0.0
19,0.0,2,1,0.0,0.0,1.0
37,125734.2,2,0,1.0,0.0,0.0
53,0.0,1,1,0.0,0.0,0.0
46,0.0,2,0,0.0,0.0,1.0
37,0.0,2,1,0.0,1.0,1.0
46,87361.02,2,0,1.0,0.0,0.0
43,0.0,2,0,0.0,1.0,1.0
33,103471.52,1,1,1.0,0.0,1.0
38,145018.49,2,1,0.0,0.0,1.0
41,69974.66,2,0,0.0,1.0,0.0
55,0.0,2,1,0.0,0.0,0.0
29,169988.35,1,0,0.0,0.0,0.0
25,124532.78,2,1,0.0,0.0,1.0
27,95331.83,2,0,1.0,0.0,1.0
40,0.0,2,1,0.0,0.0,0.0
55,99685.06,1,0,0.0,1.0,1.0
31,160997.54,2,1,1.0,0.0,1.0
32,0.0,1,1,0.0,1.0,1.0
31,109578.04,2,1,0.0,0.0,1.0
27,0.0,1,0,0.0,1.0,1.0
43,138150.57,1,1,0.0,1.0,1.0
37,143407.29,2,1,0.0,1.0,1.0
24,122200.31,2,0,1.0,0.0,0.0
34,0.0,1,0,0.0,1.0,1.0
31,119794.67,1,0,0.0,0.0,0.0
42,0.0,2,1,0.0,0.0,0.0
30,102452.71,1,0,1.0,0.0,0.0
52,0.0,1,1,0.0,1.0,1.0
24,108881.73,1,0,0.0,1.0,1.0
52,107304.39,3,0,1.0,0.0,1.0
41,0.0,1,0,0.0,0.0,1.0
35,0.0,1,1,0.0,0.0,0.0
37,99546.25,3,1,0.0,0.0,0.0
43,0.0,2,0,0.0,1.0,1.0
43,118994.84,1,0,1.0,0.0,0.0
28,0.0,2,1,0.0,1.0,0.0
36,0.0,1,0,0.0,1.0,1.0
41,145150.28,1,0,0.0,0.0,0.0
33,113452.66,1,0,0.0,0.0,0.0
28,141099.43,1,1,0.0,0.0,1.0
59,55328.4,1,0,0.0,0.0,0.0
41,0.0,1,1,0.0,0.0,1.0
35,0.0,2,1,0.0,0.0,0.0
23,0.0,2,1,0.0,0.0,1.0
51,119889.84,1,0,0.0,0.0,1.0
46,0.0,1,1,0.0,1.0,0.0
40,100812.33,2,0,0.0,0.0,0.0
42,134936.97,2,0,0.0,0.0,1.0
45,43134.65,1,1,0.0,0.0,1.0
45,97486.15,2,0,1.0,0.0,0.0
43,93259.57,3,0,1.0,0.0,0.0
29,0.0,2,0,0.0,0.0,1.0
39,83765.35,2,0,1.0,0.0,0.0
31,116234.61,1,0,0.0,0.0,1.0
31,154741.45,2,0,1.0,0.0,1.0
60,0.0,1,1,0.0,0.0,0.0
41,0.0,1,1,0.0,1.0,0.0
29,0.0,2,0,0.0,0.0,0.0
61,142105.35,1,1,0.0,0.0,0.0
29,102490.27,1,1,0.0,0.0,1.0
47,118812.5,2,0,1.0,0.0,1.0
36,0.0,2,1,0.0,0.0,1.0
52,106074.89,1,1,1.0,0.0,0.0
34,132944.53,1,1,0.0,1.0,1.0
33,76548.6,1,1,0.0,1.0,1.0
49,0.0,1,1,0.0,0.0,0.0
29,102540.61,1,1,0.0,0.0,1.0
44,49157.09,2,0,1.0,0.0,1.0
69,163975.09,1,1,0.0,1.0,1.0
46,0.0,1,1,0.0,1.0,1.0
63,169832.57,1,0,0.0,0.0,1.0
33,0.0,3,1,0.0,0.0,0.0
43,0.0,2,0,0.0,0.0,0.0
28,0.0,1,0,0.0,0.0,0.0
34,102277.52,1,0,1.0,0.0,0.0
37,0.0,2,0,0.0,0.0,1.0
49,120656.86,4,0,1.0,0.0,0.0
45,106431.97,2,1,1.0,0.0,0.0
28,123692.0,1,1,0.0,1.0,1.0
35,121355.19,1,1,1.0,0.0,1.0
29,148143.84,1,1,0.0,0.0,0.0
34,0.0,1,0,0.0,1.0,0.0
48,132403.56,1,0,1.0,0.0,1.0
31,0.0,1,0,0.0,0.0,1.0
30,58668.02,1,1,1.0,0.0,1.0
45,125191.69,1,1,0.0,1.0,0.0
44,0.0,2,1,0.0,0.0,0.0
33,0.0,2,1,0.0,1.0,0.0
67,103101.56,2,1,0.0,0.0,1.0
50,107959.39,1,1,1.0,0.0,0.0
31,94222.53,1,0,0.0,1.0,0.0
36,134208.22,1,1,0.0,0.0,0.0
74,128917.84,1,1,0.0,1.0,0.0
35,121968.11,2,1,1.0,0.0,1.0
45,156353.46,1,0,1.0,0.0,1.0
47,183579.54,2,1,1.0,0.0,1.0
30,0.0,2,0,0.0,0.0,1.0
43,0.0,2,0,0.0,0.0,1.0
40,0.0,1,1,0.0,0.0,0.0
33,102772.67,2,0,1.0,0.0,1.0
58,125801.03,2,0,1.0,0.0,0.0
39,133191.19,2,1,1.0,0.0,1.0
36,127157.04,1,1,0.0,0.0,1.0
39,121523.51,1,0,1.0,0.0,1.0
32,0.0,2,1,0.0,1.0,1.0
42,0.0,2,1,0.0,0.0,0.0
35,0.0,1,0,0.0,1.0,0.0
41,126550.7,1,0,1.0,0.0,1.0
37,133043.66,1,0,0.0,0.0,1.0
35,167455.66,2,1,0.0,1.0,1.0
52,139781.06,1,0,0.0,0.0,1.0
42,164307.77,1,0,1.0,0.0,0.0
39,94435.45,2,1,0.0,0.0,0.0
45,0.0,1,0,0.0,0.0,1.0
34,106328.08,1,0,0.0,0.0,1.0
27,0.0,2,1,0.0,0.0,0.0
50,0.0,4,0,0.0,1.0,0.0
46,0.0,2,0,0.0,0.0,0.0
37,77373.87,2,1,1.0,0.0,0.0
38,99811.44,2,0,0.0,1.0,1.0
35,133377.8,1,1,1.0,0.0,1.0
27,0.0,2,1,0.0,0.0,0.0
30,112666.67,1,0,0.0,1.0,1.0
29,129750.68,1,0,1.0,0.0,1.0
21,0.0,2,0,0.0,0.0,1.0
45,150840.03,2,0,0.0,1.0,0.0
68,107571.61,1,1,0.0,0.0,0.0
40,72945.29,2,0,0.0,0.0,1.0
30,57809.32,1,0,1.0,0.0,0.0
31,185078.26,1,0,0.0,1.0,0.0
66,0.0,1,1,0.0,1.0,0.0
41,109798.25,1,1,0.0,0.0,0.0
37,152303.66,2,1,0.0,0.0,1.0
27,75263.16,1,1,0.0,1.0,1.0
30,100548.67,2,0,1.0,0.0,0.0
34,137390.11,2,0,0.0,0.0,1.0
24,103097.85,1,1,1.0,0.0,1.0
54,97382.53,1,1,1.0,0.0,0.0
50,0.0,4,1,0.0,1.0,0.0
42,153279.39,1,1,1.0,0.0,1.0
23,71433.08,1,0,1.0,0.0,0.0
45,0.0,2,1,0.0,1.0,1.0
23,0.0,2,0,0.0,0.0,0.0
28,120911.75,2,1,0.0,0.0,1.0
39,96748.89,2,0,1.0,0.0,0.0
42,132739.26,2,0,0.0,0.0,1.0
29,0.0,2,0,0.0,0.0,1.0
39,165272.13,1,0,0.0,1.0,0.0
31,87772.52,1,0,0.0,0.0,0.0
55,133676.65,1,1,0.0,1.0,0.0
39,0.0,2,0,0.0,0.0,0.0
51,167273.71,1,0,1.0,0.0,0.0
63,160982.89,1,1,0.0,0.0,1.0
47,0.0,2,0,0.0,0.0,1.0
31,0.0,1,1,0.0,0.0,0.0
43,0.0,2,0,0.0,0.0,0.0
34,107136.6,1,0,0.0,0.0,1.0
34,71379.53,2,1,0.0,0.0,0.0
19,0.0,2,0,0.0,0.0,1.0
56,100374.58,1,0,0.0,0.0,1.0
40,84350.07,1,0,0.0,0.0,0.0
42,0.0,1,1,0.0,0.0,1.0
32,0.0,2,1,0.0,0.0,1.0
24,0.0,2,0,0.0,0.0,0.0
37,111852.84,2,0,0.0,0.0,0.0
36,77910.23,1,0,0.0,1.0,1.0
47,0.0,1,0,0.0,1.0,0.0
31,0.0,2,1,0.0,0.0,1.0
61,0.0,1,0,0.0,1.0,1.0
31,110635.32,1,0,0.0,0.0,0.0
29,80922.75,1,0,0.0,1.0,0.0
41,72509.91,1,0,0.0,1.0,1.0
27,74298.43,1,1,1.0,0.0,1.0
54,167831.88,2,0,0.0,0.0,1.0
21,98993.02,1,1,0.0,0.0,0.0
49,91502.99,1,0,1.0,0.0,0.0
33,123082.08,1,0,0.0,0.0,1.0
20,167685.56,1,0,0.0,0.0,0.0
37,0.0,2,1,0.0,0.0,1.0
39,119452.03,1,1,0.0,0.0,1.0
31,0.0,2,0,0.0,0.0,0.0
31,79340.95,1,0,0.0,0.0,0.0
37,142711.81,1,0,1.0,0.0,0.0
33,0.0,2,0,0.0,1.0,1.0
30,0.0,1,1,0.0,0.0,1.0
36,89800.14,1,1,0.0,0.0,1.0
74,116800.25,1,1,1.0,0.0,0.0
41,106116.56,2,0,1.0,0.0,1.0
44,133444.97,1,1,0.0,0.0,0.0
35,112808.18,1,1,0.0,0.0,0.0
40,68155.59,1,0,0.0,0.0,1.0
36,137688.71,1,1,0.0,0.0,1.0
68,136525.99,1,0,1.0,0.0,1.0
34,144094.2,1,0,0.0,0.0,1.0
37,105843.26,2,1,0.0,0.0,1.0
28,136674.51,2,0,0.0,0.0,0.0
38,133105.47,1,0,1.0,0.0,1.0
30,57657.49,1,0,0.0,0.0,1.0
74,108891.7,1,0,1.0,0.0,1.0
45,98792.4,1,0,1.0,0.0,0.0
65,131935.51,1,1,1.0,0.0,1.0
43,0.0,2,1,0.0,1.0,1.0
35,90194.34,2,0,1.0,0.0,0.0
33,0.0,2,0,0.0,0.0,0.0
37,0.0,2,0,0.0,0.0,0.0
45,0.0,2,0,0.0,1.0,1.0
26,93844.69,1,0,0.0,0.0,1.0
25,128524.19,2,0,1.0,0.0,0.0
34,98592.88,1,1,1.0,0.0,0.0
35,14262.8,2,0,0.0,1.0,0.0
31,106089.2,1,0,0.0,0.0,0.0
34,134692.4,2,1,0.0,0.0,1.0
32,84421.62,1,1,1.0,0.0,1.0
56,131317.48,1,1,0.0,0.0,1.0
33,147510.34,1,0,0.0,0.0,1.0
45,106000.12,1,0,1.0,0.0,0.0
46,0.0,2,1,0.0,0.0,1.0
35,122917.69,1,1,1.0,0.0,1.0
38,126732.85,1,1,1.0,0.0,1.0
35,158584.28,2,0,1.0,0.0,1.0
32,127661.69,1,0,0.0,0.0,0.0
40,139532.34,1,0,0.0,0.0,0.0
29,0.0,2,1,0.0,0.0,0.0
47,0.0,1,0,0.0,0.0,1.0
34,109699.08,1,1,0.0,1.0,0.0
41,0.0,2,1,0.0,1.0,1.0
40,74896.92,1,0,0.0,1.0,1.0
49,103302.37,1,1,0.0,0.0,1.0
57,0.0,3,0,0.0,0.0,0.0
46,81742.84,2,0,0.0,1.0,0.0
33,0.0,2,0,0.0,0.0,1.0
45,109730.22,1,1,0.0,0.0,0.0
56,105473.74,1,1,0.0,1.0,0.0
51,81818.49,1,1,0.0,1.0,1.0
33,103516.87,1,0,0.0,0.0,0.0
55,63127.41,2,0,0.0,1.0,1.0
38,149238.97,1,1,0.0,0.0,1.0
34,133501.36,1,1,0.0,0.0,1.0
37,104255.03,1,0,0.0,0.0,0.0
35,104015.54,2,1,1.0,0.0,1.0
47,143001.5,2,0,1.0,0.0,0.0
31,0.0,2,0,0.0,0.0,0.0
67,0.0,2,1,0.0,1.0,1.0
31,84560.04,1,1,0.0,1.0,1.0
32,0.0,2,1,0.0,0.0,1.0
49,143888.22,2,1,1.0,0.0,0.0
25,113736.27,1,1,0.0,0.0,1.0
67,94203.8,1,1,0.0,0.0,1.0
38,146343.98,1,1,0.0,1.0,1.0
37,110689.07,1,1,1.0,0.0,0.0
41,0.0,2,0,0.0,0.0,1.0
33,0.0,2,1,0.0,0.0,1.0
30,0.0,2,1,0.0,1.0,0.0
31,0.0,2,1,0.0,0.0,1.0
39,0.0,2,0,0.0,1.0,0.0
38,0.0,1,1,0.0,1.0,1.0
33,118392.75,1,1,0.0,0.0,0.0
29,145294.08,2,0,1.0,0.0,1.0
39,0.0,2,1,0.0,1.0,1.0
48,131659.59,2,1,0.0,1.0,1.0
38,0.0,2,0,0.0,1.0,1.0
34,101116.06,1,0,0.0,0.0,1.0
30,0.0,2,1,0.0,0.0,0.0
49,0.0,1,1,0.0,0.0,0.0
32,0.0,2,1,0.0,0.0,1.0
39,105103.33,1,0,1.0,0.0,0.0
43,0.0,2,1,0.0,0.0,0.0
42,0.0,1,0,0.0,1.0,1.0
37,110483.86,1,1,1.0,0.0,1.0
34,0.0,2,1,0.0,0.0,1.0
40,147856.82,3,0,1.0,0.0,1.0
36,0.0,2,1,0.0,0.0,0.0
36,0.0,2,1,0.0,1.0,1.0
50,117721.02,1,1,1.0,0.0,0.0
49,108806.96,3,0,1.0,0.0,1.0
42,124626.07,1,1,0.0,0.0,0.0
26,153455.72,2,1,0.0,1.0,0.0
31,142905.51,1,1,0.0,0.0,0.0
38,0.0,2,1,0.0,0.0,0.0
22,0.0,2,1,0.0,0.0,0.0
30,0.0,2,0,0.0,0.0,1.0
56,157559.59,2,0,0.0,1.0,0.0
50,101242.98,2,0,1.0,0.0,0.0
31,145875.74,1,0,0.0,0.0,1.0
43,127216.31,2,1,1.0,0.0,0.0
22,118064.93,2,1,0.0,0.0,0.0
29,0.0,1,0,0.0,0.0,1.0
53,81571.05,1,0,1.0,0.0,0.0
49,154776.42,2,0,1.0,0.0,0.0
31,98360.03,1,0,0.0,0.0,0.0
31,0.0,2,0,0.0,0.0,1.0
29,117035.89,1,1,0.0,0.0,1.0
58,156652.13,1,0,0.0,0.0,1.0
42,116646.76,1,0,1.0,0.0,0.0
58,152199.33,1,1,0.0,0.0,1.0
35,96473.59,1,0,0.0,0.0,1.0
29,97325.15,1,1,1.0,0.0,0.0
38,112230.38,1,0,0.0,0.0,1.0
32,0.0,2,1,0.0,1.0,0.0
39,0.0,2,0,0.0,1.0,1.0
34,106486.66,2,1,0.0,0.0,1.0
34,0.0,1,1,0.0,1.0,1.0
36,147149.59,1,1,0.0,0.0,0.0
30,0.0,2,0,0.0,0.0,0.0
42,86351.85,2,0,1.0,0.0,0.0
26,0.0,2,1,0.0,1.0,1.0
46,131769.04,1,0,1.0,0.0,0.0
34,0.0,1,1,0.0,1.0,1.0
55,0.0,2,1,0.0,0.0,1.0
35,0.0,2,1,0.0,1.0,0.0
34,124619.33,2,1,0.0,0.0,1.0
39,86843.61,1,1,0.0,0.0,1.0
40,0.0,1,0,0.0,0.0,1.0
34,0.0,2,0,0.0,0.0,1.0
22,174185.98,2,1,0.0,0.0,0.0
32,123938.6,2,0,1.0,0.0,1.0
51,138553.57,1,1,0.0,0.0,1.0
40,106901.42,2,0,1.0,0.0,1.0
33,0.0,1,1,0.0,1.0,1.0
37,0.0,2,1,0.0,0.0,1.0
39,82531.11,1,0,1.0,0.0,1.0
42,151027.05,2,0,0.0,0.0,1.0
44,148481.09,1,0,0.0,0.0,0.0
45,148600.91,1,0,0.0,0.0,1.0
48,116060.08,1,0,0.0,1.0,1.0
24,156325.38,1,1,0.0,0.0,1.0
36,118520.26,1,0,0.0,1.0,0.0
52,0.0,1,1,0.0,0.0,1.0
36,84266.44,2,0,1.0,0.0,0.0
39,100717.85,3,1,1.0,0.0,0.0
31,135213.71,1,1,0.0,1.0,1.0
27,107027.52,1,0,1.0,0.0,1.0
40,0.0,2,0,0.0,0.0,0.0
68,0.0,4,1,0.0,0.0,0.0
29,0.0,1,1,0.0,0.0,1.0
41,108128.52,1,1,0.0,0.0,1.0
68,0.0,2,1,0.0,0.0,1.0
37,0.0,1,1,0.0,0.0,1.0
24,148167.83,2,1,0.0,0.0,0.0
32,122947.92,1,1,1.0,0.0,1.0
27,0.0,2,0,0.0,1.0,0.0
58,109327.65,1,1,0.0,1.0,1.0
38,132951.92,1,1,0.0,0.0,0.0
25,77886.53,2,0,0.0,0.0,1.0
40,0.0,2,0,0.0,0.0,0.0
26,62610.96,2,1,0.0,0.0,0.0
35,115680.81,1,1,0.0,1.0,0.0
48,152827.99,1,0,1.0,0.0,0.0
51,101629.3,1,0,0.0,0.0,0.0
39,152685.4,1,0,0.0,1.0,1.0
42,126115.6,1,0,0.0,0.0,1.0
35,0.0,1,0,0.0,0.0,1.0
32,138521.83,1,1,0.0,1.0,1.0
38,130933.74,1,1,1.0,0.0,0.0
57,71481.79,2,1,0.0,0.0,0.0
42,87807.29,2,1,1.0,0.0,1.0
32,0.0,2,1,0.0,1.0,0.0
41,0.0,1,1,0.0,1.0,1.0
29,87375.78,2,0,0.0,0.0,0.0
37,0.0,2,0,0.0,1.0,1.0
41,112119.48,1,0,0.0,1.0,0.0
33,137853.0,1,1,0.0,0.0,0.0
60,0.0,2,1,0.0,1.0,1.0
28,0.0,2,0,0.0,0.0,0.0
38,96143.47,1,0,0.0,1.0,1.0
48,138778.15,1,1,0.0,0.0,1.0
41,144326.09,1,0,1.0,0.0,0.0
32,0.0,1,0,0.0,0.0,1.0
57,0.0,2,1,0.0,0.0,0.0
71,149105.08,1,1,0.0,0.0,1.0
29,130420.2,2,0,1.0,0.0,0.0
19,0.0,1,1,0.0,1.0,1.0
61,164523.5,2,1,1.0,0.0,1.0
35,162442.35,1,0,0.0,0.0,1.0
35,114193.24,1,0,0.0,0.0,1.0
33,145580.61,1,1,0.0,1.0,0.0
30,84440.1,2,1,1.0,0.0,1.0
35,0.0,2,0,0.0,0.0,1.0
42,85839.62,1,0,1.0,0.0,1.0
40,3768.69,2,0,0.0,0.0,0.0
35,0.0,2,1,0.0,0.0,1.0
50,81290.02,3,1,1.0,0.0,1.0
31,0.0,2,1,0.0,1.0,0.0
33,68193.72,1,0,0.0,0.0,1.0
39,0.0,2,1,0.0,0.0,1.0
33,0.0,1,1,0.0,1.0,0.0
26,116576.45,1,0,0.0,1.0,0.0
38,113000.92,1,1,0.0,0.0,1.0
32,0.0,2,0,0.0,0.0,1.0
58,143212.22,1,0,1.0,0.0,0.0
40,131569.63,1,1,0.0,0.0,0.0
43,0.0,2,0,0.0,0.0,1.0
35,146311.58,1,1,0.0,0.0,1.0
44,116967.68,1,0,0.0,0.0,1.0
29,78939.15,1,0,1.0,0.0,0.0
37,0.0,2,0,0.0,0.0,0.0
73,0.0,1,1,0.0,0.0,0.0
23,0.0,2,1,0.0,1.0,1.0
39,116537.6,1,0,0.0,0.0,1.0
39,0.0,2,0,0.0,1.0,0.0
27,133806.54,2,0,0.0,1.0,0.0
58,142537.18,1,1,1.0,0.0,1.0
39,128362.59,1,0,0.0,0.0,0.0
21,146329.57,2,1,0.0,0.0,0.0
33,0.0,1,1,0.0,0.0,0.0
46,106511.85,1,0,0.0,0.0,0.0
28,81623.67,2,1,1.0,0.0,0.0
39,0.0,2,1,0.0,0.0,1.0
49,0.0,2,1,0.0,1.0,1.0
64,98362.35,2,1,1.0,0.0,0.0
41,126683.8,1,1,0.0,1.0,1.0
23,0.0,2,0,0.0,0.0,0.0
37,142663.46,1,1,0.0,0.0,1.0
39,122104.79,1,0,1.0,0.0,0.0
52,0.0,1,1,0.0,0.0,0.0
52,109922.61,1,1,0.0,0.0,1.0
44,0.0,2,0,0.0,0.0,1.0
28,130142.79,1,0,0.0,0.0,0.0
50,0.0,2,1,0.0,0.0,0.0
41,112152.89,1,1,0.0,1.0,0.0
37,0.0,2,1,0.0,0.0,0.0
40,0.0,1,0,0.0,0.0,1.0
38,164496.99,1,1,0.0,0.0,0.0
35,0.0,2,0,0.0,0.0,0.0
48,163630.76,1,1,1.0,0.0,1.0
71,137260.78,1,1,0.0,1.0,1.0
64,0.0,2,1,0.0,1.0,0.0
48,108736.52,1,0,1.0,0.0,0.0
34,0.0,2,0,0.0,1.0,0.0
37,107592.89,2,1,0.0,1.0,1.0
39,0.0,2,1,0.0,0.0,0.0
32,109196.67,2,0,1.0,0.0,0.0
26,119545.48,2,0,1.0,0.0,1.0
40,79927.36,2,1,0.0,0.0,0.0
33,96110.22,1,0,0.0,1.0,1.0
51,0.0,2,1,0.0,0.0,0.0
42,0.0,2,0,0.0,1.0,0.0
45,116585.97,1,0,1.0,0.0,0.0
33,0.0,2,1,0.0,0.0,0.0
29,0.0,2,1,0.0,0.0,0.0
27,87637.26,2,0,0.0,0.0,1.0
45,142084.04,4,0,1.0,0.0,1.0
41,0.0,1,1,0.0,1.0,0.0
34,0.0,2,1,0.0,0.0,1.0
30,0.0,2,0,0.0,0.0,0.0
31,77743.01,2,0,1.0,0.0,1.0
47,72664.0,2,1,0.0,1.0,0.0
40,0.0,2,0,0.0,0.0,1.0
49,0.0,2,1,0.0,0.0,0.0
33,97286.16,2,0,1.0,0.0,1.0
41,72252.64,2,1,1.0,0.0,1.0
42,151836.36,2,0,1.0,0.0,1.0
35,113090.4,1,0,0.0,0.0,0.0
40,108197.11,2,0,1.0,0.0,1.0
35,0.0,1,1,0.0,0.0,0.0
35,0.0,1,0,0.0,1.0,0.0
36,164557.95,1,1,0.0,1.0,0.0
60,115924.89,1,0,1.0,0.0,0.0
61,73688.2,1,1,0.0,0.0,1.0
31,0.0,2,0,0.0,0.0,1.0
47,88011.4,1,1,0.0,0.0,0.0
72,0.0,1,1,0.0,0.0,0.0
58,170113.0,2,1,1.0,0.0,1.0
28,0.0,2,1,0.0,0.0,0.0
25,0.0,2,0,0.0,1.0,1.0
64,62979.93,1,1,0.0,1.0,0.0
28,0.0,2,0,0.0,0.0,1.0
33,85227.84,1,1,0.0,0.0,0.0
28,0.0,1,0,0.0,0.0,0.0
37,0.0,2,0,0.0,0.0,0.0
44,0.0,2,0,0.0,1.0,1.0
37,73179.34,2,1,1.0,0.0,1.0
45,95922.9,1,0,0.0,1.0,0.0
33,0.0,2,1,0.0,1.0,0.0
38,166328.65,2,1,0.0,0.0,0.0
50,0.0,2,0,0.0,0.0,0.0
31,115141.18,1,0,0.0,0.0,0.0
23,112568.31,1,1,0.0,0.0,0.0
51,120124.35,2,1,0.0,0.0,1.0
54,0.0,1,0,0.0,0.0,1.0
25,174400.36,1,0,0.0,0.0,1.0
30,88243.29,2,1,0.0,1.0,0.0
28,126833.79,2,0,0.0,1.0,0.0
30,111093.01,1,0,0.0,1.0,1.0
19,113905.48,1,1,1.0,0.0,0.0
43,0.0,2,0,0.0,1.0,1.0
34,0.0,1,0,0.0,0.0,0.0
27,61688.61,2,0,1.0,0.0,1.0
35,0.0,1,0,0.0,1.0,1.0
41,60880.68,1,0,1.0,0.0,1.0
49,132623.76,3,0,1.0,0.0,1.0
54,0.0,2,1,0.0,0.0,1.0
45,116917.07,1,0,1.0,0.0,1.0
31,97338.19,2,0,1.0,0.0,1.0
32,0.0,2,0,0.0,1.0,1.0
27,66201.96,1,1,0.0,0.0,0.0
46,177619.71,1,0,0.0,1.0,0.0
42,0.0,1,1,0.0,1.0,1.0
35,95698.79,1,1,1.0,0.0,0.0
67,0.0,2,1,0.0,1.0,1.0
28,99705.69,2,0,1.0,0.0,0.0
42,157498.9,1,1,0.0,0.0,1.0
37,133199.71,2,1,1.0,0.0,0.0
34,0.0,2,1,0.0,0.0,1.0
34,100054.77,1,0,0.0,0.0,1.0
36,161757.87,2,1,0.0,1.0,1.0
44,0.0,1,0,0.0,0.0,1.0
57,105000.85,2,1,0.0,1.0,1.0
33,0.0,2,1,0.0,0.0,0.0
32,108465.65,2,0,1.0,0.0,0.0
51,0.0,2,1,0.0,1.0,1.0
23,104822.45,1,1,0.0,0.0,0.0
26,116318.23,1,1,0.0,1.0,1.0
31,139729.54,1,1,1.0,0.0,1.0
25,123816.5,1,1,0.0,0.0,0.0
40,181768.32,2,1,1.0,0.0,1.0
22,94762.16,2,1,1.0,0.0,1.0
45,165901.59,2,0,0.0,0.0,1.0
33,0.0,2,0,0.0,0.0,1.0
36,0.0,2,1,0.0,1.0,1.0
27,188614.07,1,0,1.0,0.0,1.0
50,102278.79,2,0,1.0,0.0,0.0
35,0.0,2,1,0.0,0.0,1.0
29,0.0,2,1,0.0,0.0,0.0
32,0.0,4,1,0.0,0.0,0.0
35,74371.49,1,0,0.0,1.0,1.0
36,0.0,3,1,0.0,1.0,1.0
39,111900.14,1,1,0.0,1.0,1.0
35,112392.45,2,0,0.0,0.0,1.0
44,168165.84,1,1,0.0,0.0,0.0
37,0.0,2,1,0.0,1.0,0.0
49,167962.7,1,0,0.0,0.0,0.0
48,101198.01,1,1,0.0,1.0,0.0
43,140431.98,1,0,0.0,0.0,1.0
61,124737.96,1,1,1.0,0.0,1.0
37,130404.92,1,0,0.0,1.0,0.0
33,122088.67,1,0,1.0,0.0,1.0
27,138032.15,1,0,1.0,0.0,1.0
48,0.0,2,0,0.0,1.0,1.0
35,172274.01,1,0,0.0,0.0,1.0
27,128243.03,1,1,0.0,0.0,1.0
24,0.0,2,0,0.0,0.0,0.0
40,127847.86,1,0,0.0,0.0,1.0
33,161801.47,1,1,0.0,1.0,0.0
28,90537.16,1,1,0.0,0.0,0.0
25,97544.29,1,1,0.0,0.0,1.0
25,0.0,2,1,0.0,1.0,1.0
49,0.0,2,0,0.0,0.0,1.0
43,0.0,2,0,0.0,0.0,0.0
20,0.0,2,0,0.0,0.0,1.0
21,0.0,2,0,0.0,0.0,0.0
45,0.0,2,1,0.0,0.0,1.0
23,98052.66,1,1,0.0,1.0,1.0
36,167983.17,2,1,1.0,0.0,1.0
77,76510.52,2,1,1.0,0.0,0.0
29,113146.98,2,1,1.0,0.0,1.0
39,126935.98,2,1,1.0,0.0,0.0
34,144751.81,1,0,0.0,0.0,0.0
39,0.0,2,0,0.0,0.0,0.0
34,101506.66,1,0,0.0,1.0,1.0
31,0.0,2,0,0.0,1.0,0.0
21,81025.6,2,0,0.0,0.0,0.0
29,141389.06,1,0,0.0,0.0,1.0
41,190238.93,1,1,0.0,0.0,0.0
38,145974.79,2,1,0.0,0.0,1.0
27,106116.5,2,0,1.0,0.0,0.0
30,0.0,2,1,0.0,0.0,1.0
35,0.0,1,0,0.0,0.0,1.0
34,88772.87,1,1,0.0,0.0,0.0
28,0.0,2,1,0.0,0.0,1.0
31,145537.21,1,0,1.0,0.0,1.0
35,111827.27,2,0,0.0,1.0,0.0
57,116326.07,1,1,0.0,1.0,1.0
55,115285.85,1,0,0.0,0.0,1.0
41,73700.12,3,1,0.0,0.0,1.0
43,144164.29,1,1,1.0,0.0,1.0
31,82674.15,1,0,0.0,0.0,1.0
23,0.0,2,1,0.0,0.0,1.0
61,141784.02,1,1,1.0,0.0,1.0
57,136820.99,1,1,0.0,1.0,0.0
32,88348.43,2,1,1.0,0.0,1.0
43,0.0,1,0,0.0,1.0,1.0
23,107787.47,1,1,0.0,0.0,1.0
30,0.0,2,0,0.0,0.0,0.0
38,0.0,2,1,0.0,0.0,1.0
37,69143.91,2,1,0.0,0.0,1.0
22,0.0,2,0,0.0,0.0,1.0
32,0.0,2,0,0.0,0.0,1.0
39,0.0,1,0,0.0,0.0,1.0
43,92244.83,2,0,1.0,0.0,0.0
44,121898.82,1,0,1.0,0.0,0.0
23,0.0,2,0,0.0,0.0,1.0
33,0.0,2,1,0.0,0.0,0.0
40,99886.42,2,1,0.0,0.0,1.0
27,0.0,2,0,0.0,0.0,0.0
37,212314.03,1,1,0.0,0.0,1.0
34,111905.43,1,1,1.0,0.0,0.0
38,0.0,1,1,0.0,1.0,1.0
50,0.0,1,1,0.0,1.0,1.0
36,0.0,1,1,0.0,0.0,1.0
47,148826.32,1,1,1.0,0.0,1.0
46,111512.75,3,0,1.0,0.0,0.0
33,127154.14,2,1,1.0,0.0,1.0
63,120916.52,3,0,1.0,0.0,1.0
43,0.0,2,1,0.0,1.0,1.0
37,93978.96,2,0,1.0,0.0,1.0
32,0.0,2,1,0.0,0.0,1.0
42,0.0,2,0,0.0,1.0,0.0
52,0.0,2,1,0.0,0.0,1.0
22,125265.61,1,1,0.0,1.0,1.0
40,0.0,1,1,0.0,0.0,1.0
23,0.0,2,0,0.0,1.0,1.0
39,0.0,1,1,0.0,0.0,0.0
40,93051.64,2,0,1.0,0.0,1.0
30,0.0,2,1,0.0,0.0,1.0
33,101952.97,2,0,0.0,0.0,1.0
40,0.0,1,1,0.0,0.0,1.0
34,128270.56,1,0,0.0,0.0,1.0
34,121132.26,2,0,0.0,1.0,1.0
31,117799.28,1,1,0.0,0.0,1.0
46,122220.19,1,1,0.0,0.0,1.0
42,56726.83,2,1,0.0,0.0,1.0
36,0.0,2,1,0.0,0.0,0.0
35,133087.76,1,0,0.0,0.0,1.0
26,108909.12,1,0,0.0,0.0,0.0
43,92599.55,2,1,0.0,0.0,0.0
31,0.0,1,1,0.0,1.0,1.0
32,103846.65,1,0,1.0,0.0,1.0
41,121558.46,1,1,0.0,0.0,0.0
30,0.0,2,0,0.0,0.0,0.0
37,132057.92,2,0,0.0,0.0,1.0
25,96950.21,1,0,0.0,1.0,1.0
39,113193.51,2,1,1.0,0.0,1.0
38,82083.52,1,1,1.0,0.0,0.0
32,0.0,2,1,0.0,1.0,1.0
41,90757.64,2,1,1.0,0.0,0.0
36,0.0,2,1,0.0,1.0,0.0
36,122314.39,1,0,1.0,0.0,0.0
37,148466.93,2,1,0.0,0.0,1.0
42,126772.57,1,1,1.0,0.0,1.0
41,149049.92,1,1,1.0,0.0,1.0
38,0.0,1,0,0.0,0.0,1.0
57,107174.58,1,1,1.0,0.0,1.0
56,209767.31,2,1,0.0,1.0,0.0
42,121765.37,2,1,1.0,0.0,1.0
54,105770.14,1,1,0.0,1.0,1.0
30,0.0,2,1,0.0,0.0,0.0
41,164046.1,1,0,1.0,0.0,1.0
62,0.0,2,1,0.0,1.0,1.0
44,100486.18,2,1,0.0,0.0,1.0
37,152212.88,2,0,0.0,1.0,1.0
25,0.0,2,1,0.0,1.0,1.0
36,116338.68,1,1,0.0,1.0,0.0
40,82441.75,1,0,0.0,0.0,0.0
33,132255.99,2,1,0.0,0.0,1.0
51,108449.23,3,0,1.0,0.0,0.0
35,102742.91,2,1,1.0,0.0,0.0
34,63663.93,1,1,1.0,0.0,0.0
54,0.0,2,1,0.0,0.0,0.0
34,0.0,2,1,0.0,0.0,0.0
44,88915.85,1,0,0.0,1.0,1.0
43,0.0,2,0,0.0,0.0,1.0
44,128747.69,1,0,0.0,0.0,0.0
41,124349.34,1,0,0.0,0.0,0.0
33,124573.33,2,0,1.0,0.0,1.0
56,112414.81,2,0,1.0,0.0,1.0
36,0.0,2,0,0.0,0.0,1.0
66,135392.31,2,1,1.0,0.0,0.0
37,147361.57,1,1,1.0,0.0,0.0
35,103015.12,2,1,0.0,0.0,0.0
55,136576.02,1,1,0.0,0.0,1.0
36,0.0,1,1,0.0,0.0,1.0
22,101528.61,1,0,1.0,0.0,0.0
44,127536.44,1,0,1.0,0.0,0.0
41,97663.16,2,0,0.0,0.0,1.0
40,155455.43,1,1,0.0,1.0,1.0
47,121376.15,2,0,0.0,0.0,0.0
38,115463.16,1,0,0.0,1.0,1.0
42,0.0,2,0,0.0,1.0,0.0
40,148897.02,1,0,1.0,0.0,0.0
45,0.0,2,1,0.0,0.0,0.0
38,0.0,2,1,0.0,0.0,1.0
41,152105.57,2,1,0.0,0.0,0.0
38,111798.06,2,1,1.0,0.0,1.0
34,0.0,2,1,0.0,1.0,0.0
24,110495.27,1,0,0.0,0.0,0.0
40,0.0,2,0,0.0,1.0,0.0
47,126597.89,2,1,1.0,0.0,0.0
31,0.0,2,1,0.0,0.0,0.0
44,185932.18,2,0,1.0,0.0,0.0
37,95668.82,2,0,1.0,0.0,1.0
29,0.0,1,0,0.0,0.0,1.0
36,112029.83,1,1,0.0,1.0,1.0
39,162390.52,2,0,0.0,1.0,0.0
60,162039.78,1,1,0.0,0.0,0.0
63,0.0,2,1,0.0,1.0,1.0
34,154139.45,1,1,0.0,0.0,0.0
40,99745.95,1,0,1.0,0.0,0.0
62,0.0,2,0,0.0,0.0,1.0
31,0.0,2,0,0.0,0.0,1.0
37,129101.3,1,1,0.0,0.0,0.0
67,129431.36,1,1,0.0,0.0,1.0
35,0.0,1,1,0.0,0.0,0.0
33,168964.77,1,1,0.0,1.0,0.0
28,0.0,2,1,0.0,0.0,0.0
34,154983.98,1,0,0.0,1.0,1.0
38,132129.72,1,1,0.0,0.0,0.0
36,71142.77,2,0,1.0,0.0,1.0
31,164672.66,1,1,1.0,0.0,0.0
28,160376.61,1,0,0.0,0.0,1.0
42,145155.37,1,0,0.0,0.0,1.0
37,136689.66,1,0,0.0,1.0,0.0
27,139301.68,1,0,0.0,0.0,1.0
37,139265.63,2,1,1.0,0.0,1.0
32,0.0,2,1,0.0,1.0,1.0
42,68683.68,1,1,0.0,1.0,1.0
48,0.0,2,1,0.0,0.0,1.0
52,96781.39,1,1,1.0,0.0,1.0
46,0.0,2,1,0.0,1.0,0.0
48,0.0,2,1,0.0,1.0,0.0
46,182364.53,1,0,0.0,1.0,1.0
44,0.0,2,1,0.0,0.0,0.0
40,0.0,2,0,0.0,1.0,1.0
67,88382.01,1,1,0.0,1.0,1.0
36,0.0,1,1,0.0,1.0,0.0
31,0.0,3,1,0.0,0.0,1.0
24,0.0,1,1,0.0,0.0,1.0
33,0.0,2,0,0.0,0.0,1.0
47,152076.93,1,0,1.0,0.0,1.0
38,0.0,2,0,0.0,0.0,0.0
62,0.0,1,1,0.0,0.0,1.0
41,104405.54,3,0,1.0,0.0,1.0
37,125977.81,1,0,1.0,0.0,0.0
34,113958.55,1,1,0.0,0.0,1.0
42,123331.36,1,0,1.0,0.0,0.0
32,0.0,1,1,0.0,1.0,0.0
36,0.0,2,1,0.0,0.0,0.0
43,87624.03,2,0,0.0,0.0,1.0
33,0.0,2,1,0.0,1.0,0.0
32,90322.99,2,1,1.0,0.0,0.0
40,114354.95,1,0,0.0,0.0,0.0
46,123444.72,1,1,1.0,0.0,1.0
40,0.0,2,1,0.0,1.0,0.0
58,116353.2,2,1,1.0,0.0,0.0
37,100443.36,2,1,0.0,0.0,1.0
32,0.0,1,1,0.0,0.0,1.0
35,0.0,2,0,0.0,1.0,1.0
33,125241.17,2,1,1.0,0.0,0.0
38,123770.46,1,0,1.0,0.0,0.0
57,162448.69,1,0,1.0,0.0,0.0
37,146093.39,2,0,0.0,0.0,1.0
62,124678.35,1,0,0.0,0.0,0.0
28,0.0,2,1,0.0,0.0,1.0
39,132628.98,1,0,0.0,1.0,1.0
31,0.0,2,1,0.0,0.0,1.0
50,129667.77,1,0,0.0,1.0,0.0
44,58781.76,1,0,0.0,0.0,0.0
46,0.0,3,0,0.0,0.0,0.0
33,74963.5,1,1,0.0,0.0,0.0
44,102016.38,1,1,0.0,0.0,1.0
42,109121.71,1,1,0.0,1.0,1.0
30,90727.79,1,0,0.0,0.0,1.0
34,0.0,2,1,0.0,0.0,1.0
58,0.0,1,0,0.0,0.0,1.0
36,70181.48,2,0,0.0,0.0,1.0
41,106134.46,1,1,0.0,0.0,1.0
31,82293.82,2,1,1.0,0.0,1.0
30,156771.68,1,1,1.0,0.0,0.0
30,0.0,1,0,0.0,0.0,1.0
53,0.0,1,1,0.0,1.0,1.0
26,135889.13,1,1,0.0,1.0,0.0
35,145623.36,1,0,1.0,0.0,0.0
32,184686.41,2,0,0.0,0.0,0.0
31,0.0,1,1,0.0,1.0,1.0
26,0.0,1,0,0.0,0.0,1.0
26,0.0,2,0,0.0,0.0,1.0
40,128389.12,1,1,0.0,1.0,1.0
32,0.0,1,1,0.0,1.0,0.0
34,126729.41,1,1,1.0,0.0,1.0
64,0.0,1,0,0.0,1.0,0.0
40,133245.52,2,1,1.0,0.0,0.0
34,0.0,2,0,0.0,0.0,1.0
43,0.0,2,1,0.0,0.0,1.0
38,110555.37,2,0,1.0,0.0,1.0
34,88815.56,2,0,1.0,0.0,1.0
42,0.0,2,1,0.0,0.0,0.0
28,154475.54,2,1,1.0,0.0,1.0
39,0.0,2,0,0.0,0.0,1.0
45,118886.55,1,0,1.0,0.0,0.0
41,0.0,2,1,0.0,1.0,1.0
24,0.0,1,1,0.0,0.0,0.0
44,189318.16,2,0,0.0,1.0,0.0
52,130013.12,1,1,1.0,0.0,1.0
23,0.0,1,1,0.0,1.0,1.0
39,89588.35,1,1,0.0,0.0,0.0
34,0.0,2,1,0.0,0.0,0.0
18,0.0,2,0,0.0,1.0,1.0
39,120252.02,2,1,1.0,0.0,1.0
29,0.0,2,0,0.0,0.0,0.0
51,0.0,3,0,0.0,0.0,1.0
36,99472.76,2,0,0.0,0.0,0.0
30,124857.69,2,0,0.0,1.0,1.0
32,0.0,2,0,0.0,1.0,1.0
41,0.0,2,0,0.0,0.0,0.0
34,0.0,2,0,0.0,0.0,1.0
28,0.0,2,0,0.0,0.0,1.0
34,0.0,2,1,0.0,0.0,1.0
40,0.0,2,0,0.0,0.0,1.0
27,0.0,1,1,0.0,0.0,0.0
44,157622.58,1,1,0.0,1.0,0.0
33,0.0,1,0,0.0,1.0,1.0
45,104118.5,1,1,0.0,0.0,0.0
29,123737.04,2,0,1.0,0.0,1.0
47,0.0,2,1,0.0,0.0,0.0
27,0.0,2,0,0.0,1.0,1.0
31,104158.84,1,0,0.0,0.0,0.0
40,0.0,2,0,0.0,1.0,0.0
34,133467.77,2,1,1.0,0.0,1.0
27,0.0,2,1,0.0,0.0,0.0
31,111589.67,1,0,1.0,0.0,1.0
31,0.0,1,1,0.0,0.0,0.0
41,92618.62,1,1,1.0,0.0,0.0
50,0.0,1,0,0.0,1.0,1.0
55,116973.26,3,0,0.0,0.0,0.0
40,0.0,2,1,0.0,1.0,1.0
31,112203.25,1,0,0.0,0.0,0.0
37,90432.92,1,1,1.0,0.0,1.0
29,209490.21,1,1,0.0,1.0,0.0
30,0.0,3,1,0.0,0.0,1.0
59,106819.65,1,1,1.0,0.0,1.0
35,100768.77,1,0,0.0,0.0,0.0
37,151226.18,2,1,0.0,0.0,1.0
50,129370.91,4,1,1.0,0.0,1.0
32,179305.09,1,1,0.0,0.0,1.0
43,113641.49,4,0,1.0,0.0,0.0
35,108306.44,1,1,0.0,0.0,0.0
52,154733.97,1,0,0.0,1.0,0.0
36,142400.77,1,1,0.0,0.0,1.0
35,0.0,2,0,0.0,0.0,1.0
43,113882.31,1,1,0.0,0.0,1.0
36,0.0,2,0,0.0,1.0,1.0
24,137295.19,2,1,0.0,0.0,0.0
39,149363.12,2,1,1.0,0.0,0.0
70,96947.58,3,0,1.0,0.0,0.0
33,94126.67,1,0,1.0,0.0,1.0
31,112713.34,1,1,0.0,1.0,1.0
33,163139.27,1,1,0.0,0.0,1.0
27,118627.16,2,1,1.0,0.0,1.0
39,163097.55,2,1,0.0,1.0,0.0
22,0.0,2,0,0.0,1.0,1.0
28,96679.71,1,1,1.0,0.0,1.0
28,97612.12,1,1,0.0,0.0,1.0
34,0.0,2,1,0.0,1.0,1.0
32,112079.58,1,0,0.0,0.0,1.0
39,97700.02,1,1,0.0,0.0,1.0
34,91025.58,2,1,1.0,0.0,0.0
36,152606.82,1,1,0.0,0.0,1.0
29,0.0,2,0,0.0,0.0,0.0
43,0.0,2,1,0.0,0.0,1.0
27,158786.67,2,1,0.0,0.0,0.0
38,0.0,2,0,0.0,0.0,1.0
52,0.0,2,0,0.0,1.0,1.0
28,95357.49,1,0,0.0,1.0,0.0
46,0.0,2,1,0.0,0.0,0.0
33,123870.07,1,0,0.0,1.0,0.0
39,112687.69,1,1,0.0,0.0,0.0
33,0.0,2,0,0.0,0.0,0.0
53,0.0,3,0,0.0,1.0,0.0
31,182275.23,2,0,1.0,0.0,1.0
39,109698.41,1,1,1.0,0.0,0.0
39,129299.28,2,0,0.0,0.0,1.0
45,0.0,1,1,0.0,0.0,0.0
26,105514.69,2,0,1.0,0.0,0.0
56,148507.24,1,0,1.0,0.0,1.0
43,0.0,2,1,0.0,0.0,0.0
41,0.0,2,0,0.0,0.0,1.0
60,0.0,2,1,0.0,0.0,1.0
34,154495.79,1,0,0.0,0.0,1.0
35,0.0,2,0,0.0,0.0,1.0
39,81273.13,1,1,0.0,1.0,1.0
56,78707.16,1,1,0.0,1.0,1.0
37,135847.47,1,0,0.0,0.0,1.0
37,140950.92,2,0,1.0,0.0,1.0
39,151963.26,2,0,0.0,1.0,0.0
27,100912.19,1,0,0.0,1.0,0.0
50,171740.69,1,0,0.0,0.0,1.0
40,149961.99,2,0,1.0,0.0,0.0
32,169947.41,2,1,1.0,0.0,1.0
41,136416.82,1,1,0.0,0.0,1.0
68,126061.51,2,1,1.0,0.0,1.0
21,132312.06,1,0,1.0,0.0,0.0
33,118004.26,1,0,0.0,0.0,0.0
41,85906.65,3,0,1.0,0.0,0.0
37,0.0,2,0,0.0,1.0,0.0
48,95679.29,1,0,0.0,1.0,0.0
42,141927.1,1,1,1.0,0.0,1.0
44,0.0,1,1,0.0,1.0,1.0
44,122314.5,1,0,1.0,0.0,0.0
59,101609.77,1,0,1.0,0.0,0.0
59,155766.05,1,1,0.0,1.0,1.0
30,145127.85,1,0,0.0,1.0,1.0
50,122227.71,1,1,1.0,0.0,1.0
48,156848.13,2,1,1.0,0.0,0.0
36,114628.4,1,1,0.0,0.0,1.0
42,99095.73,1,1,0.0,0.0,1.0
64,0.0,2,0,0.0,0.0,1.0
32,100606.02,1,0,0.0,0.0,1.0
31,0.0,2,1,0.0,0.0,0.0
63,137841.53,1,1,0.0,0.0,1.0
37,0.0,3,0,0.0,1.0,0.0
38,0.0,1,0,0.0,0.0,1.0
21,85818.18,1,1,0.0,1.0,0.0
41,100062.39,1,0,0.0,1.0,1.0
66,0.0,1,0,0.0,0.0,1.0
39,0.0,2,1,0.0,1.0,0.0
43,55853.33,2,1,0.0,1.0,0.0
23,93911.3,2,0,1.0,0.0,1.0
30,0.0,2,1,0.0,0.0,1.0
36,69518.95,1,0,0.0,0.0,0.0
33,0.0,2,1,0.0,0.0,1.0
39,136422.41,1,1,0.0,0.0,0.0
28,0.0,2,1,0.0,0.0,1.0
39,118336.14,1,0,0.0,0.0,0.0
36,0.0,2,1,0.0,0.0,0.0
46,0.0,2,1,0.0,1.0,0.0
34,113014.7,2,1,0.0,0.0,1.0
43,108589.47,2,1,1.0,0.0,1.0
41,96147.55,1,0,0.0,0.0,0.0
40,0.0,2,1,0.0,0.0,1.0
36,0.0,2,1,0.0,0.0,1.0
49,122486.47,1,1,0.0,0.0,1.0
28,100032.52,1,0,1.0,0.0,0.0
34,90355.12,2,0,1.0,0.0,1.0
33,98630.31,2,1,1.0,0.0,1.0
33,0.0,1,1,0.0,1.0,1.0
37,131834.76,2,0,0.0,0.0,0.0
31,172325.67,1,1,0.0,0.0,0.0
59,122471.09,1,1,1.0,0.0,1.0
32,92961.61,1,0,0.0,0.0,1.0
28,77776.39,1,0,1.0,0.0,1.0
37,114346.3,1,1,1.0,0.0,1.0
44,0.0,2,0,0.0,1.0,0.0
39,115341.19,1,1,1.0,0.0,1.0
30,154221.37,2,1,1.0,0.0,0.0
26,0.0,2,0,0.0,0.0,0.0
32,124450.36,2,1,1.0,0.0,1.0
38,0.0,2,1,0.0,0.0,1.0
37,135650.88,1,0,1.0,0.0,1.0
41,0.0,1,0,0.0,1.0,0.0
50,132598.38,2,1,1.0,0.0,0.0
38,0.0,2,0,0.0,0.0,0.0
45,134980.74,1,1,1.0,0.0,0.0
36,124445.52,1,0,0.0,0.0,1.0
25,0.0,2,0,0.0,0.0,0.0
27,121580.42,1,1,0.0,1.0,0.0
42,0.0,2,1,0.0,0.0,0.0
30,0.0,2,1,0.0,0.0,0.0
35,104356.38,1,0,1.0,0.0,1.0
29,0.0,1,0,0.0,0.0,1.0
31,0.0,2,0,0.0,1.0,0.0
58,63492.94,1,1,0.0,0.0,1.0
26,87098.91,1,0,0.0,0.0,0.0
42,115076.06,1,1,0.0,0.0,1.0
29,0.0,2,1,0.0,0.0,0.0
28,0.0,1,0,0.0,0.0,1.0
35,129847.75,2,0,1.0,0.0,1.0
44,148770.61,2,1,1.0,0.0,0.0
37,101707.8,1,0,0.0,1.0,0.0
77,0.0,2,1,0.0,0.0,1.0
38,0.0,1,1,0.0,0.0,0.0
32,0.0,2,1,0.0,0.0,0.0
39,0.0,2,1,0.0,0.0,1.0
22,0.0,2,1,0.0,0.0,1.0
31,128131.73,1,0,0.0,0.0,1.0
41,0.0,1,0,0.0,1.0,0.0
44,0.0,2,1,0.0,0.0,1.0
66,116037.76,1,1,0.0,0.0,0.0
34,0.0,2,1,0.0,0.0,1.0
46,161798.53,1,0,0.0,0.0,1.0
55,119961.48,1,0,1.0,0.0,1.0
25,78396.08,1,1,0.0,0.0,1.0
39,111213.64,2,1,1.0,0.0,0.0
29,125961.74,2,0,1.0,0.0,1.0
39,119688.81,1,0,1.0,0.0,1.0
40,98241.04,1,0,0.0,0.0,1.0
28,97840.72,1,1,0.0,1.0,0.0
38,145874.35,1,0,0.0,1.0,1.0
33,132168.28,1,0,0.0,1.0,1.0
23,123943.18,1,1,1.0,0.0,0.0
18,133550.67,1,1,0.0,0.0,1.0
32,149136.31,2,1,0.0,0.0,1.0
26,131908.35,1,1,1.0,0.0,0.0
32,0.0,2,0,0.0,0.0,1.0
34,0.0,2,0,0.0,0.0,0.0
51,123401.43,2,1,0.0,0.0,1.0
77,135120.56,1,0,1.0,0.0,0.0
48,0.0,2,0,0.0,0.0,1.0
52,86891.84,1,0,1.0,0.0,0.0
36,169025.83,1,0,1.0,0.0,0.0
31,0.0,2,1,0.0,0.0,0.0
39,0.0,2,0,0.0,0.0,0.0
31,137687.72,1,0,0.0,0.0,0.0
38,101648.5,2,0,1.0,0.0,0.0
40,0.0,1,0,0.0,0.0,1.0
36,77846.9,1,0,1.0,0.0,0.0
40,0.0,1,1,0.0,1.0,0.0
62,127738.75,2,1,0.0,0.0,1.0
40,139129.44,1,1,0.0,1.0,0.0
54,89299.81,1,0,0.0,0.0,1.0
41,115251.64,1,0,0.0,1.0,1.0
37,0.0,2,1,0.0,0.0,1.0
37,0.0,2,0,0.0,0.0,0.0
33,0.0,2,0,0.0,0.0,1.0
32,118879.35,2,1,0.0,1.0,0.0
41,110112.54,2,0,1.0,0.0,1.0
39,114491.82,1,0,1.0,0.0,0.0
47,157099.47,2,1,1.0,0.0,0.0
43,0.0,2,1,0.0,0.0,1.0
60,152335.7,1,0,0.0,0.0,1.0
26,153644.39,1,1,0.0,0.0,1.0
25,0.0,2,1,0.0,1.0,1.0
27,125167.74,1,0,0.0,0.0,0.0
37,167864.4,1,0,1.0,0.0,0.0
44,123070.89,1,0,1.0,0.0,0.0
60,121907.97,1,1,0.0,1.0,1.0
42,123311.39,2,1,0.0,0.0,1.0
35,106266.8,1,1,0.0,0.0,0.0
23,0.0,2,0,0.0,1.0,0.0
33,135962.4,2,0,1.0,0.0,1.0
45,0.0,2,0,0.0,0.0,0.0
39,0.0,1,1,0.0,1.0,0.0
41,0.0,2,1,0.0,1.0,1.0
31,0.0,1,0,0.0,0.0,0.0
54,137986.58,2,1,1.0,0.0,1.0
42,49508.79,3,1,1.0,0.0,0.0
43,133214.88,2,1,0.0,1.0,0.0
56,0.0,1,1,0.0,1.0,0.0
43,175735.5,1,1,0.0,1.0,1.0
46,161450.03,1,1,1.0,0.0,1.0
25,0.0,2,1,0.0,0.0,0.0
34,0.0,1,1,0.0,0.0,1.0
25,0.0,2,1,0.0,0.0,1.0
48,150315.92,1,1,0.0,1.0,0.0
36,0.0,1,1,0.0,1.0,0.0
35,0.0,1,0,0.0,0.0,1.0
31,0.0,2,0,0.0,1.0,0.0
37,158024.38,1,0,0.0,1.0,1.0
46,130666.2,1,1,0.0,0.0,1.0
28,0.0,1,0,0.0,1.0,1.0
38,115378.94,1,1,0.0,1.0,1.0
36,61636.97,1,0,0.0,0.0,1.0
44,0.0,2,0,0.0,0.0,1.0
40,121729.42,1,0,1.0,0.0,0.0
51,83739.32,1,1,0.0,1.0,1.0
37,0.0,1,1,0.0,0.0,1.0
21,0.0,2,1,0.0,0.0,1.0
75,0.0,1,0,0.0,0.0,0.0
23,113758.48,2,0,0.0,0.0,1.0
33,0.0,1,1,0.0,0.0,1.0
40,140596.95,1,1,0.0,0.0,0.0
28,0.0,2,1,0.0,0.0,1.0
31,158978.79,1,0,0.0,0.0,0.0
27,90971.85,1,1,1.0,0.0,0.0
41,109026.8,2,1,1.0,0.0,1.0
29,0.0,1,1,0.0,0.0,1.0
35,101744.84,1,0,1.0,0.0,1.0
30,0.0,2,1,0.0,0.0,1.0
45,155447.65,2,0,1.0,0.0,0.0
41,0.0,2,0,0.0,0.0,1.0
25,0.0,3,1,0.0,0.0,0.0
33,0.0,2,1,0.0,1.0,1.0
40,141136.79,1,1,0.0,0.0,1.0
22,0.0,2,1,0.0,0.0,1.0
30,117494.27,1,0,0.0,0.0,1.0
40,101016.53,1,1,1.0,0.0,1.0
28,0.0,2,0,0.0,1.0,1.0
21,166883.07,2,1,0.0,0.0,0.0
38,68079.8,1,1,0.0,1.0,1.0
44,0.0,2,0,0.0,0.0,1.0
33,111582.11,1,0,0.0,0.0,1.0
41,0.0,3,1,0.0,1.0,0.0
35,0.0,2,1,0.0,1.0,1.0
36,135438.4,1,0,0.0,0.0,0.0
28,122384.22,3,1,1.0,0.0,1.0
39,0.0,2,1,0.0,1.0,1.0
36,0.0,1,0,0.0,0.0,0.0
44,0.0,2,0,0.0,0.0,1.0
29,0.0,2,1,0.0,0.0,1.0
32,151691.44,2,1,1.0,0.0,1.0
28,185013.02,1,0,1.0,0.0,1.0
32,145807.59,1,1,0.0,0.0,1.0
38,0.0,2,0,0.0,0.0,1.0
40,131184.67,1,1,0.0,0.0,0.0
39,0.0,1,0,0.0,0.0,1.0
37,0.0,1,0,0.0,0.0,1.0
50,146710.76,1,0,1.0,0.0,0.0
29,0.0,2,1,0.0,0.0,0.0
44,122806.95,1,0,0.0,0.0,1.0
42,137781.65,1,0,0.0,0.0,0.0
42,97495.8,2,0,1.0,0.0,0.0
30,73218.89,1,1,0.0,0.0,1.0
23,166594.78,1,1,0.0,0.0,1.0
63,148368.02,1,0,0.0,0.0,1.0
37,163607.18,1,1,0.0,1.0,0.0
40,113794.22,1,0,0.0,1.0,0.0
37,142688.57,2,1,1.0,0.0,0.0
47,0.0,2,0,0.0,0.0,0.0
41,0.0,1,1,0.0,0.0,1.0
44,0.0,2,1,0.0,0.0,0.0
52,191665.21,1,1,0.0,0.0,0.0
27,0.0,2,0,0.0,1.0,1.0
37,154712.58,2,0,0.0,1.0,1.0
50,0.0,2,1,0.0,1.0,0.0
31,0.0,2,0,0.0,1.0,1.0
37,165252.52,1,0,0.0,0.0,1.0
30,110829.52,2,0,0.0,0.0,1.0
31,0.0,2,0,0.0,0.0,1.0
37,127609.59,1,0,0.0,0.0,1.0
30,86449.39,1,1,0.0,0.0,1.0
31,152926.6,1,1,0.0,1.0,0.0
33,0.0,2,1,0.0,1.0,1.0
43,112773.73,2,1,0.0,0.0,0.0
38,107283.4,1,0,0.0,0.0,0.0
49,115309.75,1,0,0.0,1.0,0.0
61,0.0,2,1,0.0,0.0,0.0
24,0.0,2,1,0.0,0.0,1.0
40,0.0,1,0,0.0,0.0,0.0
36,85660.96,1,0,0.0,1.0,0.0
69,108424.19,1,1,0.0,0.0,1.0
44,0.0,2,0,0.0,0.0,0.0
30,0.0,2,0,0.0,0.0,1.0
23,137964.51,1,1,1.0,0.0,0.0
39,135483.17,1,0,0.0,1.0,0.0
32,133705.74,1,0,0.0,1.0,1.0
38,174937.64,1,0,1.0,0.0,0.0
40,193354.86,2,0,0.0,0.0,1.0
49,0.0,1,1,0.0,0.0,1.0
51,0.0,2,0,0.0,0.0,1.0
29,91955.61,1,0,0.0,0.0,1.0
21,0.0,2,0,0.0,1.0,1.0
40,153639.11,1,1,0.0,1.0,1.0
34,78829.53,1,1,0.0,0.0,1.0
36,153880.15,1,0,0.0,0.0,1.0
40,0.0,2,1,0.0,0.0,1.0
27,116320.68,1,1,0.0,1.0,0.0
36,0.0,1,1,0.0,0.0,1.0
38,115221.36,1,1,0.0,0.0,1.0
43,99610.92,2,0,0.0,0.0,1.0
60,92887.06,1,0,0.0,0.0,0.0
42,129735.3,2,1,0.0,0.0,1.0
44,0.0,2,1,0.0,1.0,1.0
50,88379.81,3,1,1.0,0.0,0.0
31,0.0,2,1,0.0,0.0,1.0
19,0.0,2,1,0.0,0.0,0.0
31,0.0,2,0,0.0,0.0,1.0
40,110150.43,1,1,1.0,0.0,0.0
55,0.0,2,1,0.0,0.0,1.0
35,0.0,2,1,0.0,1.0,0.0
43,153313.67,1,0,0.0,0.0,0.0
41,154902.66,1,1,1.0,0.0,1.0
37,94001.61,2,0,1.0,0.0,1.0
50,0.0,1,0,0.0,1.0,1.0
31,0.0,2,1,0.0,1.0,1.0
32,0.0,2,0,0.0,0.0,0.0
35,108308.0,1,0,0.0,0.0,0.0
26,0.0,2,1,0.0,0.0,1.0
38,0.0,1,1,0.0,0.0,1.0
34,37266.67,2,0,1.0,0.0,0.0
53,167772.96,1,1,1.0,0.0,1.0
55,155828.22,1,1,0.0,1.0,0.0
30,109805.3,1,1,0.0,0.0,1.0
37,0.0,2,0,0.0,1.0,0.0
35,117212.18,1,1,1.0,0.0,1.0
28,114731.76,2,1,0.0,0.0,1.0
34,0.0,2,1,0.0,0.0,0.0
43,0.0,2,1,0.0,1.0,1.0
56,154669.77,1,1,0.0,1.0,1.0
55,118803.35,2,1,0.0,0.0,1.0
34,90723.36,1,1,0.0,1.0,1.0
50,118098.62,1,1,1.0,0.0,1.0
61,65190.29,1,1,0.0,0.0,0.0
47,122031.55,1,1,0.0,0.0,0.0
49,160602.25,2,0,0.0,0.0,0.0
66,149950.19,1,1,0.0,0.0,0.0
34,149940.04,2,0,0.0,1.0,1.0
43,97792.21,1,0,0.0,1.0,1.0
28,70233.74,2,1,1.0,0.0,1.0
43,160416.56,1,1,0.0,0.0,0.0
33,198113.86,1,0,0.0,0.0,1.0
26,109958.15,1,1,0.0,1.0,0.0
27,111837.78,2,1,1.0,0.0,0.0
44,126147.84,1,1,1.0,0.0,0.0
37,0.0,2,1,0.0,1.0,0.0
33,118082.89,1,0,0.0,0.0,1.0
51,124620.01,2,0,0.0,0.0,0.0
31,137260.45,2,0,1.0,0.0,1.0
30,143138.91,2,0,1.0,0.0,1.0
35,90602.42,2,1,1.0,0.0,1.0
32,0.0,1,1,0.0,0.0,0.0
42,114631.23,1,1,0.0,0.0,1.0
52,0.0,1,1,0.0,0.0,0.0
41,63873.56,1,0,0.0,1.0,1.0
43,85957.88,2,0,1.0,0.0,1.0
35,0.0,2,1,0.0,0.0,1.0
36,135095.47,1,0,0.0,1.0,1.0
24,0.0,2,1,0.0,0.0,0.0
34,0.0,2,0,0.0,0.0,1.0
35,0.0,2,1,0.0,1.0,1.0
22,0.0,2,0,0.0,1.0,1.0
37,133292.45,1,0,0.0,1.0,0.0
32,154737.88,2,1,0.0,0.0,1.0
40,174126.75,3,0,1.0,0.0,1.0
52,125396.24,1,0,1.0,0.0,0.0
49,121197.64,1,0,0.0,0.0,1.0
29,0.0,1,0,0.0,0.0,1.0
32,150923.74,2,1,1.0,0.0,0.0
31,79962.92,2,0,0.0,0.0,1.0
38,75075.14,1,1,0.0,1.0,1.0
26,123126.29,1,0,1.0,0.0,0.0
43,132217.45,1,0,1.0,0.0,1.0
29,0.0,2,1,0.0,0.0,0.0
24,143656.55,1,1,0.0,1.0,1.0
30,105443.68,1,1,0.0,0.0,1.0
40,113348.5,1,1,0.0,1.0,0.0
40,125534.51,1,0,1.0,0.0,0.0
53,0.0,2,1,0.0,0.0,1.0
47,0.0,1,1,0.0,0.0,0.0
28,138668.18,1,1,0.0,1.0,1.0
32,91956.49,1,1,0.0,0.0,1.0
41,98612.1,1,0,1.0,0.0,0.0
32,101160.99,1,1,1.0,0.0,1.0
31,113688.63,1,0,1.0,0.0,1.0
36,79951.9,1,1,0.0,0.0,0.0
33,150186.22,2,1,1.0,0.0,1.0
29,0.0,2,1,0.0,1.0,1.0
33,0.0,2,1,0.0,0.0,0.0
36,0.0,2,1,0.0,1.0,0.0
30,128207.23,1,1,0.0,0.0,1.0
28,0.0,1,0,0.0,0.0,1.0
56,110802.03,1,1,0.0,1.0,1.0
27,0.0,2,1,0.0,0.0,0.0
45,120591.19,1,0,1.0,0.0,1.0
31,139799.63,1,1,0.0,1.0,0.0
42,0.0,1,1,0.0,0.0,0.0
28,97408.03,1,1,0.0,1.0,1.0
29,128744.04,1,1,0.0,0.0,1.0
43,81153.82,1,1,0.0,1.0,0.0
57,101868.51,1,1,1.0,0.0,1.0
25,130866.19,1,0,0.0,1.0,0.0
39,80615.46,2,0,1.0,0.0,1.0
39,0.0,2,1,0.0,0.0,0.0
43,80442.06,2,1,1.0,0.0,1.0
50,130023.38,1,0,1.0,0.0,1.0
38,74306.19,2,0,0.0,0.0,0.0
50,0.0,2,0,0.0,0.0,1.0
35,114212.6,1,1,0.0,0.0,1.0
42,0.0,2,0,0.0,0.0,1.0
32,0.0,2,1,0.0,1.0,0.0
48,124442.38,1,0,1.0,0.0,0.0
44,140393.65,2,1,1.0,0.0,1.0
33,152143.89,1,1,1.0,0.0,1.0
28,163569.61,2,1,0.0,0.0,1.0
22,112465.06,1,1,0.0,0.0,0.0
44,120654.68,1,0,0.0,1.0,1.0
26,146133.39,1,1,1.0,0.0,1.0
32,0.0,2,0,0.0,1.0,1.0
30,141787.31,2,1,1.0,0.0,1.0
44,159316.64,1,0,0.0,0.0,0.0
39,144550.83,2,1,1.0,0.0,0.0
59,0.0,2,1,0.0,0.0,0.0
33,0.0,1,0,0.0,0.0,0.0
30,124119.54,1,0,0.0,0.0,1.0
38,0.0,2,0,0.0,0.0,0.0
22,0.0,2,1,0.0,0.0,0.0
23,104744.89,1,0,0.0,1.0,1.0
61,0.0,2,1,0.0,1.0,0.0
32,149814.54,1,0,1.0,0.0,1.0
28,113811.85,2,1,0.0,1.0,0.0
43,121927.92,1,0,1.0,0.0,0.0
35,79585.96,1,1,1.0,0.0,0.0
26,0.0,2,0,0.0,0.0,1.0
51,104682.83,1,0,1.0,0.0,1.0
43,201696.07,1,0,0.0,0.0,1.0
40,125879.29,1,0,0.0,0.0,0.0
63,146202.93,1,1,0.0,1.0,1.0
31,0.0,2,0,0.0,0.0,1.0
36,0.0,1,1,0.0,0.0,1.0
43,137638.69,1,0,0.0,0.0,1.0
26,119009.57,1,0,0.0,0.0,1.0
37,98218.04,2,0,1.0,0.0,0.0
36,145071.24,1,0,1.0,0.0,1.0
37,157098.52,1,1,1.0,0.0,0.0
33,119278.44,1,1,1.0,0.0,0.0
36,148749.29,2,0,0.0,0.0,0.0
46,98444.19,1,1,0.0,0.0,0.0
41,133432.59,1,1,1.0,0.0,0.0
30,0.0,1,1,0.0,1.0,0.0
40,55776.39,2,0,0.0,0.0,0.0
45,151855.33,1,0,1.0,0.0,0.0
27,102258.11,2,0,0.0,0.0,0.0
46,116886.59,1,0,0.0,1.0,0.0
63,0.0,2,1,0.0,0.0,1.0
62,0.0,2,1,0.0,0.0,1.0
31,51293.47,1,0,1.0,0.0,0.0
37,136925.09,2,1,1.0,0.0,0.0
29,99097.36,1,1,1.0,0.0,0.0
37,51582.5,2,1,0.0,0.0,0.0
36,108913.84,2,1,1.0,0.0,0.0
28,165798.1,1,0,0.0,0.0,1.0
31,0.0,1,0,0.0,0.0,0.0
59,118210.42,2,0,1.0,0.0,1.0
42,0.0,2,0,0.0,0.0,0.0
33,35016.6,1,0,1.0,0.0,1.0
44,118742.74,2,0,0.0,0.0,0.0
29,0.0,2,0,0.0,0.0,0.0
35,137179.39,1,1,0.0,0.0,1.0
32,163340.12,2,1,0.0,1.0,1.0
27,107751.68,2,1,0.0,1.0,0.0
49,88915.37,3,0,0.0,0.0,0.0
37,0.0,2,0,0.0,0.0,1.0
27,125427.37,2,0,0.0,1.0,1.0
46,0.0,2,1,0.0,1.0,1.0
51,97565.74,1,0,0.0,0.0,1.0
62,0.0,2,1,0.0,0.0,0.0
37,145382.61,1,0,0.0,1.0,1.0
42,107856.57,2,0,1.0,0.0,1.0
33,116765.7,1,0,1.0,0.0,0.0
28,146098.43,3,0,0.0,1.0,0.0
31,0.0,1,1,0.0,0.0,1.0
39,130969.77,2,1,1.0,0.0,1.0
31,76665.71,2,1,0.0,1.0,1.0
35,105419.73,1,0,0.0,0.0,0.0
66,127120.62,1,1,1.0,0.0,0.0
31,104678.62,1,1,0.0,1.0,1.0
36,129745.1,1,1,1.0,0.0,0.0
27,0.0,2,0,0.0,1.0,1.0
44,137452.09,1,0,1.0,0.0,1.0
32,85534.83,1,0,0.0,1.0,1.0
29,0.0,2,0,0.0,1.0,1.0
27,0.0,2,1,0.0,0.0,1.0
36,94615.11,2,1,1.0,0.0,1.0
45,117231.63,3,1,1.0,0.0,1.0
24,103099.17,2,0,1.0,0.0,0.0
34,154485.74,2,0,0.0,0.0,1.0
47,0.0,1,0,0.0,0.0,1.0
50,124233.24,1,1,1.0,0.0,1.0
35,85668.59,1,0,1.0,0.0,1.0
28,119336.29,2,1,1.0,0.0,1.0
45,0.0,2,1,0.0,0.0,1.0
26,0.0,2,1,0.0,0.0,1.0
36,143680.47,2,1,0.0,1.0,0.0
46,134950.19,3,0,0.0,0.0,1.0
40,104149.66,1,0,1.0,0.0,1.0
36,98266.3,1,1,0.0,1.0,0.0
37,125489.4,1,0,1.0,0.0,1.0
54,0.0,1,0,0.0,0.0,1.0
35,165358.77,1,1,0.0,0.0,1.0
40,0.0,2,1,0.0,0.0,1.0
37,39344.83,1,1,0.0,0.0,1.0
62,118756.62,1,1,0.0,0.0,1.0
40,146502.07,1,0,0.0,1.0,0.0
39,0.0,2,0,0.0,1.0,1.0
37,0.0,1,1,0.0,1.0,0.0
38,0.0,2,0,0.0,0.0,1.0
26,0.0,2,0,0.0,0.0,1.0
42,0.0,2,0,0.0,1.0,1.0
25,152885.77,1,0,1.0,0.0,0.0
32,61825.5,1,1,1.0,0.0,1.0
33,0.0,2,0,0.0,0.0,1.0
60,69365.25,1,1,0.0,0.0,0.0
29,116805.82,1,0,0.0,1.0,0.0
32,80958.36,1,1,0.0,1.0,1.0
28,0.0,2,0,0.0,0.0,1.0
51,0.0,3,0,0.0,0.0,1.0
39,144102.32,1,1,0.0,1.0,0.0
39,0.0,2,1,0.0,0.0,1.0
35,102918.38,1,1,0.0,1.0,1.0
46,107073.27,2,1,0.0,1.0,0.0
59,119380.37,1,1,0.0,0.0,1.0
36,178111.82,1,0,0.0,0.0,1.0
41,153895.65,1,1,1.0,0.0,0.0
41,125561.97,1,0,1.0,0.0,1.0
47,0.0,2,0,0.0,0.0,1.0
38,130233.14,1,1,0.0,1.0,1.0
39,162532.14,3,0,1.0,0.0,0.0
33,0.0,2,0,0.0,0.0,1.0
24,122168.65,1,0,0.0,0.0,1.0
38,123894.43,1,0,0.0,0.0,0.0
38,134105.01,1,0,0.0,0.0,0.0
47,160729.1,1,1,0.0,0.0,1.0
37,0.0,2,0,0.0,1.0,0.0
39,0.0,2,1,0.0,0.0,1.0
33,0.0,2,1,0.0,0.0,1.0
41,0.0,2,1,0.0,0.0,1.0
45,110765.68,1,0,1.0,0.0,1.0
27,197041.8,1,0,0.0,0.0,1.0
31,110527.17,1,1,0.0,0.0,1.0
35,80931.75,1,0,1.0,0.0,0.0
41,80542.81,1,0,1.0,0.0,1.0
40,93017.47,2,0,0.0,0.0,1.0
35,159693.9,2,1,0.0,1.0,1.0
48,0.0,2,1,0.0,0.0,0.0
32,131354.25,1,0,0.0,0.0,1.0
29,96462.25,2,1,1.0,0.0,1.0
63,0.0,2,0,0.0,1.0,1.0
43,134204.67,1,1,0.0,1.0,0.0
45,80793.58,1,1,0.0,0.0,1.0
26,120727.97,1,1,1.0,0.0,1.0
38,112803.92,1,0,0.0,1.0,0.0
41,0.0,1,1,0.0,0.0,0.0
39,0.0,2,0,0.0,0.0,1.0
33,0.0,2,0,0.0,1.0,0.0
46,141788.63,2,0,1.0,0.0,0.0
40,125725.02,2,1,1.0,0.0,1.0
29,140170.61,1,1,0.0,0.0,0.0
36,0.0,2,0,0.0,1.0,0.0
49,0.0,1,0,0.0,0.0,0.0
29,139994.66,1,0,0.0,0.0,0.0
43,120847.11,1,0,1.0,0.0,0.0
29,104944.1,1,1,1.0,0.0,0.0
54,0.0,1,0,0.0,0.0,1.0
38,0.0,2,1,0.0,0.0,1.0
32,0.0,1,1,0.0,0.0,0.0
64,136770.67,1,1,0.0,0.0,1.0
38,134811.3,1,0,0.0,0.0,1.0
36,0.0,2,0,0.0,0.0,0.0
26,77780.29,1,1,0.0,0.0,0.0
38,89111.63,1,0,1.0,0.0,1.0
68,95039.12,1,1,1.0,0.0,0.0
45,138523.2,1,0,1.0,0.0,0.0
43,0.0,1,0,0.0,0.0,0.0
33,0.0,2,0,0.0,0.0,1.0
36,109646.83,1,1,1.0,0.0,0.0
35,143744.77,2,0,0.0,0.0,1.0
26,76226.9,1,0,0.0,1.0,1.0
46,87603.35,3,1,0.0,1.0,0.0
32,0.0,2,0,0.0,0.0,0.0
34,83264.28,1,0,0.0,1.0,1.0
41,0.0,2,1,0.0,0.0,1.0
74,108071.36,2,1,1.0,0.0,0.0
37,0.0,2,1,0.0,0.0,0.0
48,132759.8,1,0,0.0,1.0,1.0
39,117301.66,1,0,0.0,0.0,0.0
42,0.0,2,0,0.0,0.0,0.0
35,133111.73,1,1,0.0,0.0,0.0
37,98459.6,1,0,1.0,0.0,1.0
21,0.0,1,1,0.0,0.0,1.0
61,133845.28,2,1,1.0,0.0,1.0
44,184552.12,1,0,0.0,1.0,1.0
28,167658.33,2,1,1.0,0.0,1.0
48,81556.89,2,0,1.0,0.0,0.0
37,0.0,2,0,0.0,1.0,0.0
35,130557.24,1,1,0.0,0.0,0.0
33,0.0,2,0,0.0,1.0,1.0
42,0.0,2,0,0.0,0.0,0.0
68,82547.11,2,1,0.0,0.0,1.0
29,0.0,2,1,0.0,0.0,0.0
49,97036.22,2,0,1.0,0.0,1.0
38,153722.47,1,0,0.0,0.0,1.0
39,146186.28,2,1,1.0,0.0,1.0
29,0.0,2,0,0.0,0.0,1.0
48,133994.52,1,1,1.0,0.0,1.0
38,167539.97,1,1,0.0,0.0,0.0
43,0.0,2,1,0.0,0.0,1.0
34,83132.09,1,1,0.0,1.0,1.0
36,0.0,1,1,0.0,1.0,1.0
19,97445.49,2,0,0.0,0.0,0.0
26,174318.13,2,1,0.0,1.0,0.0
44,129608.57,1,0,1.0,0.0,1.0
33,0.0,2,1,0.0,1.0,1.0
33,140931.57,1,1,0.0,0.0,1.0
29,127414.55,1,1,0.0,0.0,1.0
33,160541.36,2,0,0.0,0.0,0.0
37,151218.98,1,1,1.0,0.0,0.0
36,0.0,2,1,0.0,0.0,0.0
48,69329.47,1,0,1.0,0.0,0.0
52,123925.23,1,0,0.0,1.0,1.0
34,117468.67,1,0,0.0,0.0,1.0
39,0.0,2,1,0.0,0.0,1.0
53,144453.75,1,0,0.0,0.0,1.0
55,0.0,3,0,0.0,0.0,0.0
28,143988.0,2,0,1.0,0.0,1.0
29,0.0,2,0,0.0,0.0,1.0
35,86911.8,1,0,0.0,0.0,1.0
41,0.0,2,0,0.0,0.0,1.0
56,119496.25,2,0,0.0,0.0,1.0
39,104502.11,1,0,1.0,0.0,0.0
38,163965.69,2,1,1.0,0.0,1.0
48,127924.25,2,0,1.0,0.0,0.0
25,128509.63,1,0,0.0,1.0,0.0
58,0.0,1,1,0.0,0.0,0.0
32,124493.03,2,1,1.0,0.0,0.0
31,175443.75,1,0,0.0,0.0,0.0
48,123764.95,1,1,0.0,0.0,1.0
35,120046.74,2,0,0.0,1.0,1.0
40,0.0,2,1,0.0,1.0,0.0
27,0.0,1,1,0.0,0.0,0.0
36,104356.94,2,1,1.0,0.0,0.0
53,0.0,2,1,0.0,1.0,1.0
28,0.0,2,1,0.0,0.0,1.0
41,123428.69,1,1,0.0,1.0,1.0
32,0.0,2,1,0.0,0.0,1.0
22,150126.44,1,0,0.0,0.0,0.0
56,123110.9,3,1,0.0,1.0,0.0
78,47536.4,1,1,0.0,0.0,0.0
25,139330.1,1,0,1.0,0.0,1.0
38,110641.18,1,1,0.0,0.0,1.0
50,142644.64,2,1,0.0,1.0,0.0
62,133201.17,1,0,1.0,0.0,0.0
38,177997.07,1,1,0.0,1.0,1.0
40,160625.17,1,1,0.0,1.0,1.0
47,0.0,1,0,0.0,0.0,0.0
39,0.0,2,0,0.0,1.0,0.0
28,118945.09,1,0,0.0,1.0,1.0
42,0.0,1,0,0.0,0.0,1.0
41,0.0,2,1,0.0,0.0,0.0
38,114135.17,1,0,0.0,0.0,1.0
53,94078.97,2,0,1.0,0.0,1.0
41,179915.85,1,0,0.0,1.0,0.0
40,0.0,2,1,0.0,0.0,1.0
36,0.0,2,1,0.0,1.0,1.0
33,68423.89,1,1,0.0,1.0,1.0
24,0.0,2,0,0.0,0.0,0.0
29,131968.57,2,1,1.0,0.0,1.0
40,0.0,2,1,0.0,0.0,1.0
54,68332.96,1,1,0.0,0.0,0.0
36,0.0,2,1,0.0,1.0,0.0
30,0.0,1,1,0.0,0.0,1.0
38,57068.43,2,0,1.0,0.0,0.0
37,150525.8,1,1,0.0,0.0,1.0
31,0.0,2,1,0.0,0.0,1.0
42,156555.54,1,1,0.0,0.0,0.0
27,0.0,1,1,0.0,1.0,1.0
33,118897.1,2,1,1.0,0.0,0.0
45,89158.94,3,0,0.0,1.0,0.0
49,29602.08,1,0,0.0,0.0,0.0
34,126436.29,1,0,0.0,1.0,1.0
42,137560.38,2,1,1.0,0.0,0.0
28,134766.85,1,0,0.0,1.0,1.0
44,100368.63,2,0,1.0,0.0,1.0
30,114027.7,1,1,1.0,0.0,1.0
28,0.0,2,0,0.0,1.0,0.0
34,0.0,1,0,0.0,0.0,0.0
45,63832.43,1,1,1.0,0.0,1.0
32,155584.21,1,1,0.0,0.0,0.0
40,0.0,1,0,0.0,1.0,1.0
26,0.0,2,1,0.0,1.0,0.0
47,0.0,2,1,0.0,1.0,1.0
35,116969.35,1,0,0.0,1.0,1.0
43,78992.75,2,0,1.0,0.0,1.0
38,123711.73,2,0,0.0,0.0,0.0
41,150148.51,1,0,0.0,1.0,1.0
35,86893.28,1,0,0.0,0.0,1.0
36,188241.05,2,0,0.0,1.0,1.0
29,0.0,2,0,0.0,1.0,0.0
53,106261.63,1,0,1.0,0.0,1.0
44,165326.2,1,1,0.0,0.0,1.0
43,166522.78,1,0,1.0,0.0,1.0
28,0.0,2,0,0.0,0.0,0.0
28,0.0,2,0,0.0,0.0,0.0
39,50880.98,2,1,1.0,0.0,1.0
33,154575.76,1,0,0.0,0.0,1.0
37,127103.97,1,1,0.0,0.0,0.0
33,0.0,2,0,0.0,0.0,0.0
65,0.0,2,1,0.0,0.0,0.0
32,123403.85,2,0,1.0,0.0,0.0
38,126444.08,2,1,1.0,0.0,1.0
33,145729.71,1,0,0.0,1.0,1.0
39,167395.6,2,1,1.0,0.0,0.0
22,186788.96,2,0,0.0,0.0,0.0
37,155619.58,1,1,0.0,1.0,0.0
50,121438.58,1,1,1.0,0.0,1.0
22,0.0,2,0,0.0,1.0,1.0
72,0.0,2,1,0.0,1.0,0.0
34,94682.56,2,0,1.0,0.0,1.0
33,138705.02,2,0,0.0,0.0,1.0
42,0.0,2,1,0.0,1.0,1.0
36,135515.76,1,0,0.0,1.0,0.0
31,0.0,1,0,0.0,1.0,1.0
29,87212.8,1,1,1.0,0.0,0.0
27,0.0,2,0,0.0,0.0,0.0
39,82255.51,2,0,0.0,0.0,1.0
41,0.0,2,1,0.0,0.0,1.0
40,109003.26,1,1,1.0,0.0,0.0
33,0.0,2,0,0.0,1.0,0.0
35,152390.26,1,0,0.0,1.0,1.0
38,0.0,1,1,0.0,0.0,0.0
35,80285.16,1,0,0.0,1.0,1.0
71,53013.29,2,1,1.0,0.0,1.0
38,0.0,2,0,0.0,0.0,1.0
38,189443.72,1,1,0.0,0.0,1.0
54,128914.97,1,0,0.0,0.0,1.0
25,82931.85,2,1,0.0,1.0,0.0
37,153195.59,1,1,0.0,0.0,1.0
37,118433.94,1,1,0.0,1.0,1.0
30,191091.74,2,1,0.0,0.0,0.0
42,91611.12,1,0,0.0,1.0,0.0
55,117294.12,4,0,0.0,1.0,0.0
36,95448.32,2,0,1.0,0.0,1.0
64,113109.52,1,0,0.0,0.0,1.0
37,0.0,2,0,0.0,0.0,1.0
32,0.0,2,0,0.0,1.0,0.0
38,128015.83,1,0,1.0,0.0,1.0
41,138014.4,2,0,1.0,0.0,1.0
32,0.0,2,0,0.0,0.0,1.0
28,145118.83,1,1,0.0,1.0,1.0
43,106870.12,2,0,1.0,0.0,0.0
33,73059.38,1,1,0.0,0.0,1.0
39,122501.28,2,1,1.0,0.0,0.0
42,132002.7,1,1,1.0,0.0,0.0
47,116528.15,1,0,0.0,1.0,1.0
32,125540.05,1,0,0.0,0.0,1.0
35,86147.46,2,0,1.0,0.0,0.0
43,184926.61,1,0,0.0,1.0,1.0
46,167795.6,1,1,0.0,0.0,0.0
21,151701.45,3,1,1.0,0.0,0.0
57,0.0,2,1,0.0,0.0,0.0
56,116251.24,1,1,1.0,0.0,0.0
34,0.0,2,1,0.0,0.0,1.0
63,162278.32,1,1,0.0,1.0,0.0
48,139480.18,1,1,1.0,0.0,0.0
43,0.0,2,0,0.0,0.0,0.0
39,0.0,3,0,0.0,0.0,0.0
24,0.0,2,0,0.0,0.0,0.0
32,105397.8,1,0,1.0,0.0,1.0
31,117852.26,2,0,0.0,0.0,0.0
29,88814.4,2,1,0.0,0.0,0.0
27,0.0,3,0,0.0,1.0,1.0
40,141267.67,1,1,0.0,0.0,0.0
43,0.0,1,0,0.0,0.0,0.0
26,89928.99,1,0,0.0,0.0,0.0
32,0.0,3,1,0.0,1.0,1.0
41,130931.83,1,1,0.0,0.0,0.0
53,123835.52,2,1,0.0,0.0,0.0
27,62092.9,1,1,0.0,0.0,1.0
56,168883.08,1,1,0.0,1.0,1.0
27,137275.36,1,1,0.0,1.0,1.0
45,113939.36,2,0,1.0,0.0,1.0
57,0.0,2,1,0.0,1.0,0.0
27,0.0,2,0,0.0,0.0,1.0
41,70349.48,2,1,1.0,0.0,1.0
37,0.0,2,1,0.0,1.0,1.0
26,91547.84,2,1,0.0,0.0,0.0
57,0.0,2,1,0.0,0.0,1.0
39,115730.71,3,1,1.0,0.0,1.0
41,135203.81,2,1,0.0,0.0,0.0
41,107525.07,1,0,0.0,1.0,1.0
34,0.0,2,0,0.0,1.0,0.0
46,183276.32,1,1,0.0,1.0,1.0
41,181461.48,3,1,1.0,0.0,0.0
51,0.0,2,1,0.0,0.0,0.0
31,132862.59,1,0,0.0,1.0,1.0
32,111589.33,1,1,0.0,0.0,1.0
45,0.0,2,0,0.0,0.0,1.0
67,0.0,2,1,0.0,0.0,0.0
34,105057.33,1,0,0.0,0.0,1.0
34,0.0,1,0,0.0,0.0,1.0
35,0.0,2,1,0.0,0.0,0.0
39,131468.44,1,0,0.0,1.0,1.0
33,0.0,2,0,0.0,0.0,1.0
39,79896.0,1,0,1.0,0.0,1.0
25,81732.88,2,0,1.0,0.0,0.0
40,140306.38,1,0,1.0,0.0,0.0
34,117593.48,2,0,0.0,0.0,1.0
38,104339.56,1,0,0.0,0.0,0.0
58,132602.88,1,0,1.0,0.0,1.0
36,116085.06,1,0,0.0,0.0,0.0
29,159035.45,1,0,0.0,1.0,1.0
58,53772.73,1,1,0.0,0.0,0.0
37,152958.29,2,1,1.0,0.0,1.0
44,0.0,1,1,0.0,1.0,0.0
39,0.0,2,1,0.0,1.0,1.0
45,0.0,2,0,0.0,0.0,0.0
50,127552.85,2,0,1.0,0.0,1.0
54,125889.3,3,0,1.0,0.0,0.0
34,132352.69,1,0,0.0,0.0,0.0
35,181821.96,2,1,0.0,0.0,1.0
21,133974.36,2,0,1.0,0.0,1.0
34,61687.33,2,0,0.0,0.0,1.0
39,0.0,2,0,0.0,0.0,1.0
35,0.0,2,0,0.0,0.0,0.0
53,45472.28,1,1,0.0,0.0,0.0
36,115725.24,2,0,1.0,0.0,1.0
49,150777.72,2,1,0.0,1.0,1.0
33,127837.54,1,1,0.0,0.0,0.0
53,117438.17,1,0,1.0,0.0,1.0
32,0.0,1,1,0.0,1.0,0.0
42,147249.29,2,1,0.0,0.0,1.0
40,139290.41,1,0,0.0,0.0,1.0
23,110741.56,1,0,1.0,0.0,0.0
42,120822.86,2,0,1.0,0.0,1.0
34,0.0,1,1,0.0,1.0,1.0
41,84622.13,1,1,1.0,0.0,1.0
22,115743.6,1,0,1.0,0.0,0.0
36,119540.15,1,1,0.0,0.0,0.0
35,155470.55,1,1,0.0,0.0,0.0
40,221532.8,1,0,0.0,1.0,1.0
36,66392.64,1,0,0.0,0.0,0.0
51,58137.08,1,1,0.0,0.0,1.0
24,0.0,2,0,0.0,1.0,1.0
47,118560.0,1,0,0.0,1.0,0.0
48,169023.33,2,1,1.0,0.0,1.0
37,0.0,1,1,0.0,0.0,1.0
35,133489.12,2,1,0.0,0.0,0.0
45,0.0,1,0,0.0,0.0,1.0
40,0.0,2,0,0.0,0.0,1.0
39,97854.37,2,0,0.0,1.0,0.0
36,0.0,1,1,0.0,0.0,1.0
40,143566.12,1,1,0.0,0.0,0.0
47,0.0,1,0,0.0,0.0,1.0
40,0.0,2,0,0.0,0.0,0.0
48,0.0,1,0,0.0,0.0,0.0
40,94773.11,1,0,0.0,0.0,1.0
29,0.0,2,0,0.0,0.0,1.0
37,0.0,2,1,0.0,1.0,1.0
47,136911.07,1,1,1.0,0.0,1.0
52,0.0,2,1,0.0,1.0,1.0
43,0.0,2,1,0.0,0.0,1.0
26,90402.77,1,1,1.0,0.0,1.0
37,98431.37,1,0,0.0,0.0,1.0
43,125338.8,2,0,1.0,0.0,0.0
33,167298.42,1,1,0.0,0.0,0.0
36,0.0,2,0,0.0,0.0,1.0
57,0.0,2,1,0.0,0.0,0.0
31,0.0,2,1,0.0,0.0,1.0
42,99824.45,1,1,0.0,0.0,1.0
42,150507.21,1,1,0.0,0.0,1.0
40,126212.64,1,0,0.0,0.0,1.0
36,0.0,2,0,0.0,1.0,1.0
72,121215.9,2,1,0.0,0.0,0.0
37,0.0,1,0,0.0,1.0,0.0
24,109558.36,1,0,0.0,0.0,1.0
39,75339.64,1,1,0.0,0.0,0.0
46,137933.39,1,1,0.0,1.0,0.0
37,98400.61,2,0,0.0,0.0,1.0
29,0.0,2,0,0.0,0.0,0.0
31,134237.07,1,1,1.0,0.0,1.0
44,108122.39,2,0,1.0,0.0,1.0
41,102768.42,1,0,0.0,0.0,1.0
41,157777.58,1,0,1.0,0.0,1.0
26,120923.52,1,1,0.0,0.0,0.0
36,147733.64,1,1,0.0,0.0,1.0
38,178787.54,1,1,1.0,0.0,1.0
63,129968.67,1,1,0.0,1.0,0.0
37,0.0,1,0,0.0,1.0,1.0
36,154872.08,2,1,0.0,0.0,1.0
33,0.0,2,1,0.0,1.0,0.0
36,114391.62,1,1,1.0,0.0,0.0
39,0.0,2,1,0.0,0.0,0.0
37,140211.88,1,1,0.0,0.0,0.0
33,0.0,2,0,0.0,1.0,1.0
30,0.0,2,1,0.0,0.0,1.0
46,0.0,2,1,0.0,0.0,1.0
32,99883.16,1,1,0.0,1.0,1.0
45,0.0,1,0,0.0,0.0,0.0
28,108116.66,1,1,0.0,0.0,1.0
42,88324.31,2,0,1.0,0.0,0.0
27,87739.08,1,1,0.0,0.0,0.0
33,135310.41,2,1,1.0,0.0,1.0
30,44928.88,1,1,0.0,0.0,1.0
38,0.0,1,0,0.0,0.0,1.0
44,123863.64,1,0,0.0,0.0,1.0
34,127095.14,2,0,0.0,1.0,0.0
40,137430.82,2,0,1.0,0.0,1.0
51,122822.0,2,0,0.0,0.0,0.0
20,83459.86,1,1,0.0,0.0,1.0
39,151553.19,1,1,0.0,0.0,0.0
53,0.0,1,1,0.0,0.0,0.0
29,151352.74,1,0,0.0,0.0,1.0
63,116270.72,1,1,0.0,0.0,0.0
40,148790.61,1,1,0.0,0.0,1.0
27,125547.53,1,0,0.0,0.0,1.0
66,121411.9,1,0,1.0,0.0,1.0
27,117578.35,2,1,1.0,0.0,1.0
34,129433.34,2,0,0.0,0.0,1.0
65,102541.1,1,0,0.0,1.0,0.0
38,82697.28,1,0,0.0,0.0,1.0
31,75499.24,1,0,0.0,0.0,0.0
42,132193.94,2,1,1.0,0.0,1.0
39,127771.35,2,1,0.0,0.0,1.0
36,92140.15,1,1,0.0,1.0,1.0
65,136186.44,1,1,1.0,0.0,1.0
64,69311.16,1,1,0.0,0.0,0.0
41,100520.92,1,1,1.0,0.0,1.0
37,0.0,2,0,0.0,1.0,1.0
29,129177.01,2,1,1.0,0.0,0.0
39,138160.0,1,1,0.0,1.0,1.0
43,136487.86,2,0,0.0,1.0,1.0
24,101195.23,1,0,1.0,0.0,1.0
21,76467.16,1,1,0.0,0.0,1.0
29,0.0,2,0,0.0,0.0,1.0
36,0.0,2,0,0.0,1.0,1.0
45,143734.01,2,1,1.0,0.0,0.0
56,111642.08,1,1,1.0,0.0,0.0
50,0.0,2,0,0.0,0.0,1.0
25,104833.79,1,0,0.0,1.0,0.0
34,116114.93,1,1,0.0,1.0,1.0
46,124547.13,2,0,0.0,0.0,1.0
40,0.0,2,1,0.0,1.0,1.0
34,147833.3,2,1,1.0,0.0,1.0
43,143061.88,1,0,0.0,0.0,0.0
60,78539.84,1,1,1.0,0.0,0.0
30,143964.36,2,0,1.0,0.0,0.0
37,105563.0,1,0,0.0,0.0,1.0
37,115217.99,2,0,1.0,0.0,1.0
66,0.0,2,1,0.0,0.0,1.0
26,0.0,2,1,0.0,0.0,1.0
33,0.0,1,0,0.0,1.0,1.0
34,0.0,2,0,0.0,1.0,1.0
30,0.0,2,1,0.0,0.0,1.0
51,123981.31,2,1,0.0,0.0,0.0
37,134006.39,1,1,0.0,1.0,1.0
35,126803.34,2,1,1.0,0.0,1.0
28,0.0,2,1,0.0,1.0,0.0
38,85626.6,1,1,1.0,0.0,0.0
48,167997.6,1,1,0.0,1.0,1.0
39,0.0,1,1,0.0,1.0,1.0
38,83727.68,1,0,1.0,0.0,0.0
43,147167.25,1,0,0.0,1.0,1.0
41,138306.34,1,0,1.0,0.0,0.0
38,0.0,2,0,0.0,0.0,0.0
32,0.0,2,0,0.0,0.0,1.0
36,148159.71,1,0,0.0,0.0,1.0
42,64404.26,2,0,1.0,0.0,0.0
31,0.0,2,1,0.0,0.0,1.0
32,106957.28,1,1,0.0,1.0,1.0
34,118028.35,1,0,1.0,0.0,1.0
46,0.0,2,0,0.0,0.0,0.0
42,0.0,2,0,0.0,0.0,1.0
47,86006.21,1,1,0.0,1.0,1.0
30,142910.15,1,0,1.0,0.0,1.0
22,0.0,1,1,0.0,1.0,0.0
42,80380.24,1,0,1.0,0.0,0.0
48,128140.17,1,0,1.0,0.0,1.0
39,127278.31,1,1,1.0,0.0,1.0
57,0.0,1,0,0.0,1.0,1.0
62,0.0,2,0,0.0,0.0,1.0
28,0.0,2,1,0.0,0.0,0.0
36,131307.11,1,0,0.0,0.0,1.0
39,0.0,2,0,0.0,1.0,0.0
60,140614.15,1,1,0.0,0.0,1.0
30,85859.76,1,0,0.0,0.0,0.0
36,0.0,2,1,0.0,1.0,1.0
46,0.0,2,0,0.0,1.0,0.0
41,0.0,2,1,0.0,0.0,1.0
31,123212.08,2,1,1.0,0.0,1.0
32,79368.87,2,1,0.0,0.0,0.0
39,0.0,1,0,0.0,1.0,0.0
34,42157.08,1,0,0.0,0.0,0.0
22,0.0,1,1,0.0,1.0,1.0
31,135020.21,2,1,1.0,0.0,0.0
39,0.0,2,0,0.0,1.0,1.0
29,130575.26,1,1,1.0,0.0,1.0
27,77805.66,1,1,0.0,0.0,1.0
36,126195.81,1,1,0.0,0.0,1.0
39,0.0,1,0,0.0,0.0,1.0
36,0.0,2,1,0.0,1.0,0.0
33,149564.61,1,0,1.0,0.0,1.0
30,0.0,2,0,0.0,0.0,0.0
35,166518.63,2,0,1.0,0.0,0.0
39,120193.42,1,0,0.0,1.0,1.0
24,182705.05,1,1,0.0,0.0,1.0
26,51962.91,2,0,0.0,0.0,1.0
37,113308.84,1,1,0.0,0.0,1.0
38,0.0,2,1,0.0,0.0,1.0
40,122295.17,2,1,1.0,0.0,0.0
69,0.0,2,0,0.0,0.0,1.0
49,80816.45,1,1,0.0,1.0,0.0
70,0.0,1,1,0.0,0.0,0.0
34,106434.94,1,1,1.0,0.0,0.0
54,108755.0,1,0,1.0,0.0,0.0
40,156111.08,1,0,0.0,1.0,1.0
29,131959.86,1,0,0.0,0.0,1.0
33,0.0,2,0,0.0,1.0,1.0
39,0.0,1,0,0.0,0.0,0.0
45,109032.23,1,1,1.0,0.0,0.0
38,105271.56,1,1,0.0,0.0,1.0
40,93183.19,1,0,0.0,0.0,1.0
41,0.0,2,1,0.0,0.0,1.0
23,0.0,2,0,0.0,0.0,1.0
44,118569.03,2,0,0.0,0.0,1.0
21,165878.76,2,1,1.0,0.0,0.0
47,140187.1,2,1,1.0,0.0,1.0
40,162485.8,2,0,1.0,0.0,0.0
30,143396.54,2,1,0.0,0.0,1.0
24,101827.07,1,0,0.0,0.0,1.0
49,124829.16,1,1,1.0,0.0,0.0
47,142669.93,2,0,0.0,0.0,1.0
24,0.0,2,1,0.0,1.0,1.0
31,122647.32,1,0,0.0,0.0,1.0
28,103033.83,1,1,1.0,0.0,1.0
37,0.0,2,1,0.0,0.0,1.0
42,161651.37,2,1,0.0,0.0,1.0
38,113599.42,1,0,1.0,0.0,1.0
35,95478.17,1,0,0.0,0.0,1.0
31,0.0,2,1,0.0,0.0,1.0
71,0.0,2,1,0.0,0.0,0.0
41,127913.71,2,1,1.0,0.0,1.0
58,0.0,2,1,0.0,1.0,1.0
47,94722.88,1,1,0.0,0.0,0.0
29,0.0,2,0,0.0,0.0,1.0
29,93833.86,1,1,0.0,1.0,1.0
32,57017.06,2,1,1.0,0.0,1.0
33,174912.72,1,1,0.0,0.0,1.0
37,105617.73,2,1,1.0,0.0,0.0
43,112751.13,1,1,0.0,0.0,1.0
35,166492.48,1,0,0.0,1.0,0.0
42,0.0,2,0,0.0,0.0,1.0
35,74623.5,3,0,0.0,0.0,1.0
29,103417.74,1,1,0.0,0.0,0.0
46,0.0,2,0,0.0,0.0,1.0
55,119618.42,1,1,0.0,1.0,1.0
38,86569.76,2,0,1.0,0.0,0.0
29,132954.64,1,1,0.0,0.0,1.0
27,0.0,2,0,0.0,0.0,1.0
54,0.0,2,1,0.0,0.0,1.0
38,72286.84,2,1,0.0,0.0,1.0
31,117052.82,1,0,1.0,0.0,0.0
43,79974.55,1,1,1.0,0.0,0.0
36,0.0,2,0,0.0,0.0,0.0
36,0.0,2,0,0.0,1.0,0.0
22,111543.26,2,0,1.0,0.0,0.0
31,118899.45,2,0,0.0,1.0,1.0
45,150842.93,1,1,1.0,0.0,0.0
34,91835.16,1,0,0.0,0.0,1.0
39,141789.15,1,0,0.0,1.0,0.0
22,141604.76,1,0,0.0,1.0,0.0
56,110993.79,1,0,1.0,0.0,1.0
30,72392.41,1,0,1.0,0.0,0.0
38,0.0,2,0,0.0,0.0,1.0
44,112610.77,1,1,0.0,0.0,1.0
29,0.0,1,0,0.0,0.0,1.0
39,0.0,2,0,0.0,0.0,1.0
57,119035.35,2,1,0.0,1.0,0.0
27,94667.29,2,1,1.0,0.0,1.0
36,166939.88,1,1,0.0,0.0,0.0
35,105346.03,2,1,1.0,0.0,1.0
29,118560.55,1,1,0.0,0.0,0.0
45,81828.22,1,0,0.0,0.0,0.0
35,0.0,2,1,0.0,0.0,1.0
47,89047.14,1,0,0.0,1.0,1.0
38,0.0,1,1,0.0,0.0,1.0
24,0.0,2,0,0.0,1.0,1.0
40,114005.78,1,1,0.0,0.0,1.0
23,146584.19,2,0,0.0,1.0,0.0
20,124365.42,1,0,1.0,0.0,1.0
32,0.0,2,0,0.0,0.0,0.0
54,0.0,1,0,0.0,0.0,1.0
37,108432.88,2,1,1.0,0.0,1.0
33,104552.72,1,1,1.0,0.0,0.0
32,0.0,2,0,0.0,0.0,0.0
41,109941.51,1,0,0.0,0.0,0.0
54,131039.97,2,1,1.0,0.0,0.0
39,80293.81,1,0,0.0,0.0,0.0
24,107418.27,1,1,1.0,0.0,1.0
55,0.0,1,0,0.0,1.0,0.0
51,0.0,2,0,0.0,1.0,0.0
38,0.0,2,1,0.0,1.0,0.0
23,187861.18,2,1,1.0,0.0,1.0
40,0.0,1,0,0.0,1.0,1.0
35,0.0,2,0,0.0,0.0,0.0
42,139070.51,1,1,0.0,1.0,1.0
38,0.0,1,0,0.0,0.0,1.0
38,198338.77,2,1,0.0,0.0,1.0
51,136294.97,1,0,0.0,0.0,0.0
32,110559.46,1,1,0.0,0.0,0.0
36,0.0,2,1,0.0,0.0,1.0
32,100433.8,1,1,0.0,1.0,1.0
43,0.0,1,1,0.0,0.0,0.0
66,132044.6,2,1,0.0,1.0,1.0
28,69459.05,2,1,1.0,0.0,1.0
22,93547.23,2,1,1.0,0.0,1.0
32,197436.82,1,1,0.0,1.0,1.0
38,0.0,2,1,0.0,1.0,0.0
25,0.0,2,0,0.0,1.0,1.0
40,138033.55,1,1,0.0,0.0,1.0
32,99462.8,2,1,1.0,0.0,1.0
37,0.0,2,1,0.0,0.0,0.0
32,68138.37,1,1,0.0,1.0,0.0
39,62052.28,1,1,0.0,1.0,0.0
46,142360.62,2,0,1.0,0.0,1.0
42,159660.8,3,0,0.0,0.0,0.0
52,0.0,2,1,0.0,1.0,0.0
29,86616.35,1,0,0.0,0.0,0.0
28,124511.01,1,0,1.0,0.0,0.0
32,80262.66,1,0,1.0,0.0,1.0
43,122717.53,2,1,1.0,0.0,0.0
48,118207.69,2,0,0.0,1.0,0.0
40,0.0,2,1,0.0,1.0,1.0
40,0.0,2,1,0.0,0.0,0.0
35,124268.64,2,1,0.0,1.0,1.0
57,162082.31,4,0,1.0,0.0,0.0
29,179539.2,1,0,0.0,0.0,1.0
55,0.0,1,1,0.0,1.0,1.0
44,118715.86,1,0,1.0,0.0,0.0
35,144037.6,1,0,1.0,0.0,1.0
32,96408.98,1,1,1.0,0.0,0.0
45,152367.21,3,0,1.0,0.0,0.0
41,0.0,2,0,0.0,1.0,1.0
46,131414.76,1,0,0.0,1.0,0.0
53,111061.01,2,0,0.0,1.0,1.0
23,184244.86,1,0,1.0,0.0,1.0
41,82596.8,1,1,0.0,0.0,0.0
42,103210.27,1,0,0.0,1.0,0.0
30,143340.44,1,0,1.0,0.0,0.0
29,115046.74,4,0,1.0,0.0,0.0
55,136354.16,1,1,0.0,0.0,0.0
37,153147.75,1,1,0.0,0.0,0.0
29,133434.57,2,0,0.0,1.0,1.0
39,0.0,2,0,0.0,0.0,1.0
39,0.0,2,0,0.0,0.0,1.0
35,0.0,1,1,0.0,0.0,0.0
41,153238.88,1,0,0.0,0.0,1.0
37,122689.51,2,0,0.0,0.0,1.0
38,103895.31,1,1,0.0,1.0,0.0
34,101861.36,2,0,1.0,0.0,0.0
33,0.0,2,1,0.0,0.0,0.0
35,97585.32,2,0,0.0,1.0,1.0
47,137138.2,2,1,1.0,0.0,0.0
46,66582.81,1,0,0.0,1.0,0.0
50,201009.64,1,0,0.0,0.0,1.0
43,172196.23,1,1,0.0,1.0,1.0
38,65942.26,1,1,0.0,0.0,1.0
32,127785.17,4,0,0.0,0.0,1.0
64,81564.1,2,1,0.0,0.0,1.0
31,125837.86,2,0,1.0,0.0,0.0
48,122388.38,2,0,1.0,0.0,0.0
56,156974.26,1,0,0.0,0.0,0.0
33,81677.22,2,0,1.0,0.0,1.0
30,0.0,2,0,0.0,1.0,0.0
31,166833.86,2,1,0.0,1.0,1.0
30,0.0,2,1,0.0,0.0,1.0
34,171671.9,1,1,0.0,1.0,0.0
32,0.0,1,0,0.0,1.0,0.0
32,127772.1,2,1,1.0,0.0,0.0
49,88826.07,1,1,1.0,0.0,0.0
30,0.0,2,0,0.0,0.0,1.0
38,142316.14,1,1,1.0,0.0,1.0
36,126598.99,2,1,0.0,0.0,0.0
56,104217.3,1,0,1.0,0.0,1.0
73,108555.07,1,1,0.0,1.0,1.0
30,115479.48,2,1,1.0,0.0,1.0
37,0.0,2,0,0.0,0.0,1.0
66,0.0,2,1,0.0,0.0,0.0
38,59360.77,1,1,0.0,0.0,1.0
37,88141.1,1,0,0.0,1.0,1.0
38,124483.53,1,0,0.0,1.0,1.0
37,0.0,2,0,0.0,0.0,0.0
37,170557.91,2,0,0.0,0.0,1.0
30,89571.59,1,1,0.0,0.0,0.0
42,165679.92,1,0,0.0,0.0,0.0
37,116465.53,1,1,0.0,0.0,0.0
49,111634.29,2,1,0.0,0.0,1.0
40,0.0,1,1,0.0,0.0,0.0
41,81877.38,1,1,1.0,0.0,0.0
40,124401.6,1,0,1.0,0.0,0.0
32,97041.16,1,1,0.0,0.0,1.0
33,137811.75,1,1,0.0,0.0,0.0
43,95140.44,2,0,0.0,1.0,0.0
32,0.0,2,1,0.0,0.0,0.0
35,153137.74,1,0,0.0,1.0,1.0
18,93816.7,2,0,1.0,0.0,0.0
59,122661.39,1,1,0.0,1.0,0.0
37,103195.2,2,0,0.0,1.0,1.0
30,136650.89,1,1,1.0,0.0,0.0
42,126041.02,1,1,1.0,0.0,1.0
46,113909.69,3,0,1.0,0.0,0.0
31,186796.37,1,0,0.0,0.0,0.0
41,150219.41,2,0,0.0,0.0,0.0
38,0.0,2,0,0.0,0.0,1.0
25,0.0,2,1,0.0,0.0,1.0
42,115930.87,1,0,1.0,0.0,1.0
40,111524.49,1,1,1.0,0.0,0.0
25,136202.78,1,0,1.0,0.0,1.0
29,0.0,2,1,0.0,0.0,0.0
28,0.0,2,0,0.0,0.0,0.0
23,186101.18,2,1,1.0,0.0,1.0
29,138577.34,1,0,1.0,0.0,0.0
37,0.0,2,0,0.0,0.0,0.0
54,0.0,1,1,0.0,1.0,1.0
35,0.0,2,1,0.0,1.0,0.0
66,0.0,2,1,0.0,1.0,1.0
38,80293.98,1,0,0.0,0.0,1.0
38,0.0,1,1,0.0,1.0,1.0
43,0.0,1,1,0.0,1.0,0.0
30,133844.22,1,1,0.0,0.0,1.0
41,144260.5,1,0,0.0,0.0,0.0
31,0.0,2,0,0.0,1.0,0.0
32,144581.96,1,1,0.0,0.0,0.0
35,117707.18,2,0,0.0,0.0,0.0
32,0.0,2,0,0.0,0.0,1.0
21,82844.33,2,1,0.0,0.0,0.0
36,114435.47,1,0,0.0,0.0,1.0
36,85311.7,1,1,0.0,0.0,1.0
30,0.0,2,0,0.0,0.0,0.0
34,168094.01,1,0,0.0,1.0,1.0
26,146286.22,1,0,0.0,0.0,0.0
55,131778.66,1,1,1.0,0.0,0.0
34,63095.01,1,1,0.0,0.0,0.0
81,0.0,2,1,0.0,0.0,1.0
38,98205.77,1,0,1.0,0.0,1.0
33,141918.09,2,1,1.0,0.0,1.0
45,0.0,1,0,0.0,1.0,0.0
40,99282.63,1,0,1.0,0.0,1.0
32,132187.73,2,1,0.0,1.0,1.0
30,0.0,1,0,0.0,0.0,0.0
36,112518.71,2,1,0.0,0.0,0.0
30,158584.82,3,0,0.0,0.0,0.0
45,0.0,1,0,0.0,1.0,0.0
48,0.0,2,1,0.0,0.0,0.0
39,141829.67,1,1,0.0,1.0,1.0
31,106596.29,1,0,0.0,0.0,0.0
36,0.0,1,0,0.0,1.0,1.0
28,0.0,1,1,0.0,0.0,0.0
33,0.0,2,0,0.0,0.0,0.0
35,0.0,2,0,0.0,1.0,1.0
37,127480.58,2,0,1.0,0.0,0.0
51,0.0,1,0,0.0,0.0,1.0
47,71026.77,1,0,0.0,0.0,1.0
49,0.0,3,1,0.0,0.0,0.0
28,0.0,2,0,0.0,0.0,1.0
34,105588.66,1,1,0.0,0.0,0.0
39,0.0,1,1,0.0,0.0,0.0
28,0.0,2,0,0.0,0.0,0.0
42,106920.91,1,1,0.0,1.0,1.0
33,131647.01,2,0,1.0,0.0,0.0
60,124447.73,1,1,0.0,1.0,1.0
58,92930.92,1,1,0.0,1.0,1.0
41,57745.76,1,0,1.0,0.0,0.0
34,144318.97,1,0,0.0,0.0,1.0
36,0.0,1,1,0.0,0.0,0.0
43,102365.49,1,0,1.0,0.0,0.0
31,67238.98,2,1,1.0,0.0,0.0
36,0.0,2,1,0.0,1.0,1.0
48,129250.0,2,1,1.0,0.0,1.0
28,0.0,1,0,0.0,1.0,0.0
52,144772.69,1,0,0.0,1.0,0.0
48,115713.84,2,0,0.0,0.0,0.0
37,185063.7,2,1,0.0,0.0,1.0
29,0.0,2,0,0.0,0.0,0.0
29,0.0,2,0,0.0,1.0,0.0
51,132508.3,1,1,1.0,0.0,0.0
48,0.0,2,1,0.0,1.0,0.0
32,122889.88,1,1,0.0,0.0,1.0
29,0.0,2,1,0.0,0.0,1.0
33,0.0,2,1,0.0,0.0,0.0
53,0.0,1,0,0.0,0.0,0.0
20,119714.25,2,1,1.0,0.0,1.0
29,77919.78,1,0,0.0,1.0,0.0
36,68806.84,1,0,1.0,0.0,0.0
33,0.0,2,0,0.0,0.0,0.0
79,61811.23,1,1,0.0,0.0,1.0
33,0.0,2,0,0.0,0.0,0.0
43,76408.85,2,0,0.0,0.0,1.0
40,130334.35,2,1,0.0,1.0,0.0
46,107362.8,1,0,1.0,0.0,0.0
43,81844.91,2,1,1.0,0.0,1.0
37,105489.31,1,0,1.0,0.0,0.0
34,147487.23,2,0,1.0,0.0,1.0
32,158537.42,1,0,0.0,1.0,1.0
23,0.0,1,0,0.0,0.0,1.0
35,95772.97,1,1,0.0,1.0,1.0
46,161806.09,1,1,1.0,0.0,0.0
42,100047.33,1,0,1.0,0.0,1.0
38,137657.71,2,0,1.0,0.0,0.0
31,121237.65,1,1,0.0,1.0,0.0
46,0.0,3,1,0.0,1.0,0.0
42,147531.82,1,1,0.0,0.0,0.0
40,133871.05,1,1,0.0,0.0,0.0
21,125712.2,1,0,0.0,0.0,0.0
32,104857.19,2,0,1.0,0.0,0.0
46,0.0,2,1,0.0,0.0,1.0
29,0.0,2,0,0.0,0.0,1.0
39,154439.86,1,0,1.0,0.0,1.0
41,0.0,2,0,0.0,0.0,0.0
35,112668.7,1,1,0.0,0.0,0.0
33,150412.14,2,0,1.0,0.0,0.0
56,0.0,2,1,0.0,1.0,1.0
35,0.0,1,1,0.0,0.0,0.0
53,134729.99,2,1,1.0,0.0,1.0
28,124923.35,2,1,1.0,0.0,0.0
43,141859.12,2,1,1.0,0.0,1.0
28,0.0,2,1,0.0,0.0,0.0
28,0.0,2,0,0.0,0.0,0.0
44,0.0,2,1,0.0,0.0,1.0
25,153611.83,2,0,1.0,0.0,1.0
31,130240.33,1,0,1.0,0.0,1.0
36,143644.16,1,0,1.0,0.0,0.0
26,0.0,2,1,0.0,0.0,0.0
41,115465.28,1,0,0.0,0.0,0.0
46,98752.51,1,0,0.0,0.0,0.0
30,132351.29,2,1,1.0,0.0,0.0
48,129120.64,1,1,0.0,1.0,0.0
29,103607.24,2,1,1.0,0.0,1.0
41,0.0,2,1,0.0,0.0,0.0
39,107042.74,1,1,0.0,1.0,1.0
27,0.0,2,0,0.0,0.0,0.0
49,82321.88,1,1,0.0,1.0,0.0
48,126111.61,1,1,1.0,0.0,1.0
56,139603.22,1,1,1.0,0.0,0.0
30,0.0,2,1,0.0,0.0,1.0
57,0.0,3,0,0.0,1.0,0.0
57,0.0,3,0,0.0,1.0,0.0
38,125877.65,2,1,0.0,0.0,0.0
31,155271.83,1,1,0.0,0.0,1.0
47,0.0,2,1,0.0,0.0,1.0
26,114035.39,1,0,1.0,0.0,0.0
30,114835.43,1,1,0.0,0.0,1.0
67,0.0,2,1,0.0,1.0,1.0
37,0.0,1,1,0.0,0.0,1.0
35,40169.88,2,1,0.0,1.0,0.0
51,117808.74,2,1,1.0,0.0,1.0
36,148795.17,2,1,0.0,0.0,1.0
33,113913.53,1,1,0.0,0.0,0.0
27,125406.58,1,1,0.0,0.0,0.0
27,166527.88,2,1,1.0,0.0,1.0
36,0.0,2,1,0.0,0.0,1.0
59,166968.28,1,0,0.0,0.0,0.0
54,99774.5,1,0,1.0,0.0,1.0
41,0.0,2,1,0.0,0.0,1.0
31,0.0,2,1,0.0,1.0,0.0
50,0.0,3,1,0.0,0.0,1.0
28,149594.02,2,0,0.0,1.0,1.0
44,0.0,2,0,0.0,0.0,0.0
47,0.0,2,1,0.0,0.0,1.0
43,134022.06,1,0,0.0,0.0,0.0
40,0.0,2,0,0.0,1.0,1.0
34,0.0,1,1,0.0,1.0,1.0
67,123276.69,2,1,1.0,0.0,1.0
58,0.0,2,0,0.0,1.0,0.0
54,126113.28,1,0,0.0,0.0,1.0
19,0.0,1,1,0.0,0.0,1.0
29,133702.89,1,0,0.0,1.0,1.0
47,142643.54,1,0,0.0,1.0,1.0
40,0.0,2,0,0.0,0.0,0.0
36,0.0,2,0,0.0,1.0,1.0
33,127305.5,1,1,0.0,0.0,0.0
60,96956.1,1,0,0.0,0.0,0.0
44,0.0,2,0,0.0,1.0,1.0
45,0.0,2,1,0.0,0.0,0.0
26,72835.56,2,0,1.0,0.0,0.0
59,0.0,1,1,0.0,1.0,0.0
34,164757.56,1,0,0.0,0.0,0.0
40,103499.09,2,0,1.0,0.0,0.0
57,175575.95,2,0,0.0,1.0,0.0
46,106344.95,1,0,1.0,0.0,1.0
43,0.0,2,1,0.0,1.0,1.0
71,0.0,2,1,0.0,0.0,0.0
38,0.0,2,0,0.0,1.0,1.0
31,0.0,2,1,0.0,0.0,1.0
34,0.0,2,0,0.0,1.0,0.0
36,128960.21,2,1,1.0,0.0,1.0
38,69434.4,2,1,0.0,1.0,1.0
53,0.0,2,1,0.0,0.0,0.0
46,91897.8,1,0,0.0,1.0,1.0
35,92474.05,1,0,0.0,0.0,1.0
70,0.0,2,0,0.0,1.0,1.0
46,0.0,1,0,0.0,0.0,0.0
42,192390.52,2,0,1.0,0.0,0.0
47,0.0,2,1,0.0,1.0,0.0
34,131283.11,1,0,0.0,0.0,0.0
38,111484.88,1,1,0.0,1.0,1.0
27,0.0,3,1,0.0,1.0,1.0
40,0.0,2,1,0.0,1.0,1.0
31,0.0,2,0,0.0,0.0,1.0
29,0.0,2,0,0.0,1.0,1.0
18,132694.73,1,0,1.0,0.0,1.0
59,129321.44,1,1,0.0,1.0,1.0
62,148214.36,1,0,1.0,0.0,0.0
35,0.0,2,0,0.0,1.0,1.0
44,116822.7,1,0,1.0,0.0,1.0
65,134714.7,2,1,0.0,1.0,1.0
28,0.0,1,0,0.0,0.0,0.0
48,0.0,1,0,0.0,0.0,0.0
45,133618.01,1,0,0.0,1.0,1.0
60,76705.87,2,1,0.0,0.0,1.0
34,136729.51,2,0,1.0,0.0,0.0
31,0.0,2,1,0.0,0.0,0.0
31,134644.19,1,1,1.0,0.0,1.0
38,112281.7,1,1,1.0,0.0,1.0
34,0.0,2,0,0.0,1.0,0.0
43,128284.45,1,0,0.0,0.0,1.0
51,122874.74,1,1,0.0,1.0,1.0
24,0.0,2,1,0.0,0.0,0.0
43,145860.98,1,1,0.0,0.0,0.0
52,79468.96,1,1,0.0,0.0,0.0
31,0.0,2,0,0.0,0.0,1.0
56,94231.13,1,0,0.0,1.0,1.0
37,0.0,2,0,0.0,0.0,1.0
31,105864.6,2,0,1.0,0.0,0.0
40,101514.89,1,1,0.0,0.0,1.0
41,0.0,2,0,0.0,0.0,1.0
25,160599.06,2,1,0.0,1.0,1.0
44,96418.09,1,0,0.0,0.0,0.0
20,80569.73,1,0,0.0,0.0,1.0
35,138782.76,1,1,1.0,0.0,1.0
39,94968.97,1,0,0.0,0.0,0.0
42,77002.2,2,1,0.0,0.0,1.0
72,0.0,2,1,0.0,0.0,1.0
65,92113.61,1,1,0.0,0.0,1.0
40,0.0,2,1,0.0,0.0,1.0
30,135370.12,1,1,0.0,1.0,1.0
45,122793.96,1,1,1.0,0.0,0.0
36,169831.46,2,1,1.0,0.0,0.0
37,0.0,3,0,0.0,0.0,0.0
44,0.0,2,1,0.0,0.0,1.0
18,0.0,2,1,0.0,0.0,1.0
40,0.0,2,0,0.0,0.0,1.0
23,115563.71,1,1,1.0,0.0,1.0
28,141038.57,2,0,0.0,1.0,1.0
39,0.0,2,1,0.0,1.0,1.0
36,72373.62,2,0,1.0,0.0,1.0
58,151933.63,1,0,0.0,0.0,1.0
51,148074.79,1,0,1.0,0.0,0.0
40,117304.29,1,0,1.0,0.0,0.0
30,141581.08,1,0,0.0,0.0,0.0
25,0.0,2,1,0.0,1.0,1.0
35,136857.0,1,0,1.0,0.0,1.0
41,0.0,2,0,0.0,0.0,0.0
38,138515.02,1,1,1.0,0.0,1.0
36,0.0,2,0,0.0,1.0,1.0
36,0.0,2,0,0.0,0.0,0.0
32,125445.04,2,1,1.0,0.0,0.0
34,87967.42,2,1,1.0,0.0,1.0
59,121669.93,2,0,1.0,0.0,0.0
38,146282.79,2,0,0.0,1.0,1.0
33,0.0,2,1,0.0,1.0,1.0
62,137727.34,2,1,1.0,0.0,0.0
39,0.0,1,1,0.0,1.0,1.0
38,81550.94,2,1,0.0,0.0,0.0
34,101266.51,1,0,0.0,0.0,0.0
33,129731.64,2,0,0.0,0.0,0.0
49,129164.88,1,1,1.0,0.0,1.0
35,0.0,1,1,0.0,0.0,1.0
24,95675.62,2,0,1.0,0.0,0.0
40,0.0,2,1,0.0,1.0,0.0
38,87202.38,1,1,0.0,1.0,1.0
20,125023.1,2,1,0.0,0.0,1.0
41,120549.29,2,0,0.0,0.0,0.0
31,84102.11,2,1,0.0,0.0,0.0
25,0.0,2,0,0.0,0.0,1.0
32,175406.13,2,1,0.0,1.0,0.0
40,0.0,2,1,0.0,0.0,0.0
39,92636.96,2,1,0.0,1.0,0.0
35,141665.63,1,1,1.0,0.0,0.0
33,130862.43,1,1,1.0,0.0,0.0
52,133723.43,1,0,1.0,0.0,0.0
34,68999.66,2,1,0.0,0.0,0.0
35,95853.39,2,0,1.0,0.0,1.0
41,152243.57,1,1,0.0,0.0,0.0
31,138008.06,2,0,1.0,0.0,1.0
38,128289.7,3,0,0.0,0.0,1.0
29,0.0,2,0,0.0,1.0,0.0
43,0.0,2,1,0.0,0.0,0.0
40,0.0,1,1,0.0,0.0,0.0
26,121581.56,2,1,1.0,0.0,1.0
33,101084.36,1,0,1.0,0.0,0.0
33,0.0,2,1,0.0,1.0,1.0
50,0.0,2,1,0.0,1.0,1.0
36,0.0,2,0,0.0,0.0,1.0
40,0.0,2,0,0.0,0.0,0.0
35,0.0,2,1,0.0,0.0,0.0
42,0.0,2,1,0.0,0.0,1.0
52,140900.97,1,1,0.0,0.0,0.0
63,0.0,2,1,0.0,0.0,0.0
34,0.0,2,1,0.0,1.0,1.0
35,0.0,2,1,0.0,0.0,0.0
41,0.0,1,1,0.0,0.0,0.0
39,0.0,2,0,0.0,0.0,0.0
35,0.0,2,1,0.0,1.0,1.0
39,0.0,2,0,0.0,0.0,1.0
24,57929.81,2,0,1.0,0.0,1.0
64,91869.69,1,1,1.0,0.0,1.0
34,0.0,2,0,0.0,0.0,0.0
55,133295.98,1,0,0.0,1.0,0.0
32,0.0,2,0,0.0,1.0,0.0
39,146200.01,1,0,0.0,0.0,1.0
45,0.0,2,0,0.0,0.0,0.0
24,0.0,2,0,0.0,1.0,1.0
46,0.0,2,1,0.0,0.0,0.0
49,66079.45,2,0,0.0,1.0,0.0
31,0.0,2,1,0.0,0.0,1.0
42,0.0,2,1,0.0,0.0,0.0
31,124593.23,1,0,1.0,0.0,1.0
38,70362.52,2,1,1.0,0.0,1.0
43,98807.45,1,0,1.0,0.0,0.0
31,79589.43,1,0,0.0,0.0,0.0
40,152092.44,2,1,1.0,0.0,1.0
30,0.0,2,0,0.0,0.0,1.0
33,153663.27,1,0,1.0,0.0,1.0
33,0.0,1,1,0.0,0.0,0.0
34,146422.22,1,0,1.0,0.0,1.0
36,0.0,1,0,0.0,1.0,0.0
40,203715.15,1,0,0.0,1.0,0.0
30,87609.68,2,0,0.0,1.0,1.0
21,113157.22,1,1,0.0,1.0,0.0
44,160838.13,2,0,1.0,0.0,1.0
26,0.0,2,0,0.0,1.0,0.0
34,122726.56,1,1,1.0,0.0,1.0
28,145605.44,1,1,1.0,0.0,1.0
70,94416.78,1,1,0.0,0.0,1.0
21,0.0,2,0,0.0,0.0,0.0
37,0.0,2,1,0.0,0.0,0.0
28,0.0,2,1,0.0,1.0,0.0
57,0.0,1,1,0.0,1.0,1.0
32,116968.91,1,0,1.0,0.0,0.0
37,151242.48,1,1,1.0,0.0,0.0
41,98635.77,1,0,1.0,0.0,0.0
39,0.0,2,1,0.0,1.0,1.0
42,146766.72,2,1,0.0,0.0,1.0
42,115961.58,2,1,0.0,0.0,0.0
35,211774.31,1,0,0.0,0.0,0.0
40,110054.45,1,1,0.0,0.0,0.0
74,106545.53,1,1,1.0,0.0,1.0
72,160541.0,2,1,0.0,0.0,1.0
35,59408.63,1,0,0.0,1.0,1.0
39,0.0,2,1,0.0,1.0,1.0
43,152341.55,1,0,0.0,0.0,0.0
29,0.0,2,0,0.0,0.0,1.0
58,72309.3,1,1,1.0,0.0,1.0
33,0.0,2,0,0.0,0.0,1.0
48,119769.77,1,1,0.0,0.0,0.0
30,114779.35,1,0,0.0,0.0,1.0
35,100107.99,1,0,0.0,0.0,1.0
28,0.0,2,0,0.0,1.0,1.0
42,0.0,3,1,0.0,1.0,0.0
38,0.0,2,1,0.0,1.0,1.0
29,0.0,2,0,0.0,0.0,1.0
28,141792.61,1,1,0.0,0.0,0.0
32,0.0,2,1,0.0,0.0,1.0
36,146053.66,1,1,0.0,0.0,0.0
37,0.0,2,0,0.0,1.0,1.0
68,153545.11,1,1,1.0,0.0,1.0
27,0.0,2,1,0.0,0.0,0.0
32,121240.76,1,0,0.0,0.0,1.0
70,148745.92,2,1,1.0,0.0,1.0
40,0.0,1,0,0.0,0.0,1.0
35,105387.89,1,1,0.0,0.0,1.0
43,103960.38,1,1,0.0,1.0,0.0
55,98710.89,1,1,1.0,0.0,1.0
38,109869.32,1,1,0.0,1.0,1.0
44,113755.78,2,0,0.0,1.0,1.0
50,78737.61,1,1,0.0,1.0,1.0
26,0.0,2,0,0.0,0.0,0.0
72,98903.06,1,1,0.0,1.0,1.0
33,134348.57,1,0,0.0,0.0,0.0
41,0.0,1,0,0.0,0.0,0.0
40,113228.38,2,1,1.0,0.0,1.0
33,0.0,2,0,0.0,0.0,0.0
38,0.0,2,0,0.0,0.0,0.0
31,127237.25,2,1,1.0,0.0,1.0
38,122334.26,2,1,0.0,0.0,1.0
53,0.0,1,0,0.0,1.0,0.0
26,142721.52,1,1,1.0,0.0,1.0
25,0.0,2,1,0.0,0.0,1.0
34,162691.16,2,0,1.0,0.0,1.0
54,92316.31,2,0,0.0,1.0,0.0
40,166776.6,2,1,1.0,0.0,1.0
46,0.0,1,0,0.0,0.0,0.0
40,95001.33,1,1,1.0,0.0,1.0
47,0.0,1,0,0.0,0.0,0.0
59,0.0,2,0,0.0,0.0,1.0
61,97361.66,1,1,1.0,0.0,0.0
34,0.0,2,0,0.0,0.0,1.0
52,0.0,3,1,0.0,0.0,1.0
45,142765.24,2,0,1.0,0.0,0.0
74,186445.31,2,1,1.0,0.0,0.0
30,0.0,3,0,0.0,1.0,1.0
31,0.0,1,1,0.0,0.0,1.0
45,187841.99,2,1,0.0,0.0,0.0
37,0.0,1,0,0.0,0.0,1.0
21,125682.79,1,0,0.0,0.0,0.0
35,118273.83,1,1,0.0,0.0,0.0
35,129490.36,2,1,0.0,1.0,0.0
41,139706.31,1,0,1.0,0.0,1.0
47,0.0,2,1,0.0,0.0,0.0
35,121309.17,2,1,1.0,0.0,1.0
26,74681.9,2,0,0.0,0.0,1.0
38,130878.75,3,0,1.0,0.0,0.0
34,0.0,2,0,0.0,0.0,1.0
43,0.0,2,1,0.0,0.0,0.0
53,127642.44,1,0,0.0,0.0,0.0
26,180530.51,1,0,0.0,0.0,0.0
51,109799.55,2,1,0.0,1.0,1.0
26,155739.76,1,0,0.0,0.0,1.0
44,0.0,2,1,0.0,0.0,0.0
27,0.0,2,0,0.0,0.0,1.0
34,67816.72,1,1,0.0,0.0,0.0
40,125832.2,1,1,0.0,0.0,1.0
29,0.0,2,0,0.0,0.0,0.0
38,144450.58,1,1,0.0,0.0,1.0
39,152182.83,1,0,1.0,0.0,1.0
71,0.0,2,1,0.0,1.0,0.0
37,101470.29,1,1,0.0,1.0,1.0
28,0.0,2,1,0.0,0.0,1.0
35,0.0,2,0,0.0,0.0,1.0
34,0.0,2,0,0.0,1.0,1.0
29,112564.62,1,0,0.0,0.0,0.0
42,166031.45,1,0,1.0,0.0,0.0
66,103291.25,2,1,1.0,0.0,1.0
39,95161.75,1,0,0.0,1.0,1.0
36,91760.11,1,1,0.0,1.0,0.0
26,56738.47,2,1,0.0,0.0,1.0
28,0.0,2,0,0.0,0.0,0.0
35,0.0,2,1,0.0,0.0,0.0
42,133636.16,1,1,1.0,0.0,0.0
41,89015.61,1,1,0.0,1.0,1.0
37,0.0,2,1,0.0,1.0,1.0
29,0.0,1,0,0.0,0.0,1.0
39,150500.64,1,0,0.0,0.0,0.0
25,157780.84,2,1,1.0,0.0,0.0
22,130056.23,1,0,0.0,0.0,1.0
36,121542.57,2,1,0.0,1.0,0.0
36,0.0,2,0,0.0,1.0,1.0
29,59385.98,2,1,1.0,0.0,1.0
29,148051.52,1,0,1.0,0.0,0.0
40,76914.21,1,0,0.0,0.0,1.0
30,0.0,1,0,0.0,0.0,0.0
36,0.0,2,0,0.0,0.0,1.0
33,190566.65,1,1,0.0,0.0,0.0
25,78247.31,2,1,0.0,0.0,1.0
45,97652.96,1,0,1.0,0.0,0.0
42,0.0,1,0,0.0,0.0,1.0
28,0.0,2,1,0.0,1.0,0.0
53,102520.37,1,1,0.0,0.0,1.0
52,65971.61,2,0,0.0,0.0,0.0
41,138878.81,1,1,1.0,0.0,0.0
48,75990.97,1,0,0.0,1.0,0.0
35,98556.89,2,0,1.0,0.0,1.0
28,90371.09,1,1,1.0,0.0,0.0
42,75681.52,1,1,1.0,0.0,1.0
52,121016.23,1,1,1.0,0.0,1.0
31,128663.81,2,0,1.0,0.0,0.0
36,0.0,2,1,0.0,0.0,1.0
40,0.0,2,0,0.0,0.0,0.0
56,169743.83,1,0,1.0,0.0,1.0
34,0.0,2,1,0.0,0.0,1.0
51,117306.69,4,1,1.0,0.0,0.0
41,0.0,1,0,0.0,1.0,1.0
41,0.0,2,1,0.0,1.0,0.0
54,108185.81,2,0,0.0,1.0,1.0
65,106804.26,3,0,0.0,0.0,0.0
43,0.0,2,0,0.0,1.0,0.0
35,113948.58,1,0,1.0,0.0,1.0
36,0.0,1,0,0.0,0.0,1.0
54,95507.12,1,1,0.0,0.0,0.0
34,117451.47,1,0,0.0,1.0,0.0
45,0.0,1,1,0.0,0.0,0.0
30,107879.04,1,1,0.0,0.0,0.0
43,165048.5,3,0,1.0,0.0,1.0
34,0.0,2,1,0.0,1.0,1.0
30,0.0,2,0,0.0,1.0,0.0
34,107980.37,1,1,0.0,1.0,0.0
33,0.0,2,1,0.0,0.0,0.0
31,152622.34,1,0,1.0,0.0,0.0
34,0.0,2,0,0.0,0.0,1.0
33,144427.96,2,0,0.0,0.0,1.0
37,129312.79,1,1,0.0,1.0,1.0
45,0.0,2,0,0.0,0.0,0.0
39,0.0,2,1,0.0,1.0,1.0
35,0.0,2,0,0.0,1.0,0.0
57,145965.33,1,1,0.0,1.0,0.0
41,0.0,2,1,0.0,0.0,1.0
38,181110.13,2,0,0.0,1.0,1.0
34,127900.03,1,0,0.0,0.0,1.0
30,103804.97,1,1,0.0,0.0,1.0
39,135096.77,1,1,0.0,0.0,1.0
33,183768.47,1,0,0.0,0.0,1.0
27,0.0,1,0,0.0,0.0,1.0
32,0.0,2,0,0.0,0.0,1.0
29,71996.29,1,1,0.0,0.0,0.0
18,90544.0,1,1,1.0,0.0,1.0
35,0.0,2,0,0.0,0.0,1.0
28,71097.23,1,1,1.0,0.0,1.0
59,0.0,1,1,0.0,1.0,0.0
44,163714.52,1,0,1.0,0.0,1.0
30,132174.41,2,0,1.0,0.0,1.0
29,109676.52,1,1,1.0,0.0,1.0
38,0.0,2,0,0.0,0.0,1.0
38,114756.14,1,0,0.0,0.0,1.0
29,95984.69,2,1,0.0,0.0,1.0
42,117280.23,3,0,0.0,0.0,0.0
36,0.0,2,0,0.0,1.0,1.0
28,99986.98,1,0,0.0,0.0,1.0
31,102088.68,4,0,1.0,0.0,0.0
37,105261.76,2,1,0.0,0.0,1.0
32,0.0,2,1,0.0,1.0,0.0
31,0.0,1,1,0.0,0.0,0.0
64,0.0,2,1,0.0,0.0,1.0
42,0.0,3,0,0.0,0.0,1.0
60,163894.35,1,1,1.0,0.0,1.0
33,171490.78,1,0,0.0,0.0,1.0
51,81710.46,1,1,0.0,0.0,1.0
45,102486.21,2,1,0.0,1.0,1.0
32,0.0,2,1,0.0,0.0,0.0
29,0.0,2,1,0.0,0.0,1.0
44,0.0,2,1,0.0,0.0,1.0
81,122029.15,1,1,1.0,0.0,1.0
48,0.0,2,1,0.0,0.0,1.0
22,105229.34,1,1,0.0,1.0,0.0
35,0.0,2,0,0.0,1.0,1.0
35,167924.95,1,0,0.0,0.0,0.0
36,123187.51,1,1,1.0,0.0,1.0
29,0.0,1,1,0.0,0.0,1.0
28,0.0,2,1,0.0,0.0,0.0
39,140094.59,1,0,0.0,1.0,0.0
28,85146.36,1,0,0.0,0.0,0.0
41,0.0,2,0,0.0,0.0,1.0
28,105795.9,1,1,0.0,0.0,0.0
28,0.0,2,1,0.0,1.0,0.0
47,0.0,1,1,0.0,0.0,1.0
38,122570.87,1,1,0.0,0.0,1.0
76,121313.88,1,1,0.0,0.0,1.0
34,0.0,2,0,0.0,0.0,1.0
40,0.0,2,0,0.0,0.0,1.0
40,129596.77,1,1,0.0,0.0,0.0
35,125884.95,2,0,1.0,0.0,0.0
28,81173.83,2,1,0.0,0.0,1.0
29,0.0,2,1,0.0,0.0,1.0
40,78119.59,4,0,1.0,0.0,0.0
53,113781.5,2,1,1.0,0.0,0.0
50,98173.02,1,0,1.0,0.0,0.0
34,0.0,1,1,0.0,0.0,1.0
36,144773.29,2,0,1.0,0.0,0.0
53,0.0,2,0,0.0,0.0,0.0
46,135555.66,1,0,1.0,0.0,0.0
31,119825.75,2,1,0.0,1.0,0.0
41,0.0,2,1,0.0,0.0,0.0
51,96891.46,1,0,1.0,0.0,1.0
34,130929.02,4,1,0.0,1.0,0.0
47,0.0,1,0,0.0,0.0,0.0
30,0.0,1,1,0.0,0.0,0.0
25,148045.45,2,1,1.0,0.0,1.0
38,88293.13,2,1,0.0,0.0,1.0
57,0.0,2,1,0.0,0.0,1.0
30,101802.67,1,0,1.0,0.0,1.0
36,0.0,2,1,0.0,1.0,0.0
49,160133.88,1,1,1.0,0.0,1.0
50,126345.55,1,1,1.0,0.0,1.0
30,100954.88,2,0,1.0,0.0,0.0
42,107104.5,1,1,1.0,0.0,1.0
57,72092.95,4,1,0.0,0.0,0.0
55,108477.27,1,1,1.0,0.0,0.0
38,0.0,2,0,0.0,0.0,1.0
61,104267.7,1,0,0.0,0.0,0.0
27,133009.51,1,0,0.0,0.0,0.0
47,146034.74,1,1,0.0,0.0,1.0
44,143391.07,1,0,1.0,0.0,1.0
35,110080.3,1,1,0.0,1.0,1.0
49,128663.9,1,0,0.0,0.0,1.0
40,0.0,1,1,0.0,0.0,1.0
51,110610.41,2,1,1.0,0.0,0.0
33,90791.69,1,1,0.0,0.0,0.0
40,0.0,1,1,0.0,0.0,1.0
28,0.0,2,0,0.0,1.0,1.0
49,106770.82,1,0,0.0,0.0,1.0
29,0.0,2,1,0.0,0.0,1.0
41,176845.41,3,0,0.0,0.0,0.0
47,0.0,1,0,0.0,1.0,0.0
24,117154.9,1,1,1.0,0.0,1.0
26,101440.36,2,1,0.0,1.0,0.0
40,154309.67,1,1,1.0,0.0,1.0
26,0.0,2,1,0.0,0.0,0.0
58,114713.57,1,1,0.0,0.0,0.0
32,64082.09,1,1,0.0,0.0,1.0
41,135071.12,1,1,0.0,0.0,1.0
33,122017.19,1,0,0.0,1.0,1.0
56,152759.0,2,0,0.0,0.0,1.0
44,84386.57,1,0,1.0,0.0,1.0
39,118201.41,1,0,0.0,1.0,1.0
43,118588.83,1,1,1.0,0.0,0.0
52,0.0,2,1,0.0,0.0,1.0
45,0.0,2,0,0.0,0.0,0.0
42,0.0,2,0,0.0,0.0,0.0
42,85679.25,1,1,1.0,0.0,0.0
42,141642.92,2,0,0.0,0.0,1.0
33,101286.11,1,1,0.0,0.0,1.0
38,134168.5,3,0,0.0,1.0,0.0
21,178718.19,2,0,0.0,0.0,0.0
39,111525.02,1,0,0.0,0.0,1.0
38,96858.35,1,0,0.0,1.0,0.0
28,0.0,2,0,0.0,1.0,0.0
37,168066.87,1,0,0.0,1.0,0.0
71,69608.14,1,0,0.0,1.0,1.0
22,123374.46,1,1,0.0,0.0,1.0
30,98415.37,1,1,0.0,0.0,1.0
29,130181.47,2,0,0.0,0.0,0.0
27,0.0,2,0,0.0,0.0,0.0
31,0.0,2,1,0.0,1.0,1.0
92,126076.24,2,1,0.0,0.0,1.0
25,135161.67,1,1,1.0,0.0,0.0
19,0.0,2,0,0.0,1.0,1.0
30,0.0,2,0,0.0,0.0,0.0
24,109483.54,2,1,1.0,0.0,0.0
48,0.0,1,0,0.0,0.0,0.0
26,0.0,2,0,0.0,0.0,1.0
48,123593.22,2,0,1.0,0.0,1.0
46,0.0,1,0,0.0,1.0,1.0
27,111348.15,1,0,1.0,0.0,1.0
36,115617.24,1,1,0.0,1.0,0.0
48,96048.55,1,0,1.0,0.0,1.0
29,122028.65,2,1,1.0,0.0,1.0
46,49512.55,1,0,0.0,0.0,1.0
26,0.0,2,1,0.0,0.0,1.0
76,112510.89,1,1,0.0,0.0,1.0
39,84719.98,1,0,0.0,0.0,1.0
21,0.0,2,0,0.0,1.0,0.0
66,0.0,1,1,0.0,0.0,1.0
36,103700.69,1,0,1.0,0.0,0.0
34,90425.15,2,1,0.0,0.0,0.0
37,139592.98,3,0,1.0,0.0,1.0
41,0.0,2,0,0.0,0.0,1.0
35,104088.59,2,0,0.0,0.0,1.0
37,131753.41,1,0,1.0,0.0,1.0
50,121175.56,1,0,1.0,0.0,1.0
30,99785.28,2,0,1.0,0.0,1.0
54,171137.62,1,1,0.0,0.0,1.0
28,0.0,2,1,0.0,0.0,0.0
30,154970.54,1,1,0.0,1.0,0.0
30,77168.87,2,1,1.0,0.0,0.0
31,0.0,2,1,0.0,0.0,1.0
42,118199.97,2,0,1.0,0.0,1.0
51,0.0,2,1,0.0,0.0,1.0
41,0.0,2,1,0.0,0.0,1.0
49,0.0,2,1,0.0,0.0,1.0
41,126145.54,2,1,1.0,0.0,1.0
34,0.0,2,1,0.0,1.0,0.0
38,123906.55,1,0,0.0,1.0,1.0
35,0.0,1,1,0.0,0.0,0.0
67,103267.8,1,1,0.0,1.0,0.0
44,77627.33,2,0,1.0,0.0,0.0
38,0.0,2,1,0.0,1.0,0.0
42,108825.34,3,0,0.0,0.0,0.0
32,106301.85,2,1,1.0,0.0,0.0
32,147511.26,1,1,0.0,1.0,1.0
44,139432.37,1,0,0.0,1.0,0.0
48,0.0,1,0,0.0,0.0,1.0
36,120026.98,2,1,0.0,0.0,1.0
40,145536.9,1,1,0.0,0.0,1.0
31,0.0,2,1,0.0,0.0,1.0
44,0.0,2,1,0.0,0.0,0.0
30,115315.04,1,0,1.0,0.0,1.0
33,0.0,2,1,0.0,0.0,0.0
23,168372.52,1,0,0.0,0.0,1.0
55,76296.81,1,0,1.0,0.0,0.0
49,0.0,2,1,0.0,1.0,0.0
37,85146.48,2,0,0.0,0.0,1.0
47,0.0,2,1,0.0,0.0,1.0
34,0.0,1,1,0.0,0.0,1.0
27,150795.81,1,1,1.0,0.0,1.0
35,150561.03,2,0,1.0,0.0,0.0
40,124788.18,1,0,0.0,0.0,1.0
52,0.0,1,1,0.0,0.0,0.0
35,174902.26,1,0,1.0,0.0,0.0
24,159203.71,1,1,0.0,1.0,0.0
49,142946.18,1,0,1.0,0.0,1.0
40,0.0,2,0,0.0,1.0,0.0
61,155973.13,1,1,0.0,0.0,1.0
39,133261.13,1,1,0.0,1.0,1.0
24,114739.92,1,0,0.0,1.0,1.0
37,0.0,1,1,0.0,0.0,0.0
54,118241.02,1,0,0.0,1.0,0.0
47,0.0,1,0,0.0,1.0,0.0
72,94216.05,1,1,1.0,0.0,1.0
58,93173.88,1,1,0.0,0.0,0.0
25,108738.71,2,0,0.0,1.0,0.0
29,0.0,2,1,0.0,0.0,0.0
27,127471.56,1,1,0.0,0.0,0.0
50,94504.35,1,1,1.0,0.0,1.0
37,128650.11,2,1,0.0,1.0,1.0
39,0.0,1,1,0.0,1.0,0.0
39,0.0,2,1,0.0,0.0,0.0
37,168178.21,2,1,0.0,0.0,1.0
40,0.0,4,1,0.0,0.0,1.0
42,0.0,2,0,0.0,0.0,1.0
63,97009.15,1,1,0.0,0.0,1.0
51,90373.28,2,0,1.0,0.0,1.0
31,106260.67,1,1,0.0,0.0,1.0
28,0.0,2,0,0.0,1.0,1.0
38,142557.11,1,1,0.0,0.0,1.0
25,0.0,2,0,0.0,0.0,0.0
39,0.0,1,1,0.0,1.0,0.0
30,90536.81,1,1,1.0,0.0,1.0
27,122552.34,2,0,1.0,0.0,1.0
32,87814.89,1,0,0.0,0.0,0.0
37,165896.22,2,1,0.0,0.0,1.0
44,142989.69,1,1,0.0,0.0,0.0
35,166118.45,2,0,0.0,0.0,0.0
43,137824.03,2,0,0.0,0.0,0.0
23,85600.08,1,0,0.0,1.0,0.0
46,68799.72,1,1,0.0,1.0,1.0
28,0.0,2,0,0.0,0.0,1.0
35,56674.48,1,0,0.0,1.0,0.0
44,0.0,2,1,0.0,0.0,1.0
31,0.0,2,0,0.0,0.0,0.0
44,0.0,2,1,0.0,0.0,0.0
26,105522.06,1,0,0.0,0.0,1.0
47,90450.0,2,0,1.0,0.0,0.0
39,136258.06,1,0,0.0,1.0,1.0
56,0.0,2,0,0.0,1.0,0.0
37,118636.92,1,1,0.0,0.0,1.0
39,135139.33,1,1,0.0,0.0,0.0
36,0.0,2,1,0.0,0.0,0.0
35,121030.9,1,0,0.0,0.0,1.0
39,144757.02,1,0,1.0,0.0,1.0
37,144235.73,2,0,0.0,0.0,1.0
46,97042.6,1,1,1.0,0.0,1.0
54,111729.47,2,1,0.0,0.0,1.0
44,0.0,2,0,0.0,1.0,1.0
43,97473.87,2,1,0.0,1.0,1.0
26,102395.79,1,0,1.0,0.0,0.0
47,0.0,2,0,0.0,1.0,0.0
38,125212.65,2,1,1.0,0.0,0.0
34,89437.03,1,1,1.0,0.0,0.0
47,0.0,2,0,0.0,0.0,1.0
29,0.0,2,1,0.0,0.0,0.0
40,150490.32,1,0,0.0,0.0,0.0
33,54503.55,1,1,0.0,0.0,1.0
29,0.0,2,1,0.0,0.0,1.0
33,0.0,2,1,0.0,0.0,1.0
45,0.0,2,1,0.0,1.0,0.0
33,0.0,1,1,0.0,1.0,0.0
38,0.0,2,0,0.0,0.0,1.0
29,174851.9,1,1,0.0,0.0,1.0
39,83456.79,2,0,0.0,0.0,0.0
26,105082.07,2,0,1.0,0.0,0.0
31,99513.91,1,1,0.0,0.0,1.0
39,104386.53,1,0,0.0,0.0,0.0
49,59532.18,1,0,1.0,0.0,1.0
48,136596.85,1,1,0.0,0.0,1.0
46,100727.5,1,1,1.0,0.0,0.0
46,95502.21,1,0,0.0,0.0,1.0
25,157993.15,2,0,0.0,0.0,1.0
33,137657.25,2,1,1.0,0.0,0.0
37,0.0,1,1,0.0,0.0,0.0
39,112889.91,1,1,1.0,0.0,0.0
36,0.0,1,1,0.0,0.0,0.0
39,136000.45,2,0,1.0,0.0,1.0
36,0.0,2,0,0.0,1.0,0.0
35,0.0,2,1,0.0,0.0,1.0
37,196853.62,1,1,0.0,0.0,0.0
60,73937.02,1,0,0.0,0.0,0.0
32,145303.52,1,0,0.0,0.0,1.0
48,97133.92,2,0,1.0,0.0,0.0
45,134562.8,1,1,1.0,0.0,0.0
36,129804.17,1,0,0.0,0.0,1.0
40,0.0,2,1,0.0,0.0,1.0
34,0.0,2,0,0.0,1.0,1.0
60,116563.58,1,0,0.0,0.0,1.0
32,111156.52,1,1,0.0,0.0,0.0
38,119278.01,2,1,0.0,0.0,0.0
33,168560.46,2,0,1.0,0.0,0.0
65,129472.33,1,1,1.0,0.0,1.0
30,145241.63,1,1,0.0,1.0,1.0
24,0.0,2,1,0.0,0.0,0.0
61,152968.73,1,1,0.0,1.0,1.0
34,0.0,2,0,0.0,1.0,0.0
25,0.0,2,0,0.0,0.0,0.0
44,108724.98,1,1,0.0,0.0,1.0
46,0.0,2,1,0.0,1.0,1.0
37,0.0,2,0,0.0,0.0,0.0
41,38617.2,1,1,0.0,0.0,0.0
47,126589.12,2,1,0.0,0.0,0.0
34,0.0,2,1,0.0,0.0,1.0
36,131142.53,2,0,1.0,0.0,1.0
33,0.0,2,0,0.0,0.0,1.0
33,0.0,1,1,0.0,0.0,0.0
37,112146.12,1,0,1.0,0.0,1.0
55,115796.7,1,0,1.0,0.0,0.0
33,65667.79,2,0,0.0,0.0,0.0
40,0.0,2,0,0.0,1.0,0.0
30,85755.86,1,0,0.0,0.0,0.0
28,120047.77,1,1,0.0,1.0,1.0
58,0.0,3,1,0.0,0.0,1.0
32,132835.56,1,0,0.0,1.0,0.0
46,62212.29,1,1,0.0,0.0,0.0
31,120718.28,1,1,0.0,0.0,1.0
50,115625.07,1,0,0.0,0.0,1.0
37,132623.6,1,1,0.0,0.0,1.0
41,0.0,1,1,0.0,0.0,0.0
76,130334.84,2,1,1.0,0.0,1.0
34,0.0,1,1,0.0,0.0,1.0
72,148666.99,1,0,1.0,0.0,0.0
32,124993.29,2,1,0.0,0.0,1.0
60,108028.08,2,0,0.0,0.0,0.0
39,178585.46,1,0,0.0,0.0,1.0
32,147107.91,1,1,0.0,0.0,1.0
31,0.0,1,0,0.0,1.0,1.0
46,0.0,2,0,0.0,0.0,1.0
30,0.0,2,1,0.0,0.0,1.0
42,115766.26,1,0,1.0,0.0,1.0
35,133161.95,1,1,0.0,0.0,1.0
29,185379.02,1,0,1.0,0.0,1.0
60,0.0,3,1,0.0,0.0,1.0
35,144848.74,1,1,1.0,0.0,1.0
25,158266.42,3,1,1.0,0.0,0.0
42,0.0,2,0,0.0,1.0,1.0
30,125739.26,1,1,0.0,0.0,1.0
39,73493.17,1,1,0.0,0.0,0.0
46,99786.07,1,1,0.0,0.0,1.0
69,93320.8,1,1,0.0,0.0,1.0
38,0.0,2,1,0.0,0.0,1.0
48,0.0,1,1,0.0,0.0,0.0
25,0.0,1,1,0.0,1.0,1.0
45,83195.12,1,1,0.0,0.0,1.0
35,128548.49,4,0,0.0,0.0,0.0
38,116980.78,2,1,0.0,1.0,1.0
50,126547.8,1,1,0.0,0.0,0.0
31,0.0,2,0,0.0,1.0,1.0
42,181627.14,2,0,1.0,0.0,1.0
41,127205.32,4,0,1.0,0.0,1.0
33,88046.88,1,1,1.0,0.0,1.0
25,74237.2,2,1,0.0,1.0,1.0
40,0.0,1,0,0.0,1.0,0.0
36,124495.98,3,1,1.0,0.0,0.0
41,99208.46,2,0,0.0,1.0,1.0
40,0.0,2,0,0.0,0.0,1.0
28,119706.22,1,0,0.0,0.0,1.0
25,167385.81,1,1,0.0,1.0,1.0
40,154251.67,1,1,0.0,1.0,0.0
63,0.0,1,1,0.0,1.0,0.0
33,94493.03,1,1,0.0,0.0,0.0
31,157791.07,2,0,1.0,0.0,1.0
36,0.0,2,1,0.0,0.0,1.0
33,135658.73,2,1,0.0,0.0,1.0
49,0.0,1,1,0.0,0.0,0.0
38,125487.89,1,0,0.0,0.0,1.0
49,0.0,1,0,0.0,0.0,0.0
32,175464.85,3,0,0.0,0.0,1.0
37,116509.99,1,1,1.0,0.0,1.0
29,46057.96,2,1,0.0,1.0,1.0
44,0.0,2,1,0.0,0.0,0.0
38,104016.88,1,0,0.0,0.0,0.0
52,115532.52,1,0,0.0,1.0,1.0
26,144258.52,1,0,0.0,0.0,0.0
44,115049.15,2,0,0.0,0.0,1.0
51,0.0,1,0,0.0,0.0,1.0
25,54817.55,1,0,1.0,0.0,1.0
34,97435.85,2,1,0.0,0.0,0.0
51,124662.54,1,1,0.0,0.0,0.0
43,189026.53,2,1,0.0,0.0,1.0
48,148116.48,1,0,0.0,0.0,1.0
32,133950.37,1,1,0.0,0.0,0.0
54,152508.99,1,0,1.0,0.0,0.0
38,0.0,2,1,0.0,0.0,0.0
36,158261.68,1,1,0.0,1.0,1.0
38,0.0,2,1,0.0,0.0,0.0
42,105722.69,1,1,1.0,0.0,0.0
33,72535.45,1,1,0.0,1.0,0.0
30,0.0,2,1,0.0,0.0,1.0
44,89118.26,1,0,0.0,1.0,1.0
28,0.0,1,0,0.0,1.0,1.0
40,95053.1,1,1,0.0,1.0,1.0
52,0.0,2,1,0.0,0.0,1.0
46,0.0,1,0,0.0,0.0,1.0
31,0.0,2,1,0.0,0.0,1.0
39,130565.02,1,0,1.0,0.0,0.0
44,0.0,1,1,0.0,1.0,1.0
38,68065.8,1,0,0.0,0.0,0.0
37,138207.08,1,0,0.0,1.0,1.0
34,70731.07,1,1,0.0,1.0,0.0
36,118214.32,3,0,1.0,0.0,1.0
39,60374.98,1,0,0.0,1.0,1.0
43,100013.51,1,0,0.0,0.0,1.0
36,84327.77,2,0,0.0,0.0,0.0
31,136556.44,1,0,0.0,1.0,1.0
43,178074.33,1,0,0.0,0.0,0.0
34,118838.75,1,1,0.0,0.0,1.0
72,135290.42,2,1,1.0,0.0,0.0
45,102882.4,2,1,0.0,0.0,0.0
46,0.0,3,1,0.0,0.0,0.0
32,73494.21,1,0,0.0,0.0,1.0
32,0.0,2,0,0.0,0.0,1.0
45,123859.6,1,1,0.0,0.0,1.0
59,185966.64,1,0,0.0,0.0,1.0
37,0.0,2,1,0.0,0.0,1.0
58,131852.81,1,0,0.0,0.0,0.0
45,164649.52,3,0,0.0,0.0,0.0
41,0.0,2,1,0.0,1.0,0.0
30,84958.6,2,1,1.0,0.0,0.0
60,117738.81,1,0,0.0,0.0,0.0
29,154640.41,1,1,1.0,0.0,1.0
33,133040.32,1,1,0.0,0.0,1.0
32,170661.47,1,1,1.0,0.0,1.0
41,40488.76,1,0,0.0,0.0,1.0
29,0.0,2,0,0.0,0.0,0.0
41,109153.96,3,1,1.0,0.0,0.0
27,0.0,2,0,0.0,0.0,0.0
61,0.0,1,0,0.0,0.0,0.0
31,0.0,2,0,0.0,0.0,1.0
41,0.0,2,0,0.0,1.0,1.0
20,0.0,1,1,0.0,0.0,1.0
27,0.0,2,1,0.0,0.0,1.0
58,0.0,1,0,0.0,1.0,0.0
67,0.0,2,1,0.0,0.0,0.0
31,0.0,2,1,0.0,0.0,1.0
39,47685.47,2,1,1.0,0.0,0.0
42,0.0,2,1,0.0,0.0,1.0
41,159434.03,1,0,1.0,0.0,1.0
40,89025.88,2,0,1.0,0.0,1.0
24,173962.32,1,0,0.0,1.0,0.0
32,114668.89,1,0,0.0,0.0,0.0
45,105525.65,2,1,0.0,0.0,0.0
41,95696.52,2,1,0.0,0.0,1.0
37,109093.41,2,0,0.0,0.0,1.0
33,128152.82,1,0,0.0,0.0,1.0
50,158633.61,1,0,0.0,1.0,0.0
31,155047.56,2,1,0.0,0.0,1.0
41,0.0,4,1,0.0,0.0,1.0
53,0.0,2,1,0.0,0.0,1.0
35,116662.96,2,1,0.0,1.0,1.0
54,0.0,2,1,0.0,1.0,0.0
47,63488.7,1,1,0.0,1.0,0.0
39,0.0,2,1,0.0,0.0,1.0
43,0.0,2,1,0.0,1.0,1.0
23,92366.72,2,0,1.0,0.0,1.0
33,0.0,2,0,0.0,0.0,0.0
31,90547.48,2,1,1.0,0.0,1.0
31,115406.97,1,0,0.0,1.0,1.0
57,0.0,2,1,0.0,0.0,1.0
27,113174.21,2,0,1.0,0.0,1.0
30,90963.49,1,1,0.0,0.0,1.0
41,119703.1,2,1,1.0,0.0,0.0
35,144428.87,1,0,0.0,0.0,1.0
31,0.0,2,0,0.0,0.0,0.0
48,76595.08,2,0,1.0,0.0,0.0
62,112181.08,1,1,0.0,1.0,1.0
39,133102.92,1,0,0.0,0.0,0.0
31,0.0,2,1,0.0,0.0,1.0
36,136815.64,1,1,1.0,0.0,1.0
38,0.0,3,0,0.0,0.0,1.0
53,141616.55,2,1,1.0,0.0,0.0
39,0.0,2,0,0.0,0.0,1.0
37,62974.64,2,1,1.0,0.0,0.0
39,121626.9,1,1,0.0,1.0,1.0
41,0.0,1,1,0.0,0.0,1.0
36,0.0,2,1,0.0,0.0,1.0
39,0.0,2,0,0.0,1.0,1.0
41,144974.55,1,1,0.0,1.0,1.0
31,122449.31,2,1,0.0,1.0,1.0
29,0.0,2,0,0.0,1.0,1.0
48,75801.74,1,0,0.0,1.0,1.0
30,110824.52,1,1,1.0,0.0,1.0
35,142296.13,1,1,1.0,0.0,1.0
39,119787.76,1,1,1.0,0.0,0.0
35,155621.08,1,1,0.0,1.0,0.0
27,0.0,2,0,0.0,0.0,0.0
36,140355.56,2,0,1.0,0.0,0.0
54,156367.6,2,1,1.0,0.0,1.0
37,0.0,2,0,0.0,0.0,1.0
53,138053.67,1,1,0.0,0.0,1.0
35,0.0,2,0,0.0,0.0,0.0
41,102749.72,1,1,0.0,1.0,1.0
39,166733.92,2,0,0.0,1.0,0.0
27,123599.49,2,0,1.0,0.0,0.0
34,114088.32,1,0,0.0,0.0,1.0
48,0.0,2,1,0.0,0.0,1.0
29,182123.79,1,0,0.0,0.0,1.0
39,170288.38,1,1,0.0,1.0,1.0
35,0.0,2,1,0.0,0.0,1.0
47,120621.89,1,1,1.0,0.0,0.0
32,88938.62,1,1,1.0,0.0,1.0
39,167557.12,1,1,0.0,1.0,1.0
36,84438.57,1,1,0.0,1.0,0.0
35,79388.33,1,1,0.0,1.0,1.0
46,67563.31,1,0,0.0,1.0,0.0
39,129709.62,1,0,0.0,0.0,1.0
32,121394.42,1,0,0.0,0.0,1.0
26,0.0,1,0,0.0,0.0,1.0
46,110031.09,2,1,1.0,0.0,0.0
25,141825.88,1,1,1.0,0.0,0.0
39,0.0,2,1,0.0,0.0,1.0
54,78126.28,1,1,0.0,1.0,0.0
42,133970.22,2,1,0.0,0.0,1.0
40,107648.94,2,1,1.0,0.0,0.0
47,114603.76,2,0,1.0,0.0,0.0
62,0.0,1,1,0.0,0.0,0.0
50,146777.44,2,1,0.0,1.0,0.0
26,110654.02,1,1,0.0,0.0,0.0
37,0.0,2,0,0.0,1.0,1.0
26,98723.67,1,1,1.0,0.0,0.0
24,0.0,3,0,0.0,0.0,0.0
43,137780.74,2,1,0.0,0.0,1.0
29,0.0,1,1,0.0,0.0,0.0
51,148222.65,1,0,0.0,0.0,1.0
28,165969.26,3,0,0.0,1.0,0.0
34,131244.65,2,0,0.0,0.0,0.0
54,123544.0,1,1,1.0,0.0,1.0
28,118890.81,1,1,0.0,0.0,0.0
33,94598.48,1,0,0.0,0.0,1.0
40,0.0,2,0,0.0,0.0,1.0
34,0.0,1,1,0.0,0.0,0.0
31,0.0,2,0,0.0,0.0,1.0
27,0.0,1,1,0.0,1.0,1.0
40,0.0,2,0,0.0,0.0,1.0
37,82500.28,1,1,0.0,0.0,1.0
34,0.0,1,0,0.0,0.0,0.0
39,124548.99,2,1,1.0,0.0,1.0
40,113574.61,2,0,1.0,0.0,1.0
32,0.0,2,1,0.0,1.0,0.0
32,123906.22,3,1,1.0,0.0,1.0
38,106922.92,2,1,1.0,0.0,1.0
37,100431.84,1,0,1.0,0.0,0.0
28,124540.28,1,1,0.0,0.0,0.0
42,88120.97,2,1,1.0,0.0,1.0
33,70541.06,1,0,1.0,0.0,0.0
36,113546.3,1,1,1.0,0.0,1.0
46,0.0,1,0,0.0,1.0,1.0
42,0.0,1,0,0.0,0.0,0.0
27,131899.0,1,0,1.0,0.0,1.0
50,132088.59,1,1,0.0,1.0,0.0
43,102338.19,1,1,0.0,0.0,1.0
29,144553.5,2,0,1.0,0.0,1.0
26,0.0,2,0,0.0,1.0,0.0
35,113635.16,1,0,0.0,1.0,1.0
25,121166.89,1,1,0.0,1.0,0.0
53,117005.55,1,1,1.0,0.0,1.0
50,105229.72,1,1,0.0,0.0,1.0
29,116536.43,1,0,0.0,0.0,0.0
32,141528.88,1,1,1.0,0.0,0.0
48,132876.23,1,0,0.0,1.0,1.0
29,127269.75,1,1,1.0,0.0,1.0
43,0.0,2,1,0.0,1.0,0.0
40,115465.98,1,1,0.0,0.0,0.0
29,119670.18,1,0,0.0,1.0,0.0
22,0.0,2,0,0.0,0.0,0.0
43,84673.17,2,1,1.0,0.0,1.0
47,0.0,2,1,0.0,0.0,1.0
28,111071.36,1,0,1.0,0.0,0.0
30,205770.78,2,0,1.0,0.0,0.0
53,115029.4,1,0,0.0,0.0,1.0
45,92786.66,1,0,0.0,0.0,0.0
21,0.0,2,0,0.0,1.0,1.0
41,0.0,2,0,0.0,0.0,1.0
33,131698.57,2,0,0.0,0.0,0.0
33,0.0,2,0,0.0,1.0,0.0
38,123345.85,1,0,0.0,0.0,1.0
47,105603.21,2,1,0.0,1.0,1.0
29,0.0,2,1,0.0,1.0,1.0
23,0.0,2,0,0.0,0.0,1.0
30,109786.82,2,1,1.0,0.0,1.0
29,0.0,1,1,0.0,0.0,1.0
33,103377.81,1,0,0.0,0.0,0.0
47,99835.17,1,1,0.0,1.0,1.0
67,0.0,2,1,0.0,1.0,0.0
27,0.0,2,0,0.0,0.0,0.0
40,95312.8,1,1,0.0,1.0,1.0
26,0.0,2,1,0.0,1.0,1.0
34,105302.66,1,1,0.0,0.0,1.0
42,132796.04,3,1,1.0,0.0,0.0
36,140137.15,1,0,0.0,1.0,0.0
57,89079.41,1,1,0.0,0.0,1.0
41,101960.74,1,1,0.0,0.0,1.0
26,147527.03,1,0,1.0,0.0,1.0
36,110414.48,1,1,0.0,0.0,0.0
39,101928.51,1,0,0.0,0.0,0.0
49,102286.6,3,0,1.0,0.0,0.0
47,121797.09,1,1,0.0,0.0,1.0
71,142550.25,2,1,1.0,0.0,1.0
50,0.0,1,0,0.0,0.0,0.0
32,0.0,2,0,0.0,0.0,1.0
47,116393.59,1,0,0.0,1.0,0.0
48,129387.94,1,1,0.0,0.0,1.0
34,0.0,2,0,0.0,1.0,1.0
29,0.0,2,1,0.0,0.0,1.0
40,0.0,1,0,0.0,1.0,0.0
45,0.0,2,1,0.0,1.0,0.0
26,0.0,2,1,0.0,1.0,0.0
40,0.0,2,0,0.0,0.0,0.0
23,0.0,2,0,0.0,1.0,1.0
46,127209.0,2,0,0.0,1.0,1.0
30,0.0,2,1,0.0,0.0,1.0
29,114590.58,1,0,0.0,0.0,1.0
34,0.0,1,1,0.0,1.0,0.0
37,124140.57,2,0,0.0,1.0,0.0
47,0.0,2,0,0.0,0.0,0.0
31,0.0,2,1,0.0,0.0,0.0
31,0.0,1,1,0.0,1.0,0.0
41,0.0,2,1,0.0,0.0,0.0
23,72012.76,1,0,1.0,0.0,1.0
42,120233.83,1,0,0.0,1.0,1.0
51,0.0,1,1,0.0,1.0,1.0
33,0.0,2,1,0.0,1.0,1.0
35,0.0,2,0,0.0,1.0,1.0
42,0.0,2,0,0.0,1.0,1.0
35,128653.59,1,0,0.0,0.0,1.0
27,0.0,2,1,0.0,0.0,1.0
34,0.0,2,0,0.0,1.0,1.0
31,133003.03,1,1,1.0,0.0,0.0
30,0.0,1,0,0.0,1.0,0.0
35,0.0,2,0,0.0,1.0,1.0
35,149995.72,2,0,1.0,0.0,1.0
28,0.0,2,0,0.0,1.0,1.0
42,147187.84,1,1,0.0,1.0,0.0
25,0.0,2,0,0.0,0.0,0.0
50,0.0,2,0,0.0,1.0,1.0
41,139659.04,1,1,1.0,0.0,0.0
47,105245.21,1,0,1.0,0.0,1.0
39,0.0,2,0,0.0,1.0,1.0
45,0.0,2,0,0.0,0.0,1.0
35,0.0,1,0,0.0,0.0,1.0
32,0.0,2,1,0.0,0.0,1.0
31,0.0,2,1,0.0,0.0,1.0
36,70784.27,1,0,0.0,0.0,0.0
38,0.0,1,1,0.0,1.0,1.0
42,0.0,1,0,0.0,0.0,0.0
41,126670.37,1,0,0.0,0.0,0.0
43,0.0,2,1,0.0,0.0,1.0
41,153198.23,1,1,0.0,0.0,1.0
32,146602.25,2,1,1.0,0.0,0.0
26,83600.24,1,1,0.0,1.0,1.0
39,140004.96,1,1,0.0,0.0,1.0
36,0.0,2,0,0.0,1.0,1.0
36,0.0,2,0,0.0,0.0,0.0
33,88294.6,1,0,0.0,0.0,1.0
35,183027.25,1,1,0.0,0.0,1.0
40,147754.68,1,1,0.0,0.0,1.0
40,98627.13,2,0,0.0,0.0,1.0
47,144900.58,1,0,0.0,0.0,1.0
35,137948.51,1,0,0.0,1.0,1.0
40,169742.64,1,1,0.0,0.0,1.0
51,138214.5,1,0,1.0,0.0,0.0
51,104760.82,1,1,0.0,0.0,0.0
27,0.0,2,0,0.0,0.0,0.0
33,0.0,2,0,0.0,0.0,1.0
38,153058.64,1,0,1.0,0.0,0.0
38,0.0,2,1,0.0,0.0,0.0
41,141806.46,1,0,0.0,0.0,0.0
44,81553.93,1,0,0.0,0.0,0.0
36,169312.72,1,0,0.0,1.0,1.0
33,0.0,2,1,0.0,1.0,1.0
44,115282.3,1,0,0.0,0.0,1.0
50,0.0,2,0,0.0,0.0,1.0
30,0.0,2,0,0.0,0.0,1.0
30,0.0,1,1,0.0,0.0,0.0
29,0.0,2,0,0.0,1.0,0.0
22,114991.45,1,1,0.0,0.0,1.0
37,70258.88,2,0,1.0,0.0,0.0
34,96019.5,1,0,0.0,0.0,0.0
39,0.0,2,0,0.0,0.0,0.0
62,123681.32,3,0,0.0,0.0,0.0
37,121854.45,1,0,0.0,0.0,1.0
34,103108.17,1,0,0.0,0.0,1.0
33,121685.31,2,1,0.0,0.0,0.0
62,111065.93,2,1,0.0,0.0,0.0
38,0.0,2,0,0.0,0.0,1.0
31,67996.23,2,0,0.0,0.0,1.0
42,0.0,1,0,0.0,1.0,0.0
47,97023.21,1,1,0.0,0.0,1.0
35,71553.83,1,0,1.0,0.0,1.0
28,113690.83,1,0,1.0,0.0,1.0
35,0.0,2,0,0.0,0.0,0.0
33,99106.73,1,0,0.0,1.0,1.0
37,0.0,2,0,0.0,0.0,1.0
23,143054.85,1,1,0.0,1.0,0.0
53,110240.04,1,0,0.0,0.0,0.0
41,134177.06,1,0,0.0,1.0,0.0
34,0.0,2,0,0.0,0.0,0.0
46,134593.79,1,1,0.0,1.0,0.0
49,0.0,1,0,0.0,0.0,0.0
39,0.0,2,0,0.0,0.0,1.0
49,0.0,1,1,0.0,0.0,0.0
40,102833.46,2,1,0.0,0.0,1.0
34,40105.51,2,1,1.0,0.0,1.0
18,82767.42,1,0,0.0,0.0,0.0
34,0.0,1,0,0.0,1.0,1.0
60,148846.39,1,0,1.0,0.0,1.0
35,147936.42,1,1,0.0,1.0,0.0
31,0.0,2,1,0.0,1.0,1.0
28,0.0,3,0,0.0,0.0,0.0
32,130627.66,1,0,1.0,0.0,1.0
33,123783.91,2,1,0.0,1.0,1.0
28,122724.37,1,1,0.0,0.0,1.0
39,140553.46,1,0,0.0,1.0,0.0
47,139914.27,1,1,0.0,0.0,0.0
39,109724.38,1,1,0.0,0.0,1.0
40,94607.08,1,0,1.0,0.0,1.0
60,101070.69,1,0,0.0,0.0,0.0
53,123845.36,2,1,0.0,0.0,0.0
35,0.0,2,1,0.0,1.0,1.0
34,158741.43,2,1,0.0,0.0,1.0
37,114754.08,1,0,1.0,0.0,0.0
44,0.0,1,0,0.0,1.0,1.0
34,84055.43,1,0,0.0,0.0,1.0
39,112290.22,1,0,1.0,0.0,1.0
22,97975.82,2,1,1.0,0.0,0.0
67,0.0,1,1,0.0,0.0,0.0
33,144962.74,1,0,1.0,0.0,1.0
41,165445.04,2,0,0.0,1.0,1.0
25,0.0,2,0,0.0,0.0,0.0
32,148884.47,2,1,0.0,0.0,1.0
40,121629.22,1,1,0.0,1.0,1.0
30,0.0,2,1,0.0,0.0,1.0
30,105128.85,2,1,1.0,0.0,1.0
59,0.0,2,1,0.0,1.0,1.0
40,115409.18,2,0,1.0,0.0,0.0
27,107812.67,1,1,0.0,1.0,0.0
41,119276.31,1,0,1.0,0.0,1.0
32,0.0,2,0,0.0,1.0,1.0
22,65763.57,1,1,0.0,0.0,0.0
37,158411.95,4,1,1.0,0.0,0.0
59,148021.12,1,1,0.0,1.0,0.0
53,98268.84,1,1,1.0,0.0,0.0
24,0.0,1,1,0.0,0.0,1.0
31,110941.93,2,0,1.0,0.0,0.0
48,131834.8,1,0,1.0,0.0,1.0
46,106968.96,1,1,1.0,0.0,1.0
43,0.0,3,0,0.0,0.0,0.0
37,128645.67,1,0,0.0,0.0,0.0
39,0.0,2,1,0.0,0.0,1.0
31,127070.73,1,1,0.0,0.0,0.0
30,112372.96,1,1,1.0,0.0,1.0
56,127585.98,3,1,1.0,0.0,0.0
41,89086.31,1,0,0.0,0.0,1.0
36,155180.56,2,0,0.0,1.0,0.0
38,95139.41,1,1,0.0,0.0,0.0
49,0.0,2,0,0.0,1.0,0.0
66,0.0,2,1,0.0,0.0,0.0
27,0.0,2,1,0.0,1.0,1.0
39,132906.88,1,1,1.0,0.0,1.0
35,0.0,2,1,0.0,0.0,1.0
28,0.0,2,1,0.0,0.0,1.0
20,204223.03,1,0,0.0,1.0,1.0
34,0.0,2,1,0.0,0.0,1.0
35,137852.96,1,1,1.0,0.0,0.0
34,0.0,2,1,0.0,0.0,1.0
35,61172.04,1,0,0.0,1.0,1.0
38,97266.1,1,1,0.0,1.0,0.0
33,188285.68,1,0,0.0,0.0,0.0
59,135296.33,1,0,1.0,0.0,0.0
40,62389.03,3,0,1.0,0.0,1.0
40,102967.41,1,0,0.0,0.0,0.0
37,152760.24,1,1,0.0,1.0,0.0
58,128137.42,2,0,1.0,0.0,1.0
44,0.0,2,1,0.0,0.0,0.0
36,120165.4,2,0,0.0,0.0,1.0
38,0.0,2,0,0.0,0.0,0.0
33,129574.98,1,1,0.0,0.0,1.0
28,109960.06,2,1,1.0,0.0,1.0
47,128486.11,1,0,0.0,1.0,0.0
40,161766.87,1,0,0.0,1.0,1.0
48,138232.24,1,0,1.0,0.0,0.0
31,137411.29,1,1,0.0,0.0,0.0
73,66573.17,1,1,0.0,0.0,1.0
59,69129.59,1,1,1.0,0.0,1.0
37,118050.79,1,1,1.0,0.0,1.0
39,0.0,2,0,0.0,1.0,1.0
40,0.0,2,0,0.0,0.0,0.0
49,78653.84,1,0,0.0,0.0,1.0
45,0.0,2,0,0.0,1.0,0.0
29,0.0,2,1,0.0,1.0,1.0
53,0.0,2,1,0.0,1.0,1.0
62,64119.38,1,1,0.0,1.0,1.0
49,154344.49,2,1,0.0,0.0,1.0
46,135369.71,1,1,0.0,0.0,1.0
29,102787.42,1,0,0.0,0.0,1.0
49,0.0,2,0,0.0,1.0,1.0
49,108204.52,1,0,1.0,0.0,1.0
33,142871.27,2,0,1.0,0.0,1.0
52,106723.28,1,0,0.0,0.0,1.0
33,127818.52,1,0,0.0,0.0,1.0
23,122739.1,1,0,1.0,0.0,0.0
52,125095.94,1,0,0.0,0.0,0.0
33,132150.26,2,0,0.0,0.0,1.0
71,113317.1,1,0,1.0,0.0,0.0
38,96798.79,2,1,0.0,1.0,1.0
35,0.0,1,0,0.0,0.0,1.0
23,93522.2,1,1,0.0,0.0,0.0
31,91292.7,1,1,0.0,1.0,0.0
47,104887.43,1,0,1.0,0.0,0.0
54,0.0,1,0,0.0,0.0,1.0
55,0.0,3,0,0.0,1.0,0.0
58,102346.86,1,1,0.0,0.0,0.0
36,0.0,2,0,0.0,0.0,1.0
37,89728.86,2,1,1.0,0.0,1.0
53,83568.26,1,0,0.0,0.0,1.0
34,106603.74,2,1,0.0,0.0,1.0
39,93148.74,2,1,1.0,0.0,0.0
40,0.0,2,0,0.0,0.0,1.0
39,52106.33,2,1,1.0,0.0,1.0
41,122552.48,2,1,1.0,0.0,1.0
40,0.0,1,0,0.0,0.0,0.0
26,0.0,2,0,0.0,0.0,1.0
30,111375.32,2,0,1.0,0.0,1.0
54,120952.74,1,0,0.0,1.0,0.0
42,0.0,2,0,0.0,1.0,1.0
37,0.0,1,1,0.0,1.0,1.0
39,0.0,2,0,0.0,0.0,1.0
27,0.0,2,0,0.0,0.0,0.0
33,122325.58,1,0,1.0,0.0,0.0
37,96652.86,1,0,0.0,0.0,0.0
80,0.0,2,1,0.0,1.0,1.0
48,0.0,1,0,0.0,0.0,0.0
20,0.0,2,0,0.0,0.0,0.0
41,56214.85,2,0,0.0,0.0,0.0
57,173306.13,1,1,0.0,1.0,0.0
19,0.0,2,1,0.0,0.0,0.0
35,0.0,2,0,0.0,1.0,1.0
36,0.0,1,1,0.0,0.0,1.0
35,178317.6,1,0,1.0,0.0,0.0
22,118680.57,1,1,0.0,1.0,1.0
25,0.0,2,1,0.0,0.0,0.0
33,83134.3,1,0,0.0,0.0,1.0
37,0.0,2,0,0.0,1.0,0.0
28,0.0,2,1,0.0,0.0,1.0
28,106070.29,2,1,1.0,0.0,1.0
28,167268.98,1,1,0.0,0.0,1.0
39,143637.58,2,1,0.0,1.0,1.0
34,83074.0,1,0,0.0,0.0,1.0
42,190305.78,1,0,0.0,1.0,0.0
36,107379.68,1,1,0.0,0.0,1.0
41,138881.04,1,0,1.0,0.0,0.0
40,166082.15,2,1,1.0,0.0,1.0
36,153804.44,1,1,0.0,1.0,1.0
40,110086.69,1,0,1.0,0.0,0.0
37,212778.2,1,1,0.0,0.0,0.0
35,121952.75,2,1,1.0,0.0,0.0
34,92899.27,2,0,0.0,0.0,0.0
38,162888.73,1,0,0.0,0.0,1.0
37,101455.7,1,0,0.0,0.0,0.0
36,111629.29,1,1,0.0,1.0,1.0
23,94464.81,2,1,0.0,0.0,0.0
23,0.0,2,1,0.0,1.0,0.0
44,0.0,2,0,0.0,1.0,0.0
55,91893.32,1,0,0.0,1.0,0.0
27,0.0,2,1,0.0,1.0,0.0
29,82344.84,1,1,0.0,0.0,0.0
34,106005.54,1,1,0.0,0.0,1.0
43,0.0,2,0,0.0,1.0,1.0
30,0.0,1,0,0.0,1.0,0.0
34,80242.37,2,0,1.0,0.0,1.0
44,0.0,2,1,0.0,1.0,0.0
28,134571.5,1,1,0.0,0.0,0.0
31,156111.24,1,0,0.0,0.0,1.0
41,129553.76,2,0,0.0,0.0,0.0
59,110939.3,1,0,1.0,0.0,1.0
35,76989.97,1,1,1.0,0.0,1.0
40,129248.11,2,0,1.0,0.0,0.0
33,115195.58,1,1,0.0,0.0,1.0
26,0.0,2,0,0.0,0.0,1.0
34,141796.43,1,0,0.0,0.0,1.0
37,68598.56,1,0,0.0,0.0,0.0
32,0.0,3,1,0.0,1.0,0.0
41,0.0,2,1,0.0,0.0,0.0
45,127864.4,1,0,0.0,0.0,1.0
36,0.0,2,1,0.0,0.0,0.0
36,143421.74,1,0,1.0,0.0,1.0
57,138456.03,2,1,1.0,0.0,1.0
35,105492.53,1,1,0.0,1.0,1.0
40,0.0,2,1,0.0,0.0,1.0
33,0.0,1,0,0.0,0.0,0.0
49,90218.9,1,0,0.0,0.0,1.0
48,134542.73,1,1,1.0,0.0,1.0
35,156687.1,1,0,0.0,0.0,1.0
29,99250.08,1,1,0.0,1.0,0.0
43,131433.33,2,1,1.0,0.0,0.0
38,0.0,2,1,0.0,1.0,0.0
50,125437.64,1,1,1.0,0.0,1.0
48,139714.4,2,0,1.0,0.0,1.0
76,160979.68,1,1,0.0,0.0,0.0
37,128389.63,1,1,1.0,0.0,0.0
34,94108.54,2,0,1.0,0.0,1.0
31,138166.3,1,0,1.0,0.0,1.0
35,161613.94,2,1,0.0,0.0,1.0
40,0.0,1,1,0.0,0.0,1.0
45,143129.41,2,1,1.0,0.0,1.0
22,0.0,2,0,0.0,0.0,1.0
26,78892.23,1,1,0.0,0.0,0.0
92,121513.31,1,1,0.0,0.0,1.0
54,187997.15,1,0,0.0,1.0,0.0
21,137910.45,1,1,0.0,0.0,1.0
35,87619.29,1,0,0.0,0.0,1.0
25,100913.57,1,0,0.0,1.0,1.0
36,0.0,1,0,0.0,0.0,1.0
27,0.0,2,1,0.0,0.0,1.0
38,181804.34,2,1,1.0,0.0,1.0
28,0.0,1,1,0.0,0.0,0.0
36,0.0,1,0,0.0,1.0,0.0
43,0.0,4,0,0.0,0.0,1.0
28,82498.14,2,0,1.0,0.0,0.0
29,0.0,2,0,0.0,0.0,1.0
42,121980.56,2,0,1.0,0.0,0.0
46,123873.19,1,1,0.0,0.0,1.0
38,0.0,2,0,0.0,0.0,1.0
39,60263.23,1,0,1.0,0.0,1.0
25,131402.21,1,0,1.0,0.0,0.0
59,130854.59,1,1,1.0,0.0,1.0
45,0.0,2,1,0.0,0.0,0.0
26,0.0,1,0,0.0,0.0,1.0
27,0.0,2,0,0.0,1.0,0.0
41,91536.93,1,0,1.0,0.0,1.0
37,0.0,2,0,0.0,0.0,1.0
41,90350.77,1,0,0.0,1.0,0.0
36,0.0,2,0,0.0,0.0,1.0
43,0.0,1,0,0.0,1.0,1.0
42,77992.97,2,1,1.0,0.0,1.0
50,87116.71,1,1,0.0,1.0,0.0
40,112701.04,1,0,0.0,0.0,1.0
38,0.0,2,0,0.0,0.0,0.0
40,63609.92,1,0,0.0,1.0,1.0
44,105934.96,1,0,1.0,0.0,1.0
31,130089.56,2,1,1.0,0.0,0.0
74,0.0,2,1,0.0,1.0,0.0
39,0.0,2,1,0.0,1.0,0.0
64,0.0,2,1,0.0,0.0,1.0
33,112528.65,2,0,0.0,0.0,0.0
37,163789.49,2,0,0.0,0.0,1.0
37,120825.7,1,0,0.0,1.0,1.0
35,108269.2,2,0,1.0,0.0,0.0
40,0.0,1,1,0.0,0.0,0.0
34,0.0,2,0,0.0,0.0,1.0
23,107433.48,1,0,0.0,0.0,1.0
39,0.0,2,1,0.0,1.0,1.0
47,107915.94,2,1,1.0,0.0,1.0
40,109628.44,1,0,1.0,0.0,0.0
45,109044.3,1,1,0.0,1.0,0.0
28,155519.59,1,0,0.0,1.0,1.0
41,113980.21,1,1,0.0,0.0,1.0
34,0.0,2,0,0.0,0.0,0.0
28,103421.32,1,1,0.0,1.0,1.0
34,0.0,2,1,0.0,0.0,0.0
31,148913.72,2,0,1.0,0.0,0.0
27,0.0,2,1,0.0,0.0,1.0
28,0.0,1,1,0.0,0.0,0.0
25,0.0,2,1,0.0,1.0,1.0
37,98186.7,1,1,0.0,0.0,1.0
33,0.0,2,1,0.0,0.0,1.0
40,0.0,2,0,0.0,0.0,1.0
40,125608.72,1,0,0.0,0.0,1.0
51,144953.31,1,1,0.0,0.0,1.0
42,0.0,1,0,0.0,1.0,0.0
31,114722.05,2,1,0.0,0.0,0.0
52,137755.76,1,0,1.0,0.0,1.0
34,0.0,2,1,0.0,0.0,0.0
37,93124.04,2,1,1.0,0.0,0.0
30,134497.27,1,0,1.0,0.0,1.0
47,157296.02,2,0,0.0,1.0,0.0
22,156834.34,1,0,0.0,0.0,0.0
36,146943.38,2,1,0.0,1.0,1.0
52,0.0,1,1,0.0,0.0,1.0
31,117551.23,1,0,0.0,1.0,1.0
44,0.0,2,1,0.0,0.0,1.0
54,144768.94,1,0,1.0,0.0,1.0
41,145809.53,2,1,0.0,0.0,0.0
32,83772.95,1,1,0.0,0.0,0.0
28,0.0,2,0,0.0,0.0,1.0
34,185734.75,1,1,0.0,0.0,0.0
34,101633.04,1,0,1.0,0.0,0.0
29,130830.22,1,0,1.0,0.0,0.0
40,148571.07,1,0,1.0,0.0,0.0
28,0.0,2,0,0.0,0.0,1.0
64,153469.26,3,0,1.0,0.0,0.0
33,89939.62,1,0,0.0,0.0,0.0
38,0.0,2,0,0.0,1.0,1.0
28,0.0,1,1,0.0,1.0,1.0
62,127706.33,2,1,0.0,0.0,1.0
32,71187.24,1,1,0.0,0.0,0.0
43,0.0,2,1,0.0,1.0,0.0
19,150348.37,1,1,1.0,0.0,1.0
42,0.0,1,0,0.0,1.0,0.0
41,0.0,2,0,0.0,0.0,0.0
50,162702.35,1,0,0.0,0.0,1.0
50,0.0,1,0,0.0,1.0,1.0
27,130274.26,2,0,1.0,0.0,1.0
49,0.0,1,0,0.0,0.0,0.0
51,125268.03,2,0,0.0,0.0,1.0
36,136492.92,3,1,0.0,0.0,1.0
34,70302.48,1,1,0.0,0.0,0.0
30,133634.02,1,1,0.0,0.0,1.0
38,144432.04,1,1,0.0,0.0,0.0
43,160474.59,1,1,0.0,0.0,0.0
34,0.0,2,0,0.0,0.0,1.0
56,151802.29,1,0,1.0,0.0,1.0
58,145984.92,1,1,1.0,0.0,0.0
38,0.0,3,1,0.0,1.0,1.0
37,64345.21,1,1,0.0,1.0,0.0
38,127678.8,2,0,0.0,0.0,1.0
38,0.0,1,1,0.0,0.0,1.0
63,0.0,1,0,0.0,0.0,0.0
29,0.0,2,0,0.0,0.0,0.0
31,129722.57,1,0,0.0,0.0,1.0
45,139859.23,1,1,0.0,0.0,0.0
28,132932.14,2,1,1.0,0.0,0.0
46,104763.41,1,1,1.0,0.0,1.0
44,124655.59,2,1,1.0,0.0,1.0
71,0.0,1,1,0.0,1.0,1.0
21,35741.69,1,0,1.0,0.0,0.0
20,133800.98,1,1,0.0,0.0,0.0
28,127289.28,1,0,0.0,1.0,1.0
30,88594.14,1,0,0.0,0.0,0.0
33,88311.48,2,1,1.0,0.0,1.0
31,134837.58,1,0,0.0,0.0,1.0
50,121159.65,1,0,0.0,0.0,1.0
37,0.0,2,0,0.0,1.0,0.0
53,127997.83,1,0,1.0,0.0,1.0
26,71281.29,1,1,0.0,0.0,1.0
30,78133.15,1,1,0.0,0.0,1.0
48,111599.32,1,1,1.0,0.0,1.0
41,103154.66,1,0,0.0,1.0,1.0
34,0.0,2,1,0.0,0.0,1.0
22,136444.25,1,0,0.0,0.0,1.0
40,114940.67,2,1,1.0,0.0,0.0
27,115084.53,2,1,1.0,0.0,1.0
31,127331.46,3,1,1.0,0.0,0.0
35,97440.02,2,1,0.0,0.0,0.0
39,0.0,2,1,0.0,0.0,0.0
34,117731.79,2,1,0.0,0.0,1.0
47,109493.62,1,0,1.0,0.0,0.0
35,165692.91,1,1,0.0,0.0,1.0
64,124043.8,1,1,0.0,0.0,0.0
55,140891.46,3,1,1.0,0.0,0.0
49,0.0,2,0,0.0,1.0,0.0
58,149117.31,1,1,0.0,0.0,1.0
38,0.0,2,1,0.0,1.0,1.0
33,99046.31,2,1,1.0,0.0,0.0
55,0.0,1,1,0.0,0.0,1.0
38,0.0,2,0,0.0,0.0,1.0
40,111756.5,1,0,1.0,0.0,1.0
33,51949.95,2,0,1.0,0.0,1.0
37,115345.86,2,0,0.0,0.0,1.0
40,0.0,2,1,0.0,0.0,0.0
42,177822.03,1,0,0.0,0.0,1.0
32,131081.66,2,1,1.0,0.0,1.0
23,84284.48,2,1,0.0,0.0,1.0
20,0.0,2,0,0.0,0.0,1.0
37,148580.12,1,0,0.0,0.0,0.0
41,0.0,2,1,0.0,0.0,1.0
52,83693.34,2,1,1.0,0.0,1.0
37,108308.11,1,0,1.0,0.0,1.0
58,137318.42,1,1,1.0,0.0,1.0
32,120879.73,2,1,0.0,0.0,1.0
32,0.0,2,1,0.0,0.0,1.0
40,54428.37,1,0,0.0,1.0,0.0
57,101134.87,2,1,1.0,0.0,1.0
23,73314.04,2,0,1.0,0.0,1.0
37,74260.03,1,0,0.0,0.0,1.0
35,110934.54,1,0,0.0,0.0,1.0
36,0.0,2,1,0.0,1.0,1.0
34,129417.82,1,0,1.0,0.0,0.0
26,0.0,2,0,0.0,0.0,1.0
38,65095.41,2,1,1.0,0.0,1.0
30,85704.95,1,1,0.0,0.0,1.0
31,0.0,1,0,0.0,0.0,1.0
44,60603.4,1,1,0.0,1.0,0.0
31,125013.72,1,1,1.0,0.0,1.0
34,133598.4,1,1,0.0,0.0,1.0
23,110203.77,1,0,0.0,0.0,1.0
45,0.0,1,0,0.0,0.0,0.0
43,128226.37,1,0,0.0,1.0,1.0
35,122964.88,1,1,0.0,1.0,1.0
70,0.0,1,1,0.0,1.0,0.0
40,121647.54,2,1,1.0,0.0,1.0
69,183744.98,1,1,0.0,1.0,0.0
39,0.0,1,0,0.0,0.0,0.0
67,157094.78,1,1,1.0,0.0,1.0
27,0.0,2,0,0.0,0.0,1.0
57,112044.72,1,1,1.0,0.0,0.0
42,153572.31,2,1,1.0,0.0,1.0
38,88977.39,2,1,1.0,0.0,1.0
46,0.0,2,0,0.0,0.0,1.0
51,92246.14,2,1,1.0,0.0,0.0
58,187911.55,1,1,0.0,0.0,0.0
27,0.0,2,1,0.0,0.0,1.0
41,0.0,2,1,0.0,1.0,0.0
24,0.0,2,1,0.0,0.0,0.0
53,199689.49,1,1,0.0,0.0,1.0
34,99441.21,2,1,1.0,0.0,1.0
46,0.0,2,0,0.0,1.0,1.0
40,0.0,2,1,0.0,0.0,1.0
35,0.0,1,1,0.0,1.0,1.0
69,187013.13,2,1,1.0,0.0,1.0
39,105317.73,2,0,0.0,1.0,1.0
37,112541.54,2,0,0.0,0.0,1.0
33,108393.35,1,1,0.0,0.0,1.0
41,0.0,3,1,0.0,0.0,0.0
41,138937.35,1,1,0.0,0.0,1.0
51,111018.98,1,0,1.0,0.0,0.0
35,135984.15,2,0,0.0,0.0,0.0
28,122034.4,3,1,1.0,0.0,0.0
40,139180.97,1,1,0.0,0.0,0.0
33,58036.33,1,1,0.0,0.0,0.0
33,0.0,2,0,0.0,0.0,0.0
60,0.0,2,1,0.0,0.0,1.0
31,0.0,2,1,0.0,1.0,0.0
38,129893.56,1,0,1.0,0.0,0.0
44,161887.81,2,0,0.0,0.0,0.0
29,172693.54,1,0,1.0,0.0,1.0
44,131593.85,1,1,1.0,0.0,0.0
24,95508.2,1,1,0.0,0.0,0.0
41,0.0,2,0,0.0,0.0,1.0
52,116497.31,3,0,1.0,0.0,1.0
21,0.0,2,1,0.0,1.0,0.0
35,92566.53,2,0,0.0,0.0,1.0
38,0.0,2,1,0.0,0.0,1.0
37,81070.34,2,0,0.0,0.0,0.0
24,0.0,2,1,0.0,0.0,1.0
28,0.0,2,0,0.0,0.0,1.0
31,0.0,2,1,0.0,1.0,0.0
32,0.0,2,0,0.0,0.0,1.0
27,0.0,3,0,0.0,0.0,0.0
39,0.0,2,0,0.0,0.0,0.0
40,0.0,2,0,0.0,0.0,1.0
31,0.0,2,0,0.0,0.0,1.0
37,135179.49,1,0,0.0,0.0,1.0
40,0.0,2,0,0.0,0.0,0.0
40,118633.08,1,1,0.0,0.0,0.0
35,130463.55,2,1,1.0,0.0,1.0
46,190678.02,1,1,0.0,1.0,1.0
23,151097.28,1,1,0.0,0.0,0.0
53,84903.33,2,1,0.0,1.0,1.0
27,95826.49,2,0,1.0,0.0,1.0
36,134997.49,2,0,0.0,0.0,0.0
36,0.0,2,1,0.0,0.0,1.0
22,112949.71,1,0,1.0,0.0,1.0
38,82259.29,1,0,0.0,0.0,1.0
43,0.0,2,1,0.0,1.0,0.0
37,113899.92,1,0,0.0,0.0,0.0
31,0.0,1,1,0.0,0.0,0.0
32,0.0,1,1,0.0,0.0,0.0
45,96877.21,1,1,0.0,0.0,1.0
37,101191.83,1,1,1.0,0.0,1.0
53,139687.66,2,1,1.0,0.0,0.0
30,176166.56,2,1,0.0,0.0,1.0
26,97268.1,2,0,1.0,0.0,1.0
48,0.0,1,0,0.0,0.0,1.0
34,129398.01,2,0,1.0,0.0,0.0
36,97665.61,1,0,0.0,0.0,0.0
20,122446.61,2,0,0.0,1.0,0.0
26,155143.52,1,1,1.0,0.0,0.0
46,135070.58,2,1,1.0,0.0,0.0
41,92805.72,1,1,1.0,0.0,0.0
54,79415.67,1,1,0.0,1.0,1.0
41,104817.41,1,0,0.0,0.0,1.0
36,90145.04,1,1,0.0,0.0,1.0
29,159597.45,1,0,0.0,0.0,1.0
41,115171.71,1,1,0.0,0.0,0.0
63,81245.79,1,0,1.0,0.0,0.0
40,97764.41,1,0,0.0,0.0,0.0
41,141162.08,1,0,0.0,0.0,0.0
28,155060.41,1,0,0.0,0.0,1.0
70,70416.75,1,1,0.0,0.0,1.0
36,0.0,2,1,0.0,0.0,1.0
74,0.0,2,1,0.0,0.0,1.0
46,98899.76,2,1,1.0,0.0,1.0
28,61581.97,1,1,0.0,0.0,1.0
42,80214.36,1,0,0.0,0.0,1.0
41,0.0,1,1,0.0,0.0,1.0
39,0.0,1,1,0.0,0.0,0.0
32,133050.97,2,0,0.0,0.0,1.0
69,154953.94,1,1,0.0,0.0,1.0
35,116932.59,1,0,0.0,1.0,1.0
33,0.0,1,0,0.0,1.0,0.0
42,176099.13,1,1,0.0,0.0,0.0
64,0.0,2,1,0.0,1.0,1.0
37,145018.64,2,0,1.0,0.0,1.0
32,157138.99,3,0,1.0,0.0,0.0
57,0.0,1,0,0.0,0.0,1.0
22,149777.0,1,1,0.0,0.0,1.0
41,0.0,2,0,0.0,0.0,1.0
29,0.0,2,1,0.0,0.0,1.0
47,110022.74,1,1,1.0,0.0,1.0
40,137409.19,1,0,0.0,0.0,0.0
42,137479.13,1,0,1.0,0.0,1.0
47,75408.33,1,0,0.0,1.0,1.0
34,126979.75,1,0,1.0,0.0,1.0
46,0.0,2,0,0.0,1.0,1.0
46,160736.63,1,1,0.0,1.0,1.0
47,137301.87,1,0,0.0,0.0,0.0
36,68881.59,2,1,0.0,0.0,1.0
40,165298.12,1,1,0.0,0.0,0.0
42,0.0,1,0,0.0,1.0,0.0
30,116377.48,1,1,1.0,0.0,0.0
76,128410.71,2,1,0.0,1.0,1.0
52,63349.75,1,0,0.0,0.0,1.0
38,71018.6,2,0,0.0,0.0,1.0
25,90920.75,1,1,0.0,0.0,1.0
25,165413.43,1,1,1.0,0.0,1.0
35,120171.58,1,0,0.0,1.0,0.0
33,0.0,2,0,0.0,0.0,0.0
31,0.0,2,1,0.0,1.0,1.0
46,157866.77,1,1,0.0,0.0,0.0
44,140856.16,2,0,0.0,1.0,1.0
30,104911.35,2,1,1.0,0.0,0.0
41,0.0,1,0,0.0,0.0,0.0
44,111100.98,1,1,1.0,0.0,1.0
69,0.0,2,1,0.0,0.0,1.0
41,106640.5,1,0,1.0,0.0,0.0
60,0.0,1,1,0.0,1.0,1.0
58,0.0,2,1,0.0,0.0,1.0
61,0.0,2,1,0.0,1.0,1.0
37,131519.49,2,1,1.0,0.0,1.0
36,0.0,2,1,0.0,0.0,1.0
26,65848.36,2,0,0.0,1.0,1.0
35,0.0,2,0,0.0,1.0,1.0
27,0.0,2,0,0.0,1.0,1.0
31,97588.6,1,0,0.0,0.0,0.0
66,0.0,2,1,0.0,1.0,1.0
40,0.0,2,0,0.0,0.0,1.0
41,0.0,2,0,0.0,1.0,1.0
39,107553.33,1,0,0.0,1.0,0.0
51,95560.04,1,0,1.0,0.0,0.0
32,0.0,2,0,0.0,1.0,1.0
64,0.0,2,1,0.0,0.0,1.0
37,0.0,2,0,0.0,1.0,0.0
22,98800.0,1,0,0.0,1.0,0.0
37,0.0,2,0,0.0,0.0,1.0
42,0.0,1,1,0.0,0.0,1.0
36,102603.3,2,1,1.0,0.0,1.0
49,0.0,2,0,0.0,0.0,1.0
39,170184.99,2,0,0.0,1.0,1.0
38,95010.92,1,1,0.0,1.0,1.0
23,0.0,2,1,0.0,0.0,1.0
34,148249.54,1,1,1.0,0.0,0.0
64,169362.43,1,0,1.0,0.0,0.0
40,108407.34,1,1,1.0,0.0,1.0
29,99713.87,1,0,0.0,0.0,0.0
35,0.0,2,0,0.0,0.0,1.0
64,145215.43,1,1,1.0,0.0,0.0
30,134152.29,1,1,0.0,1.0,1.0
26,106397.75,1,0,0.0,0.0,1.0
35,110053.62,2,1,1.0,0.0,1.0
37,0.0,1,0,0.0,0.0,1.0
34,53299.96,2,1,0.0,1.0,0.0
36,133889.35,1,1,0.0,0.0,1.0
48,73309.38,1,0,0.0,0.0,0.0
37,130091.5,1,1,0.0,0.0,1.0
22,0.0,3,1,0.0,0.0,1.0
26,122857.46,2,0,0.0,1.0,0.0
55,110123.59,1,1,0.0,0.0,0.0
39,155062.8,1,1,0.0,0.0,0.0
31,0.0,2,1,0.0,0.0,0.0
32,0.0,1,0,0.0,1.0,0.0
36,0.0,2,1,0.0,0.0,1.0
32,0.0,1,0,0.0,1.0,0.0
33,75242.28,1,1,1.0,0.0,1.0
37,115569.21,1,1,1.0,0.0,1.0
24,0.0,2,0,0.0,0.0,1.0
28,147972.19,1,0,1.0,0.0,1.0
37,0.0,2,1,0.0,1.0,0.0
37,111723.08,1,1,0.0,0.0,0.0
29,96674.55,2,0,0.0,1.0,1.0
32,136963.12,1,0,0.0,1.0,1.0
52,0.0,1,0,0.0,1.0,0.0
41,0.0,2,1,0.0,1.0,1.0
43,127806.91,1,1,0.0,0.0,1.0
43,161807.18,2,1,0.0,1.0,1.0
49,195238.29,4,1,0.0,0.0,0.0
45,109162.82,1,1,0.0,0.0,1.0
34,0.0,2,0,0.0,1.0,0.0
68,130169.27,2,1,1.0,0.0,0.0
32,146033.62,1,0,0.0,0.0,0.0
46,118022.06,3,0,0.0,0.0,1.0
31,0.0,2,1,0.0,1.0,0.0
35,134498.54,2,1,1.0,0.0,1.0
41,0.0,1,0,0.0,1.0,0.0
35,88109.81,1,1,1.0,0.0,1.0
31,77082.65,2,0,1.0,0.0,1.0
46,0.0,2,0,0.0,0.0,1.0
69,117866.92,1,1,0.0,0.0,0.0
39,74596.15,3,1,1.0,0.0,0.0
51,108867.0,1,0,0.0,1.0,1.0
50,0.0,4,0,0.0,0.0,0.0
39,97819.36,1,1,0.0,0.0,0.0
44,163867.86,1,1,1.0,0.0,1.0
36,0.0,2,0,0.0,0.0,1.0
35,116269.01,1,0,1.0,0.0,1.0
37,95900.04,1,1,1.0,0.0,0.0
27,105907.42,2,1,1.0,0.0,1.0
41,0.0,1,1,0.0,0.0,0.0
40,130661.96,1,1,0.0,0.0,1.0
36,130700.92,2,0,1.0,0.0,0.0
25,121702.73,1,1,1.0,0.0,1.0
66,0.0,2,1,0.0,0.0,0.0
31,89688.94,1,1,0.0,0.0,0.0
44,148595.55,1,0,0.0,0.0,1.0
36,145750.45,2,1,1.0,0.0,0.0
45,122917.71,1,1,1.0,0.0,1.0
26,130483.95,1,0,1.0,0.0,1.0
35,122570.69,1,0,0.0,1.0,0.0
26,113674.2,1,0,1.0,0.0,0.0
36,132578.92,2,0,1.0,0.0,1.0
30,0.0,1,1,0.0,0.0,1.0
38,0.0,2,1,0.0,1.0,0.0
46,113402.14,2,1,0.0,0.0,0.0
39,132287.92,3,1,1.0,0.0,1.0
40,168286.81,3,0,1.0,0.0,1.0
26,0.0,2,1,0.0,0.0,0.0
35,0.0,1,0,0.0,0.0,0.0
39,0.0,1,0,0.0,1.0,0.0
25,173459.45,2,1,1.0,0.0,1.0
30,0.0,2,0,0.0,0.0,0.0
44,71497.79,2,0,1.0,0.0,0.0
36,0.0,2,0,0.0,0.0,1.0
29,145512.84,1,0,0.0,0.0,1.0
51,174397.21,2,1,0.0,1.0,1.0
41,0.0,2,1,0.0,1.0,1.0
59,0.0,2,1,0.0,0.0,1.0
31,167949.48,1,0,0.0,0.0,0.0
36,101609.01,2,1,1.0,0.0,0.0
45,0.0,1,0,0.0,1.0,0.0
31,142631.54,2,1,1.0,0.0,1.0
42,120094.93,1,0,0.0,0.0,1.0
37,0.0,2,1,0.0,1.0,0.0
38,148912.44,1,0,0.0,0.0,1.0
32,0.0,2,0,0.0,0.0,1.0
46,140355.6,1,1,0.0,1.0,0.0
29,154333.82,1,1,1.0,0.0,0.0
27,0.0,2,1,0.0,0.0,1.0
29,133681.78,1,1,0.0,0.0,0.0
31,110581.29,1,1,0.0,0.0,0.0
26,114450.32,1,1,1.0,0.0,1.0
45,135643.0,1,0,1.0,0.0,0.0
42,137227.04,3,0,1.0,0.0,0.0
42,41473.33,1,0,0.0,1.0,1.0
31,0.0,2,1,0.0,1.0,1.0
37,106967.18,1,0,0.0,0.0,1.0
33,103564.83,2,0,1.0,0.0,1.0
25,0.0,2,0,0.0,0.0,1.0
67,124577.15,1,1,0.0,1.0,0.0
38,140278.99,3,1,0.0,0.0,1.0
34,0.0,2,0,0.0,0.0,0.0
29,0.0,2,0,0.0,0.0,1.0
32,0.0,2,1,0.0,0.0,1.0
39,0.0,2,1,0.0,0.0,1.0
34,0.0,2,0,0.0,0.0,0.0
29,146011.4,1,0,0.0,0.0,0.0
36,0.0,1,1,0.0,1.0,1.0
30,128393.29,1,1,0.0,1.0,1.0
55,0.0,2,1,0.0,0.0,0.0
25,126442.59,1,0,0.0,0.0,0.0
42,132657.55,1,0,0.0,1.0,1.0
44,105007.31,2,1,1.0,0.0,1.0
71,119496.87,1,0,1.0,0.0,1.0
38,134006.77,1,0,0.0,0.0,1.0
32,146605.27,1,1,0.0,0.0,1.0
33,0.0,2,1,0.0,0.0,1.0
65,126306.64,3,0,1.0,0.0,1.0
28,95059.02,2,0,0.0,0.0,0.0
36,112262.84,1,0,0.0,0.0,1.0
24,0.0,3,1,0.0,0.0,1.0
26,135067.52,2,0,1.0,0.0,0.0
35,0.0,2,1,0.0,0.0,0.0
74,114888.74,2,1,1.0,0.0,0.0
70,0.0,2,1,0.0,1.0,0.0
48,92347.96,1,1,0.0,0.0,1.0
40,128398.38,1,0,0.0,1.0,0.0
30,83319.28,1,0,0.0,1.0,0.0
34,0.0,2,1,0.0,1.0,0.0
59,170331.37,1,1,1.0,0.0,1.0
48,141819.02,1,0,1.0,0.0,0.0
32,184715.86,2,0,1.0,0.0,1.0
37,0.0,2,1,0.0,0.0,1.0
42,0.0,2,1,0.0,0.0,1.0
35,132292.63,1,0,0.0,0.0,0.0
45,24043.45,1,1,0.0,0.0,1.0
61,66101.89,1,1,1.0,0.0,0.0
37,0.0,2,0,0.0,1.0,1.0
35,0.0,2,1,0.0,0.0,1.0
35,127801.88,1,1,1.0,0.0,1.0
39,92126.26,2,0,0.0,1.0,0.0
45,110827.49,1,1,1.0,0.0,0.0
36,148667.81,2,0,0.0,0.0,0.0
49,121973.28,1,0,0.0,0.0,1.0
37,116880.53,1,0,1.0,0.0,1.0
52,107906.75,1,0,1.0,0.0,0.0
36,0.0,2,1,0.0,1.0,1.0
41,0.0,2,0,0.0,0.0,1.0
28,84121.04,1,1,0.0,1.0,0.0
29,178171.04,2,1,0.0,0.0,0.0
45,129855.32,1,0,0.0,0.0,1.0
42,99836.47,1,1,0.0,1.0,0.0
31,0.0,2,0,0.0,1.0,0.0
41,146720.98,2,1,1.0,0.0,0.0
30,0.0,1,1,0.0,1.0,1.0
37,0.0,2,0,0.0,0.0,1.0
43,105301.5,1,1,1.0,0.0,1.0
36,0.0,2,1,0.0,1.0,1.0
33,155736.42,2,1,1.0,0.0,1.0
35,135871.5,1,1,0.0,0.0,1.0
41,145754.91,1,1,0.0,0.0,0.0
37,138292.64,2,0,1.0,0.0,1.0
43,113567.94,1,0,0.0,1.0,1.0
39,133707.09,1,1,0.0,0.0,1.0
32,0.0,2,1,0.0,0.0,0.0
39,131607.28,4,1,1.0,0.0,1.0
40,154863.15,1,1,0.0,0.0,1.0
50,0.0,1,1,0.0,1.0,0.0
26,109819.16,2,0,1.0,0.0,0.0
32,38550.06,1,1,0.0,0.0,0.0
64,0.0,1,1,0.0,0.0,0.0
34,0.0,2,1,0.0,0.0,1.0
50,165438.26,1,0,0.0,0.0,1.0
37,108269.37,1,0,0.0,1.0,0.0
34,0.0,2,0,0.0,0.0,1.0
38,98640.74,1,1,0.0,0.0,0.0
23,126873.52,1,1,0.0,1.0,1.0
37,0.0,3,0,0.0,1.0,0.0
72,0.0,2,1,0.0,1.0,0.0
25,75212.28,1,0,0.0,1.0,0.0
29,105599.67,1,1,0.0,0.0,0.0
39,0.0,2,1,0.0,0.0,0.0
29,85646.81,1,0,0.0,0.0,0.0
45,0.0,1,0,0.0,1.0,1.0
39,0.0,2,0,0.0,1.0,0.0
45,0.0,2,0,0.0,1.0,1.0
56,129255.2,2,0,0.0,0.0,0.0
46,0.0,1,1,0.0,0.0,0.0
38,0.0,2,0,0.0,1.0,1.0
36,0.0,1,0,0.0,0.0,1.0
40,0.0,1,1,0.0,0.0,0.0
29,0.0,2,1,0.0,0.0,1.0
59,0.0,2,1,0.0,0.0,0.0
39,0.0,2,0,0.0,0.0,1.0
36,0.0,2,0,0.0,0.0,1.0
43,139972.18,1,0,0.0,0.0,0.0
69,107569.96,1,1,0.0,1.0,0.0
32,0.0,2,0,0.0,0.0,1.0
64,91216.0,1,1,0.0,1.0,0.0
51,105229.53,1,0,0.0,0.0,0.0
67,158719.57,1,1,0.0,1.0,1.0
52,144696.75,1,1,1.0,0.0,1.0
38,84651.79,1,1,1.0,0.0,1.0
28,0.0,2,0,0.0,0.0,1.0
43,0.0,2,0,0.0,0.0,0.0
33,136678.52,1,0,0.0,0.0,1.0
30,122924.75,1,0,0.0,1.0,0.0
36,65253.07,2,0,1.0,0.0,0.0
72,0.0,2,1,0.0,0.0,0.0
32,172448.77,1,0,0.0,0.0,0.0
39,95252.72,1,0,1.0,0.0,1.0
32,0.0,2,1,0.0,0.0,0.0
39,0.0,2,0,0.0,0.0,1.0
25,0.0,2,1,0.0,0.0,1.0
48,142055.41,2,1,1.0,0.0,1.0
38,110570.78,2,0,0.0,0.0,0.0
41,97925.11,1,0,0.0,0.0,1.0
27,62339.81,2,0,0.0,0.0,0.0
45,0.0,2,0,0.0,0.0,0.0
35,0.0,2,1,0.0,0.0,1.0
39,0.0,2,0,0.0,0.0,1.0
29,157576.47,2,1,0.0,1.0,0.0
31,146587.3,1,1,1.0,0.0,1.0
36,81210.72,2,1,0.0,0.0,1.0
29,197200.04,2,0,0.0,1.0,1.0
40,134320.23,2,0,0.0,0.0,1.0
43,116220.5,3,0,1.0,0.0,0.0
29,0.0,2,1,0.0,0.0,1.0
27,102000.17,1,1,0.0,0.0,0.0
38,138731.95,1,1,0.0,0.0,0.0
34,0.0,1,0,0.0,0.0,1.0
32,162657.64,2,1,1.0,0.0,1.0
40,0.0,2,0,0.0,0.0,0.0
35,107749.03,1,1,0.0,0.0,0.0
38,105069.98,2,1,0.0,0.0,1.0
27,0.0,2,0,0.0,0.0,0.0
30,0.0,2,0,0.0,0.0,0.0
39,0.0,2,1,0.0,0.0,1.0
31,0.0,2,0,0.0,0.0,0.0
46,180226.24,1,0,0.0,0.0,1.0
37,0.0,1,1,0.0,0.0,1.0
26,0.0,2,0,0.0,1.0,0.0
25,106570.34,2,1,1.0,0.0,0.0
39,89039.9,2,1,0.0,1.0,1.0
49,169377.31,1,1,1.0,0.0,1.0
53,170491.84,1,0,0.0,1.0,1.0
48,179380.74,2,1,0.0,0.0,0.0
37,129965.18,1,0,1.0,0.0,1.0
37,124513.66,2,0,1.0,0.0,0.0
42,143145.87,2,0,0.0,1.0,1.0
31,0.0,2,0,0.0,0.0,0.0
38,158651.29,2,1,1.0,0.0,0.0
38,130015.24,1,1,0.0,0.0,1.0
22,114440.24,1,1,0.0,1.0,0.0
59,0.0,1,1,0.0,0.0,0.0
37,107720.64,1,1,1.0,0.0,1.0
25,91718.8,1,0,0.0,0.0,0.0
40,0.0,3,1,0.0,0.0,0.0
29,45022.23,1,1,0.0,1.0,1.0
42,106036.52,1,0,0.0,0.0,1.0
30,101140.76,1,1,0.0,0.0,1.0
20,134397.61,1,0,0.0,0.0,0.0
53,99141.86,1,1,1.0,0.0,1.0
59,0.0,2,0,0.0,0.0,1.0
59,95727.05,1,0,1.0,0.0,0.0
29,127570.93,2,0,0.0,1.0,0.0
53,0.0,2,0,0.0,0.0,0.0
48,78314.63,3,1,0.0,0.0,1.0
34,0.0,2,0,0.0,0.0,1.0
52,0.0,2,1,0.0,0.0,1.0
42,0.0,2,1,0.0,1.0,0.0
35,98270.34,1,0,1.0,0.0,1.0
33,83415.04,1,1,1.0,0.0,0.0
25,0.0,2,1,0.0,0.0,1.0
35,102482.76,1,1,0.0,0.0,0.0
60,113715.36,1,0,1.0,0.0,1.0
35,104508.1,1,1,0.0,0.0,0.0
37,0.0,2,1,0.0,0.0,1.0
33,129834.67,1,0,1.0,0.0,1.0
19,130274.22,1,1,0.0,1.0,1.0
37,142987.46,2,0,0.0,0.0,0.0
21,0.0,2,1,0.0,1.0,0.0
19,110928.51,1,1,0.0,0.0,1.0
45,88656.37,2,0,0.0,1.0,1.0
42,0.0,2,1,0.0,0.0,1.0
39,129189.15,2,0,0.0,0.0,0.0
35,104832.49,1,0,0.0,1.0,1.0
34,150856.79,1,1,0.0,0.0,1.0
56,0.0,2,1,0.0,0.0,0.0
42,0.0,2,0,0.0,0.0,1.0
39,0.0,2,1,0.0,0.0,1.0
54,0.0,1,0,0.0,1.0,0.0
40,104291.41,2,1,0.0,1.0,1.0
47,139756.12,1,0,1.0,0.0,0.0
67,145981.87,1,1,0.0,0.0,1.0
43,0.0,2,0,0.0,0.0,0.0
56,174506.1,2,1,0.0,1.0,0.0
71,0.0,2,1,0.0,0.0,1.0
24,98148.61,1,0,0.0,0.0,1.0
38,133189.4,1,0,0.0,0.0,0.0
38,0.0,2,0,0.0,0.0,1.0
37,105961.68,2,1,0.0,0.0,1.0
31,0.0,2,0,0.0,1.0,0.0
41,190409.34,2,1,1.0,0.0,1.0
38,122447.76,1,0,0.0,1.0,1.0
34,122338.43,2,0,0.0,0.0,0.0
61,117419.35,1,1,0.0,0.0,0.0
39,91068.56,1,0,0.0,0.0,1.0
51,0.0,3,1,0.0,0.0,0.0
37,0.0,2,0,0.0,0.0,1.0
42,0.0,1,0,0.0,0.0,1.0
46,139859.54,1,0,0.0,0.0,1.0
36,113877.23,2,0,1.0,0.0,1.0
41,0.0,2,0,0.0,0.0,0.0
51,0.0,1,0,0.0,0.0,0.0
52,124099.13,1,0,1.0,0.0,0.0
31,113292.17,1,1,0.0,0.0,1.0
25,148042.97,2,0,0.0,1.0,1.0
58,89685.92,1,1,0.0,0.0,1.0
43,132615.73,2,0,1.0,0.0,1.0
40,141782.57,2,0,1.0,0.0,0.0
28,135337.49,2,1,1.0,0.0,0.0
41,0.0,2,0,0.0,1.0,0.0
31,118100.59,2,0,0.0,0.0,0.0
55,123378.2,1,0,1.0,0.0,0.0
44,0.0,2,0,0.0,0.0,0.0
33,80462.24,1,0,0.0,1.0,1.0
43,66338.68,1,1,0.0,0.0,1.0
35,174894.53,1,1,0.0,1.0,1.0
37,143258.85,2,0,1.0,0.0,0.0
48,91246.53,1,0,0.0,0.0,1.0
43,0.0,2,1,0.0,0.0,1.0
38,123948.85,1,0,1.0,0.0,0.0
39,98544.11,1,1,0.0,1.0,0.0
44,95488.82,2,0,1.0,0.0,1.0
40,123177.01,1,0,0.0,1.0,1.0
39,0.0,2,0,0.0,0.0,1.0
39,0.0,2,1,0.0,1.0,1.0
19,143390.51,1,0,0.0,0.0,1.0
32,123502.53,1,1,0.0,0.0,0.0
36,0.0,2,0,0.0,0.0,0.0
34,152992.91,1,1,0.0,0.0,0.0
34,175111.11,1,1,0.0,0.0,1.0
31,0.0,2,1,0.0,0.0,0.0
35,119948.09,1,0,1.0,0.0,0.0
45,68375.27,1,0,0.0,0.0,1.0
19,75888.2,1,0,1.0,0.0,1.0
49,122451.46,2,1,0.0,0.0,1.0
32,0.0,2,0,0.0,0.0,0.0
58,104796.54,1,1,0.0,0.0,1.0
60,0.0,1,0,0.0,0.0,1.0
36,0.0,1,0,0.0,0.0,0.0
39,0.0,1,1,0.0,1.0,1.0
40,150578.0,1,1,0.0,0.0,1.0
72,0.0,2,1,0.0,0.0,0.0
35,178032.53,1,1,0.0,0.0,0.0
51,88827.53,1,0,0.0,1.0,1.0
36,0.0,1,1,0.0,0.0,1.0
40,92055.36,1,1,0.0,0.0,0.0
24,137492.35,2,1,0.0,0.0,1.0
38,119658.49,1,1,0.0,1.0,0.0
38,126473.99,1,0,0.0,1.0,1.0
41,123049.21,1,1,1.0,0.0,1.0
53,114421.55,1,0,1.0,0.0,1.0
23,104592.55,2,0,1.0,0.0,1.0
79,108078.56,1,1,0.0,1.0,0.0
42,148283.94,1,1,0.0,0.0,0.0
33,139451.67,1,0,0.0,0.0,1.0
33,0.0,2,0,0.0,0.0,0.0
25,0.0,2,1,0.0,0.0,1.0
78,151675.65,1,1,0.0,1.0,1.0
43,0.0,2,0,0.0,0.0,0.0
43,145618.37,1,1,0.0,0.0,0.0
46,0.0,2,1,0.0,0.0,0.0
33,0.0,1,1,0.0,0.0,0.0
42,138912.17,1,1,0.0,1.0,0.0
57,106138.33,2,1,1.0,0.0,0.0
44,81811.71,1,0,0.0,1.0,0.0
23,139542.82,1,1,1.0,0.0,1.0
26,214346.96,2,0,1.0,0.0,1.0
31,61297.05,2,1,0.0,0.0,1.0
41,0.0,2,1,0.0,1.0,1.0
38,86131.71,2,0,0.0,1.0,1.0
38,143006.7,1,1,0.0,1.0,1.0
29,101486.96,1,1,0.0,0.0,1.0
30,115286.68,2,1,1.0,0.0,1.0
34,0.0,2,0,0.0,1.0,0.0
32,100262.88,2,1,0.0,1.0,1.0
30,74323.2,1,1,0.0,0.0,0.0
23,0.0,2,0,0.0,1.0,0.0
39,102556.18,2,0,1.0,0.0,0.0
46,0.0,2,1,0.0,1.0,0.0
41,57568.94,1,1,0.0,0.0,1.0
32,155619.36,1,1,0.0,1.0,1.0
52,135870.01,2,0,1.0,0.0,1.0
50,119655.77,1,1,1.0,0.0,1.0
32,147256.86,1,0,0.0,0.0,0.0
32,93694.42,1,1,0.0,0.0,1.0
22,89492.62,1,0,0.0,0.0,0.0
31,0.0,2,1,0.0,0.0,1.0
30,0.0,2,1,0.0,0.0,0.0
51,0.0,1,1,0.0,1.0,1.0
42,177728.55,1,0,1.0,0.0,1.0
48,0.0,2,1,0.0,0.0,0.0
52,0.0,1,0,0.0,0.0,0.0
51,84474.62,2,1,0.0,1.0,0.0
36,129944.39,2,0,0.0,0.0,0.0
44,0.0,1,0,0.0,1.0,1.0
34,108513.25,2,1,1.0,0.0,1.0
40,0.0,2,0,0.0,0.0,1.0
46,0.0,1,0,0.0,0.0,0.0
50,148942.0,1,1,0.0,0.0,1.0
42,133616.39,1,0,0.0,0.0,0.0
54,0.0,1,1,0.0,1.0,0.0
41,95858.37,1,1,0.0,0.0,0.0
34,117715.84,1,0,0.0,0.0,1.0
50,144895.05,2,1,1.0,0.0,0.0
69,78833.15,2,1,1.0,0.0,0.0
44,0.0,2,0,0.0,1.0,1.0
41,0.0,1,0,0.0,1.0,0.0
38,0.0,2,1,0.0,0.0,0.0
37,122506.38,1,1,1.0,0.0,1.0
23,0.0,2,1,0.0,1.0,0.0
61,125397.21,1,0,1.0,0.0,0.0
34,117300.02,1,0,0.0,1.0,1.0
37,0.0,2,1,0.0,0.0,1.0
45,0.0,4,0,0.0,0.0,0.0
47,117879.32,1,1,0.0,0.0,1.0
34,144855.34,1,0,0.0,1.0,0.0
29,129514.99,1,1,1.0,0.0,1.0
39,138106.75,1,0,0.0,0.0,0.0
31,108345.22,1,1,0.0,0.0,1.0
42,101043.63,1,1,0.0,1.0,1.0
49,0.0,2,1,0.0,0.0,1.0
38,135979.01,4,1,0.0,0.0,0.0
34,0.0,2,1,0.0,0.0,1.0
18,128743.8,1,0,1.0,0.0,0.0
47,123365.34,2,0,0.0,0.0,0.0
35,0.0,1,0,0.0,0.0,0.0
30,0.0,2,0,0.0,0.0,1.0
47,0.0,1,0,0.0,1.0,1.0
37,0.0,2,1,0.0,0.0,1.0
32,145330.43,1,1,1.0,0.0,0.0
35,121418.62,1,1,0.0,0.0,0.0
45,174088.3,4,0,0.0,1.0,0.0
33,153819.58,1,0,0.0,0.0,1.0
39,92224.56,1,1,0.0,0.0,0.0
39,96863.13,1,1,0.0,0.0,1.0
49,0.0,1,0,0.0,1.0,0.0
59,138772.15,1,1,0.0,0.0,1.0
31,0.0,2,0,0.0,0.0,1.0
42,99948.45,1,1,1.0,0.0,0.0
27,154483.98,1,0,0.0,0.0,1.0
43,157960.49,2,0,0.0,0.0,1.0
46,117837.43,1,0,1.0,0.0,1.0
32,106045.92,2,1,0.0,0.0,0.0
33,0.0,2,0,0.0,0.0,1.0
41,131762.94,1,1,0.0,0.0,1.0
39,132865.56,1,1,0.0,0.0,0.0
45,0.0,1,0,0.0,0.0,0.0
38,0.0,2,1,0.0,1.0,1.0
58,125850.53,2,1,1.0,0.0,1.0
29,132144.35,1,0,0.0,0.0,0.0
41,0.0,2,0,0.0,0.0,1.0
46,127559.97,2,1,1.0,0.0,1.0
35,140691.08,2,0,1.0,0.0,1.0
48,0.0,2,1,0.0,1.0,1.0
26,147037.32,1,0,1.0,0.0,1.0
36,174060.46,1,1,0.0,0.0,1.0
46,0.0,1,1,0.0,0.0,1.0
39,139723.9,1,1,0.0,1.0,0.0
51,93656.95,1,1,0.0,1.0,0.0
30,139762.13,2,1,1.0,0.0,1.0
43,132412.38,1,0,0.0,0.0,1.0
73,137732.23,2,1,0.0,0.0,0.0
33,140700.61,1,0,0.0,0.0,1.0
26,137998.2,2,1,0.0,0.0,1.0
73,0.0,2,0,0.0,0.0,0.0
34,137361.96,1,0,0.0,0.0,1.0
25,0.0,1,0,0.0,0.0,1.0
38,63176.44,2,1,1.0,0.0,1.0
30,169462.09,1,0,0.0,0.0,1.0
35,133607.75,1,1,1.0,0.0,0.0
33,0.0,1,0,0.0,0.0,0.0
58,178713.98,1,1,0.0,1.0,1.0
19,108711.57,2,0,1.0,0.0,0.0
35,176273.95,1,1,0.0,1.0,1.0
26,139584.57,1,0,0.0,1.0,1.0
50,104129.24,2,0,0.0,0.0,1.0
22,169649.73,2,1,0.0,1.0,0.0
67,125919.35,1,0,0.0,1.0,1.0
38,0.0,1,0,0.0,1.0,1.0
27,0.0,2,0,0.0,0.0,1.0
34,124379.14,1,0,0.0,0.0,0.0
32,92041.87,1,1,1.0,0.0,0.0
48,87070.23,1,1,0.0,1.0,1.0
30,110153.27,1,1,1.0,0.0,1.0
34,91258.52,2,0,1.0,0.0,0.0
32,0.0,2,1,0.0,1.0,1.0
51,116574.84,1,0,1.0,0.0,0.0
44,0.0,2,0,0.0,1.0,1.0
29,152265.43,1,0,0.0,0.0,0.0
43,107963.38,1,0,1.0,0.0,0.0
32,105000.23,1,0,0.0,0.0,1.0
37,0.0,2,1,0.0,0.0,1.0
40,0.0,1,1,0.0,0.0,0.0
28,96213.82,2,0,1.0,0.0,1.0
40,95710.11,2,0,1.0,0.0,1.0
25,0.0,2,1,0.0,0.0,1.0
29,0.0,2,0,0.0,1.0,0.0
26,136214.08,1,0,0.0,0.0,0.0
32,111871.93,1,0,0.0,0.0,0.0
37,0.0,2,1,0.0,0.0,0.0
31,120599.38,2,1,1.0,0.0,0.0
49,159458.53,1,0,0.0,0.0,1.0
35,128415.45,1,0,0.0,1.0,0.0
45,144889.18,1,1,0.0,0.0,1.0
41,143350.41,1,1,1.0,0.0,1.0
48,0.0,2,1,0.0,0.0,1.0
47,93871.95,3,0,0.0,0.0,1.0
55,0.0,2,1,0.0,0.0,1.0
31,141751.82,1,1,0.0,1.0,0.0
39,102025.08,2,0,0.0,0.0,1.0
28,142243.54,2,0,0.0,0.0,0.0
44,0.0,2,0,0.0,0.0,1.0
26,142662.68,1,0,0.0,0.0,1.0
32,102128.27,1,0,1.0,0.0,1.0
44,0.0,3,0,0.0,1.0,0.0
33,164704.38,1,1,0.0,0.0,1.0
32,159397.75,1,1,0.0,1.0,0.0
39,0.0,2,1,0.0,0.0,1.0
71,0.0,2,1,0.0,0.0,1.0
39,0.0,2,0,0.0,1.0,0.0
49,0.0,2,1,0.0,1.0,0.0
43,85162.26,1,1,0.0,1.0,1.0
21,0.0,2,1,0.0,1.0,1.0
42,139707.28,1,0,1.0,0.0,0.0
31,151290.16,1,1,0.0,0.0,0.0
37,83568.55,1,0,0.0,0.0,1.0
36,145387.32,2,1,1.0,0.0,0.0
41,114206.84,1,0,1.0,0.0,0.0
36,65349.71,1,0,1.0,0.0,1.0
33,0.0,2,1,0.0,0.0,1.0
35,124098.54,1,0,1.0,0.0,1.0
45,0.0,2,1,0.0,1.0,1.0
29,144591.96,1,1,0.0,0.0,1.0
43,145843.82,1,1,0.0,1.0,1.0
20,134874.4,1,1,1.0,0.0,1.0
35,0.0,2,1,0.0,1.0,0.0
66,0.0,1,1,0.0,1.0,0.0
46,0.0,2,1,0.0,0.0,1.0
55,106415.57,3,1,0.0,0.0,1.0
38,111096.91,1,1,1.0,0.0,1.0
33,0.0,2,1,0.0,0.0,1.0
54,152677.48,1,1,0.0,1.0,1.0
35,131504.73,1,0,1.0,0.0,0.0
48,106396.48,1,1,1.0,0.0,1.0
33,0.0,2,1,0.0,0.0,1.0
38,168190.33,2,0,0.0,0.0,0.0
60,0.0,2,1,0.0,0.0,0.0
51,0.0,2,0,0.0,1.0,1.0
46,120392.99,1,0,1.0,0.0,0.0
64,0.0,1,1,0.0,0.0,0.0
56,0.0,2,1,0.0,0.0,1.0
32,62321.62,1,1,0.0,0.0,1.0
44,125512.98,2,0,0.0,1.0,0.0
32,97514.07,1,1,0.0,0.0,1.0
47,171937.27,1,1,1.0,0.0,1.0
38,101985.81,2,0,1.0,0.0,1.0
39,139443.75,2,0,0.0,1.0,1.0
79,0.0,2,1,0.0,0.0,0.0
67,151858.98,1,1,0.0,1.0,1.0
34,96127.27,1,0,0.0,0.0,0.0
24,0.0,2,1,0.0,0.0,1.0
48,100900.5,1,0,1.0,0.0,1.0
40,0.0,2,0,0.0,1.0,0.0
48,0.0,2,0,0.0,0.0,0.0
38,129728.6,1,0,1.0,0.0,1.0
62,118356.89,2,0,1.0,0.0,1.0
41,130385.82,1,1,0.0,0.0,1.0
31,0.0,2,1,0.0,0.0,0.0
46,0.0,2,0,0.0,1.0,1.0
42,70105.87,1,1,0.0,1.0,1.0
51,119741.77,2,0,1.0,0.0,0.0
29,0.0,2,1,0.0,0.0,1.0
32,133476.09,1,1,0.0,1.0,1.0
58,0.0,2,1,0.0,0.0,0.0
43,119654.44,2,1,1.0,0.0,1.0
30,78653.05,1,0,0.0,1.0,1.0
31,100082.14,1,1,0.0,0.0,1.0
37,0.0,2,1,0.0,1.0,0.0
36,129118.5,2,0,1.0,0.0,0.0
41,0.0,2,1,0.0,1.0,1.0
55,137592.31,2,1,1.0,0.0,0.0
55,134140.68,1,0,0.0,0.0,1.0
27,128554.98,1,1,0.0,0.0,1.0
29,0.0,2,1,0.0,1.0,1.0
43,95556.31,1,1,1.0,0.0,1.0
34,148375.19,2,1,1.0,0.0,1.0
39,157371.54,1,1,0.0,0.0,0.0
38,73023.17,2,0,1.0,0.0,1.0
39,117704.73,1,0,0.0,0.0,0.0
32,0.0,2,1,0.0,1.0,1.0
31,93460.47,2,0,1.0,0.0,0.0
45,108924.33,2,0,1.0,0.0,1.0
38,135289.33,2,1,0.0,1.0,1.0
71,104308.77,1,1,0.0,0.0,0.0
36,119984.07,1,0,1.0,0.0,1.0
43,132558.26,1,0,0.0,0.0,0.0
61,94867.18,2,1,1.0,0.0,0.0
43,78022.61,1,1,0.0,1.0,1.0
25,127974.06,2,1,0.0,0.0,0.0
42,0.0,2,1,0.0,0.0,1.0
38,120623.21,1,0,1.0,0.0,0.0
48,133297.24,1,0,0.0,0.0,0.0
35,0.0,2,1,0.0,1.0,1.0
31,109848.6,1,1,0.0,0.0,0.0
41,127892.57,2,1,1.0,0.0,1.0
36,108960.0,2,0,0.0,1.0,0.0
34,140694.78,2,0,0.0,1.0,1.0
33,0.0,2,1,0.0,1.0,0.0
46,85216.61,1,0,0.0,0.0,0.0
25,108664.85,2,0,0.0,0.0,0.0
36,0.0,2,0,0.0,0.0,1.0
36,0.0,2,1,0.0,0.0,1.0
49,111087.5,1,1,0.0,1.0,1.0
26,0.0,2,0,0.0,0.0,0.0
46,121063.8,3,0,1.0,0.0,1.0
40,107949.45,1,0,1.0,0.0,1.0
37,0.0,2,0,0.0,0.0,0.0
31,107784.65,1,1,0.0,0.0,0.0
25,0.0,2,1,0.0,0.0,1.0
58,216109.88,1,1,0.0,1.0,0.0
44,193213.02,2,1,0.0,1.0,0.0
28,0.0,2,1,0.0,0.0,0.0
23,0.0,2,0,0.0,0.0,0.0
30,98014.74,1,1,0.0,0.0,1.0
44,123322.15,1,0,0.0,0.0,0.0
34,0.0,2,1,0.0,1.0,1.0
24,146126.75,1,1,0.0,0.0,1.0
40,160272.27,1,0,0.0,0.0,1.0
48,95808.19,1,0,0.0,1.0,0.0
39,125211.55,2,0,0.0,0.0,1.0
36,82729.49,1,0,0.0,1.0,1.0
28,0.0,1,0,0.0,0.0,1.0
61,0.0,2,0,0.0,1.0,1.0
26,116244.14,2,1,1.0,0.0,1.0
30,0.0,1,0,0.0,0.0,1.0
31,0.0,2,1,0.0,0.0,0.0
34,91562.99,1,1,0.0,0.0,1.0
53,0.0,1,1,0.0,1.0,1.0
35,0.0,2,0,0.0,1.0,1.0
68,97705.99,1,1,0.0,0.0,1.0
35,136496.12,2,0,1.0,0.0,1.0
37,0.0,2,0,0.0,0.0,0.0
41,93925.3,1,0,1.0,0.0,1.0
83,123356.63,1,1,1.0,0.0,1.0
25,0.0,2,0,0.0,0.0,1.0
28,111167.7,1,0,0.0,0.0,1.0
62,119096.55,1,1,0.0,0.0,1.0
30,0.0,2,0,0.0,1.0,0.0
23,116022.53,2,1,1.0,0.0,0.0
19,128514.84,1,0,0.0,0.0,1.0
37,75150.34,4,1,0.0,0.0,0.0
39,0.0,2,1,0.0,0.0,1.0
75,87140.85,1,1,0.0,0.0,1.0
27,127009.83,1,0,0.0,0.0,1.0
25,0.0,2,1,0.0,0.0,0.0
44,0.0,1,0,0.0,1.0,1.0
36,156021.31,1,0,0.0,0.0,0.0
45,153697.53,2,0,0.0,0.0,0.0
47,106758.6,1,1,0.0,1.0,1.0
28,132405.52,3,0,1.0,0.0,1.0
47,0.0,2,1,0.0,0.0,0.0
47,0.0,2,0,0.0,0.0,1.0
45,128352.59,3,1,1.0,0.0,0.0
49,145359.99,1,0,0.0,0.0,0.0
26,0.0,2,0,0.0,0.0,0.0
32,139626.01,1,1,1.0,0.0,1.0
32,127849.38,1,0,0.0,0.0,0.0
47,0.0,1,1,0.0,0.0,0.0
32,0.0,2,0,0.0,1.0,0.0
35,0.0,2,0,0.0,0.0,1.0
27,0.0,2,0,0.0,0.0,1.0
42,0.0,4,0,0.0,0.0,0.0
40,0.0,1,0,0.0,0.0,0.0
40,0.0,2,0,0.0,0.0,0.0
37,178742.71,1,1,0.0,1.0,1.0
41,99945.93,2,0,0.0,1.0,0.0
31,94263.91,2,0,0.0,0.0,1.0
23,80673.96,2,0,0.0,0.0,1.0
35,0.0,2,0,0.0,0.0,0.0
18,142872.36,1,1,1.0,0.0,1.0
42,187534.79,1,1,0.0,0.0,1.0
45,0.0,2,1,0.0,0.0,0.0
37,126817.13,2,1,1.0,0.0,1.0
54,0.0,1,1,0.0,1.0,1.0
35,0.0,3,1,0.0,0.0,0.0
21,86402.52,2,0,1.0,0.0,1.0
32,139875.2,2,0,1.0,0.0,0.0
46,57037.74,1,1,0.0,0.0,1.0
29,0.0,2,1,0.0,1.0,0.0
27,0.0,1,0,0.0,0.0,1.0
49,113599.74,2,0,1.0,0.0,1.0
31,0.0,1,1,0.0,1.0,1.0
35,163856.76,1,1,1.0,0.0,1.0
56,62732.65,1,1,0.0,0.0,0.0
27,190125.43,2,0,1.0,0.0,1.0
27,150905.03,2,0,1.0,0.0,0.0
28,156823.7,2,0,0.0,1.0,1.0
27,126285.73,1,0,1.0,0.0,1.0
40,99004.24,1,1,0.0,1.0,1.0
29,99027.61,2,0,1.0,0.0,0.0
42,177626.77,3,1,0.0,1.0,1.0
36,119799.27,2,0,0.0,1.0,0.0
35,0.0,1,0,0.0,1.0,0.0
36,99806.85,1,1,1.0,0.0,0.0
46,0.0,1,1,0.0,0.0,0.0
36,91711.59,1,1,0.0,0.0,0.0
36,106190.55,1,1,0.0,1.0,1.0
33,129907.63,1,1,0.0,0.0,1.0
35,0.0,2,0,0.0,1.0,1.0
31,88161.85,2,0,0.0,1.0,0.0
29,141325.56,1,1,0.0,0.0,1.0
37,0.0,1,1,0.0,0.0,1.0
27,0.0,2,0,0.0,0.0,1.0
49,113882.33,1,0,1.0,0.0,1.0
39,129626.19,2,1,1.0,0.0,1.0
58,110597.76,1,1,1.0,0.0,1.0
24,97378.54,1,1,0.0,1.0,0.0
50,0.0,1,0,0.0,0.0,0.0
41,0.0,2,1,0.0,0.0,0.0
39,100116.67,1,1,1.0,0.0,0.0
35,110067.71,1,0,1.0,0.0,1.0
38,126645.13,1,1,0.0,0.0,0.0
43,115643.58,2,0,0.0,1.0,1.0
50,0.0,1,0,0.0,0.0,0.0
34,76001.57,1,1,0.0,1.0,0.0
36,108546.16,3,0,0.0,0.0,1.0
58,0.0,1,1,0.0,0.0,1.0
57,111359.55,2,0,0.0,0.0,0.0
34,0.0,2,0,0.0,1.0,0.0
32,0.0,2,1,0.0,0.0,1.0
37,35549.81,2,0,1.0,0.0,0.0
46,0.0,2,1,0.0,1.0,1.0
29,0.0,2,1,0.0,1.0,1.0
41,33563.95,2,0,0.0,0.0,0.0
55,70263.83,1,1,0.0,1.0,1.0
39,125997.22,1,1,1.0,0.0,0.0
38,118590.41,1,1,0.0,0.0,0.0
40,134504.78,1,0,1.0,0.0,0.0
41,0.0,1,1,0.0,0.0,1.0
44,120702.67,2,1,1.0,0.0,0.0
33,102874.28,1,0,0.0,0.0,1.0
28,0.0,2,1,0.0,1.0,0.0
42,16893.59,1,1,0.0,0.0,1.0
36,0.0,1,0,0.0,0.0,1.0
34,132121.71,1,1,0.0,0.0,0.0
30,104145.65,1,0,0.0,0.0,1.0
34,0.0,2,1,0.0,0.0,1.0
54,116726.22,1,0,1.0,0.0,1.0
41,0.0,2,0,0.0,1.0,0.0
47,99219.47,2,1,1.0,0.0,0.0
34,97208.46,1,1,0.0,1.0,1.0
38,0.0,1,0,0.0,0.0,0.0
37,156282.79,1,0,1.0,0.0,0.0
51,107494.86,2,0,1.0,0.0,0.0
39,124828.46,2,1,1.0,0.0,1.0
50,129293.74,1,0,1.0,0.0,0.0
22,111812.52,2,1,1.0,0.0,1.0
33,0.0,2,0,0.0,1.0,1.0
39,0.0,2,0,0.0,0.0,0.0
72,138089.97,2,1,1.0,0.0,0.0
33,90124.64,1,0,0.0,0.0,0.0
45,0.0,2,0,0.0,0.0,1.0
38,0.0,1,0,0.0,1.0,0.0
30,131563.88,2,0,1.0,0.0,0.0
25,108380.72,1,1,1.0,0.0,1.0
35,0.0,2,0,0.0,0.0,0.0
34,176311.36,1,0,1.0,0.0,0.0
41,136733.24,1,1,1.0,0.0,0.0
36,103294.56,1,0,1.0,0.0,0.0
41,0.0,1,0,0.0,1.0,1.0
47,0.0,1,0,0.0,0.0,1.0
37,126872.6,1,0,0.0,0.0,1.0
40,0.0,1,0,0.0,0.0,0.0
37,0.0,2,0,0.0,0.0,0.0
42,0.0,2,0,0.0,0.0,0.0
50,94684.27,1,1,0.0,1.0,0.0
29,143330.56,2,1,0.0,1.0,0.0
41,58820.32,2,1,0.0,0.0,1.0
36,0.0,2,1,0.0,0.0,1.0
57,120043.13,1,0,1.0,0.0,1.0
38,128345.69,2,0,0.0,0.0,0.0
45,0.0,1,1,0.0,1.0,1.0
48,110463.25,2,1,1.0,0.0,0.0
36,0.0,2,1,0.0,0.0,1.0
38,0.0,2,0,0.0,1.0,0.0
41,28082.95,1,0,0.0,1.0,0.0
38,0.0,2,1,0.0,0.0,1.0
45,145933.27,1,1,0.0,0.0,0.0
32,0.0,3,0,0.0,0.0,1.0
49,0.0,1,1,0.0,0.0,1.0
38,0.0,2,1,0.0,0.0,0.0
41,68213.99,1,1,0.0,0.0,0.0
28,0.0,2,0,0.0,0.0,1.0
25,132837.7,1,0,1.0,0.0,0.0
33,0.0,2,0,0.0,1.0,0.0
28,98738.92,1,0,0.0,0.0,1.0
44,73348.56,1,0,0.0,0.0,1.0
43,88798.34,1,0,0.0,1.0,1.0
32,102773.15,2,1,0.0,1.0,1.0
42,0.0,2,0,0.0,1.0,0.0
30,112935.87,1,1,0.0,0.0,1.0
51,147910.3,1,1,1.0,0.0,1.0
37,151105.68,1,1,0.0,0.0,0.0
38,0.0,2,1,0.0,1.0,1.0
33,124781.67,1,1,0.0,0.0,1.0
37,0.0,2,0,0.0,1.0,1.0
39,115301.31,1,0,1.0,0.0,0.0
38,120599.21,1,0,0.0,1.0,1.0
29,105204.01,1,1,1.0,0.0,0.0
32,104336.43,2,0,1.0,0.0,0.0
36,166287.85,1,1,1.0,0.0,0.0
34,100628.0,2,1,0.0,1.0,1.0
45,0.0,1,1,0.0,0.0,0.0
30,112013.81,1,0,1.0,0.0,0.0
32,0.0,1,1,0.0,0.0,0.0
44,113522.64,1,1,0.0,1.0,1.0
61,137655.31,1,1,1.0,0.0,0.0
35,151958.19,3,1,1.0,0.0,0.0
44,91115.76,2,0,1.0,0.0,0.0
30,0.0,2,0,0.0,0.0,1.0
49,0.0,2,1,0.0,0.0,0.0
39,0.0,1,0,0.0,1.0,0.0
66,123760.68,1,1,0.0,0.0,1.0
29,0.0,2,1,0.0,1.0,1.0
39,0.0,2,1,0.0,1.0,0.0
34,0.0,2,0,0.0,1.0,1.0
46,0.0,2,1,0.0,0.0,1.0
29,0.0,2,0,0.0,1.0,0.0
37,99660.13,2,1,1.0,0.0,1.0
31,0.0,2,1,0.0,1.0,1.0
32,102238.01,2,1,0.0,1.0,1.0
39,142406.43,2,0,1.0,0.0,1.0
54,133436.52,1,0,0.0,0.0,1.0
29,121890.06,1,0,1.0,0.0,1.0
61,82182.1,1,0,0.0,1.0,1.0
33,0.0,2,1,0.0,0.0,1.0
32,0.0,2,1,0.0,0.0,1.0
26,84587.9,1,1,1.0,0.0,0.0
43,0.0,2,0,0.0,1.0,0.0
40,109542.29,1,1,0.0,0.0,1.0
63,165350.61,2,0,0.0,0.0,0.0
32,130935.56,1,0,1.0,0.0,0.0
35,132164.26,1,1,0.0,0.0,1.0
35,181166.44,1,1,0.0,0.0,0.0
54,93806.31,2,1,0.0,0.0,1.0
40,171178.25,1,0,0.0,0.0,0.0
29,80262.6,1,1,0.0,0.0,1.0
43,158713.08,2,0,0.0,0.0,1.0
43,111094.05,2,1,1.0,0.0,0.0
56,119963.45,1,0,0.0,0.0,0.0
41,109013.23,1,0,0.0,1.0,0.0
25,79656.81,1,0,1.0,0.0,0.0
42,118889.66,2,0,1.0,0.0,0.0
40,95293.86,2,1,1.0,0.0,1.0
44,121250.04,1,1,0.0,1.0,1.0
29,0.0,2,1,0.0,0.0,0.0
30,132005.77,1,0,0.0,0.0,1.0
60,185648.56,1,0,0.0,0.0,1.0
33,146193.6,2,1,0.0,0.0,1.0
35,111743.43,1,1,1.0,0.0,0.0
37,0.0,2,1,0.0,0.0,1.0
34,145030.92,1,1,0.0,0.0,1.0
30,92847.59,1,0,1.0,0.0,1.0
71,0.0,2,1,0.0,0.0,1.0
46,120530.34,1,0,1.0,0.0,0.0
37,130461.02,1,0,0.0,1.0,1.0
44,0.0,2,0,0.0,1.0,0.0
33,115761.51,1,1,1.0,0.0,0.0
31,121192.22,2,1,1.0,0.0,1.0
49,105918.1,1,1,0.0,0.0,1.0
31,0.0,2,0,0.0,0.0,1.0
34,125566.9,1,1,0.0,0.0,1.0
48,0.0,2,1,0.0,0.0,1.0
30,0.0,2,0,0.0,1.0,0.0
25,113113.12,1,0,1.0,0.0,0.0
39,0.0,2,1,0.0,0.0,1.0
28,96381.68,2,0,0.0,1.0,0.0
33,96769.04,1,1,0.0,1.0,0.0
61,128213.96,2,1,0.0,0.0,1.0
25,144351.86,1,0,1.0,0.0,0.0
35,128100.28,1,0,1.0,0.0,0.0
67,153946.14,1,1,0.0,1.0,1.0
30,0.0,1,1,0.0,0.0,0.0
62,0.0,1,0,0.0,1.0,1.0
60,88541.57,2,1,0.0,0.0,1.0
22,0.0,1,0,0.0,0.0,1.0
35,0.0,2,0,0.0,1.0,1.0
43,0.0,2,1,0.0,1.0,1.0
36,105858.71,1,1,1.0,0.0,0.0
41,104584.11,1,0,1.0,0.0,1.0
34,0.0,2,1,0.0,0.0,1.0
34,0.0,2,0,0.0,0.0,0.0
26,112972.57,1,0,0.0,0.0,1.0
44,0.0,2,0,0.0,0.0,1.0
39,128264.03,1,0,1.0,0.0,0.0
44,96553.52,2,0,1.0,0.0,0.0
36,0.0,2,0,0.0,1.0,1.0
34,150635.3,1,1,1.0,0.0,0.0
52,161209.66,1,1,0.0,0.0,0.0
25,102585.88,2,1,0.0,0.0,1.0
42,177640.09,1,1,1.0,0.0,1.0
37,0.0,2,1,0.0,0.0,0.0
63,138082.16,1,1,0.0,0.0,1.0
34,0.0,1,0,0.0,1.0,0.0
30,122641.56,2,0,1.0,0.0,1.0
43,152063.59,2,0,1.0,0.0,0.0
39,0.0,1,0,0.0,0.0,0.0
60,76961.6,2,1,0.0,0.0,1.0
60,0.0,1,1,0.0,0.0,1.0
37,120764.08,1,1,0.0,0.0,1.0
43,136855.94,2,0,1.0,0.0,1.0
45,0.0,2,0,0.0,1.0,1.0
37,0.0,1,1,0.0,0.0,0.0
64,128306.7,1,1,0.0,0.0,0.0
39,124576.65,2,0,1.0,0.0,1.0
46,46870.43,4,0,0.0,0.0,0.0
36,114007.5,2,0,0.0,0.0,1.0
42,87271.41,2,0,1.0,0.0,0.0
34,0.0,2,0,0.0,1.0,1.0
24,133628.09,2,1,0.0,0.0,1.0
35,174588.8,2,1,0.0,1.0,1.0
34,140641.26,2,1,1.0,0.0,1.0
26,0.0,2,1,0.0,1.0,0.0
44,55053.62,1,0,0.0,0.0,0.0
57,0.0,1,0,0.0,0.0,1.0
35,84026.86,1,1,0.0,0.0,1.0
43,123536.52,2,0,0.0,1.0,0.0
37,0.0,2,0,0.0,1.0,0.0
31,0.0,2,1,0.0,0.0,1.0
35,0.0,2,1,0.0,1.0,1.0
45,0.0,2,1,0.0,0.0,1.0
34,0.0,1,0,0.0,0.0,1.0
34,138190.13,2,1,0.0,1.0,0.0
57,113386.36,2,1,1.0,0.0,0.0
45,0.0,2,0,0.0,1.0,0.0
23,156267.59,1,0,0.0,0.0,1.0
44,118577.24,1,1,0.0,0.0,1.0
57,0.0,2,1,0.0,0.0,1.0
50,128061.0,2,1,0.0,1.0,1.0
40,117641.43,2,0,1.0,0.0,0.0
64,129555.7,1,1,0.0,0.0,0.0
33,187257.94,1,1,1.0,0.0,0.0
26,42712.87,2,1,1.0,0.0,0.0
38,145400.69,2,1,1.0,0.0,0.0
25,0.0,2,0,0.0,0.0,1.0
39,132077.48,2,0,0.0,0.0,0.0
25,120383.41,1,1,0.0,0.0,1.0
43,0.0,2,1,0.0,0.0,1.0
44,98009.13,2,1,1.0,0.0,0.0
36,70438.01,2,1,0.0,1.0,1.0
42,166685.92,2,1,1.0,0.0,1.0
38,0.0,2,0,0.0,0.0,0.0
43,0.0,1,0,0.0,0.0,1.0
46,0.0,2,0,0.0,0.0,0.0
60,134250.17,3,0,1.0,0.0,1.0
34,0.0,2,1,0.0,0.0,0.0
38,106687.76,1,0,0.0,1.0,1.0
31,138857.59,1,0,0.0,0.0,0.0
48,0.0,1,1,0.0,1.0,0.0
44,114427.86,1,1,0.0,0.0,0.0
27,97893.2,1,0,0.0,0.0,0.0
42,126428.38,1,0,1.0,0.0,1.0
69,0.0,2,1,0.0,0.0,1.0
30,66190.33,1,1,0.0,0.0,1.0
62,114931.35,3,1,1.0,0.0,0.0
54,125456.07,1,0,1.0,0.0,0.0
43,127823.93,1,1,0.0,0.0,1.0
39,102945.01,1,0,1.0,0.0,1.0
37,0.0,2,0,0.0,0.0,0.0
43,119127.46,2,0,1.0,0.0,0.0
52,131694.97,1,1,1.0,0.0,1.0
38,129022.06,2,1,0.0,0.0,0.0
42,144801.97,1,1,0.0,0.0,0.0
37,145219.3,1,0,1.0,0.0,0.0
39,143903.11,1,1,1.0,0.0,0.0
41,137742.9,2,1,1.0,0.0,1.0
34,0.0,2,1,0.0,0.0,1.0
27,172463.45,1,1,0.0,1.0,1.0
33,100476.46,2,1,0.0,1.0,1.0
40,0.0,2,1,0.0,0.0,1.0
45,122311.21,1,1,0.0,1.0,0.0
28,145105.64,2,0,0.0,0.0,1.0
38,135559.8,2,1,1.0,0.0,1.0
40,99165.84,1,1,1.0,0.0,1.0
39,116120.19,2,1,0.0,1.0,1.0
35,147900.43,1,0,0.0,0.0,0.0
48,0.0,1,0,0.0,0.0,0.0
68,100194.44,1,1,1.0,0.0,1.0
40,101891.1,1,1,0.0,0.0,0.0
35,109196.66,3,0,1.0,0.0,1.0
38,0.0,2,1,0.0,1.0,1.0
37,0.0,2,0,0.0,0.0,0.0
38,96479.81,1,0,0.0,0.0,0.0
27,137963.07,1,0,0.0,0.0,0.0
61,157201.48,1,1,0.0,0.0,1.0
38,0.0,2,1,0.0,0.0,1.0
46,0.0,2,1,0.0,0.0,1.0
58,106913.43,1,0,1.0,0.0,1.0
24,0.0,2,1,0.0,1.0,0.0
24,172231.93,1,1,0.0,1.0,0.0
45,134264.04,1,0,0.0,0.0,0.0
31,133964.3,1,1,0.0,0.0,0.0
43,0.0,1,0,0.0,1.0,1.0
24,0.0,2,1,0.0,0.0,1.0
36,92340.69,2,1,1.0,0.0,1.0
54,0.0,1,1,0.0,0.0,1.0
56,111920.13,3,0,1.0,0.0,0.0
32,0.0,2,0,0.0,0.0,0.0
34,0.0,2,1,0.0,0.0,1.0
68,0.0,2,0,0.0,1.0,1.0
37,0.0,2,1,0.0,0.0,1.0
35,100829.94,1,1,0.0,1.0,1.0
33,0.0,2,1,0.0,0.0,1.0
23,115636.05,2,0,0.0,1.0,1.0
34,127758.09,1,0,1.0,0.0,0.0
41,113220.2,2,1,1.0,0.0,1.0
33,0.0,2,1,0.0,0.0,0.0
73,0.0,1,1,0.0,0.0,1.0
37,138497.84,1,1,0.0,0.0,0.0
42,65046.08,2,1,1.0,0.0,0.0
37,0.0,1,1,0.0,1.0,1.0
55,87485.67,1,1,0.0,0.0,1.0
27,98926.4,1,1,0.0,1.0,0.0
32,120452.4,2,0,0.0,0.0,1.0
37,88363.03,1,1,0.0,0.0,1.0
31,114493.68,1,0,0.0,1.0,1.0
29,0.0,2,0,0.0,0.0,1.0
35,104783.81,2,1,0.0,0.0,0.0
36,0.0,1,0,0.0,0.0,0.0
31,0.0,2,1,0.0,0.0,1.0
40,120711.73,1,0,1.0,0.0,1.0
46,0.0,2,1,0.0,1.0,0.0
20,0.0,2,0,0.0,1.0,0.0
34,96152.68,2,0,1.0,0.0,1.0
48,178144.91,2,0,0.0,1.0,1.0
30,0.0,2,1,0.0,0.0,0.0
37,0.0,2,1,0.0,0.0,0.0
30,128770.88,2,1,1.0,0.0,1.0
35,126397.66,1,0,0.0,0.0,0.0
31,111855.04,2,1,0.0,0.0,0.0
43,0.0,2,1,0.0,0.0,1.0
43,123105.88,2,0,0.0,1.0,1.0
49,121537.71,2,0,1.0,0.0,1.0
31,107884.81,2,1,1.0,0.0,1.0
44,164113.04,2,1,1.0,0.0,1.0
58,116313.57,1,1,1.0,0.0,1.0
27,172310.33,1,1,1.0,0.0,0.0
18,151762.74,1,1,0.0,0.0,1.0
38,0.0,1,0,0.0,0.0,0.0
27,171283.91,1,1,1.0,0.0,0.0
35,129205.49,1,1,0.0,0.0,1.0
30,115007.08,1,0,0.0,0.0,1.0
35,0.0,2,0,0.0,1.0,1.0
29,122084.63,1,1,1.0,0.0,0.0
27,0.0,2,0,0.0,0.0,1.0
40,176914.8,1,1,0.0,0.0,0.0
35,52436.2,1,0,1.0,0.0,0.0
39,77652.4,1,1,0.0,0.0,1.0
43,161546.68,2,1,0.0,1.0,1.0
42,0.0,2,1,0.0,1.0,1.0
45,0.0,2,1,0.0,0.0,1.0
44,0.0,2,0,0.0,0.0,1.0
26,0.0,1,0,0.0,1.0,1.0
29,0.0,2,1,0.0,0.0,1.0
38,195926.39,1,1,0.0,0.0,0.0
38,0.0,2,1,0.0,0.0,0.0
34,0.0,2,0,0.0,0.0,1.0
60,0.0,4,1,0.0,0.0,1.0
38,0.0,2,0,0.0,0.0,1.0
32,103515.39,2,1,0.0,1.0,0.0
29,111681.98,2,1,1.0,0.0,1.0
40,109308.79,2,0,1.0,0.0,0.0
50,128039.01,1,1,0.0,1.0,0.0
33,74385.98,1,0,0.0,0.0,0.0
35,0.0,1,0,0.0,1.0,0.0
31,117153.0,1,1,1.0,0.0,0.0
38,114141.64,1,1,1.0,0.0,1.0
26,0.0,2,0,0.0,0.0,0.0
38,151532.4,1,1,0.0,0.0,1.0
37,125822.21,1,0,0.0,1.0,1.0
40,137494.28,1,0,0.0,0.0,0.0
27,0.0,2,1,0.0,0.0,0.0
36,0.0,2,0,0.0,0.0,1.0
36,113680.54,1,0,0.0,1.0,0.0
56,115895.22,3,0,0.0,0.0,0.0
30,91057.37,2,0,1.0,0.0,0.0
43,93616.35,2,0,0.0,0.0,1.0
46,88820.29,1,0,0.0,0.0,0.0
46,56580.95,2,1,0.0,1.0,0.0
41,148088.11,1,0,0.0,0.0,1.0
33,160777.9,1,1,0.0,1.0,1.0
32,80728.15,1,0,0.0,0.0,1.0
37,80387.81,1,1,0.0,0.0,1.0
48,0.0,2,1,0.0,0.0,0.0
42,83492.07,2,0,0.0,1.0,0.0
32,0.0,2,0,0.0,0.0,0.0
37,0.0,2,0,0.0,0.0,1.0
60,88786.81,1,1,0.0,1.0,1.0
67,0.0,2,1,0.0,1.0,0.0
41,137891.35,1,0,0.0,0.0,0.0
51,136188.78,1,1,0.0,0.0,0.0
32,78535.25,1,0,0.0,0.0,0.0
38,135919.33,1,0,0.0,0.0,0.0
28,0.0,2,0,0.0,0.0,0.0
38,0.0,1,1,0.0,1.0,1.0
40,43028.77,1,0,0.0,0.0,1.0
29,100315.1,2,1,1.0,0.0,0.0
39,161993.89,1,0,0.0,1.0,0.0
39,121404.64,1,1,0.0,0.0,1.0
45,152880.97,1,0,1.0,0.0,1.0
29,0.0,2,1,0.0,0.0,1.0
42,90248.79,1,1,1.0,0.0,1.0
27,133801.49,1,1,0.0,0.0,0.0
42,104430.08,1,1,0.0,0.0,1.0
38,0.0,2,0,0.0,0.0,1.0
34,0.0,2,0,0.0,1.0,1.0
46,155681.72,1,0,0.0,1.0,0.0
33,108431.87,2,1,0.0,1.0,0.0
29,131240.61,1,1,0.0,0.0,0.0
35,124580.69,1,1,0.0,1.0,0.0
34,0.0,1,0,0.0,0.0,1.0
43,134896.03,1,1,1.0,0.0,1.0
65,38340.02,1,0,0.0,0.0,1.0
52,71283.09,2,1,1.0,0.0,0.0
34,123034.43,2,1,0.0,0.0,0.0
60,131778.08,1,0,0.0,0.0,0.0
28,0.0,2,0,0.0,1.0,1.0
43,103409.16,1,0,1.0,0.0,1.0
25,98141.57,2,1,1.0,0.0,1.0
33,0.0,1,0,0.0,0.0,1.0
23,122478.51,1,0,1.0,0.0,1.0
29,0.0,1,1,0.0,0.0,0.0
31,0.0,2,0,0.0,0.0,0.0
38,0.0,2,0,0.0,1.0,1.0
42,175159.9,2,0,0.0,0.0,0.0
35,0.0,2,1,0.0,1.0,1.0
35,0.0,2,0,0.0,1.0,0.0
42,141947.67,1,1,0.0,1.0,1.0
27,137003.68,1,0,0.0,0.0,1.0
28,0.0,2,0,0.0,0.0,1.0
30,136808.53,2,1,0.0,1.0,1.0
49,108797.63,2,0,1.0,0.0,0.0
36,103914.17,1,1,1.0,0.0,0.0
34,0.0,2,1,0.0,1.0,0.0
33,0.0,1,0,0.0,0.0,1.0
37,164858.18,1,1,0.0,0.0,1.0
36,0.0,2,1,0.0,1.0,1.0
35,106365.29,1,1,0.0,1.0,1.0
57,90212.0,1,0,1.0,0.0,0.0
44,83325.77,1,1,0.0,1.0,1.0
35,0.0,2,0,0.0,0.0,1.0
51,144237.91,4,0,0.0,0.0,0.0
23,131254.81,1,0,0.0,0.0,1.0
29,0.0,1,1,0.0,0.0,1.0
42,0.0,2,1,0.0,0.0,0.0
41,0.0,1,1,0.0,0.0,1.0
33,121260.19,2,0,0.0,1.0,1.0
76,0.0,2,1,0.0,0.0,0.0
46,117640.39,1,0,0.0,0.0,1.0
58,79954.61,2,1,0.0,1.0,1.0
49,155393.98,2,0,1.0,0.0,0.0
23,140007.19,1,1,0.0,0.0,1.0
28,0.0,2,1,0.0,1.0,0.0
29,0.0,2,1,0.0,0.0,0.0
37,96340.81,2,1,1.0,0.0,0.0
40,0.0,2,1,0.0,0.0,0.0
39,111574.41,1,1,1.0,0.0,1.0
32,102954.68,2,1,1.0,0.0,0.0
38,102741.15,2,1,1.0,0.0,0.0
23,197715.93,2,1,1.0,0.0,1.0
42,0.0,2,1,0.0,0.0,0.0
80,0.0,2,1,0.0,0.0,0.0
34,0.0,2,1,0.0,0.0,0.0
47,144090.42,1,0,1.0,0.0,0.0
38,82407.51,1,0,1.0,0.0,0.0
41,79857.64,1,1,1.0,0.0,1.0
47,93578.68,2,1,0.0,0.0,1.0
40,77701.64,1,1,1.0,0.0,0.0
26,0.0,2,0,0.0,1.0,0.0
31,0.0,2,0,0.0,1.0,0.0
25,0.0,2,0,0.0,1.0,1.0
37,0.0,2,1,0.0,1.0,1.0
44,0.0,2,1,0.0,0.0,0.0
32,106807.64,1,1,1.0,0.0,0.0
30,70729.17,1,1,0.0,0.0,0.0
36,0.0,2,1,0.0,0.0,1.0
48,131326.47,1,0,1.0,0.0,1.0
81,0.0,2,1,0.0,0.0,0.0
37,137794.18,2,1,0.0,1.0,0.0
30,141040.01,1,1,0.0,1.0,1.0
44,112652.08,2,0,0.0,1.0,0.0
31,55732.92,2,1,0.0,1.0,1.0
67,0.0,3,1,0.0,0.0,0.0
38,0.0,2,0,0.0,0.0,1.0
60,0.0,1,0,0.0,1.0,1.0
29,139106.19,1,0,1.0,0.0,0.0
27,104848.68,1,1,1.0,0.0,0.0
39,0.0,2,1,0.0,0.0,0.0
54,0.0,1,0,0.0,1.0,0.0
24,0.0,2,1,0.0,0.0,1.0
30,34013.63,1,0,0.0,1.0,0.0
52,0.0,1,0,0.0,0.0,0.0
32,0.0,1,0,0.0,0.0,1.0
27,43658.33,2,1,0.0,0.0,0.0
34,0.0,2,0,0.0,1.0,0.0
31,149620.88,2,1,0.0,1.0,1.0
40,0.0,2,0,0.0,0.0,1.0
29,145541.56,2,1,1.0,0.0,1.0
36,74974.89,1,1,1.0,0.0,0.0
33,118327.17,2,1,0.0,0.0,1.0
42,0.0,1,0,0.0,0.0,1.0
30,0.0,2,0,0.0,1.0,0.0
54,0.0,1,0,0.0,0.0,0.0
32,0.0,2,1,0.0,1.0,0.0
42,0.0,2,1,0.0,0.0,0.0
41,147726.98,3,0,0.0,0.0,1.0
38,129499.42,1,1,1.0,0.0,0.0
26,0.0,2,1,0.0,0.0,1.0
43,0.0,2,0,0.0,0.0,0.0
32,0.0,2,0,0.0,1.0,1.0
31,0.0,2,0,0.0,0.0,0.0
33,140956.99,1,0,0.0,0.0,1.0
41,115144.68,1,0,0.0,1.0,1.0
30,108300.27,2,1,1.0,0.0,1.0
43,0.0,2,0,0.0,0.0,1.0
46,141535.52,1,0,1.0,0.0,0.0
55,0.0,4,1,0.0,0.0,0.0
57,137946.39,1,1,1.0,0.0,1.0
52,0.0,1,1,0.0,0.0,1.0
34,137523.02,1,0,0.0,1.0,1.0
66,0.0,2,1,0.0,0.0,1.0
42,0.0,1,0,0.0,0.0,0.0
35,180303.24,2,0,1.0,0.0,0.0
74,0.0,2,0,0.0,1.0,1.0
37,71786.9,2,1,0.0,0.0,0.0
35,100988.39,2,0,0.0,1.0,1.0
51,0.0,1,1,0.0,1.0,1.0
