Age,Balance,NumOfProducts,IsActiveMember,BalanceRatio,AgePerProduct,BalancePerProduct,Age_IsActive,Geography_Germany,Geography_Spain,Gender_Male
20,95830.43,1,0,0.5391638345173354,20.0,95830.43,0,0.0,0.0,1.0
63,0.0,2,1,0.0,31.5,0.0,63,0.0,1.0,0.0
31,118870.92,1,0,1.1687907843324843,31.0,118870.92,0,0.0,0.0,1.0
20,0.0,2,0,0.0,10.0,0.0,0,0.0,0.0,1.0
18,0.0,2,1,0.0,9.0,0.0,18,0.0,0.0,1.0
33,0.0,2,1,0.0,16.5,0.0,33,0.0,0.0,1.0
31,41299.03,1,1,0.40220587347338344,31.0,41299.03,31,0.0,0.0,0.0
23,136100.69,2,0,0.8021525752473945,11.5,68050.345,0,0.0,1.0,0.0
39,0.0,2,0,0.0,19.5,0.0,0,0.0,0.0,1.0
43,121152.05,2,0,1.8880829152816025,21.5,60576.025,0,1.0,0.0,1.0
43,0.0,2,0,0.0,21.5,0.0,0,0.0,1.0,0.0
33,115182.84,2,1,0.6497248608848596,16.5,57591.42,33,1.0,0.0,0.0
42,95386.82,1,1,1.2595270839041492,42.0,95386.82,42,0.0,1.0,0.0
21,0.0,2,0,0.0,10.5,0.0,0,0.0,0.0,0.0
45,131038.14,1,0,1.7706650790270502,45.0,131038.14,0,1.0,0.0,1.0
37,103769.22,2,0,0.5346197344944171,18.5,51884.61,0,1.0,0.0,0.0
74,0.0,2,1,0.0,37.0,0.0,74,0.0,0.0,0.0
30,0.0,2,0,0.0,15.0,0.0,0,0.0,1.0,1.0
39,135134.99,1,0,0.7780553652343637,39.0,135134.99,0,1.0,0.0,0.0
33,80002.33,1,1,0.7686647011201617,33.0,80002.33,33,1.0,0.0,1.0
41,100254.76,2,1,7.889931823207811,20.5,50127.38,41,0.0,0.0,1.0
44,92436.86,1,0,0.7334285458118808,44.0,92436.86,0,0.0,0.0,0.0
31,0.0,2,0,0.0,15.5,0.0,0,0.0,0.0,0.0
39,137843.8,1,1,1.1719139486562127,39.0,137843.8,39,1.0,0.0,0.0
47,154543.98,1,0,5.223422122012132,47.0,154543.98,0,0.0,0.0,0.0
38,0.0,1,1,0.0,38.0,0.0,38,0.0,0.0,1.0
49,0.0,1,0,0.0,49.0,0.0,0,0.0,1.0,1.0
60,143262.04,1,1,1.1057348740849413,60.0,143262.04,60,0.0,0.0,0.0
33,0.0,2,0,0.0,16.5,0.0,0,0.0,1.0,1.0
51,105701.91,1,1,0.5878932660963185,51.0,105701.91,51,1.0,0.0,0.0
37,134752.08,1,0,0.8291846333383689,37.0,134752.08,0,0.0,0.0,1.0
33,115409.6,1,1,74.97976234561885,33.0,115409.6,33,0.0,1.0,0.0
31,82613.56,2,0,0.5538181302361076,15.5,41306.78,0,0.0,1.0,1.0
34,199229.14,1,0,2.9252678423681577,34.0,199229.14,0,0.0,1.0,1.0
34,65812.35,2,1,0.41043884392717517,17.0,32906.175,34,0.0,1.0,1.0
33,116474.28,2,1,3.5556468661423093,16.5,58237.14,33,0.0,1.0,1.0
37,171653.17,1,1,32.066004498311266,37.0,171653.17,37,0.0,1.0,1.0
43,0.0,2,0,0.0,21.5,0.0,0,0.0,1.0,0.0
75,0.0,2,1,0.0,37.5,0.0,75,0.0,1.0,0.0
37,0.0,2,1,0.0,18.5,0.0,37,0.0,1.0,1.0
38,130588.82,1,1,0.8425213441959503,38.0,130588.82,38,0.0,0.0,1.0
33,109341.87,1,0,1.4456941818084699,33.0,109341.87,0,1.0,0.0,1.0
38,0.0,2,0,0.0,19.0,0.0,0,0.0,0.0,1.0
30,116295.29,1,0,1.5447242343044414,30.0,116295.29,0,0.0,0.0,1.0
33,173331.52,1,0,1.1520651515610734,33.0,173331.52,0,0.0,1.0,0.0
37,0.0,2,0,0.0,18.5,0.0,0,0.0,0.0,1.0
38,0.0,2,0,0.0,19.0,0.0,0,0.0,0.0,0.0
35,71829.34,1,1,1.054113825967921,35.0,71829.34,35,0.0,1.0,1.0
30,0.0,2,1,0.0,15.0,0.0,30,0.0,1.0,1.0
46,0.0,2,0,0.0,23.0,0.0,0,0.0,0.0,0.0
54,123699.28,2,1,1.1756055021318785,27.0,61849.64,54,1.0,0.0,0.0
33,127343.4,1,1,1.0456041704813148,33.0,127343.4,33,0.0,1.0,1.0
38,122267.85,1,0,0.8388303287467277,38.0,122267.85,0,0.0,1.0,1.0
39,0.0,2,0,0.0,19.5,0.0,0,0.0,0.0,0.0
45,85325.93,1,0,3.782388998676344,45.0,85325.93,0,0.0,0.0,0.0
32,0.0,2,1,0.0,16.0,0.0,32,0.0,0.0,1.0
33,0.0,2,0,0.0,16.5,0.0,0,0.0,0.0,0.0
31,0.0,2,1,0.0,15.5,0.0,31,0.0,1.0,1.0
42,0.0,2,0,0.0,21.0,0.0,0,0.0,0.0,0.0
36,138992.48,2,0,1.1358061252190224,18.0,69496.24,0,1.0,0.0,1.0
38,61482.47,1,1,0.36697482240815343,38.0,61482.47,38,1.0,0.0,0.0
71,0.0,2,1,0.0,35.5,0.0,71,0.0,0.0,0.0
48,118469.38,1,1,0.7470155321654389,48.0,118469.38,48,0.0,0.0,1.0
35,129717.3,2,0,1.4920804902849414,17.5,64858.65,0,0.0,0.0,1.0
55,119327.93,1,1,0.9990645485762434,55.0,119327.93,55,1.0,0.0,0.0
32,117337.54,2,1,1.8681076265253918,16.0,58668.77,32,0.0,0.0,1.0
43,86920.86,1,1,0.5792855997036156,43.0,86920.86,43,1.0,0.0,1.0
39,129669.32,2,0,1.5665451753187924,19.5,64834.66,0,0.0,0.0,1.0
27,0.0,1,1,0.0,27.0,0.0,27,0.0,1.0,1.0
30,0.0,1,0,0.0,30.0,0.0,0,0.0,0.0,0.0
31,102289.85,1,1,0.8860739701767976,31.0,102289.85,31,0.0,1.0,0.0
34,0.0,2,0,0.0,17.0,0.0,0,0.0,0.0,0.0
24,0.0,1,1,0.0,24.0,0.0,24,0.0,0.0,1.0
46,0.0,1,0,0.0,46.0,0.0,0,0.0,1.0,1.0
52,100755.66,1,1,0.539448668921605,52.0,100755.66,52,0.0,0.0,1.0
50,133204.91,1,1,16.10688556068517,50.0,133204.91,50,0.0,1.0,0.0
49,110132.55,3,1,0.5867792786516867,16.333333333333332,36710.85,49,0.0,1.0,0.0
30,0.0,2,0,0.0,15.0,0.0,0,0.0,0.0,1.0
60,128981.07,1,1,0.7290187702406585,60.0,128981.07,60,1.0,0.0,0.0
33,138162.81,1,0,1.6175939739059395,33.0,138162.81,0,0.0,0.0,0.0
32,137649.47,1,0,0.6927004092156633,32.0,137649.47,0,0.0,0.0,0.0
36,130809.77,1,0,0.8589502232184484,36.0,130809.77,0,1.0,0.0,1.0
42,99580.13,1,0,4.74011422337057,42.0,99580.13,0,0.0,0.0,1.0
31,149085.9,2,1,0.7564841542427806,15.5,74542.95,31,1.0,0.0,1.0
38,135157.05,1,1,4.105693538950565,38.0,135157.05,38,1.0,0.0,0.0
43,110646.54,1,0,1.0169318706947925,43.0,110646.54,0,0.0,1.0,0.0
60,120731.39,4,1,0.8738512874664041,15.0,30182.8475,60,0.0,0.0,0.0
40,114318.78,2,0,0.8839056552086312,20.0,57159.39,0,1.0,0.0,1.0
30,77949.69,1,1,0.6434069387195168,30.0,77949.69,30,1.0,0.0,0.0
36,89772.3,1,0,0.5060910902288193,36.0,89772.3,0,0.0,1.0,1.0
38,0.0,2,1,0.0,19.0,0.0,38,0.0,0.0,0.0
38,120530.13,2,0,1.1017921173820067,19.0,60265.065,0,1.0,0.0,0.0
30,0.0,2,1,0.0,15.0,0.0,30,0.0,0.0,0.0
33,0.0,2,1,0.0,16.5,0.0,33,0.0,1.0,1.0
35,0.0,2,0,0.0,17.5,0.0,0,0.0,1.0,0.0
30,89182.09,1,1,6.793842415193229,30.0,89182.09,30,0.0,0.0,1.0
24,98567.1,1,0,0.524329314030794,24.0,98567.1,0,0.0,1.0,0.0
52,97720.35,2,0,0.5581757315063254,26.0,48860.175,0,1.0,0.0,1.0
40,0.0,2,1,0.0,20.0,0.0,40,0.0,0.0,0.0
43,79757.21,1,0,0.5879600933927959,43.0,79757.21,0,0.0,1.0,1.0
42,0.0,2,1,0.0,21.0,0.0,42,0.0,0.0,1.0
40,104784.23,1,0,0.7752390877554752,40.0,104784.23,0,0.0,1.0,1.0
39,120145.96,2,1,2.01936130908091,19.5,60072.98,39,0.0,0.0,0.0
29,132450.24,1,1,3.6612100132046574,29.0,132450.24,29,0.0,1.0,1.0
47,0.0,1,0,0.0,47.0,0.0,0,0.0,0.0,1.0
38,0.0,1,0,0.0,38.0,0.0,0,0.0,1.0,1.0
31,0.0,2,0,0.0,15.5,0.0,0,0.0,1.0,0.0
35,57369.61,1,1,0.5641075687781791,35.0,57369.61,35,0.0,0.0,1.0
21,176511.08,1,1,1.146769930552334,21.0,176511.08,21,0.0,0.0,0.0
23,156123.73,1,0,2.138956074081848,23.0,156123.73,0,0.0,0.0,0.0
31,0.0,2,0,0.0,15.5,0.0,0,0.0,0.0,0.0
59,0.0,2,1,0.0,29.5,0.0,59,0.0,0.0,0.0
32,59271.82,1,1,1.2879737971548104,32.0,59271.82,32,0.0,0.0,1.0
59,0.0,1,0,0.0,59.0,0.0,0,0.0,0.0,0.0
41,0.0,2,1,0.0,20.5,0.0,41,0.0,0.0,1.0
31,93249.4,1,0,1.2057735264738494,31.0,93249.4,0,0.0,0.0,1.0
54,0.0,1,0,0.0,54.0,0.0,0,0.0,0.0,1.0
42,63227.0,1,1,0.4604478185841275,42.0,63227.0,42,1.0,0.0,1.0
36,0.0,2,1,0.0,18.0,0.0,36,0.0,1.0,1.0
44,95671.75,2,1,0.8977793622063854,22.0,47835.875,44,0.0,0.0,0.0
82,0.0,2,1,0.0,41.0,0.0,82,0.0,0.0,0.0
65,0.0,2,1,0.0,32.5,0.0,65,0.0,0.0,1.0
35,106518.52,1,1,0.8324893567351647,35.0,106518.52,35,0.0,1.0,1.0
23,0.0,2,1,0.0,11.5,0.0,23,0.0,1.0,1.0
44,109528.28,1,0,4.005916252981259,44.0,109528.28,0,0.0,0.0,0.0
36,0.0,2,1,0.0,18.0,0.0,36,0.0,0.0,1.0
24,0.0,2,0,0.0,12.0,0.0,0,0.0,0.0,0.0
39,86350.87,2,0,0.8217589880827589,19.5,43175.435,0,1.0,0.0,1.0
44,0.0,1,1,0.0,44.0,0.0,44,0.0,0.0,1.0
35,0.0,2,0,0.0,17.5,0.0,0,0.0,0.0,1.0
37,107548.94,1,0,1.5110294293268203,37.0,107548.94,0,0.0,0.0,1.0
27,135096.05,1,1,0.7242834852317978,27.0,135096.05,27,1.0,0.0,1.0
52,111284.53,1,1,3.378766193310509,52.0,111284.53,52,0.0,1.0,1.0
36,0.0,2,1,0.0,18.0,0.0,36,0.0,0.0,0.0
34,156478.62,1,1,0.8635839846142943,34.0,156478.62,34,0.0,1.0,1.0
31,96288.26,1,0,1.695373144656203,31.0,96288.26,0,0.0,0.0,1.0
42,0.0,2,0,0.0,21.0,0.0,0,0.0,0.0,0.0
32,63763.49,1,0,0.40719223306724456,32.0,63763.49,0,0.0,0.0,0.0
41,142015.76,2,0,1.2422254500949323,20.5,71007.88,0,1.0,0.0,0.0
27,117307.44,2,1,4.8836405918447126,13.5,58653.72,27,0.0,0.0,0.0
62,0.0,2,1,0.0,31.0,0.0,62,0.0,1.0,1.0
48,0.0,1,1,0.0,48.0,0.0,48,0.0,0.0,1.0
41,127841.52,1,0,0.7416975563433098,41.0,127841.52,0,1.0,0.0,1.0
37,0.0,2,1,0.0,18.5,0.0,37,0.0,0.0,0.0
38,0.0,2,0,0.0,19.0,0.0,0,0.0,0.0,0.0
30,0.0,2,0,0.0,15.0,0.0,0,0.0,1.0,1.0
37,177657.35,1,1,2.302981683724316,37.0,177657.35,37,0.0,1.0,1.0
30,0.0,2,1,0.0,15.0,0.0,30,0.0,0.0,0.0
47,95523.16,1,0,1.3032790463893054,47.0,95523.16,0,1.0,0.0,0.0
50,143054.56,1,1,1.3051374246285494,50.0,143054.56,50,0.0,0.0,0.0
28,135936.1,2,1,1.2295217788255335,14.0,67968.05,28,0.0,1.0,1.0
38,88758.95,2,0,3.1445645261574815,19.0,44379.475,0,0.0,0.0,0.0
32,0.0,1,0,0.0,32.0,0.0,0,0.0,1.0,0.0
38,0.0,2,0,0.0,19.0,0.0,0,0.0,0.0,0.0
43,128412.61,1,1,0.9236701840131413,43.0,128412.61,43,0.0,1.0,0.0
21,0.0,2,1,0.0,10.5,0.0,21,0.0,0.0,1.0
47,109387.33,1,0,0.9013053550248444,47.0,109387.33,0,0.0,0.0,0.0
43,140121.17,1,0,12.397141390995072,43.0,140121.17,0,1.0,0.0,1.0
35,0.0,2,0,0.0,17.5,0.0,0,0.0,1.0,1.0
29,0.0,2,1,0.0,14.5,0.0,29,0.0,0.0,0.0
31,56116.3,2,0,25.718534881802434,15.5,28058.15,0,1.0,0.0,0.0
44,0.0,2,0,0.0,22.0,0.0,0,0.0,0.0,1.0
37,138476.41,2,1,2.6443302679974465,18.5,69238.205,37,1.0,0.0,1.0
48,0.0,2,1,0.0,24.0,0.0,48,0.0,1.0,1.0
35,0.0,2,1,0.0,17.5,0.0,35,0.0,0.0,1.0
37,0.0,2,1,0.0,18.5,0.0,37,0.0,0.0,0.0
44,155114.9,1,0,1.1586821514279741,44.0,155114.9,0,0.0,0.0,0.0
38,138131.34,1,1,1.1915285239914308,38.0,138131.34,38,0.0,0.0,1.0
33,0.0,2,0,0.0,16.5,0.0,0,0.0,0.0,1.0
26,0.0,2,1,0.0,13.0,0.0,26,0.0,1.0,0.0
19,0.0,2,1,0.0,9.5,0.0,19,0.0,0.0,1.0
26,0.0,1,0,0.0,26.0,0.0,0,0.0,0.0,1.0
36,0.0,2,0,0.0,18.0,0.0,0,0.0,0.0,1.0
41,150463.11,2,1,1.8450778543975979,20.5,75231.555,41,1.0,0.0,0.0
31,0.0,2,1,0.0,15.5,0.0,31,0.0,1.0,1.0
44,137148.68,1,0,1.4845981874413368,44.0,137148.68,0,0.0,0.0,1.0
41,110624.99,1,0,1.2384179504514112,41.0,110624.99,0,1.0,0.0,0.0
34,170600.78,1,1,32.554108076854824,34.0,170600.78,34,0.0,1.0,1.0
24,87413.19,1,0,1.3800488312008166,24.0,87413.19,0,0.0,0.0,0.0
37,102708.77,1,0,11.3018174895822,37.0,102708.77,0,1.0,0.0,1.0
39,0.0,2,1,0.0,19.5,0.0,39,0.0,1.0,0.0
43,103018.45,1,0,3.173470899708863,43.0,103018.45,0,1.0,0.0,1.0
38,119272.29,1,0,0.608853324093084,38.0,119272.29,0,0.0,0.0,1.0
39,0.0,2,0,0.0,19.5,0.0,0,0.0,0.0,0.0
43,106086.42,2,0,3.9436407251428682,21.5,53043.21,0,0.0,0.0,1.0
31,0.0,2,0,0.0,15.5,0.0,0,0.0,1.0,0.0
26,105249.76,2,1,4.480411934908086,13.0,52624.88,26,1.0,0.0,0.0
30,0.0,2,0,0.0,15.0,0.0,0,0.0,0.0,1.0
34,0.0,2,0,0.0,17.0,0.0,0,0.0,0.0,1.0
37,0.0,2,1,0.0,18.5,0.0,37,0.0,0.0,1.0
36,59893.85,2,0,1.3612350010136447,18.0,29946.925,0,0.0,1.0,1.0
41,129901.21,1,0,4.991285887741301,41.0,129901.21,0,1.0,0.0,1.0
33,0.0,2,1,0.0,16.5,0.0,33,0.0,0.0,0.0
74,108131.53,1,1,1.7775909011253916,74.0,108131.53,74,0.0,0.0,1.0
52,170228.59,2,0,1.1464936421036525,26.0,85114.295,0,0.0,0.0,0.0
23,137060.88,2,1,0.8295296120379189,11.5,68530.44,23,1.0,0.0,1.0
34,0.0,1,0,0.0,34.0,0.0,0,0.0,0.0,1.0
40,162261.01,2,0,1.1841405120729984,20.0,81130.505,0,1.0,0.0,0.0
27,120509.81,1,0,0.8476432231622832,27.0,120509.81,0,0.0,0.0,1.0
62,0.0,2,1,0.0,31.0,0.0,62,0.0,0.0,1.0
45,57327.04,1,1,1.2107339120150373,45.0,57327.04,45,0.0,0.0,0.0
25,111363.1,2,0,0.5645373834653854,12.5,55681.55,0,1.0,0.0,1.0
32,0.0,2,1,0.0,16.0,0.0,32,0.0,1.0,1.0
55,132436.34,1,0,135.324157521509,55.0,132436.34,0,0.0,0.0,1.0
38,123081.84,2,1,0.6524073167966347,19.0,61540.92,38,0.0,1.0,0.0
26,135219.57,1,1,2.263178807259803,26.0,135219.57,26,0.0,1.0,0.0
35,110349.82,1,0,0.8733261156195442,35.0,110349.82,0,0.0,1.0,1.0
41,156067.05,1,1,15.631903628649383,41.0,156067.05,41,0.0,0.0,0.0
48,122831.58,1,1,5.006608409836353,48.0,122831.58,48,1.0,0.0,1.0
24,92398.08,1,1,4.889488386959188,24.0,92398.08,24,1.0,0.0,1.0
35,97560.16,1,1,1.8231543209022918,35.0,97560.16,35,0.0,0.0,1.0
46,143267.14,2,0,0.7419345567203385,23.0,71633.57,0,0.0,0.0,1.0
37,0.0,2,0,0.0,18.5,0.0,0,0.0,1.0,0.0
40,77270.08,2,1,0.6672712717864665,20.0,38635.04,40,1.0,0.0,0.0
38,0.0,1,0,0.0,38.0,0.0,0,0.0,0.0,1.0
39,104349.45,1,0,1.312521343520783,39.0,104349.45,0,0.0,1.0,1.0
45,0.0,2,1,0.0,22.5,0.0,45,0.0,0.0,0.0
30,64097.75,1,1,0.8240548909246002,30.0,64097.75,30,0.0,0.0,1.0
45,123086.39,1,1,2.9990056624368946,45.0,123086.39,45,1.0,0.0,0.0
42,82228.67,2,0,1.1523111478202428,21.0,41114.335,0,0.0,0.0,0.0
39,0.0,1,1,0.0,39.0,0.0,39,0.0,0.0,1.0
42,128707.31,1,0,2.0399731188973673,42.0,128707.31,0,1.0,0.0,0.0
40,0.0,1,1,0.0,40.0,0.0,40,0.0,1.0,0.0
25,114330.95,1,1,4.514536386276523,25.0,114330.95,25,1.0,0.0,0.0
43,0.0,2,0,0.0,21.5,0.0,0,0.0,0.0,1.0
38,128578.52,1,1,0.6631911912258868,38.0,128578.52,38,0.0,1.0,1.0
65,151659.52,2,1,21.88395378468349,32.5,75829.76,65,0.0,0.0,0.0
29,78885.88,2,1,2.929545014815605,14.5,39442.94,29,1.0,0.0,0.0
54,150005.38,1,0,0.9553539618700065,54.0,150005.38,0,0.0,0.0,0.0
30,121535.18,1,0,3.014753629494062,30.0,121535.18,0,0.0,0.0,1.0
33,141234.98,1,0,1.4762253320031085,33.0,141234.98,0,0.0,0.0,1.0
31,132876.55,1,1,1.0153936078212402,31.0,132876.55,31,0.0,1.0,1.0
38,141074.59,1,0,2.6720919334883466,38.0,141074.59,0,0.0,0.0,1.0
34,0.0,2,0,0.0,17.0,0.0,0,0.0,0.0,1.0
36,156948.41,1,1,1.0469349809101696,36.0,156948.41,36,0.0,0.0,0.0
22,67178.19,1,1,0.41078847156338333,22.0,67178.19,22,0.0,1.0,0.0
33,182888.08,1,0,59.747820973538055,33.0,182888.08,0,0.0,0.0,1.0
28,0.0,2,1,0.0,14.0,0.0,28,0.0,0.0,0.0
51,0.0,2,1,0.0,25.5,0.0,51,0.0,0.0,1.0
43,0.0,2,0,0.0,21.5,0.0,0,0.0,1.0,0.0
36,100895.54,1,1,1.4821201983572858,36.0,100895.54,36,0.0,0.0,1.0
28,0.0,2,0,0.0,14.0,0.0,0,0.0,0.0,1.0
44,86102.27,1,0,0.477987772273754,44.0,86102.27,0,0.0,0.0,1.0
27,141223.68,2,0,1.558912542781497,13.5,70611.84,0,0.0,0.0,1.0
67,113978.97,2,1,1.2236578639730633,33.5,56989.485,67,0.0,0.0,0.0
32,192122.84,1,1,3.539643811564471,32.0,192122.84,32,0.0,0.0,0.0
72,98765.84,1,1,1.028644428666904,72.0,98765.84,72,0.0,1.0,0.0
52,96196.24,4,0,0.4837031913389408,13.0,24049.06,0,0.0,1.0,1.0
37,96651.03,1,1,29.89681763908909,37.0,96651.03,37,0.0,0.0,1.0
37,0.0,2,1,0.0,18.5,0.0,37,0.0,0.0,0.0
47,0.0,1,1,0.0,47.0,0.0,47,0.0,1.0,1.0
31,0.0,2,0,0.0,15.5,0.0,0,0.0,0.0,1.0
48,0.0,1,1,0.0,48.0,0.0,48,0.0,1.0,1.0
51,115280.49,2,0,9.128517707016053,25.5,57640.245,0,1.0,0.0,0.0
47,62094.71,3,0,6.671040276748208,15.666666666666666,20698.236666666668,0,0.0,0.0,0.0
43,0.0,2,0,0.0,21.5,0.0,0,0.0,0.0,0.0
42,0.0,2,0,0.0,21.0,0.0,0,0.0,1.0,0.0
40,103549.24,1,0,10.661418457825569,40.0,103549.24,0,0.0,0.0,0.0
41,0.0,2,1,0.0,20.5,0.0,41,0.0,0.0,1.0
57,76165.65,1,1,0.5703688693358339,57.0,76165.65,57,0.0,0.0,1.0
39,94631.26,2,1,0.6353286356923855,19.5,47315.63,39,0.0,0.0,0.0
37,133968.96,2,0,0.9009972113055617,18.5,66984.48,0,0.0,0.0,0.0
41,0.0,2,0,0.0,20.5,0.0,0,0.0,1.0,1.0
35,0.0,2,1,0.0,17.5,0.0,35,0.0,0.0,1.0
41,0.0,2,1,0.0,20.5,0.0,41,0.0,0.0,1.0
60,0.0,2,1,0.0,30.0,0.0,60,0.0,1.0,0.0
38,0.0,2,1,0.0,19.0,0.0,38,0.0,0.0,1.0
42,98795.61,2,0,1.108518705233013,21.0,49397.805,0,0.0,1.0,1.0
60,121730.49,1,1,0.8514807542551658,60.0,121730.49,60,0.0,0.0,0.0
28,95328.6,1,0,15.552147689657255,28.0,95328.6,0,0.0,1.0,0.0
34,120777.88,1,1,0.9168626743648653,34.0,120777.88,34,0.0,0.0,0.0
33,167733.51,2,1,2.5717131577946746,16.5,83866.755,33,0.0,0.0,0.0
54,0.0,2,1,0.0,27.0,0.0,54,0.0,0.0,1.0
44,113063.83,1,0,2.1303660333253633,44.0,113063.83,0,1.0,0.0,0.0
43,146547.78,1,1,14.549223384346567,43.0,146547.78,43,1.0,0.0,0.0
31,123974.96,1,0,1.213611443534868,31.0,123974.96,0,0.0,0.0,0.0
36,190479.48,2,0,1.0620433383779786,18.0,95239.74,0,1.0,0.0,1.0
35,0.0,2,1,0.0,17.5,0.0,35,0.0,0.0,0.0
69,27288.43,1,1,0.24693199432811,69.0,27288.43,69,1.0,0.0,1.0
30,107499.7,1,1,0.5729277199832736,30.0,107499.7,30,0.0,0.0,0.0
33,132527.9,2,1,1.2336242925723246,16.5,66263.95,33,1.0,0.0,1.0
29,0.0,2,1,0.0,14.5,0.0,29,0.0,0.0,1.0
18,160980.03,1,0,1.1030843735361762,18.0,160980.03,0,0.0,0.0,1.0
74,105102.5,1,1,2.27630230741392,74.0,105102.5,74,1.0,0.0,1.0
38,147904.31,1,1,2.1321061466728075,38.0,147904.31,38,0.0,1.0,1.0
36,0.0,3,1,0.0,12.0,0.0,36,0.0,1.0,1.0
50,125845.66,1,0,13.332082535693818,50.0,125845.66,0,1.0,0.0,1.0
25,0.0,1,1,0.0,25.0,0.0,25,0.0,0.0,1.0
37,120328.88,2,1,0.8689874883557988,18.5,60164.44,37,0.0,0.0,0.0
56,137464.04,1,0,1.0505725054470194,56.0,137464.04,0,1.0,0.0,0.0
41,107511.52,1,1,2.3292636610758053,41.0,107511.52,41,0.0,1.0,1.0
39,0.0,1,0,0.0,39.0,0.0,0,0.0,0.0,1.0
31,113836.27,1,1,0.651179351675486,31.0,113836.27,31,0.0,1.0,1.0
20,180293.84,2,1,6.100756952833413,10.0,90146.92,20,1.0,0.0,1.0
58,0.0,1,1,0.0,58.0,0.0,58,0.0,0.0,0.0
48,99906.19,1,0,1.5531896403228445,48.0,99906.19,0,0.0,1.0,0.0
44,152086.15,1,1,3.400891110142108,44.0,152086.15,44,1.0,0.0,0.0
28,121164.11,1,1,2.0214633890796296,28.0,121164.11,28,0.0,0.0,0.0
37,124969.13,1,0,2.076104365796952,37.0,124969.13,0,0.0,0.0,1.0
33,181656.51,1,1,1.6871926835024476,33.0,181656.51,33,1.0,0.0,1.0
26,0.0,2,0,0.0,13.0,0.0,0,0.0,0.0,0.0
36,0.0,2,1,0.0,18.0,0.0,36,0.0,0.0,1.0
39,0.0,2,0,0.0,19.5,0.0,0,0.0,0.0,1.0
40,128486.91,2,0,12.709559452671606,20.0,64243.455,0,1.0,0.0,0.0
36,0.0,2,0,0.0,18.0,0.0,0,0.0,0.0,1.0
52,76101.81,2,1,0.429375527361883,26.0,38050.905,52,1.0,0.0,1.0
33,147229.65,1,1,2.609984157112095,33.0,147229.65,33,0.0,0.0,0.0
29,60280.62,1,0,0.3907439492515172,29.0,60280.62,0,0.0,1.0,1.0
30,144684.03,1,1,4.549026913278179,30.0,144684.03,30,0.0,0.0,1.0
31,102523.88,1,1,0.6146784232955985,31.0,102523.88,31,0.0,0.0,0.0
32,144272.07,2,0,0.8170322531978734,16.0,72136.035,0,1.0,0.0,1.0
28,61274.7,2,0,0.4503689515484425,14.0,30637.35,0,0.0,1.0,0.0
41,122403.24,1,1,3.2693260398665593,41.0,122403.24,41,1.0,0.0,1.0
33,124067.32,1,1,1.5925080804812208,33.0,124067.32,33,1.0,0.0,1.0
45,126674.81,1,0,1.0205939942495372,45.0,126674.81,0,1.0,0.0,0.0
31,118613.34,1,0,0.7040635509125828,31.0,118613.34,0,1.0,0.0,0.0
40,0.0,2,0,0.0,20.0,0.0,0,0.0,0.0,0.0
28,0.0,2,1,0.0,14.0,0.0,28,0.0,0.0,0.0
39,104614.29,1,0,1.6999830837413303,39.0,104614.29,0,0.0,0.0,0.0
22,0.0,2,0,0.0,11.0,0.0,0,0.0,1.0,1.0
31,76798.92,1,0,0.3917877880171754,31.0,76798.92,0,1.0,0.0,0.0
18,0.0,1,1,0.0,18.0,0.0,18,0.0,1.0,1.0
26,96659.64,2,1,0.6965170917182973,13.0,48329.82,26,0.0,1.0,1.0
40,139625.34,1,0,1.4900846248613704,40.0,139625.34,0,0.0,0.0,0.0
33,0.0,2,1,0.0,16.5,0.0,33,0.0,1.0,1.0
39,0.0,2,0,0.0,19.5,0.0,0,0.0,1.0,1.0
35,109342.82,2,1,1.2707887554715203,17.5,54671.41,35,1.0,0.0,1.0
39,127415.85,1,1,0.6888192166385911,39.0,127415.85,39,1.0,0.0,1.0
35,136281.41,2,1,5.4953355858008255,17.5,68140.705,35,1.0,0.0,1.0
47,107604.66,1,1,1.3425532135227183,47.0,107604.66,47,0.0,1.0,1.0
37,0.0,2,1,0.0,18.5,0.0,37,0.0,0.0,1.0
41,152532.3,1,0,14.149970917531022,41.0,152532.3,0,1.0,0.0,1.0
34,125227.82,2,1,0.9764578563729702,17.0,62613.91,34,1.0,0.0,0.0
38,123544.21,1,1,0.7835916526801741,38.0,123544.21,38,0.0,0.0,0.0
37,125190.86,1,1,1.4800652458500467,37.0,125190.86,37,0.0,0.0,1.0
32,0.0,1,1,0.0,32.0,0.0,32,0.0,0.0,1.0
33,164284.72,2,1,44.277537907577205,16.5,82142.36,33,1.0,0.0,1.0
27,152309.37,1,0,1.4629377017058551,27.0,152309.37,0,0.0,0.0,0.0
52,93590.47,1,1,4.408674384830732,52.0,93590.47,52,0.0,0.0,1.0
39,133214.13,1,1,6.413813175617769,39.0,133214.13,39,0.0,1.0,1.0
47,0.0,1,0,0.0,47.0,0.0,0,0.0,0.0,1.0
28,116755.5,2,1,0.7362321457926992,14.0,58377.75,28,0.0,0.0,0.0
23,124577.33,1,1,17.142293164539545,23.0,124577.33,23,0.0,1.0,1.0
40,118129.87,1,1,0.7370327054333526,40.0,118129.87,40,0.0,0.0,1.0
30,126663.51,1,1,0.7805826179680257,30.0,126663.51,30,1.0,0.0,0.0
28,0.0,2,0,0.0,14.0,0.0,0,0.0,0.0,1.0
77,149083.7,1,1,0.7840451507921538,77.0,149083.7,77,0.0,1.0,1.0
29,0.0,2,1,0.0,14.5,0.0,29,0.0,1.0,0.0
26,105099.45,1,1,0.5695829720355516,26.0,105099.45,26,1.0,0.0,0.0
39,0.0,2,0,0.0,19.5,0.0,0,0.0,1.0,0.0
39,0.0,1,0,0.0,39.0,0.0,0,0.0,0.0,0.0
30,129753.69,1,0,222.7416442071653,30.0,129753.69,0,1.0,0.0,0.0
38,0.0,2,0,0.0,19.0,0.0,0,0.0,0.0,1.0
43,0.0,2,1,0.0,21.5,0.0,43,0.0,0.0,1.0
43,135645.29,2,1,1.337950912018067,21.5,67822.645,43,1.0,0.0,1.0
36,82275.35,2,1,0.8823163851380699,18.0,41137.675,36,0.0,0.0,1.0
35,0.0,2,1,0.0,17.5,0.0,35,0.0,0.0,1.0
18,0.0,2,1,0.0,9.0,0.0,18,0.0,0.0,1.0
40,173432.55,1,1,1.4852900383747811,40.0,173432.55,40,0.0,1.0,0.0
24,126431.54,1,0,2.1508872493221034,24.0,126431.54,0,0.0,0.0,1.0
22,0.0,2,0,0.0,11.0,0.0,0,0.0,1.0,1.0
35,117183.74,1,1,1.0678917047657088,35.0,117183.74,35,0.0,0.0,0.0
44,0.0,1,1,0.0,44.0,0.0,44,0.0,1.0,0.0
34,0.0,2,0,0.0,17.0,0.0,0,0.0,0.0,0.0
37,0.0,1,1,0.0,37.0,0.0,37,0.0,0.0,1.0
48,83287.05,2,1,1.8865439958140753,24.0,41643.525,48,0.0,1.0,1.0
49,126615.94,2,1,1.0276038402548267,24.5,63307.97,49,0.0,1.0,0.0
47,105792.49,1,1,1.5596664907371645,47.0,105792.49,47,0.0,0.0,1.0
34,0.0,2,1,0.0,17.0,0.0,34,0.0,0.0,1.0
38,0.0,2,1,0.0,19.0,0.0,38,0.0,0.0,0.0
50,81310.34,1,1,0.4422212433799658,50.0,81310.34,50,0.0,0.0,1.0
42,0.0,2,0,0.0,21.0,0.0,0,0.0,1.0,1.0
33,142645.43,1,0,2.063358042349303,33.0,142645.43,0,0.0,0.0,1.0
30,168078.83,1,0,1.976738467024414,30.0,168078.83,0,1.0,0.0,1.0
32,125321.84,2,1,0.9622773911977175,16.0,62660.92,32,0.0,0.0,0.0
32,120074.97,2,1,0.736828983039521,16.0,60037.485,32,1.0,0.0,0.0
59,126224.87,1,1,28.53422867644898,59.0,126224.87,59,0.0,1.0,0.0
43,94752.49,1,0,0.5149413857216675,43.0,94752.49,0,1.0,0.0,0.0
46,0.0,1,1,0.0,46.0,0.0,46,0.0,0.0,0.0
19,127649.64,1,1,3.1620983114372168,19.0,127649.64,19,0.0,0.0,1.0
33,174673.65,2,0,5.245366744583275,16.5,87336.825,0,1.0,0.0,1.0
36,129440.3,2,0,1.2611299772453473,18.0,64720.15,0,0.0,0.0,1.0
40,0.0,3,1,0.0,13.333333333333334,0.0,40,0.0,0.0,1.0
34,86055.17,2,1,0.8257029087367648,17.0,43027.585,34,1.0,0.0,1.0
31,0.0,1,0,0.0,31.0,0.0,0,0.0,0.0,1.0
47,0.0,2,1,0.0,23.5,0.0,47,0.0,1.0,1.0
34,121303.77,2,1,2.0447255053964413,17.0,60651.885,34,1.0,0.0,1.0
69,0.0,2,1,0.0,34.5,0.0,69,0.0,0.0,1.0
36,0.0,2,0,0.0,18.0,0.0,0,0.0,1.0,1.0
46,0.0,2,1,0.0,23.0,0.0,46,0.0,1.0,0.0
35,136364.46,1,0,0.9552361529787704,35.0,136364.46,0,0.0,0.0,1.0
43,128760.32,1,0,3.542939878859053,43.0,128760.32,0,0.0,0.0,1.0
43,0.0,2,0,0.0,21.5,0.0,0,0.0,0.0,1.0
37,177069.24,2,1,1.842771677038698,18.5,88534.62,37,0.0,0.0,1.0
39,0.0,2,0,0.0,19.5,0.0,0,0.0,1.0,0.0
38,86977.96,1,1,2.3447512114247977,38.0,86977.96,38,0.0,0.0,1.0
37,0.0,1,0,0.0,37.0,0.0,0,0.0,0.0,0.0
27,0.0,2,0,0.0,13.5,0.0,0,0.0,0.0,1.0
33,128135.99,1,0,0.8087466918391218,33.0,128135.99,0,1.0,0.0,1.0
62,43772.66,3,0,0.23313558047391664,20.666666666666668,14590.886666666667,0,0.0,0.0,1.0
49,98649.55,1,0,0.8277713390607148,49.0,98649.55,0,1.0,0.0,1.0
30,135422.31,1,1,0.7264410761036236,30.0,135422.31,30,0.0,0.0,0.0
38,183102.29,1,1,2.5588269902422014,38.0,183102.29,38,1.0,0.0,1.0
51,0.0,1,1,0.0,51.0,0.0,51,0.0,1.0,0.0
55,0.0,1,1,0.0,55.0,0.0,55,0.0,0.0,0.0
31,102575.04,1,1,9.28823909724599,31.0,102575.04,31,0.0,0.0,0.0
44,152509.25,1,1,1.1138960881976903,44.0,152509.25,44,0.0,0.0,0.0
36,44054.84,1,1,0.6007826635763055,36.0,44054.84,36,0.0,1.0,0.0
33,0.0,2,1,0.0,16.5,0.0,33,0.0,1.0,1.0
42,101979.16,1,0,1.1215315597489368,42.0,101979.16,0,1.0,0.0,0.0
43,125211.92,1,1,1.1040594216637278,43.0,125211.92,43,0.0,0.0,1.0
36,0.0,1,0,0.0,36.0,0.0,0,0.0,0.0,0.0
43,148962.76,1,1,0.8567042102355509,43.0,148962.76,43,1.0,0.0,1.0
34,0.0,1,1,0.0,34.0,0.0,34,0.0,0.0,0.0
39,0.0,1,0,0.0,39.0,0.0,0,0.0,1.0,1.0
43,95984.21,1,1,0.8327441855784196,43.0,95984.21,43,1.0,0.0,0.0
30,92472.1,2,1,0.7313828072867073,15.0,46236.05,30,0.0,0.0,0.0
44,114203.47,1,1,1.4673383240164892,44.0,114203.47,44,1.0,0.0,1.0
42,0.0,2,1,0.0,21.0,0.0,42,0.0,1.0,0.0
43,112499.42,2,0,3.7036626614229116,21.5,56249.71,0,0.0,0.0,1.0
46,119492.88,2,1,0.7159720594878212,23.0,59746.44,46,1.0,0.0,0.0
41,126619.27,1,0,0.638767390772013,41.0,126619.27,0,0.0,0.0,0.0
37,0.0,2,1,0.0,18.5,0.0,37,0.0,0.0,0.0
46,127660.46,2,0,0.850180897544314,23.0,63830.23,0,0.0,1.0,0.0
58,0.0,1,1,0.0,58.0,0.0,58,0.0,0.0,1.0
40,96202.32,1,0,0.596955785072556,40.0,96202.32,0,1.0,0.0,0.0
35,74988.59,2,1,0.39435480914977156,17.5,37494.295,35,0.0,0.0,0.0
57,0.0,1,0,0.0,57.0,0.0,0,0.0,0.0,1.0
51,79811.72,2,1,1.1692265500854304,25.5,39905.86,51,0.0,1.0,1.0
22,0.0,2,1,0.0,11.0,0.0,22,0.0,0.0,0.0
52,0.0,2,1,0.0,26.0,0.0,52,0.0,0.0,1.0
31,52192.08,2,1,0.32542056859101504,15.5,26096.04,31,0.0,0.0,0.0
43,81076.8,2,1,0.4439468918247414,21.5,40538.4,43,0.0,0.0,1.0
33,103121.33,2,1,2.076045040255065,16.5,51560.665,33,0.0,1.0,0.0
39,129674.89,2,0,1.609821115110718,19.5,64837.445,0,0.0,0.0,1.0
59,137648.41,1,0,0.9627308019014241,59.0,137648.41,0,1.0,0.0,0.0
32,0.0,2,1,0.0,16.0,0.0,32,0.0,0.0,1.0
29,106059.4,1,0,0.5642151311374036,29.0,106059.4,0,1.0,0.0,0.0
33,96759.42,1,1,0.5536133327550758,33.0,96759.42,33,1.0,0.0,1.0
33,132603.36,1,0,2.3774387851918357,33.0,132603.36,0,1.0,0.0,1.0
45,121874.89,1,0,17.752019180209192,45.0,121874.89,0,1.0,0.0,0.0
37,0.0,2,0,0.0,18.5,0.0,0,0.0,0.0,1.0
33,0.0,2,1,0.0,16.5,0.0,33,0.0,1.0,1.0
35,90413.12,1,1,4.398550051300862,35.0,90413.12,35,0.0,0.0,0.0
55,0.0,2,1,0.0,27.5,0.0,55,0.0,1.0,1.0
20,137624.4,2,1,0.6965404223718067,10.0,68812.2,20,0.0,0.0,1.0
29,0.0,2,0,0.0,14.5,0.0,0,0.0,0.0,0.0
50,109062.28,1,1,0.7782597060999985,50.0,109062.28,50,1.0,0.0,0.0
55,0.0,1,0,0.0,55.0,0.0,0,0.0,0.0,1.0
25,104013.79,1,0,0.9062459512948667,25.0,104013.79,0,1.0,0.0,1.0
34,0.0,1,0,0.0,34.0,0.0,0,0.0,1.0,0.0
74,161371.5,1,1,1.1964972473849436,74.0,161371.5,74,1.0,0.0,0.0
73,124730.26,1,1,2.3986819104029844,73.0,124730.26,73,1.0,0.0,1.0
32,0.0,2,0,0.0,16.0,0.0,0,0.0,0.0,0.0
26,0.0,2,1,0.0,13.0,0.0,26,0.0,0.0,0.0
19,125860.2,1,0,0.9704658398263558,19.0,125860.2,0,1.0,0.0,1.0
43,0.0,1,1,0.0,43.0,0.0,43,0.0,0.0,0.0
61,0.0,2,1,0.0,30.5,0.0,61,0.0,0.0,0.0
30,79871.02,2,0,0.6152116868855135,15.0,39935.51,0,1.0,0.0,0.0
54,172192.49,1,1,1.2577791224540822,54.0,172192.49,54,1.0,0.0,1.0
30,176173.52,1,0,1.8153736831410312,30.0,176173.52,0,0.0,0.0,0.0
25,150355.35,2,1,4.2032938002015054,12.5,75177.675,25,1.0,0.0,0.0
41,154007.21,1,0,0.9722172263398182,41.0,154007.21,0,1.0,0.0,0.0
40,0.0,1,0,0.0,40.0,0.0,0,0.0,0.0,0.0
44,83870.33,1,0,0.46927752248405125,44.0,83870.33,0,0.0,1.0,1.0
35,124151.09,1,0,1.3995929660896764,35.0,124151.09,0,0.0,0.0,0.0
32,95153.77,1,1,1.1702576924637897,32.0,95153.77,32,0.0,1.0,0.0
34,0.0,2,1,0.0,17.0,0.0,34,0.0,0.0,0.0
45,103821.47,2,1,1.3331190254783662,22.5,51910.735,45,0.0,0.0,0.0
31,112211.61,1,0,4.272869098472208,31.0,112211.61,0,0.0,0.0,1.0
46,0.0,1,0,0.0,46.0,0.0,0,0.0,0.0,0.0
30,0.0,2,1,0.0,15.0,0.0,30,0.0,0.0,0.0
42,0.0,2,0,0.0,21.0,0.0,0,0.0,0.0,1.0
45,135827.33,2,1,1.030723885475166,22.5,67913.665,45,1.0,0.0,1.0
30,0.0,2,1,0.0,15.0,0.0,30,0.0,1.0,1.0
34,152806.74,1,0,7.761419017380645,34.0,152806.74,0,0.0,1.0,1.0
24,0.0,2,0,0.0,12.0,0.0,0,0.0,0.0,0.0
34,0.0,1,0,0.0,34.0,0.0,0,0.0,1.0,1.0
30,153972.89,2,0,2.451367060849026,15.0,76986.445,0,0.0,0.0,1.0
32,0.0,2,0,0.0,16.0,0.0,0,0.0,0.0,0.0
33,135946.26,1,0,2.1520699699224317,33.0,135946.26,0,0.0,0.0,0.0
41,119782.72,2,0,0.995826982773449,20.5,59891.36,0,0.0,1.0,1.0
29,151012.55,2,0,15.455226042040861,14.5,75506.275,0,0.0,1.0,1.0
50,76817.0,4,0,0.39118275685432985,12.5,19204.25,0,0.0,0.0,1.0
42,0.0,1,0,0.0,42.0,0.0,0,0.0,1.0,0.0
44,128605.32,1,1,0.7516550338347666,44.0,128605.32,44,1.0,0.0,0.0
26,0.0,2,0,0.0,13.0,0.0,0,0.0,1.0,1.0
41,0.0,2,1,0.0,20.5,0.0,41,0.0,0.0,0.0
36,133686.52,1,0,0.7000816093634594,36.0,133686.52,0,0.0,1.0,0.0
52,0.0,1,1,0.0,52.0,0.0,52,0.0,1.0,1.0
49,141434.04,1,0,0.8138718517889795,49.0,141434.04,0,0.0,1.0,0.0
36,115462.02,1,1,2.7115829016858206,36.0,115462.02,36,1.0,0.0,1.0
37,130922.81,2,0,59.86876437583168,18.5,65461.405,0,0.0,1.0,0.0
61,0.0,1,0,0.0,61.0,0.0,0,0.0,0.0,1.0
61,125921.37,1,1,1.3299984801088067,61.0,125921.37,61,0.0,1.0,1.0
39,182491.57,1,0,0.9820312271297232,39.0,182491.57,0,1.0,0.0,0.0
51,0.0,3,0,0.0,17.0,0.0,0,0.0,0.0,1.0
35,110245.13,1,1,0.6183434629290786,35.0,110245.13,35,1.0,0.0,1.0
29,0.0,2,0,0.0,14.5,0.0,0,0.0,1.0,0.0
37,113865.23,2,1,0.9699222079069817,18.5,56932.615,37,1.0,0.0,0.0
38,0.0,2,1,0.0,19.0,0.0,38,0.0,1.0,0.0
34,0.0,2,0,0.0,17.0,0.0,0,0.0,1.0,1.0
31,164003.05,2,1,2.6888730109882686,15.5,82001.525,31,0.0,0.0,0.0
51,141556.96,1,0,1.087314471447896,51.0,141556.96,0,0.0,0.0,1.0
60,0.0,2,1,0.0,30.0,0.0,60,0.0,0.0,0.0
41,134318.21,2,1,0.6781538157364075,20.5,67159.105,41,1.0,0.0,1.0
21,121827.43,2,1,1.220491811572446,10.5,60913.715,21,1.0,0.0,0.0
50,121399.98,1,1,1.436542669584245,50.0,121399.98,50,1.0,0.0,1.0
47,158623.14,1,0,1.8996808259268367,47.0,158623.14,0,0.0,0.0,1.0
55,109339.17,2,0,1.1341545764635932,27.5,54669.585,0,1.0,0.0,1.0
44,23503.31,1,1,0.1383670780770815,44.0,23503.31,44,0.0,0.0,0.0
63,137715.66,1,1,3.629948174346328,63.0,137715.66,63,0.0,1.0,0.0
33,112833.35,1,1,0.6441047922759497,33.0,112833.35,33,0.0,0.0,1.0
33,0.0,2,1,0.0,16.5,0.0,33,0.0,1.0,1.0
64,128751.65,2,0,0.6797934911518158,32.0,64375.825,0,1.0,0.0,0.0
43,202443.47,1,0,2.7971452308897145,43.0,202443.47,0,0.0,0.0,1.0
39,0.0,2,0,0.0,19.5,0.0,0,0.0,1.0,0.0
63,70655.48,1,0,0.8948738408071351,63.0,70655.48,0,0.0,0.0,1.0
45,179334.83,2,1,1.0592496381501522,22.5,89667.415,45,1.0,0.0,1.0
38,0.0,2,0,0.0,19.0,0.0,0,0.0,0.0,1.0
40,0.0,2,1,0.0,20.0,0.0,40,0.0,0.0,0.0
44,179356.28,2,0,61.4400060290284,22.0,89678.14,0,0.0,1.0,0.0
35,0.0,1,0,0.0,35.0,0.0,0,0.0,1.0,0.0
48,114169.16,1,0,0.6588968172804565,48.0,114169.16,0,1.0,0.0,1.0
35,161274.05,2,0,0.8889057242889498,17.5,80637.025,0,0.0,0.0,1.0
27,128940.24,1,0,2.755903573049904,27.0,128940.24,0,0.0,0.0,1.0
36,0.0,1,0,0.0,36.0,0.0,0,0.0,0.0,1.0
71,83116.68,1,1,3.01171834235822,71.0,83116.68,71,0.0,0.0,1.0
25,0.0,2,1,0.0,12.5,0.0,25,0.0,1.0,1.0
31,0.0,2,0,0.0,15.5,0.0,0,0.0,0.0,1.0
40,100275.88,1,0,0.723676659415169,40.0,100275.88,0,1.0,0.0,1.0
39,0.0,2,1,0.0,19.5,0.0,39,0.0,1.0,1.0
29,0.0,2,0,0.0,14.5,0.0,0,0.0,1.0,1.0
30,32197.64,1,1,0.22763201309107267,30.0,32197.64,30,1.0,0.0,0.0
38,97257.41,2,1,0.5406702599644747,19.0,48628.705,38,0.0,1.0,0.0
30,111099.79,2,0,0.7899014569407975,15.0,55549.895,0,0.0,0.0,1.0
37,170057.62,1,1,3.126141941992582,37.0,170057.62,37,1.0,0.0,0.0
51,0.0,3,1,0.0,17.0,0.0,51,0.0,0.0,1.0
35,0.0,2,1,0.0,17.5,0.0,35,0.0,0.0,1.0
38,115934.74,1,1,0.8337087014473349,38.0,115934.74,38,0.0,0.0,1.0
38,124976.19,1,0,3.486269014944159,38.0,124976.19,0,0.0,0.0,1.0
71,0.0,2,1,0.0,35.5,0.0,71,0.0,1.0,1.0
33,115130.34,1,0,0.8888623475686255,33.0,115130.34,0,1.0,0.0,1.0
42,133701.07,2,0,1.3228599349894246,21.0,66850.535,0,0.0,0.0,1.0
39,0.0,2,1,0.0,19.5,0.0,39,0.0,0.0,1.0
28,0.0,1,0,0.0,28.0,0.0,0,0.0,1.0,1.0
37,101438.0,1,0,1.9748636024527417,37.0,101438.0,0,1.0,0.0,1.0
37,123806.28,1,0,1.5139528502201847,37.0,123806.28,0,0.0,0.0,0.0
41,146466.46,2,0,0.8094991413199029,20.5,73233.23,0,0.0,1.0,1.0
33,0.0,2,1,0.0,16.5,0.0,33,0.0,0.0,0.0
35,127543.11,2,0,271.981724740905,17.5,63771.555,0,1.0,0.0,0.0
35,121520.36,1,0,1.574538063878478,35.0,121520.36,0,1.0,0.0,0.0
36,117700.86,1,0,1.5896499284190055,36.0,117700.86,0,1.0,0.0,0.0
36,127675.39,2,0,1.719298611799382,18.0,63837.695,0,1.0,0.0,0.0
41,94521.17,2,0,0.48490582570303553,20.5,47260.585,0,0.0,1.0,0.0
39,0.0,2,1,0.0,19.5,0.0,39,0.0,1.0,0.0
34,131736.88,1,1,1.2136814453893523,34.0,131736.88,34,1.0,0.0,0.0
43,113034.31,1,1,1.125572025299162,43.0,113034.31,43,0.0,1.0,1.0
20,121093.29,2,0,34.306769375474545,10.0,60546.645,0,1.0,0.0,0.0
32,0.0,2,0,0.0,16.0,0.0,0,0.0,0.0,1.0
69,115462.44,1,0,2.8564348952683285,69.0,115462.44,0,0.0,1.0,1.0
31,132084.66,3,1,2.4247071289161455,10.333333333333334,44028.22,31,0.0,0.0,1.0
33,0.0,2,0,0.0,16.5,0.0,0,0.0,0.0,0.0
45,151421.44,1,1,1.3129015585507169,45.0,151421.44,45,1.0,0.0,1.0
46,129269.27,1,0,0.7906167989557219,46.0,129269.27,0,1.0,0.0,1.0
31,150604.52,1,0,27.055028203930583,31.0,150604.52,0,1.0,0.0,1.0
36,0.0,2,1,0.0,18.0,0.0,36,0.0,0.0,0.0
22,114415.84,1,1,0.6446057238021514,22.0,114415.84,22,0.0,0.0,0.0
25,146566.01,1,1,0.9080496765081767,25.0,146566.01,25,1.0,0.0,0.0
41,87541.06,2,1,6.960292465499106,20.5,43770.53,41,1.0,0.0,0.0
43,133237.21,1,0,1.199980744426939,43.0,133237.21,0,0.0,0.0,1.0
33,0.0,1,0,0.0,33.0,0.0,0,0.0,0.0,0.0
30,0.0,2,1,0.0,15.0,0.0,30,0.0,0.0,0.0
54,133656.91,3,0,0.9213185679072496,18.0,44552.30333333334,0,1.0,0.0,0.0
75,0.0,2,1,0.0,37.5,0.0,75,0.0,1.0,0.0
44,161889.79,1,0,2.1424629184302737,44.0,161889.79,0,0.0,0.0,1.0
71,183135.39,2,1,0.9263836287897375,35.5,91567.695,71,0.0,0.0,1.0
44,0.0,2,1,0.0,22.0,0.0,44,0.0,0.0,0.0
32,0.0,2,0,0.0,16.0,0.0,0,0.0,1.0,0.0
33,83501.66,2,0,0.6480969496506982,16.5,41750.83,0,1.0,0.0,1.0
35,0.0,2,1,0.0,17.5,0.0,35,0.0,0.0,0.0
42,0.0,2,0,0.0,21.0,0.0,0,0.0,0.0,1.0
50,121498.11,2,1,1.1455442772950442,25.0,60749.055,50,1.0,0.0,0.0
33,144753.21,1,1,1.0926357980310346,33.0,144753.21,33,1.0,0.0,0.0
30,112543.42,1,1,0.6272092305629425,30.0,112543.42,30,0.0,0.0,0.0
33,0.0,2,0,0.0,16.5,0.0,0,0.0,0.0,0.0
38,65962.63,1,1,0.6534157143185452,38.0,65962.63,38,0.0,0.0,1.0
32,0.0,2,1,0.0,16.0,0.0,32,0.0,0.0,1.0
25,182876.88,2,1,4.299182910926548,12.5,91438.44,25,0.0,1.0,1.0
40,0.0,2,1,0.0,20.0,0.0,40,0.0,1.0,1.0
29,0.0,2,0,0.0,14.5,0.0,0,0.0,1.0,1.0
36,126477.42,1,0,0.7037542169497941,36.0,126477.42,0,0.0,0.0,1.0
49,116933.11,1,0,0.5994922523339485,49.0,116933.11,0,1.0,0.0,1.0
40,113348.14,1,0,3.5527532173552725,40.0,113348.14,0,0.0,0.0,1.0
24,122109.78,1,1,0.9565656075855453,24.0,122109.78,24,0.0,1.0,1.0
55,118793.6,1,1,1.2501691713141858,55.0,118793.6,55,0.0,0.0,1.0
41,0.0,2,0,0.0,20.5,0.0,0,0.0,0.0,1.0
43,0.0,1,1,0.0,43.0,0.0,43,0.0,0.0,0.0
34,165312.27,1,0,1.0631312918568836,34.0,165312.27,0,0.0,0.0,1.0
40,129860.37,1,0,7.217295783790754,40.0,129860.37,0,0.0,0.0,0.0
46,170826.55,2,0,3.7926630480634222,23.0,85413.275,0,1.0,0.0,1.0
81,0.0,2,1,0.0,40.5,0.0,81,0.0,0.0,0.0
33,191523.09,1,1,1.1464415362858875,33.0,191523.09,33,0.0,0.0,1.0
32,144705.87,2,0,0.8438518179341385,16.0,72352.935,0,0.0,0.0,0.0
26,108348.66,1,0,1.7988631907363128,26.0,108348.66,0,1.0,0.0,0.0
40,160818.08,1,1,0.9479843244128093,40.0,160818.08,40,0.0,0.0,1.0
42,145988.65,2,1,1.8360957193382448,21.0,72994.325,42,0.0,0.0,0.0
61,66250.71,1,1,3.0308123954095008,61.0,66250.71,61,0.0,0.0,1.0
41,109508.68,1,0,1.2619641427771011,41.0,109508.68,0,0.0,1.0,0.0
30,113672.18,2,0,1.1129500767212945,15.0,56836.09,0,0.0,1.0,1.0
39,151914.93,1,0,2.6906909295078147,39.0,151914.93,0,0.0,1.0,1.0
32,108262.87,1,1,15.610386558063013,32.0,108262.87,32,1.0,0.0,0.0
40,0.0,2,1,0.0,20.0,0.0,40,0.0,1.0,1.0
32,84378.9,1,1,1.119136542671848,32.0,84378.9,32,0.0,0.0,0.0
51,97750.07,3,1,0.5064396278285346,17.0,32583.35666666667,51,1.0,0.0,1.0
38,94456.0,2,1,1.71632019612596,19.0,47228.0,38,0.0,0.0,1.0
22,76318.64,1,1,0.3918134179183494,22.0,76318.64,22,0.0,0.0,0.0
30,0.0,2,0,0.0,15.0,0.0,0,0.0,0.0,1.0
30,53291.86,1,0,0.27109188071274787,30.0,53291.86,0,0.0,1.0,1.0
56,123785.24,1,0,1.244022377787111,56.0,123785.24,0,0.0,0.0,0.0
33,89276.48,1,0,12.828923695933323,33.0,89276.48,0,0.0,0.0,1.0
30,0.0,2,1,0.0,15.0,0.0,30,0.0,0.0,1.0
41,90605.29,1,1,6.310879013721529,41.0,90605.29,41,0.0,0.0,1.0
43,170172.9,1,1,1.6977220364495715,43.0,170172.9,43,0.0,1.0,0.0
35,75915.75,1,0,0.5043986864967398,35.0,75915.75,0,0.0,0.0,1.0
35,0.0,2,0,0.0,17.5,0.0,0,0.0,1.0,0.0
31,0.0,2,1,0.0,15.5,0.0,31,0.0,0.0,0.0
46,117685.31,2,1,1.2605491517544654,23.0,58842.655,46,0.0,0.0,1.0
57,0.0,2,1,0.0,28.5,0.0,57,0.0,1.0,1.0
54,120633.42,1,0,20.36220161434614,54.0,120633.42,0,0.0,0.0,0.0
34,0.0,2,1,0.0,17.0,0.0,34,0.0,1.0,1.0
36,0.0,2,1,0.0,18.0,0.0,36,0.0,1.0,0.0
38,72594.0,1,1,0.9546506110794915,38.0,72594.0,38,0.0,0.0,0.0
72,124978.19,2,1,17.49302116605034,36.0,62489.095,72,1.0,0.0,0.0
29,82916.48,1,1,0.9855348905096996,29.0,82916.48,29,1.0,0.0,1.0
35,127283.78,1,1,4.066269145926744,35.0,127283.78,35,0.0,1.0,1.0
35,123042.0,1,0,1.857365578672283,35.0,123042.0,0,1.0,0.0,0.0
62,142724.48,1,1,24.218379394661337,62.0,142724.48,62,1.0,0.0,0.0
29,0.0,2,1,0.0,14.5,0.0,29,0.0,0.0,0.0
44,0.0,1,1,0.0,44.0,0.0,44,0.0,1.0,0.0
35,121063.49,1,0,1.417248799716418,35.0,121063.49,0,0.0,0.0,1.0
41,0.0,2,1,0.0,20.5,0.0,41,0.0,0.0,0.0
45,108231.37,1,1,0.5739461648175613,45.0,108231.37,45,1.0,0.0,1.0
54,75900.84,1,1,0.3949986953217788,54.0,75900.84,54,1.0,0.0,0.0
41,131341.46,2,1,18.669876359997385,20.5,65670.73,41,1.0,0.0,1.0
37,157084.99,1,0,1.165603140765853,37.0,157084.99,0,0.0,1.0,1.0
30,161378.02,1,0,2.243658646047036,30.0,161378.02,0,1.0,0.0,0.0
32,110029.77,1,0,1.9561999114970143,32.0,110029.77,0,1.0,0.0,1.0
51,105056.13,1,0,1.4877622585589843,51.0,105056.13,0,0.0,0.0,0.0
66,111577.01,1,1,0.5895064719062894,66.0,111577.01,66,1.0,0.0,0.0
42,121490.05,1,1,4.146879482153987,42.0,121490.05,42,0.0,1.0,1.0
49,0.0,2,0,0.0,24.5,0.0,0,0.0,0.0,0.0
44,136836.49,1,0,0.7113566289023856,44.0,136836.49,0,0.0,0.0,0.0
33,102017.25,2,0,0.793288190426024,16.5,51008.625,0,0.0,0.0,0.0
34,0.0,2,0,0.0,17.0,0.0,0,0.0,1.0,0.0
42,121453.63,1,0,2.6189665299827665,42.0,121453.63,0,0.0,0.0,0.0
28,124695.72,2,0,0.8584823480126001,14.0,62347.86,0,1.0,0.0,1.0
34,148962.46,1,0,2.2437677202530586,34.0,148962.46,0,1.0,0.0,0.0
49,0.0,1,0,0.0,49.0,0.0,0,0.0,0.0,0.0
41,0.0,1,1,0.0,41.0,0.0,41,0.0,0.0,1.0
35,98585.94,2,1,0.929031999068197,17.5,49292.97,35,1.0,0.0,1.0
36,0.0,2,1,0.0,18.0,0.0,36,0.0,0.0,1.0
40,163505.16,1,0,1.8082035439892181,40.0,163505.16,0,0.0,0.0,1.0
32,107209.73,1,1,0.9543309518765322,32.0,107209.73,32,0.0,0.0,1.0
31,0.0,2,1,0.0,15.5,0.0,31,0.0,1.0,1.0
39,48023.83,1,0,0.6414210630846473,39.0,48023.83,0,0.0,0.0,0.0
53,123805.03,1,0,1.208696973137655,53.0,123805.03,0,1.0,0.0,0.0
47,63723.78,2,1,0.35026874605785524,23.5,31861.89,47,1.0,0.0,1.0
28,0.0,2,0,0.0,14.0,0.0,0,0.0,0.0,0.0
29,108541.04,1,1,0.8582416462394091,29.0,108541.04,29,0.0,0.0,0.0
46,105969.42,1,0,18.36062000568304,46.0,105969.42,0,0.0,0.0,1.0
67,148564.66,1,1,1.7030122746926744,67.0,148564.66,67,0.0,1.0,1.0
32,0.0,1,1,0.0,32.0,0.0,32,0.0,0.0,1.0
35,137482.19,1,0,2.2036163223370657,35.0,137482.19,0,0.0,0.0,1.0
28,75381.15,1,1,0.37741956900123824,28.0,75381.15,28,0.0,0.0,1.0
42,139561.46,1,0,3.213078816072501,42.0,139561.46,0,0.0,0.0,1.0
31,98108.79,1,1,0.8175940305149422,31.0,98108.79,31,0.0,1.0,1.0
38,148045.68,1,0,0.8436616565587675,38.0,148045.68,0,0.0,0.0,1.0
37,0.0,2,1,0.0,18.5,0.0,37,0.0,0.0,0.0
29,95947.76,1,0,20.429891577450153,29.0,95947.76,0,0.0,0.0,0.0
30,136622.55,2,0,2.8878008228239804,15.0,68311.275,0,1.0,0.0,1.0
31,110071.1,1,0,2.5060949843083185,31.0,110071.1,0,0.0,1.0,1.0
25,142862.21,1,1,1.0935647016920902,25.0,142862.21,25,0.0,1.0,1.0
35,0.0,1,1,0.0,35.0,0.0,35,0.0,0.0,0.0
32,0.0,2,0,0.0,16.0,0.0,0,0.0,0.0,1.0
32,108586.86,1,1,0.5954689202463698,32.0,108586.86,32,1.0,0.0,1.0
42,59972.26,2,1,0.40474502294413545,21.0,29986.13,42,1.0,0.0,1.0
24,108058.07,2,1,0.5753090983995783,12.0,54029.035,24,0.0,1.0,1.0
37,113143.12,1,0,33.63990771133628,37.0,113143.12,0,0.0,0.0,0.0
31,0.0,2,0,0.0,15.5,0.0,0,0.0,0.0,0.0
35,206868.78,2,1,2.008704859828239,17.5,103434.39,35,1.0,0.0,0.0
38,0.0,2,0,0.0,19.0,0.0,0,0.0,1.0,1.0
66,86459.8,1,1,0.6111245566049952,66.0,86459.8,66,0.0,0.0,1.0
32,0.0,1,1,0.0,32.0,0.0,32,0.0,0.0,0.0
36,181671.16,2,1,3.157788286482764,18.0,90835.58,36,1.0,0.0,1.0
39,83348.89,3,0,10.479365370736847,13.0,27782.963333333333,0,1.0,0.0,0.0
47,170935.94,1,0,0.9870432340863792,47.0,170935.94,0,1.0,0.0,0.0
41,0.0,2,0,0.0,20.5,0.0,0,0.0,0.0,0.0
25,60205.2,2,0,4.2780309398562215,12.5,30102.6,0,1.0,0.0,1.0
39,0.0,2,1,0.0,19.5,0.0,39,0.0,0.0,1.0
42,0.0,2,1,0.0,21.0,0.0,42,0.0,0.0,1.0
34,127122.79,3,1,1.6573357530530055,11.333333333333334,42374.26333333333,34,1.0,0.0,0.0
35,136526.26,2,0,2.288672679325761,17.5,68263.13,0,0.0,1.0,0.0
42,99263.09,1,1,1.4682173237151281,42.0,99263.09,42,0.0,0.0,1.0
35,131101.04,1,1,0.6797989366701535,35.0,131101.04,35,1.0,0.0,0.0
50,109387.9,1,0,0.7024601346702102,50.0,109387.9,0,1.0,0.0,1.0
33,138847.9,1,1,1.0910851845128782,33.0,138847.9,33,1.0,0.0,0.0
33,0.0,2,1,0.0,16.5,0.0,33,0.0,0.0,0.0
38,117633.28,1,1,1.3307443951464195,38.0,117633.28,38,1.0,0.0,1.0
33,0.0,1,1,0.0,33.0,0.0,33,0.0,0.0,1.0
65,0.0,1,1,0.0,65.0,0.0,65,0.0,0.0,1.0
46,0.0,2,0,0.0,23.0,0.0,0,0.0,0.0,0.0
32,175307.32,1,0,0.9372155425013778,32.0,175307.32,0,0.0,0.0,1.0
40,128644.46,1,0,0.7672325068673697,40.0,128644.46,0,1.0,0.0,0.0
28,159900.38,1,0,7.044516480340603,28.0,159900.38,0,0.0,1.0,1.0
30,0.0,2,1,0.0,15.0,0.0,30,0.0,0.0,0.0
59,190353.08,1,0,2.4290341124789845,59.0,190353.08,0,1.0,0.0,0.0
47,142382.03,1,1,2.293280420161381,47.0,142382.03,47,0.0,0.0,1.0
26,0.0,2,1,0.0,13.0,0.0,26,0.0,0.0,0.0
44,119530.52,1,0,1.0039799530778115,44.0,119530.52,0,1.0,0.0,1.0
27,106414.57,2,0,1.3730768749384685,13.5,53207.285,0,0.0,0.0,0.0
44,0.0,1,1,0.0,44.0,0.0,44,0.0,0.0,0.0
55,159441.27,1,0,1.5835478200518422,55.0,159441.27,0,0.0,0.0,0.0
44,98862.54,1,0,0.6524860955921029,44.0,98862.54,0,0.0,0.0,1.0
34,0.0,1,1,0.0,34.0,0.0,34,0.0,0.0,1.0
58,0.0,2,1,0.0,29.0,0.0,58,0.0,0.0,1.0
49,0.0,2,0,0.0,24.5,0.0,0,0.0,0.0,1.0
34,137239.17,1,1,1.922657940776622,34.0,137239.17,34,1.0,0.0,0.0
56,90778.76,2,0,0.5595901017403933,28.0,45389.38,0,0.0,1.0,0.0
31,78990.15,1,1,0.6330498519199911,31.0,78990.15,31,0.0,0.0,1.0
34,91622.42,1,1,0.6707183465831236,34.0,91622.42,34,1.0,0.0,0.0
37,183613.66,2,0,3.6918444055627693,18.5,91806.83,0,0.0,0.0,0.0
25,0.0,2,1,0.0,12.5,0.0,25,0.0,1.0,0.0
40,171325.98,1,1,1.072676156584967,40.0,171325.98,40,0.0,1.0,0.0
30,131406.56,1,1,2.7403513272001745,30.0,131406.56,30,0.0,0.0,1.0
57,101465.31,1,0,2.328878719417852,57.0,101465.31,0,1.0,0.0,0.0
34,0.0,2,1,0.0,17.0,0.0,34,0.0,0.0,0.0
45,114959.12,1,0,0.6070852823520023,45.0,114959.12,0,0.0,0.0,0.0
34,151839.26,1,0,1.4842574976434464,34.0,151839.26,0,0.0,1.0,1.0
67,149436.73,2,1,1.4060300854117989,33.5,74718.365,67,0.0,0.0,1.0
35,0.0,2,0,0.0,17.5,0.0,0,0.0,0.0,1.0
29,0.0,2,1,0.0,14.5,0.0,29,0.0,1.0,0.0
33,0.0,2,0,0.0,16.5,0.0,0,0.0,1.0,0.0
38,0.0,2,0,0.0,19.0,0.0,0,0.0,1.0,0.0
41,82161.7,2,0,0.4375505155091567,20.5,41080.85,0,1.0,0.0,0.0
41,0.0,2,0,0.0,20.5,0.0,0,0.0,1.0,0.0
37,79731.91,1,1,1.3852217596047185,37.0,79731.91,37,1.0,0.0,1.0
38,0.0,2,0,0.0,19.0,0.0,0,0.0,0.0,1.0
35,0.0,2,1,0.0,17.5,0.0,35,0.0,0.0,0.0
34,95039.73,2,1,0.6462831439506631,17.0,47519.865,34,1.0,0.0,1.0
31,0.0,2,0,0.0,15.5,0.0,0,0.0,0.0,0.0
31,58662.92,2,1,0.8000725566678486,15.5,29331.46,31,0.0,0.0,1.0
29,180520.29,1,1,1.4575651563359655,29.0,180520.29,29,1.0,0.0,0.0
34,204017.4,2,0,1.8625202954033906,17.0,102008.7,0,1.0,0.0,1.0
46,102785.16,1,1,1.4616009856139498,46.0,102785.16,46,1.0,0.0,0.0
31,121461.87,1,1,5.9446620487674044,31.0,121461.87,31,0.0,1.0,1.0
39,0.0,2,0,0.0,19.5,0.0,0,0.0,1.0,1.0
50,125647.36,1,0,2.1836114303033587,50.0,125647.36,0,0.0,0.0,1.0
54,83102.72,2,1,1.5351602065508,27.0,41551.36,54,0.0,1.0,0.0
40,109681.61,1,1,0.567353985308396,40.0,109681.61,40,0.0,1.0,1.0
52,0.0,1,1,0.0,52.0,0.0,52,0.0,1.0,0.0
37,0.0,2,0,0.0,18.5,0.0,0,0.0,1.0,1.0
33,124125.26,1,0,1.5158522705068582,33.0,124125.26,0,1.0,0.0,1.0
44,107726.93,2,0,0.7037991800469957,22.0,53863.465,0,0.0,1.0,1.0
40,0.0,2,0,0.0,20.0,0.0,0,0.0,0.0,0.0
42,92578.14,2,0,1.307405106015201,21.0,46289.07,0,0.0,0.0,0.0
36,92716.96,1,1,2.751752994172812,36.0,92716.96,36,0.0,1.0,0.0
49,171787.84,2,0,0.9177081762421442,24.5,85893.92,0,1.0,0.0,1.0
38,0.0,2,1,0.0,19.0,0.0,38,0.0,1.0,0.0
20,0.0,2,1,0.0,10.0,0.0,20,0.0,1.0,1.0
28,191402.82,2,0,2.299453377287406,14.0,95701.41,0,0.0,0.0,1.0
20,0.0,1,1,0.0,20.0,0.0,20,0.0,0.0,0.0
42,102936.72,1,0,86.65582382058793,42.0,102936.72,0,0.0,0.0,1.0
42,0.0,2,0,0.0,21.0,0.0,0,0.0,0.0,1.0
24,0.0,2,1,0.0,12.0,0.0,24,0.0,1.0,0.0
24,0.0,1,0,0.0,24.0,0.0,0,0.0,0.0,0.0
52,151457.88,1,1,3.703705297722554,52.0,151457.88,52,0.0,0.0,1.0
38,115341.55,1,1,0.6642838811902719,38.0,115341.55,38,0.0,0.0,1.0
22,154377.3,1,1,2.9847788696078537,22.0,154377.3,22,0.0,0.0,1.0
32,170291.22,2,1,10.874981081155298,16.0,85145.61,32,1.0,0.0,1.0
41,81733.74,2,0,0.409157049396307,20.5,40866.87,0,1.0,0.0,0.0
35,124616.23,1,1,1.79767002683315,35.0,124616.23,35,0.0,0.0,1.0
35,110046.93,2,0,4.18131611973678,17.5,55023.465,0,0.0,1.0,1.0
32,136659.74,1,1,9.632214483167909,32.0,136659.74,32,0.0,1.0,1.0
34,125474.44,1,0,0.6307472021291527,34.0,125474.44,0,0.0,0.0,0.0
71,170252.05,3,1,2.310708433638135,23.666666666666668,56750.68333333333,71,0.0,0.0,0.0
33,130367.87,1,0,8.609629443736337,33.0,130367.87,0,1.0,0.0,0.0
29,0.0,2,0,0.0,14.5,0.0,0,0.0,1.0,1.0
40,137285.26,4,0,1.7814533262967238,10.0,34321.315,0,0.0,0.0,0.0
28,0.0,2,0,0.0,14.0,0.0,0,0.0,0.0,0.0
38,137654.05,2,1,0.7973950827803817,19.0,68827.025,38,0.0,0.0,0.0
37,133200.09,1,0,1.8646626782697509,37.0,133200.09,0,1.0,0.0,0.0
31,143966.3,2,1,1.0264028365008124,15.5,71983.15,31,1.0,0.0,1.0
68,0.0,2,1,0.0,34.0,0.0,68,0.0,0.0,1.0
30,0.0,2,1,0.0,15.0,0.0,30,0.0,0.0,1.0
53,89550.85,1,1,0.9941605418040262,53.0,89550.85,53,0.0,0.0,0.0
30,156660.72,2,0,3.4248454716650323,15.0,78330.36,0,0.0,0.0,1.0
37,156091.97,1,0,2.167684808802725,37.0,156091.97,0,0.0,0.0,0.0
31,174853.46,1,0,2.0756921141761207,31.0,174853.46,0,0.0,1.0,0.0
28,110976.23,2,0,0.8011164758109179,14.0,55488.115,0,0.0,0.0,1.0
35,0.0,2,1,0.0,17.5,0.0,35,0.0,1.0,1.0
27,0.0,2,1,0.0,13.5,0.0,27,0.0,1.0,0.0
37,0.0,2,1,0.0,18.5,0.0,37,0.0,0.0,1.0
56,0.0,3,1,0.0,18.666666666666668,0.0,56,0.0,0.0,0.0
26,0.0,2,1,0.0,13.0,0.0,26,0.0,1.0,1.0
35,171982.95,2,1,1.02791102930572,17.5,85991.475,35,1.0,0.0,0.0
41,89763.84,1,0,0.4503848729337797,41.0,89763.84,0,0.0,1.0,0.0
39,0.0,1,0,0.0,39.0,0.0,0,0.0,0.0,0.0
28,137222.77,1,0,3.464470829300116,28.0,137222.77,0,0.0,0.0,1.0
37,155187.3,1,0,3.1715667841114388,37.0,155187.3,0,0.0,1.0,1.0
25,115142.9,1,1,0.7774727639865102,25.0,115142.9,25,1.0,0.0,1.0
43,161256.53,1,1,1.1512438248532517,43.0,161256.53,43,0.0,0.0,1.0
44,0.0,2,0,0.0,22.0,0.0,0,0.0,0.0,0.0
38,128718.78,1,0,1.121307705274125,38.0,128718.78,0,0.0,1.0,1.0
50,126608.37,1,1,196.1065813726553,50.0,126608.37,50,1.0,0.0,1.0
52,112383.03,1,0,1.3141697899478193,52.0,112383.03,0,1.0,0.0,0.0
50,117565.03,2,0,1.423999000966209,25.0,58782.515,0,0.0,0.0,0.0
56,0.0,1,0,0.0,56.0,0.0,0,0.0,0.0,1.0
42,0.0,2,0,0.0,21.0,0.0,0,0.0,1.0,1.0
35,0.0,3,0,0.0,11.666666666666666,0.0,0,0.0,1.0,1.0
32,0.0,2,1,0.0,16.0,0.0,32,0.0,1.0,1.0
36,0.0,1,0,0.0,36.0,0.0,0,0.0,0.0,0.0
50,0.0,2,0,0.0,25.0,0.0,0,0.0,1.0,1.0
34,111388.18,2,0,0.7497617873848413,17.0,55694.09,0,1.0,0.0,0.0
35,0.0,2,0,0.0,17.5,0.0,0,0.0,1.0,1.0
40,139930.18,1,1,1.3235911925538466,40.0,139930.18,40,0.0,0.0,1.0
34,100337.96,3,0,2.0663021767867216,11.333333333333334,33445.98666666667,0,1.0,0.0,1.0
43,150805.17,3,1,5.952906936122526,14.333333333333334,50268.39000000001,43,1.0,0.0,1.0
43,0.0,2,1,0.0,21.5,0.0,43,0.0,0.0,0.0
55,149349.58,3,0,1.0860214287501038,18.333333333333332,49783.19333333333,0,1.0,0.0,0.0
38,117314.92,1,0,0.9614296123472839,38.0,117314.92,0,1.0,0.0,0.0
42,0.0,2,0,0.0,21.0,0.0,0,0.0,0.0,0.0
32,111537.23,4,1,11.743245676190435,8.0,27884.3075,32,1.0,0.0,0.0
28,0.0,2,1,0.0,14.0,0.0,28,0.0,0.0,0.0
35,154206.07,2,1,3.830113341557901,17.5,77103.035,35,1.0,0.0,0.0
54,134388.11,1,0,2.6901946740242524,54.0,134388.11,0,1.0,0.0,1.0
35,147127.81,2,1,1.735802205503258,17.5,73563.905,35,1.0,0.0,1.0
37,0.0,2,0,0.0,18.5,0.0,0,0.0,1.0,1.0
33,97188.62,1,0,1.0577629025452298,33.0,97188.62,0,0.0,1.0,1.0
34,74197.38,2,0,0.7659043275328999,17.0,37098.69,0,0.0,0.0,0.0
36,0.0,2,1,0.0,18.0,0.0,36,0.0,1.0,1.0
33,0.0,1,0,0.0,33.0,0.0,0,0.0,0.0,1.0
44,0.0,2,0,0.0,22.0,0.0,0,0.0,0.0,0.0
28,0.0,2,1,0.0,14.0,0.0,28,0.0,1.0,1.0
43,129264.05,2,0,6.750031592458332,21.5,64632.025,0,1.0,0.0,0.0
39,0.0,3,0,0.0,13.0,0.0,0,0.0,0.0,1.0
24,133811.78,1,0,7.786114820536542,24.0,133811.78,0,1.0,0.0,1.0
31,0.0,2,1,0.0,15.5,0.0,31,0.0,0.0,1.0
47,0.0,2,0,0.0,23.5,0.0,0,0.0,0.0,1.0
33,0.0,2,0,0.0,16.5,0.0,0,0.0,1.0,1.0
38,90957.81,1,1,0.5604142803355099,38.0,90957.81,38,0.0,0.0,1.0
73,170241.7,2,1,1.0292231401681033,36.5,85120.85,73,0.0,0.0,1.0
22,0.0,2,0,0.0,11.0,0.0,0,0.0,0.0,1.0
31,161171.7,2,0,12.791465673646066,15.5,80585.85,0,0.0,0.0,1.0
49,180614.04,1,0,345.34233269598474,49.0,180614.04,0,0.0,0.0,1.0
34,98382.72,1,0,2.488056243993728,34.0,98382.72,0,0.0,1.0,1.0
24,95741.75,1,0,2.0736451108114986,24.0,95741.75,0,0.0,0.0,1.0
48,0.0,1,0,0.0,48.0,0.0,0,0.0,0.0,0.0
37,169902.92,1,1,1.3247152690809911,37.0,169902.92,37,0.0,1.0,1.0
38,0.0,1,1,0.0,38.0,0.0,38,0.0,1.0,1.0
40,148556.74,1,1,1.0171197693711103,40.0,148556.74,40,0.0,0.0,1.0
34,0.0,2,0,0.0,17.0,0.0,0,0.0,0.0,1.0
40,147171.2,1,1,2.106959423358956,40.0,147171.2,40,1.0,0.0,0.0
26,84006.88,2,0,0.45782564037612966,13.0,42003.44,0,0.0,0.0,1.0
45,158621.04,1,0,1.3120783873601904,45.0,158621.04,0,0.0,0.0,0.0
41,0.0,2,1,0.0,20.5,0.0,41,0.0,0.0,1.0
27,0.0,2,1,0.0,13.5,0.0,27,0.0,1.0,0.0
36,114997.42,1,0,1.5271072261812075,36.0,114997.42,0,0.0,0.0,0.0
50,90305.76,1,1,0.7246108113221762,50.0,90305.76,50,0.0,0.0,1.0
44,125584.17,2,1,3.000655878872911,22.0,62792.085,44,1.0,0.0,0.0
46,131764.96,1,1,1.2144162072378175,46.0,131764.96,46,0.0,1.0,1.0
46,130812.91,1,1,1.6774855946676612,46.0,130812.91,46,1.0,0.0,1.0
38,0.0,2,0,0.0,19.0,0.0,0,0.0,0.0,0.0
55,44020.89,1,0,0.6683563503197479,55.0,44020.89,0,0.0,0.0,0.0
27,112045.67,1,1,0.9359898539958119,27.0,112045.67,27,1.0,0.0,0.0
29,0.0,2,0,0.0,14.5,0.0,0,0.0,1.0,0.0
26,157624.84,1,1,3.1779669337875336,26.0,157624.84,26,0.0,0.0,0.0
34,142393.11,1,1,12.627443138284287,34.0,142393.11,34,1.0,0.0,1.0
33,66220.17,1,1,0.387662766573814,33.0,66220.17,33,0.0,1.0,1.0
40,0.0,1,1,0.0,40.0,0.0,40,0.0,0.0,1.0
38,182065.85,1,0,3.677837930651368,38.0,182065.85,0,0.0,0.0,0.0
24,149592.14,1,1,0.9728190734582025,24.0,149592.14,24,0.0,1.0,0.0
39,0.0,2,1,0.0,19.5,0.0,39,0.0,0.0,0.0
27,121325.84,1,1,0.7387839879384035,27.0,121325.84,27,0.0,0.0,1.0
36,106192.1,1,0,0.7099560830747852,36.0,106192.1,0,0.0,0.0,1.0
68,110357.0,1,0,0.7772849142195307,68.0,110357.0,0,1.0,0.0,0.0
38,0.0,2,0,0.0,19.0,0.0,0,0.0,0.0,0.0
30,0.0,2,0,0.0,15.0,0.0,0,0.0,0.0,1.0
21,0.0,2,1,0.0,10.5,0.0,21,0.0,0.0,0.0
31,114519.57,2,1,1.4455522593339578,15.5,57259.785,31,0.0,0.0,0.0
27,155879.09,2,0,2.2024607004425434,13.5,77939.545,0,0.0,0.0,0.0
28,88963.31,2,1,0.4686227497028681,14.0,44481.655,28,0.0,0.0,1.0
42,113657.41,2,1,0.8121479552069403,21.0,56828.705,42,1.0,0.0,0.0
47,0.0,2,0,0.0,23.5,0.0,0,0.0,0.0,0.0
36,0.0,2,0,0.0,18.0,0.0,0,0.0,0.0,0.0
69,0.0,1,1,0.0,69.0,0.0,69,0.0,1.0,0.0
53,109330.06,1,1,1.4412080884249818,53.0,109330.06,53,0.0,1.0,0.0
24,102773.2,2,0,1.8096097020373278,12.0,51386.6,0,1.0,0.0,1.0
38,129378.32,1,1,9.548680599940662,38.0,129378.32,38,0.0,1.0,1.0
33,128306.83,1,1,1.1296525583243435,33.0,128306.83,33,0.0,0.0,0.0
38,117810.79,1,1,1.7950115438534635,38.0,117810.79,38,0.0,0.0,1.0
36,0.0,2,0,0.0,18.0,0.0,0,0.0,0.0,0.0
49,0.0,1,1,0.0,49.0,0.0,49,0.0,0.0,0.0
38,129055.13,1,0,0.8212351840712289,38.0,129055.13,0,1.0,0.0,0.0
48,102962.62,1,0,0.8519668340465284,48.0,102962.62,0,1.0,0.0,0.0
46,62400.48,1,1,0.4709527413880274,46.0,62400.48,46,0.0,1.0,1.0
39,70657.61,2,1,0.923918141692726,19.5,35328.805,39,0.0,0.0,1.0
56,0.0,1,0,0.0,56.0,0.0,0,0.0,0.0,0.0
37,149762.08,1,0,7.259643033728561,37.0,149762.08,0,0.0,0.0,1.0
60,85891.55,1,0,1.1585754890910533,60.0,85891.55,0,0.0,0.0,1.0
31,125167.02,1,0,1.2666112732402697,31.0,125167.02,0,0.0,1.0,1.0
61,0.0,2,1,0.0,30.5,0.0,61,0.0,0.0,1.0
51,127545.56,2,0,1.603156499413894,25.5,63772.78,0,1.0,0.0,1.0
42,0.0,2,0,0.0,21.0,0.0,0,0.0,0.0,0.0
46,0.0,2,1,0.0,23.0,0.0,46,0.0,0.0,1.0
47,0.0,2,0,0.0,23.5,0.0,0,0.0,0.0,1.0
24,143221.35,2,0,0.7698594119451899,12.0,71610.675,0,1.0,0.0,1.0
39,0.0,2,0,0.0,19.5,0.0,0,0.0,0.0,1.0
45,0.0,2,1,0.0,22.5,0.0,45,0.0,1.0,0.0
35,0.0,1,0,0.0,35.0,0.0,0,0.0,0.0,0.0
33,150092.8,1,0,2.0886024603275213,33.0,150092.8,0,0.0,1.0,1.0
33,56084.69,2,0,0.3136760434798731,16.5,28042.345,0,0.0,1.0,1.0
46,0.0,1,1,0.0,46.0,0.0,46,0.0,0.0,0.0
36,96643.32,1,0,0.5308343524153232,36.0,96643.32,0,1.0,0.0,1.0
24,135125.28,1,0,1.5047040207389821,24.0,135125.28,0,0.0,0.0,1.0
40,0.0,2,0,0.0,20.0,0.0,0,0.0,1.0,0.0
39,0.0,1,1,0.0,39.0,0.0,39,0.0,0.0,0.0
38,130170.82,1,1,0.8701280123572507,38.0,130170.82,38,1.0,0.0,1.0
32,138901.61,1,0,1.8352359096408486,32.0,138901.61,0,0.0,1.0,0.0
35,148172.44,1,1,35.484625258640506,35.0,148172.44,35,0.0,0.0,1.0
34,147422.44,1,1,3.498097101790758,34.0,147422.44,34,0.0,1.0,1.0
57,0.0,2,1,0.0,28.5,0.0,57,0.0,1.0,0.0
39,117103.26,2,1,1.3626557992364685,19.5,58551.63,39,0.0,0.0,0.0
27,0.0,1,0,0.0,27.0,0.0,0,0.0,0.0,0.0
31,0.0,2,1,0.0,15.5,0.0,31,0.0,1.0,0.0
42,0.0,1,0,0.0,42.0,0.0,0,0.0,0.0,1.0
47,99353.42,1,0,0.5054871321448478,47.0,99353.42,0,1.0,0.0,1.0
32,0.0,1,1,0.0,32.0,0.0,32,0.0,0.0,1.0
49,116150.65,3,1,1.3768661232491581,16.333333333333332,38716.88333333333,49,1.0,0.0,1.0
39,88477.36,2,0,1.5090189941153667,19.5,44238.68,0,1.0,0.0,0.0
34,0.0,2,0,0.0,17.0,0.0,0,0.0,0.0,1.0
29,0.0,2,1,0.0,14.5,0.0,29,0.0,0.0,1.0
50,123936.54,1,1,5.214426449669114,50.0,123936.54,50,1.0,0.0,0.0
31,125681.51,1,1,0.9669226862740558,31.0,125681.51,31,1.0,0.0,1.0
48,0.0,1,0,0.0,48.0,0.0,0,0.0,0.0,1.0
26,129109.02,1,0,0.8617915146900158,26.0,129109.02,0,0.0,0.0,0.0
36,91286.51,1,0,1.4470183055051569,36.0,91286.51,0,1.0,0.0,0.0
62,98854.34,1,0,1.1372898852831486,62.0,98854.34,0,1.0,0.0,1.0
42,178820.91,1,0,6.090927112594381,42.0,178820.91,0,0.0,1.0,1.0
37,0.0,1,0,0.0,37.0,0.0,0,0.0,0.0,1.0
45,123949.75,1,0,1.1178571982573118,45.0,123949.75,0,1.0,0.0,1.0
41,0.0,2,1,0.0,20.5,0.0,41,0.0,1.0,1.0
31,0.0,1,1,0.0,31.0,0.0,31,0.0,0.0,0.0
32,0.0,2,0,0.0,16.0,0.0,0,0.0,0.0,0.0
36,0.0,1,0,0.0,36.0,0.0,0,0.0,0.0,0.0
35,0.0,1,1,0.0,35.0,0.0,35,0.0,0.0,1.0
26,109166.37,1,1,1.17584642592519,26.0,109166.37,26,1.0,0.0,1.0
33,0.0,2,0,0.0,16.5,0.0,0,0.0,0.0,1.0
26,0.0,2,0,0.0,13.0,0.0,0,0.0,0.0,0.0
35,165982.43,2,1,6.779729811421868,17.5,82991.215,35,1.0,0.0,0.0
36,0.0,1,1,0.0,36.0,0.0,36,0.0,0.0,1.0
46,0.0,2,0,0.0,23.0,0.0,0,0.0,0.0,1.0
35,123557.65,2,1,0.7229677700970255,17.5,61778.825,35,0.0,1.0,1.0
32,0.0,1,0,0.0,32.0,0.0,0,0.0,0.0,0.0
37,113817.06,1,0,1.2884890869559014,37.0,113817.06,0,0.0,1.0,0.0
25,108396.67,1,0,0.8450206369889525,25.0,108396.67,0,0.0,0.0,1.0
63,96134.11,3,0,0.8841303501716499,21.0,32044.703333333335,0,0.0,1.0,1.0
43,0.0,2,0,0.0,21.5,0.0,0,0.0,0.0,0.0
52,143542.36,3,0,1.0111528594395949,17.333333333333332,47847.45333333333,0,0.0,1.0,0.0
35,114321.28,2,0,7.163431816885884,17.5,57160.64,0,0.0,0.0,0.0
29,106230.92,1,1,1.5196702102442596,29.0,106230.92,29,1.0,0.0,0.0
30,80964.57,2,0,0.46334785410402535,15.0,40482.285,0,0.0,0.0,1.0
37,121231.39,1,1,0.828275171405834,37.0,121231.39,37,0.0,1.0,0.0
32,106520.73,2,0,0.6014988467021917,16.0,53260.365,0,1.0,0.0,1.0
48,0.0,2,1,0.0,24.0,0.0,48,0.0,1.0,1.0
36,0.0,2,1,0.0,18.0,0.0,36,0.0,0.0,1.0
73,137761.55,1,1,0.8627488814012948,73.0,137761.55,73,0.0,1.0,1.0
45,116546.59,2,0,5.036524622865411,22.5,58273.295,0,1.0,0.0,1.0
38,102133.38,1,1,0.6133364832871491,38.0,102133.38,38,0.0,0.0,0.0
40,0.0,1,1,0.0,40.0,0.0,40,0.0,0.0,1.0
33,77253.22,1,1,0.39772120653236415,33.0,77253.22,33,0.0,1.0,1.0
73,0.0,2,1,0.0,36.5,0.0,73,0.0,0.0,0.0
28,0.0,1,0,0.0,28.0,0.0,0,0.0,0.0,0.0
37,0.0,3,1,0.0,12.333333333333334,0.0,37,0.0,1.0,1.0
50,102645.48,1,0,0.6096786183985053,50.0,102645.48,0,1.0,0.0,1.0
39,76769.68,1,0,1.5919155155281357,39.0,76769.68,0,0.0,0.0,0.0
32,141827.33,2,1,0.9489397507927437,16.0,70913.665,32,1.0,0.0,1.0
46,78136.36,2,1,1.0634996293774768,23.0,39068.18,46,1.0,0.0,1.0
44,141252.18,4,1,1.0990577738327292,11.0,35313.045,44,0.0,0.0,1.0
20,0.0,2,1,0.0,10.0,0.0,20,0.0,1.0,1.0
27,131691.33,1,0,2.6614707645370936,27.0,131691.33,0,0.0,0.0,1.0
51,143930.92,1,1,3.08364964839163,51.0,143930.92,51,1.0,0.0,0.0
42,0.0,1,1,0.0,42.0,0.0,42,0.0,0.0,0.0
30,119370.11,1,1,0.6532730223391038,30.0,119370.11,30,0.0,1.0,0.0
38,99167.54,1,0,1.5089189256632438,38.0,99167.54,0,1.0,0.0,0.0
38,128218.47,1,0,1.0179799216903527,38.0,128218.47,0,1.0,0.0,0.0
44,0.0,3,0,0.0,14.666666666666666,0.0,0,0.0,1.0,0.0
34,126558.92,1,0,1.7257776463251984,34.0,126558.92,0,0.0,0.0,0.0
53,88381.21,1,0,1.2737851033750807,53.0,88381.21,0,0.0,0.0,0.0
42,118274.71,1,1,4.569110304832162,42.0,118274.71,42,0.0,0.0,1.0
31,119266.69,1,1,4.220689774761719,31.0,119266.69,31,0.0,0.0,1.0
29,156569.43,1,0,0.8669467979441264,29.0,156569.43,0,0.0,0.0,0.0
41,62078.21,2,0,0.4810374870583779,20.5,31039.105,0,1.0,0.0,1.0
38,0.0,2,1,0.0,19.0,0.0,38,0.0,0.0,0.0
51,126725.25,1,0,0.6490100267178042,51.0,126725.25,0,1.0,0.0,1.0
34,0.0,2,1,0.0,17.0,0.0,34,0.0,0.0,0.0
29,107000.49,1,1,0.697436807626039,29.0,107000.49,29,0.0,0.0,1.0
47,198546.1,2,0,1.038426890695826,23.5,99273.05,0,0.0,0.0,1.0
22,0.0,2,0,0.0,11.0,0.0,0,0.0,1.0,0.0
32,148326.09,1,0,0.7741272676230023,32.0,148326.09,0,0.0,0.0,0.0
41,0.0,2,0,0.0,20.5,0.0,0,0.0,0.0,0.0
37,153366.13,1,1,5.698728910232258,37.0,153366.13,37,1.0,0.0,1.0
45,120961.5,3,1,3.0788322472116882,15.0,40320.5,45,1.0,0.0,1.0
33,0.0,2,0,0.0,16.5,0.0,0,0.0,1.0,1.0
53,75225.53,2,0,0.5193372275008957,26.5,37612.765,0,0.0,1.0,0.0
62,64667.95,2,1,0.46042039059866796,31.0,32333.975,62,0.0,0.0,0.0
42,0.0,2,0,0.0,21.0,0.0,0,0.0,0.0,0.0
46,0.0,2,0,0.0,23.0,0.0,0,0.0,0.0,0.0
37,100252.18,1,1,0.6865011539816338,37.0,100252.18,37,0.0,1.0,1.0
35,118536.4,1,0,2.892481296761147,35.0,118536.4,0,1.0,0.0,0.0
42,105021.28,1,0,2.1769506396657876,42.0,105021.28,0,0.0,1.0,0.0
48,143595.87,1,0,1.4173258260281214,48.0,143595.87,0,1.0,0.0,0.0
34,0.0,2,1,0.0,17.0,0.0,34,0.0,0.0,1.0
40,0.0,2,1,0.0,20.0,0.0,40,0.0,0.0,1.0
37,106453.53,2,1,0.83549975277248,18.5,53226.765,37,1.0,0.0,0.0
46,0.0,2,0,0.0,23.0,0.0,0,0.0,1.0,0.0
36,109632.85,1,1,6.788777475938333,36.0,109632.85,36,0.0,1.0,1.0
52,0.0,1,0,0.0,52.0,0.0,0,0.0,0.0,0.0
46,0.0,3,0,0.0,15.333333333333334,0.0,0,0.0,0.0,0.0
51,107714.74,3,0,1.2506325163381429,17.0,35904.91333333334,0,1.0,0.0,1.0
40,0.0,1,1,0.0,40.0,0.0,40,0.0,0.0,1.0
68,0.0,2,1,0.0,34.0,0.0,68,0.0,0.0,1.0
37,143452.74,2,1,8.294885197974804,18.5,71726.37,37,1.0,0.0,1.0
47,102562.23,1,0,1.1062920068472981,47.0,102562.23,0,0.0,1.0,1.0
38,101430.3,2,1,23.050664497127485,19.0,50715.15,38,0.0,0.0,0.0
42,152039.7,1,1,2.8447790511284747,42.0,152039.7,42,1.0,0.0,1.0
38,71460.67,2,1,7.093539341178573,19.0,35730.335,38,0.0,1.0,1.0
30,140916.81,1,0,0.8935118613658207,30.0,140916.81,0,0.0,0.0,1.0
45,91091.06,2,0,1.280571694310611,22.5,45545.53,0,0.0,1.0,0.0
44,0.0,4,0,0.0,11.0,0.0,0,0.0,0.0,1.0
36,0.0,2,0,0.0,18.0,0.0,0,0.0,1.0,1.0
57,0.0,1,0,0.0,57.0,0.0,0,0.0,1.0,0.0
32,185714.28,1,1,1.811802443842833,32.0,185714.28,32,0.0,0.0,1.0
29,92887.13,1,1,1.3349977845164505,29.0,92887.13,29,1.0,0.0,1.0
26,0.0,2,1,0.0,13.0,0.0,26,0.0,1.0,1.0
35,0.0,2,0,0.0,17.5,0.0,0,0.0,0.0,0.0
42,119624.6,2,1,0.6103954273435411,21.0,59812.3,42,1.0,0.0,1.0
23,113923.81,2,0,0.5805288414378147,11.5,56961.905,0,0.0,0.0,0.0
45,0.0,2,1,0.0,22.5,0.0,45,0.0,0.0,1.0
32,108698.96,2,1,0.6748565357376585,16.0,54349.48,32,0.0,0.0,0.0
63,114715.71,1,1,4.680946017354261,63.0,114715.71,63,0.0,0.0,0.0
26,149144.61,1,1,1.2057161011965032,26.0,149144.61,26,0.0,0.0,1.0
43,71240.3,1,1,0.5577231650484099,43.0,71240.3,43,0.0,0.0,1.0
34,0.0,2,0,0.0,17.0,0.0,0,0.0,1.0,1.0
33,138335.96,1,1,1.7188058808385691,33.0,138335.96,33,1.0,0.0,0.0
29,147737.63,1,1,1.555931058110123,29.0,147737.63,29,0.0,0.0,1.0
28,118402.25,2,0,8.286292255613262,14.0,59201.125,0,1.0,0.0,1.0
36,0.0,2,1,0.0,18.0,0.0,36,0.0,1.0,0.0
32,46161.18,1,1,0.5800790174094655,32.0,46161.18,32,0.0,1.0,1.0
30,133537.1,2,0,0.8582421117970428,15.0,66768.55,0,1.0,0.0,0.0
45,118626.55,2,0,0.8062568246327154,22.5,59313.275,0,0.0,0.0,1.0
44,105206.7,2,1,0.6432364570053161,22.0,52603.35,44,1.0,0.0,0.0
28,123674.28,2,1,1.4056259461818579,14.0,61837.14,28,1.0,0.0,1.0
30,154159.51,1,0,3.8119514553263887,30.0,154159.51,0,1.0,0.0,0.0
35,0.0,2,1,0.0,17.5,0.0,35,0.0,0.0,0.0
44,63438.91,1,0,0.9854526729154305,44.0,63438.91,0,0.0,0.0,1.0
33,0.0,1,0,0.0,33.0,0.0,0,0.0,0.0,1.0
42,156864.2,2,0,1.7646853019014916,21.0,78432.1,0,0.0,0.0,1.0
54,0.0,1,0,0.0,54.0,0.0,0,0.0,0.0,0.0
46,123571.77,3,1,2.167386984674161,15.333333333333334,41190.590000000004,46,1.0,0.0,1.0
50,163085.79,1,1,1.244470285625856,50.0,163085.79,50,0.0,1.0,1.0
23,0.0,2,1,0.0,11.5,0.0,23,0.0,0.0,0.0
32,93012.89,1,0,1.0696371856478724,32.0,93012.89,0,0.0,0.0,1.0
31,175477.15,1,1,1.0152994597672087,31.0,175477.15,31,0.0,0.0,1.0
33,154969.79,2,1,1.5573953264007356,16.5,77484.895,33,1.0,0.0,0.0
40,101993.12,1,1,1.0761705832773758,40.0,101993.12,40,0.0,1.0,0.0
32,83161.65,1,1,0.7114790625602352,32.0,83161.65,32,0.0,0.0,1.0
34,0.0,1,1,0.0,34.0,0.0,34,0.0,1.0,1.0
34,107556.06,2,0,0.6955643858764733,17.0,53778.03,0,0.0,1.0,0.0
36,97234.58,1,0,0.5144766257764406,36.0,97234.58,0,0.0,0.0,1.0
35,138718.92,1,1,2.9357389423765747,35.0,138718.92,35,1.0,0.0,1.0
42,0.0,2,1,0.0,21.0,0.0,42,0.0,1.0,1.0
30,0.0,2,1,0.0,15.0,0.0,30,0.0,0.0,1.0
29,75395.53,2,1,1.3729516495699166,14.5,37697.765,29,1.0,0.0,1.0
30,134366.42,1,0,1.9660444814600595,30.0,134366.42,0,1.0,0.0,1.0
32,40172.91,1,1,0.29229556835764786,32.0,40172.91,32,1.0,0.0,1.0
43,86394.14,1,1,0.664564531092922,43.0,86394.14,43,0.0,0.0,1.0
40,0.0,2,1,0.0,20.0,0.0,40,0.0,0.0,0.0
36,129934.64,1,0,1.7172456960035187,36.0,129934.64,0,0.0,1.0,1.0
49,127421.78,2,0,1.1703304883733212,24.5,63710.89,0,1.0,0.0,0.0
24,69881.09,2,1,1.0847560314940683,12.0,34940.545,24,1.0,0.0,0.0
23,166070.48,2,0,1.8351399949079903,11.5,83035.24,0,1.0,0.0,0.0
50,92895.56,1,0,0.6018734774270461,50.0,92895.56,0,1.0,0.0,0.0
26,0.0,2,1,0.0,13.0,0.0,26,0.0,1.0,1.0
41,141749.68,1,1,15.405011992570799,41.0,141749.68,41,1.0,0.0,1.0
35,82453.96,2,0,4.516849587093771,17.5,41226.98,0,1.0,0.0,0.0
38,171848.38,1,0,10.1340932746374,38.0,171848.38,0,0.0,1.0,0.0
50,113957.01,2,0,0.579855546235356,25.0,56978.505,0,1.0,0.0,1.0
32,96709.07,2,0,2.3142580100635657,16.0,48354.535,0,1.0,0.0,1.0
29,104982.57,1,0,0.6670705973179311,29.0,104982.57,0,0.0,0.0,0.0
35,103060.63,1,0,0.572985579654544,35.0,103060.63,0,1.0,0.0,0.0
27,0.0,1,1,0.0,27.0,0.0,27,0.0,1.0,0.0
39,0.0,2,1,0.0,19.5,0.0,39,0.0,1.0,1.0
20,117356.19,1,0,1.0334498673361647,20.0,117356.19,0,1.0,0.0,0.0
39,0.0,2,0,0.0,19.5,0.0,0,0.0,0.0,1.0
45,57784.22,1,0,0.2921286728276476,45.0,57784.22,0,0.0,1.0,0.0
37,121801.72,2,1,5.262181692186592,18.5,60900.86,37,1.0,0.0,0.0
56,121235.05,2,1,1.0428543410885387,28.0,60617.525,56,0.0,0.0,0.0
46,0.0,2,0,0.0,23.0,0.0,0,0.0,0.0,1.0
32,94753.55,2,1,5.220860288401089,16.0,47376.775,32,1.0,0.0,0.0
38,121021.05,1,1,9.934293207685014,38.0,121021.05,38,0.0,1.0,0.0
35,81951.74,2,0,0.7085050704802768,17.5,40975.87,0,0.0,0.0,1.0
34,0.0,2,0,0.0,17.0,0.0,0,0.0,0.0,0.0
35,0.0,2,0,0.0,17.5,0.0,0,0.0,0.0,0.0
74,121276.32,1,1,0.7563305157378959,74.0,121276.32,74,0.0,0.0,0.0
76,95052.29,1,0,0.5393194706887071,76.0,95052.29,0,1.0,0.0,0.0
39,129068.54,2,1,0.686881443145349,19.5,64534.27,39,0.0,0.0,0.0
41,102827.44,1,1,1.5918730866433677,41.0,102827.44,41,0.0,1.0,1.0
37,0.0,2,1,0.0,18.5,0.0,37,0.0,0.0,1.0
39,49572.73,1,0,0.4299904092351684,39.0,49572.73,0,0.0,0.0,0.0
66,182532.23,2,1,0.9340035036600333,33.0,91266.115,66,1.0,0.0,1.0
40,0.0,2,0,0.0,20.0,0.0,0,0.0,1.0,0.0
30,0.0,2,0,0.0,15.0,0.0,0,0.0,0.0,0.0
31,103696.97,3,0,0.6680599699589714,10.333333333333334,34565.65666666667,0,0.0,0.0,0.0
43,114091.38,1,1,0.713570178143339,43.0,114091.38,43,1.0,0.0,1.0
40,0.0,2,0,0.0,20.0,0.0,0,0.0,0.0,1.0
40,0.0,1,0,0.0,40.0,0.0,0,0.0,0.0,1.0
48,120568.41,1,0,0.6340365199754902,48.0,120568.41,0,1.0,0.0,0.0
44,0.0,1,0,0.0,44.0,0.0,0,0.0,0.0,0.0
43,125851.93,1,1,0.6510087791468093,43.0,125851.93,43,0.0,0.0,0.0
39,0.0,2,0,0.0,19.5,0.0,0,0.0,0.0,1.0
56,0.0,1,0,0.0,56.0,0.0,0,0.0,0.0,0.0
37,113488.68,1,0,1.186974319262467,37.0,113488.68,0,1.0,0.0,1.0
51,123372.3,1,1,1.0688124992852768,51.0,123372.3,51,0.0,0.0,1.0
35,0.0,2,1,0.0,17.5,0.0,35,0.0,1.0,1.0
29,0.0,2,1,0.0,14.5,0.0,29,0.0,0.0,1.0
30,0.0,2,1,0.0,15.0,0.0,30,0.0,1.0,0.0
33,134678.13,1,0,1.189967922196859,33.0,134678.13,0,1.0,0.0,0.0
36,0.0,2,1,0.0,18.0,0.0,36,0.0,0.0,1.0
33,126524.11,1,0,0.9244154880301508,33.0,126524.11,0,1.0,0.0,1.0
46,115074.02,2,0,4.383795570719235,23.0,57537.01,0,1.0,0.0,0.0
49,93817.41,2,1,0.7082229047814745,24.5,46908.705,49,0.0,0.0,1.0
45,138825.19,1,0,12.82002127663504,45.0,138825.19,0,0.0,0.0,1.0
45,114347.85,2,1,1.0482065842728105,22.5,57173.925,45,0.0,1.0,0.0
48,138311.76,1,1,39.82910934939801,48.0,138311.76,48,1.0,0.0,0.0
40,134590.21,1,1,2.9098289540393028,40.0,134590.21,40,1.0,0.0,0.0
32,0.0,2,1,0.0,16.0,0.0,32,0.0,1.0,0.0
31,108632.48,1,1,0.6052422150456782,31.0,108632.48,31,0.0,1.0,1.0
26,0.0,2,0,0.0,13.0,0.0,0,0.0,1.0,1.0
70,77356.92,2,1,3.70448559426414,35.0,38678.46,70,1.0,0.0,1.0
46,81576.75,1,1,2.875361945934133,46.0,81576.75,46,0.0,1.0,0.0
28,79460.98,2,1,0.47305627675010653,14.0,39730.49,28,1.0,0.0,1.0
36,147137.74,1,1,4.36767325953829,36.0,147137.74,36,1.0,0.0,1.0
62,108716.59,2,1,1.4643722229832563,31.0,54358.295,62,1.0,0.0,1.0
21,109130.96,2,1,1.942108830813787,10.5,54565.48,21,0.0,0.0,1.0
34,0.0,2,0,0.0,17.0,0.0,0,0.0,0.0,0.0
61,0.0,2,1,0.0,30.5,0.0,61,0.0,0.0,1.0
29,101713.84,3,0,0.7557030168804946,9.666666666666666,33904.613333333335,0,1.0,0.0,0.0
32,0.0,2,0,0.0,16.0,0.0,0,0.0,0.0,0.0
40,75893.11,2,0,0.5725093037436078,20.0,37946.555,0,0.0,0.0,0.0
24,141078.57,1,1,5.781228601389919,24.0,141078.57,24,0.0,1.0,1.0
31,0.0,2,0,0.0,15.5,0.0,0,0.0,0.0,0.0
61,125193.96,1,1,1.144823816190949,61.0,125193.96,61,1.0,0.0,0.0
34,0.0,1,1,0.0,34.0,0.0,34,0.0,0.0,0.0
34,161588.89,1,1,3.1462832168907835,34.0,161588.89,34,0.0,0.0,1.0
38,132591.36,1,1,17.947340209534637,38.0,132591.36,38,1.0,0.0,0.0
57,0.0,1,1,0.0,57.0,0.0,57,0.0,0.0,1.0
35,163943.89,2,1,10.880138809066525,17.5,81971.945,35,0.0,0.0,0.0
31,157120.86,2,0,1.1119622835101892,15.5,78560.43,0,0.0,0.0,1.0
44,111369.79,2,1,1.2112292265149747,22.0,55684.895,44,1.0,0.0,1.0
41,0.0,2,1,0.0,20.5,0.0,41,0.0,0.0,0.0
32,96106.83,1,1,1.20415354585488,32.0,96106.83,32,1.0,0.0,1.0
36,78381.13,1,1,0.5095255461166627,36.0,78381.13,36,0.0,1.0,1.0
63,126473.33,1,1,0.8571810148249034,63.0,126473.33,63,0.0,0.0,0.0
24,100169.51,1,0,0.8250614145379381,24.0,100169.51,0,0.0,0.0,0.0
40,84390.8,2,1,0.7822930359059738,20.0,42195.4,40,0.0,0.0,0.0
56,0.0,2,1,0.0,28.0,0.0,56,0.0,1.0,0.0
42,56228.25,1,0,1.1999834818402682,42.0,56228.25,0,0.0,0.0,0.0
37,121532.17,2,1,1.6542893692877467,18.5,60766.085,37,1.0,0.0,0.0
36,0.0,2,1,0.0,18.0,0.0,36,0.0,0.0,0.0
41,0.0,3,0,0.0,13.666666666666666,0.0,0,0.0,0.0,1.0
41,135756.96,1,1,1.309050809877615,41.0,135756.96,41,0.0,0.0,0.0
28,0.0,2,1,0.0,14.0,0.0,28,0.0,1.0,1.0
32,0.0,2,1,0.0,16.0,0.0,32,0.0,1.0,0.0
40,141004.46,1,0,1.3425357279350758,40.0,141004.46,0,0.0,0.0,1.0
28,126315.26,1,0,3.9047305211335392,28.0,126315.26,0,1.0,0.0,1.0
41,126605.14,1,1,0.759502043643439,41.0,126605.14,41,0.0,1.0,0.0
37,0.0,1,0,0.0,37.0,0.0,0,0.0,0.0,1.0
39,159492.79,1,0,1.9792524019530833,39.0,159492.79,0,1.0,0.0,1.0
35,0.0,2,1,0.0,17.5,0.0,35,0.0,1.0,1.0
44,0.0,3,1,0.0,14.666666666666666,0.0,44,0.0,1.0,0.0
28,0.0,1,1,0.0,28.0,0.0,28,0.0,1.0,0.0
34,108653.93,1,1,0.7507605796753762,34.0,108653.93,34,0.0,1.0,1.0
41,0.0,2,0,0.0,20.5,0.0,0,0.0,1.0,1.0
48,0.0,2,0,0.0,24.0,0.0,0,0.0,1.0,0.0
37,69609.85,1,1,0.9650900352887367,37.0,69609.85,37,0.0,0.0,0.0
33,0.0,2,0,0.0,16.5,0.0,0,0.0,1.0,1.0
37,0.0,2,1,0.0,18.5,0.0,37,0.0,0.0,0.0
40,45408.85,2,0,2.4240147419701477,20.0,22704.425,0,1.0,0.0,1.0
58,128468.69,1,1,0.9359885701421192,58.0,128468.69,58,0.0,1.0,1.0
22,0.0,2,0,0.0,11.0,0.0,0,0.0,0.0,1.0
34,146407.11,1,1,2.0313522043818466,34.0,146407.11,34,1.0,0.0,1.0
35,82231.51,2,0,0.9260511664561889,17.5,41115.755,0,0.0,1.0,0.0
25,157228.61,2,0,1.2640693375053966,12.5,78614.305,0,0.0,1.0,1.0
41,122189.66,2,0,1.2430077187952466,20.5,61094.83,0,1.0,0.0,0.0
24,111769.14,2,0,2.0009058478565867,12.0,55884.57,0,1.0,0.0,1.0
61,80538.56,1,0,0.6133683641423043,61.0,80538.56,0,0.0,0.0,0.0
26,107508.93,2,1,0.889962430148926,13.0,53754.465,26,0.0,0.0,0.0
48,107247.69,1,1,1.0340909277176566,48.0,107247.69,48,1.0,0.0,1.0
33,122528.18,1,0,0.6243146474350646,33.0,122528.18,0,0.0,1.0,0.0
36,174180.39,1,0,1.4535614930741931,36.0,174180.39,0,0.0,1.0,0.0
29,0.0,2,0,0.0,14.5,0.0,0,0.0,1.0,1.0
32,0.0,2,1,0.0,16.0,0.0,32,0.0,0.0,1.0
54,92877.33,1,0,35.45423416958056,54.0,92877.33,0,1.0,0.0,1.0
34,114543.27,1,1,1.1717347470402881,34.0,114543.27,34,0.0,0.0,1.0
43,154100.3,1,0,1.3439783303321364,43.0,154100.3,0,0.0,0.0,0.0
38,0.0,1,0,0.0,38.0,0.0,0,0.0,1.0,1.0
58,0.0,2,1,0.0,29.0,0.0,58,0.0,1.0,1.0
24,0.0,1,0,0.0,24.0,0.0,0,0.0,1.0,0.0
45,144677.19,3,0,6.4265441684686335,15.0,48225.73,0,1.0,0.0,1.0
35,0.0,2,1,0.0,17.5,0.0,35,0.0,1.0,0.0
37,128932.4,1,1,0.7134668920559571,37.0,128932.4,37,0.0,1.0,0.0
36,73194.99,1,1,0.820363235079519,36.0,73194.99,36,1.0,0.0,1.0
36,53369.13,1,1,0.513489987696052,36.0,53369.13,36,0.0,0.0,0.0
35,99967.76,1,1,0.5651661264951203,35.0,99967.76,35,1.0,0.0,1.0
42,164951.56,1,0,0.8657430726644696,42.0,164951.56,0,0.0,0.0,1.0
34,93244.42,1,1,0.4666756387194895,34.0,93244.42,34,1.0,0.0,0.0
39,0.0,2,0,0.0,19.5,0.0,0,0.0,0.0,1.0
35,69617.36,1,0,0.4856606431626929,35.0,69617.36,0,0.0,0.0,0.0
34,155973.88,1,0,1.0114449899668607,34.0,155973.88,0,0.0,0.0,1.0
43,0.0,2,1,0.0,21.5,0.0,43,0.0,0.0,0.0
33,131765.72,1,0,1.1093065737368084,33.0,131765.72,0,0.0,0.0,1.0
37,0.0,2,0,0.0,18.5,0.0,0,0.0,0.0,0.0
39,127631.62,1,1,5.7497418663110755,39.0,127631.62,39,1.0,0.0,1.0
35,118894.22,1,0,40.66692205868772,35.0,118894.22,0,0.0,0.0,1.0
44,138076.47,1,0,8.894908810037176,44.0,138076.47,0,1.0,0.0,1.0
30,117696.67,1,0,1.1671183221738326,30.0,117696.67,0,0.0,0.0,1.0
38,0.0,2,1,0.0,19.0,0.0,38,0.0,0.0,0.0
61,133802.29,2,1,1.4816871365955955,30.5,66901.145,61,1.0,0.0,1.0
44,0.0,2,0,0.0,22.0,0.0,0,0.0,1.0,1.0
22,0.0,3,0,0.0,7.333333333333333,0.0,0,0.0,1.0,1.0
41,0.0,3,0,0.0,13.666666666666666,0.0,0,0.0,0.0,1.0
29,105957.44,1,0,6.848817555011308,29.0,105957.44,0,1.0,0.0,0.0
36,82696.09,2,0,0.9956410052043062,18.0,41348.045,0,0.0,1.0,1.0
35,119182.73,1,0,0.9832739997140502,35.0,119182.73,0,0.0,1.0,0.0
28,109161.25,1,0,0.7135308903176483,28.0,109161.25,0,0.0,1.0,1.0
24,110407.44,2,0,6.973499330172311,12.0,55203.72,0,1.0,0.0,0.0
43,112088.04,2,1,3.0536242023224185,21.5,56044.02,43,1.0,0.0,1.0
35,103711.56,1,1,0.5388615369060045,35.0,103711.56,35,1.0,0.0,1.0
65,0.0,2,1,0.0,32.5,0.0,65,0.0,1.0,0.0
47,124192.28,2,1,2.440813568622472,23.5,62096.14,47,1.0,0.0,0.0
46,174701.05,1,0,1.9370394985149082,46.0,174701.05,0,0.0,0.0,1.0
34,0.0,2,0,0.0,17.0,0.0,0,0.0,0.0,0.0
44,115451.05,2,0,1.7171443517024712,22.0,57725.525,0,0.0,0.0,1.0
55,97318.25,1,1,1.241048717776723,55.0,97318.25,55,0.0,0.0,1.0
39,157691.98,2,0,1.1803213286977354,19.5,78845.99,0,0.0,1.0,1.0
33,95927.04,1,0,0.4808902032078216,33.0,95927.04,0,0.0,0.0,0.0
36,146050.97,2,0,1.6899241731836212,18.0,73025.485,0,1.0,0.0,1.0
59,0.0,1,0,0.0,59.0,0.0,0,0.0,0.0,1.0
27,0.0,2,0,0.0,13.5,0.0,0,0.0,0.0,0.0
26,57422.62,1,1,0.7251301310528935,26.0,57422.62,26,1.0,0.0,1.0
36,0.0,2,0,0.0,18.0,0.0,0,0.0,0.0,0.0
48,82794.18,1,0,0.6638368232116758,48.0,82794.18,0,1.0,0.0,0.0
37,124348.38,2,1,0.7025953821677104,18.5,62174.19,37,0.0,0.0,1.0
37,122304.65,2,0,3.597333133325686,18.5,61152.325,0,1.0,0.0,0.0
24,0.0,2,0,0.0,12.0,0.0,0,0.0,0.0,1.0
38,124271.26,1,0,1.635811307189138,38.0,124271.26,0,0.0,0.0,1.0
43,120481.69,1,0,1.2698988342875888,43.0,120481.69,0,1.0,0.0,0.0
29,59697.17,2,1,1.1161852476693153,14.5,29848.585,29,0.0,0.0,1.0
37,0.0,2,1,0.0,18.5,0.0,37,0.0,0.0,0.0
41,132670.53,1,0,0.847863089351005,41.0,132670.53,0,1.0,0.0,0.0
54,145151.4,1,1,1.1583277053434262,54.0,145151.4,54,1.0,0.0,0.0
31,0.0,1,0,0.0,31.0,0.0,0,0.0,0.0,1.0
34,0.0,1,0,0.0,34.0,0.0,0,0.0,0.0,0.0
39,0.0,1,0,0.0,39.0,0.0,0,0.0,0.0,1.0
44,0.0,2,0,0.0,22.0,0.0,0,0.0,1.0,1.0
48,0.0,1,0,0.0,48.0,0.0,0,0.0,0.0,0.0
43,140080.32,3,1,0.8870997761420735,14.333333333333334,46693.44,43,1.0,0.0,1.0
41,0.0,2,1,0.0,20.5,0.0,41,0.0,0.0,1.0
45,0.0,1,1,0.0,45.0,0.0,45,0.0,0.0,1.0
38,0.0,2,0,0.0,19.0,0.0,0,0.0,0.0,0.0
37,0.0,2,0,0.0,18.5,0.0,0,0.0,0.0,1.0
29,0.0,2,1,0.0,14.5,0.0,29,0.0,0.0,1.0
40,99816.46,1,1,0.6086753274566213,40.0,99816.46,40,0.0,0.0,0.0
36,0.0,2,1,0.0,18.0,0.0,36,0.0,1.0,0.0
58,122330.7,2,1,0.9831350666190144,29.0,61165.35,58,0.0,1.0,1.0
76,134208.25,1,1,9.974281758368182,76.0,134208.25,76,0.0,1.0,0.0
30,0.0,3,1,0.0,10.0,0.0,30,0.0,1.0,0.0
49,0.0,2,0,0.0,24.5,0.0,0,0.0,1.0,1.0
54,134249.7,1,1,10.015345707379668,54.0,134249.7,54,0.0,1.0,1.0
38,0.0,2,1,0.0,19.0,0.0,38,0.0,0.0,0.0
45,47884.92,1,1,0.8812055301927264,45.0,47884.92,45,0.0,0.0,0.0
25,82506.72,2,0,0.49197510844484305,12.5,41253.36,0,1.0,0.0,1.0
42,162318.61,1,0,1.340790318076151,42.0,162318.61,0,1.0,0.0,1.0
59,120170.07,1,1,2.3817371191640837,59.0,120170.07,59,1.0,0.0,0.0
41,124227.14,1,1,1.117304570854957,41.0,124227.14,41,1.0,0.0,1.0
31,82729.47,2,0,1.373958169157871,15.5,41364.735,0,1.0,0.0,0.0
19,0.0,2,0,0.0,9.5,0.0,0,0.0,1.0,0.0
35,161637.75,1,1,8.078470307060114,35.0,161637.75,35,0.0,1.0,1.0
46,163764.84,1,1,0.9917775615747214,46.0,163764.84,46,0.0,1.0,0.0
29,0.0,2,0,0.0,14.5,0.0,0,0.0,0.0,1.0
41,0.0,1,0,0.0,41.0,0.0,0,0.0,1.0,1.0
44,111833.47,1,0,1.6641206891266636,44.0,111833.47,0,0.0,0.0,1.0
46,107238.85,2,0,2.8964466020676163,23.0,53619.425,0,0.0,0.0,0.0
29,46388.16,3,0,0.36257955532961506,9.666666666666666,15462.720000000001,0,0.0,0.0,0.0
29,0.0,2,0,0.0,14.5,0.0,0,0.0,0.0,1.0
30,0.0,3,0,0.0,10.0,0.0,0,0.0,1.0,1.0
75,61319.63,1,1,0.32851835666325985,75.0,61319.63,75,1.0,0.0,1.0
45,105426.5,2,1,1.1743616848856762,22.5,52713.25,45,1.0,0.0,0.0
37,0.0,1,1,0.0,37.0,0.0,37,0.0,0.0,1.0
47,104552.61,1,0,2.1719765719067294,47.0,104552.61,0,1.0,0.0,0.0
27,0.0,2,0,0.0,13.5,0.0,0,0.0,0.0,0.0
46,115518.07,1,0,1.509154365607637,46.0,115518.07,0,1.0,0.0,0.0
49,0.0,1,0,0.0,49.0,0.0,0,0.0,0.0,0.0
28,167738.82,2,1,16.93746402757835,14.0,83869.41,28,1.0,0.0,0.0
39,108055.1,2,0,3.968053626604131,19.5,54027.55,0,1.0,0.0,1.0
40,97990.49,2,0,0.918451149871845,20.0,48995.245,0,1.0,0.0,0.0
52,0.0,1,0,0.0,52.0,0.0,0,0.0,0.0,0.0
47,0.0,2,0,0.0,23.5,0.0,0,0.0,0.0,1.0
37,89634.69,1,1,0.5285588464610701,37.0,89634.69,37,0.0,0.0,0.0
32,146810.99,2,1,0.8111539574857854,16.0,73405.495,32,1.0,0.0,0.0
26,162482.76,1,1,8.802741329057005,26.0,162482.76,26,0.0,0.0,0.0
44,111095.58,2,0,1.109428117482227,22.0,55547.79,0,0.0,0.0,1.0
40,0.0,1,0,0.0,40.0,0.0,0,0.0,0.0,0.0
29,43504.42,1,1,0.3645792365983604,29.0,43504.42,29,0.0,0.0,1.0
70,87542.89,2,1,2.0561142836742774,35.0,43771.445,70,0.0,0.0,0.0
42,100160.75,1,0,2.9931844004143087,42.0,100160.75,0,1.0,0.0,1.0
66,0.0,1,0,0.0,66.0,0.0,0,0.0,1.0,0.0
48,0.0,2,1,0.0,24.0,0.0,48,0.0,0.0,0.0
33,0.0,2,1,0.0,16.5,0.0,33,0.0,0.0,0.0
29,129938.07,1,1,0.6831635537503498,29.0,129938.07,29,0.0,1.0,0.0
26,89900.24,2,0,0.5123191337350536,13.0,44950.12,0,0.0,0.0,1.0
25,0.0,2,0,0.0,12.5,0.0,0,0.0,0.0,0.0
48,140576.11,1,1,1.2018025827758234,48.0,140576.11,48,0.0,1.0,0.0
33,102185.42,2,0,4.398490353578028,16.5,51092.71,0,1.0,0.0,0.0
73,97259.25,1,1,0.9287582675497609,73.0,97259.25,73,0.0,0.0,0.0
33,0.0,1,0,0.0,33.0,0.0,0,0.0,0.0,0.0
57,0.0,1,0,0.0,57.0,0.0,0,0.0,0.0,0.0
31,90826.27,2,0,1.5069679598120949,15.5,45413.135,0,0.0,1.0,1.0
34,72079.71,1,1,0.6226224309271143,34.0,72079.71,34,0.0,0.0,1.0
88,0.0,2,1,0.0,44.0,0.0,88,0.0,1.0,1.0
68,114386.85,1,1,3.9993052855636453,68.0,114386.85,68,0.0,1.0,1.0
42,81589.04,1,0,0.43345903208771497,42.0,81589.04,0,0.0,1.0,1.0
45,84692.5,1,1,1.2600421757246478,45.0,84692.5,45,0.0,1.0,1.0
30,123040.38,1,1,1.608306648126232,30.0,123040.38,30,1.0,0.0,0.0
38,136712.91,1,1,0.8045678542700921,38.0,136712.91,38,0.0,0.0,1.0
39,160903.2,1,0,2.0425833989638256,39.0,160903.2,0,0.0,0.0,0.0
42,99045.93,2,0,2.100210114459263,21.0,49522.965,0,0.0,0.0,0.0
67,128843.67,1,1,0.9571450581699408,67.0,128843.67,67,0.0,0.0,0.0
38,127475.24,1,0,2.0974684644009387,38.0,127475.24,0,1.0,0.0,1.0
33,156297.58,2,1,0.9409700425538166,16.5,78148.79,33,0.0,0.0,1.0
28,110997.76,1,0,1.0942881344436015,28.0,110997.76,0,0.0,0.0,0.0
29,0.0,2,1,0.0,14.5,0.0,29,0.0,1.0,0.0
39,65521.2,1,1,52.671045121666914,39.0,65521.2,39,0.0,1.0,1.0
37,113383.07,1,1,0.839104108553361,37.0,113383.07,37,1.0,0.0,0.0
48,130806.99,2,1,0.9909181297647036,24.0,65403.495,48,0.0,0.0,0.0
39,111233.09,1,1,0.8970761356391762,39.0,111233.09,39,0.0,1.0,1.0
40,79035.95,1,0,0.5535351374853117,40.0,79035.95,0,0.0,1.0,0.0
31,0.0,2,1,0.0,15.5,0.0,31,0.0,0.0,0.0
25,111432.13,1,1,0.6605985989032601,25.0,111432.13,25,1.0,0.0,1.0
26,79932.41,1,0,0.5320228425470194,26.0,79932.41,0,0.0,1.0,1.0
54,0.0,2,1,0.0,27.0,0.0,54,0.0,1.0,0.0
35,92833.89,1,0,0.933474315599841,35.0,92833.89,0,1.0,0.0,1.0
33,96834.78,1,0,0.8903144945294286,33.0,96834.78,0,0.0,0.0,0.0
31,102016.72,2,0,1.2723284483928388,15.5,51008.36,0,0.0,0.0,1.0
40,95452.89,1,1,0.5303982923303506,40.0,95452.89,40,0.0,0.0,0.0
51,131156.76,1,0,4.3889166075205726,51.0,131156.76,0,1.0,0.0,1.0
40,0.0,3,0,0.0,13.333333333333334,0.0,0,0.0,1.0,0.0
22,99339.0,1,0,1.4545018486005585,22.0,99339.0,0,0.0,0.0,1.0
45,107023.03,1,0,3.252591103859022,45.0,107023.03,0,0.0,1.0,1.0
29,96974.97,1,1,0.6858004157871834,29.0,96974.97,29,0.0,0.0,0.0
27,122550.05,2,1,0.8891016137895069,13.5,61275.025,27,0.0,0.0,0.0
44,129605.99,1,0,1.855078809294832,44.0,129605.99,0,0.0,0.0,0.0
54,118449.21,1,1,0.886773171492594,54.0,118449.21,54,1.0,0.0,0.0
43,0.0,1,0,0.0,43.0,0.0,0,0.0,1.0,0.0
57,86568.75,1,1,0.8351195361078894,57.0,86568.75,57,1.0,0.0,0.0
31,0.0,2,0,0.0,15.5,0.0,0,0.0,0.0,1.0
26,0.0,1,0,0.0,26.0,0.0,0,0.0,0.0,1.0
21,0.0,2,1,0.0,10.5,0.0,21,0.0,0.0,0.0
61,149525.34,2,0,1.209129474850447,30.5,74762.67,0,1.0,0.0,0.0
38,0.0,2,0,0.0,19.0,0.0,0,0.0,0.0,1.0
33,0.0,2,1,0.0,16.5,0.0,33,0.0,0.0,1.0
58,91285.13,2,1,3.410252597799226,29.0,45642.565,58,0.0,0.0,1.0
33,141816.25,1,0,2.188014203491319,33.0,141816.25,0,1.0,0.0,0.0
72,140997.26,1,1,2.6665437385026705,72.0,140997.26,72,0.0,0.0,1.0
36,0.0,2,0,0.0,18.0,0.0,0,0.0,1.0,0.0
30,0.0,2,0,0.0,15.0,0.0,0,0.0,0.0,1.0
39,0.0,2,0,0.0,19.5,0.0,0,0.0,0.0,1.0
48,0.0,2,1,0.0,24.0,0.0,48,0.0,1.0,0.0
51,40685.92,1,1,0.8698167066022907,51.0,40685.92,51,0.0,0.0,1.0
32,0.0,2,1,0.0,16.0,0.0,32,0.0,0.0,0.0
28,0.0,1,0,0.0,28.0,0.0,0,0.0,0.0,1.0
36,0.0,2,1,0.0,18.0,0.0,36,0.0,0.0,1.0
27,0.0,2,0,0.0,13.5,0.0,0,0.0,1.0,1.0
40,124339.9,1,0,0.6432164406958,40.0,124339.9,0,0.0,0.0,1.0
32,0.0,1,1,0.0,32.0,0.0,32,0.0,0.0,0.0
40,28649.64,1,1,0.3011294229530983,40.0,28649.64,40,0.0,1.0,1.0
26,141462.13,1,0,321.3587687414812,26.0,141462.13,0,0.0,0.0,1.0
45,83624.55,2,0,2.2662713057749646,22.5,41812.275,0,1.0,0.0,1.0
33,152805.05,1,0,2.4162855107515613,33.0,152805.05,0,0.0,0.0,0.0
57,0.0,3,1,0.0,19.0,0.0,57,0.0,0.0,0.0
29,0.0,2,1,0.0,14.5,0.0,29,0.0,0.0,1.0
28,128396.33,2,0,1.6065612887492324,14.0,64198.165,0,0.0,1.0,1.0
32,0.0,2,1,0.0,16.0,0.0,32,0.0,0.0,0.0
27,111568.01,1,1,5.0652455396260265,27.0,111568.01,27,1.0,0.0,0.0
39,105473.74,1,0,1.7920984632030514,39.0,105473.74,0,0.0,1.0,1.0
18,0.0,2,0,0.0,9.0,0.0,0,0.0,1.0,1.0
63,0.0,2,1,0.0,31.5,0.0,63,0.0,0.0,1.0
32,145553.07,1,1,4.622969017391272,32.0,145553.07,32,0.0,1.0,0.0
41,128876.71,3,1,1.2051384457768302,13.666666666666666,42958.903333333335,41,0.0,0.0,1.0
37,166115.42,1,0,2.471650376515996,37.0,166115.42,0,0.0,0.0,1.0
31,117020.08,2,0,2.1495424372693885,15.5,58510.04,0,1.0,0.0,1.0
23,93301.97,2,1,0.7335807956533936,11.5,46650.985,23,1.0,0.0,1.0
59,113657.83,1,1,0.9726915443454742,59.0,113657.83,59,0.0,0.0,1.0
40,107041.3,1,1,18.993670627773646,40.0,107041.3,40,1.0,0.0,1.0
24,145081.73,1,1,1.1153692248637652,24.0,145081.73,24,0.0,0.0,0.0
64,139663.37,1,1,1.3828725965049198,64.0,139663.37,64,0.0,0.0,0.0
44,0.0,2,1,0.0,22.0,0.0,44,0.0,0.0,1.0
31,150593.59,2,1,1.4312469913784132,15.5,75296.795,31,1.0,0.0,1.0
30,0.0,2,1,0.0,15.0,0.0,30,0.0,0.0,1.0
27,0.0,2,0,0.0,13.5,0.0,0,0.0,1.0,1.0
35,0.0,2,1,0.0,17.5,0.0,35,0.0,1.0,0.0
38,0.0,1,0,0.0,38.0,0.0,0,0.0,0.0,0.0
38,111501.66,1,1,0.934371087117452,38.0,111501.66,38,0.0,0.0,1.0
40,0.0,2,1,0.0,20.0,0.0,40,0.0,0.0,0.0
38,0.0,2,0,0.0,19.0,0.0,0,0.0,0.0,1.0
36,108239.11,2,0,1.0884426232970066,18.0,54119.555,0,1.0,0.0,1.0
43,141349.43,1,1,1.4108499439500544,43.0,141349.43,43,1.0,0.0,0.0
39,149379.66,2,0,1.5548145183660151,19.5,74689.83,0,0.0,0.0,0.0
28,139246.22,2,0,1.3038097841103922,14.0,69623.11,0,1.0,0.0,0.0
40,136093.74,1,1,0.7036598146213171,40.0,136093.74,40,0.0,1.0,0.0
36,121092.47,2,1,0.8421863683068971,18.0,60546.235,36,0.0,0.0,1.0
51,155903.82,2,1,2.1908961571583077,25.5,77951.91,51,1.0,0.0,0.0
32,0.0,1,0,0.0,32.0,0.0,0,0.0,0.0,0.0
43,39043.29,2,1,0.2225656637367507,21.5,19521.645,43,1.0,0.0,1.0
35,0.0,2,0,0.0,17.5,0.0,0,0.0,1.0,0.0
45,91549.78,1,1,1.942105803547942,45.0,91549.78,45,0.0,1.0,1.0
29,107233.85,2,0,4.302274591051847,14.5,53616.925,0,1.0,0.0,1.0
58,114327.59,2,1,2.669265167304793,29.0,57163.795,58,1.0,0.0,1.0
39,137817.52,1,0,1.6407279286752663,39.0,137817.52,0,0.0,0.0,1.0
40,119501.88,2,0,2.5548270077951996,20.0,59750.94,0,0.0,0.0,1.0
30,116416.94,1,1,1.356710813952323,30.0,116416.94,30,1.0,0.0,1.0
49,96296.78,1,0,0.5056067255188772,49.0,96296.78,0,0.0,1.0,0.0
24,161884.99,1,1,16.832790904667036,24.0,161884.99,24,0.0,0.0,0.0
55,125292.53,1,1,3.9733830886792743,55.0,125292.53,55,1.0,0.0,0.0
38,0.0,2,1,0.0,19.0,0.0,38,0.0,0.0,0.0
37,0.0,2,0,0.0,18.5,0.0,0,0.0,1.0,0.0
29,80204.11,2,0,1.1421309076969128,14.5,40102.055,0,1.0,0.0,0.0
34,121151.05,1,0,1.0150230487408756,34.0,121151.05,0,0.0,1.0,1.0
43,116644.29,2,1,1.93838234780918,21.5,58322.145,43,1.0,0.0,0.0
54,87105.32,1,1,1.573828274203043,54.0,87105.32,54,0.0,0.0,1.0
25,135903.33,1,0,1.8450992296933406,25.0,135903.33,0,0.0,0.0,1.0
47,91522.04,2,1,0.6592101423903944,23.5,45761.02,47,1.0,0.0,0.0
38,116520.28,1,1,2.338191778622814,38.0,116520.28,38,1.0,0.0,0.0
26,112930.28,2,0,5.110954922059602,13.0,56465.14,0,1.0,0.0,1.0
55,127723.25,2,0,0.9157816379555301,27.5,63861.625,0,1.0,0.0,0.0
25,0.0,2,1,0.0,12.5,0.0,25,0.0,0.0,1.0
41,130701.29,1,0,2.20205481529205,41.0,130701.29,0,1.0,0.0,0.0
59,122781.51,1,1,0.8759661960255252,59.0,122781.51,59,0.0,0.0,1.0
71,140273.47,1,1,0.7262965719618765,71.0,140273.47,71,1.0,0.0,0.0
38,158373.23,1,1,5.610431711382352,38.0,158373.23,38,1.0,0.0,0.0
56,0.0,3,0,0.0,18.666666666666668,0.0,0,0.0,1.0,1.0
41,109402.13,1,1,1.6460453102012802,41.0,109402.13,41,0.0,1.0,1.0
55,0.0,1,0,0.0,55.0,0.0,0,0.0,1.0,0.0
43,0.0,2,1,0.0,21.5,0.0,43,0.0,0.0,1.0
32,131945.94,1,1,0.8260169993832384,32.0,131945.94,32,0.0,1.0,1.0
57,93716.72,1,1,0.5202135170434452,57.0,93716.72,57,1.0,0.0,0.0
42,0.0,3,1,0.0,14.0,0.0,42,0.0,1.0,1.0
46,0.0,1,0,0.0,46.0,0.0,0,0.0,1.0,0.0
42,152324.66,2,0,0.8869842421868058,21.0,76162.33,0,1.0,0.0,0.0
41,0.0,1,1,0.0,41.0,0.0,41,0.0,0.0,1.0
34,165363.31,2,1,6.423340388663357,17.0,82681.655,34,0.0,0.0,1.0
29,0.0,2,0,0.0,14.5,0.0,0,0.0,0.0,0.0
35,0.0,2,1,0.0,17.5,0.0,35,0.0,0.0,1.0
64,98848.19,1,1,2.3133141212802584,64.0,98848.19,64,0.0,0.0,1.0
38,0.0,2,0,0.0,19.0,0.0,0,0.0,0.0,1.0
44,79064.85,2,1,0.6978870923964013,22.0,39532.425,44,1.0,0.0,0.0
34,149297.19,2,1,0.8012096077841474,17.0,74648.595,34,1.0,0.0,0.0
32,0.0,2,0,0.0,16.0,0.0,0,0.0,0.0,0.0
44,77526.66,3,0,1.3520859261202236,14.666666666666666,25842.22,0,0.0,1.0,1.0
48,104478.12,3,1,0.6602146709442371,16.0,34826.04,48,1.0,0.0,0.0
33,0.0,1,0,0.0,33.0,0.0,0,0.0,0.0,0.0
43,0.0,2,0,0.0,21.5,0.0,0,0.0,0.0,0.0
36,113110.26,1,0,1.1493415002677487,36.0,113110.26,0,0.0,1.0,1.0
54,138547.97,1,1,1.9737238025460913,54.0,138547.97,54,0.0,0.0,0.0
35,133853.27,1,1,2.0478866356821412,35.0,133853.27,35,0.0,0.0,1.0
45,0.0,2,1,0.0,22.5,0.0,45,0.0,0.0,1.0
35,0.0,2,1,0.0,17.5,0.0,35,0.0,0.0,1.0
34,115101.5,1,0,1.9899332473402926,34.0,115101.5,0,1.0,0.0,1.0
42,0.0,2,0,0.0,21.0,0.0,0,0.0,0.0,0.0
32,100249.41,2,1,1.4829862385463601,16.0,50124.705,32,0.0,0.0,1.0
27,176913.52,1,0,2.1953035510447245,27.0,176913.52,0,0.0,0.0,1.0
28,65643.3,1,0,2.282372755597078,28.0,65643.3,0,1.0,0.0,1.0
33,106506.77,3,0,2.3436008799936983,11.0,35502.25666666667,0,1.0,0.0,0.0
39,124216.93,1,1,0.7245404811273013,39.0,124216.93,39,1.0,0.0,1.0
44,143571.52,1,0,1.1265446963665806,44.0,143571.52,0,0.0,0.0,1.0
39,81042.42,1,1,0.7380565049897013,39.0,81042.42,39,0.0,0.0,0.0
31,0.0,2,1,0.0,15.5,0.0,31,0.0,0.0,1.0
45,157320.51,1,0,2.5295159076642864,45.0,157320.51,0,0.0,1.0,0.0
40,156218.19,1,1,4.648282894525424,40.0,156218.19,40,0.0,0.0,1.0
34,0.0,2,1,0.0,17.0,0.0,34,0.0,1.0,0.0
51,0.0,2,1,0.0,25.5,0.0,51,0.0,0.0,0.0
24,0.0,2,1,0.0,12.0,0.0,24,0.0,1.0,0.0
38,0.0,2,1,0.0,19.0,0.0,38,0.0,0.0,1.0
39,84468.67,2,1,0.6926760349015157,19.5,42234.335,39,1.0,0.0,1.0
22,120811.89,1,1,0.6512407340744457,22.0,120811.89,22,0.0,1.0,1.0
23,157761.56,1,0,1.0676890283584497,23.0,157761.56,0,0.0,0.0,1.0
28,0.0,2,1,0.0,14.0,0.0,28,0.0,1.0,0.0
31,121691.54,2,0,1.4880587517143824,15.5,60845.77,0,0.0,1.0,0.0
28,0.0,2,1,0.0,14.0,0.0,28,0.0,1.0,1.0
34,85141.79,2,1,2.9140812468747184,17.0,42570.895,34,0.0,1.0,1.0
33,134944.0,1,1,1.1530090045505508,33.0,134944.0,33,0.0,0.0,1.0
31,0.0,1,0,0.0,31.0,0.0,0,0.0,1.0,0.0
25,147386.72,3,0,3.240547697508731,8.333333333333334,49128.90666666667,0,0.0,1.0,0.0
41,0.0,1,1,0.0,41.0,0.0,41,0.0,0.0,1.0
28,102282.61,1,1,0.6478047434082895,28.0,102282.61,28,0.0,1.0,0.0
28,142253.65,1,0,3.1582052618678866,28.0,142253.65,0,0.0,1.0,0.0
34,112746.54,2,0,0.7983182335036724,17.0,56373.27,0,1.0,0.0,1.0
72,0.0,2,1,0.0,36.0,0.0,72,0.0,0.0,1.0
46,150213.71,1,0,1.2448464992426354,46.0,150213.71,0,0.0,0.0,0.0
36,102989.83,2,1,2.0939033541748118,18.0,51494.915,36,0.0,1.0,1.0
46,0.0,2,0,0.0,23.0,0.0,0,0.0,0.0,0.0
30,123217.66,2,1,0.8545915575403775,15.0,61608.83,30,0.0,0.0,1.0
26,123709.46,2,1,0.729184365620095,13.0,61854.73,26,0.0,1.0,0.0
35,141005.47,1,1,2.334221185860863,35.0,141005.47,35,0.0,0.0,1.0
28,64808.32,2,0,0.8246261824645651,14.0,32404.16,0,1.0,0.0,0.0
59,104568.41,1,0,12.974649603446395,59.0,104568.41,0,1.0,0.0,1.0
44,115557.0,1,1,0.9062813610823458,44.0,115557.0,44,0.0,1.0,0.0
41,0.0,2,0,0.0,20.5,0.0,0,0.0,1.0,1.0
29,104450.86,1,1,2.8108200476422676,29.0,104450.86,29,0.0,0.0,0.0
50,159453.64,2,0,2.9224950738433226,25.0,79726.82,0,0.0,1.0,1.0
35,58469.37,2,1,0.33903268473812875,17.5,29234.685,35,1.0,0.0,1.0
46,0.0,2,0,0.0,23.0,0.0,0,0.0,0.0,0.0
40,0.0,2,1,0.0,20.0,0.0,40,0.0,0.0,0.0
33,89968.69,1,0,1.3081168107016767,33.0,89968.69,0,0.0,0.0,1.0
43,80090.93,1,0,2.0062858216432864,43.0,80090.93,0,0.0,0.0,1.0
38,127117.8,2,1,0.7271239428005762,19.0,63558.9,38,0.0,1.0,1.0
40,84315.02,1,0,2.328558842942796,40.0,84315.02,0,0.0,0.0,1.0
37,212692.97,1,0,1.2057765009465689,37.0,212692.97,0,0.0,0.0,1.0
49,44301.43,3,1,0.4937231205414508,16.333333333333332,14767.143333333333,49,0.0,0.0,0.0
36,81231.85,2,0,0.4129080671950767,18.0,40615.925,0,1.0,0.0,0.0
37,93722.73,2,1,0.6738098834505336,18.5,46861.365,37,0.0,1.0,1.0
49,172713.44,1,0,1.5168822354241114,49.0,172713.44,0,0.0,0.0,1.0
62,80927.56,1,1,1.254872371460864,62.0,80927.56,62,0.0,1.0,1.0
34,102251.57,1,0,0.8473506176946136,34.0,102251.57,0,1.0,0.0,0.0
53,124954.94,1,1,0.9519680084351925,53.0,124954.94,53,1.0,0.0,0.0
51,147262.11,1,1,2.7458444665295563,51.0,147262.11,51,1.0,0.0,0.0
38,114753.76,1,0,1.0658406973778483,38.0,114753.76,0,1.0,0.0,0.0
54,0.0,2,1,0.0,27.0,0.0,54,0.0,0.0,0.0
48,0.0,1,0,0.0,48.0,0.0,0,0.0,1.0,0.0
45,105266.32,2,1,0.5433815266844655,22.5,52633.16,45,0.0,1.0,1.0
32,0.0,1,0,0.0,32.0,0.0,0,0.0,0.0,0.0
30,101014.08,2,1,0.6112533236805077,15.0,50507.04,30,1.0,0.0,0.0
59,0.0,2,1,0.0,29.5,0.0,59,0.0,1.0,0.0
39,108935.39,1,1,1.076773949942818,39.0,108935.39,39,0.0,1.0,1.0
29,131354.39,1,1,14.08730404716274,29.0,131354.39,29,1.0,0.0,1.0
48,0.0,2,1,0.0,24.0,0.0,48,0.0,0.0,0.0
31,0.0,2,0,0.0,15.5,0.0,0,0.0,1.0,0.0
28,0.0,1,1,0.0,28.0,0.0,28,0.0,0.0,0.0
40,0.0,2,1,0.0,20.0,0.0,40,0.0,1.0,1.0
39,0.0,2,1,0.0,19.5,0.0,39,0.0,0.0,0.0
70,0.0,2,1,0.0,35.0,0.0,70,0.0,0.0,0.0
28,0.0,2,0,0.0,14.0,0.0,0,0.0,1.0,1.0
46,91857.66,1,0,0.9009647218109833,46.0,91857.66,0,0.0,0.0,1.0
46,52016.08,2,1,0.7126110284935745,23.0,26008.04,46,0.0,0.0,0.0
50,140292.58,3,0,2.0176919087569583,16.666666666666668,46764.19333333333,0,0.0,1.0,0.0
44,0.0,1,1,0.0,44.0,0.0,44,0.0,0.0,0.0
41,0.0,2,1,0.0,20.5,0.0,41,0.0,0.0,1.0
27,160358.68,2,0,1.1263696573914368,13.5,80179.34,0,1.0,0.0,1.0
32,142188.2,2,1,1.1105971634462926,16.0,71094.1,32,0.0,1.0,1.0
29,127864.26,1,1,2.739289042566182,29.0,127864.26,29,0.0,1.0,1.0
29,0.0,3,0,0.0,9.666666666666666,0.0,0,0.0,0.0,0.0
35,90865.8,1,1,1.0472698153137816,35.0,90865.8,35,0.0,0.0,0.0
34,0.0,2,1,0.0,17.0,0.0,34,0.0,0.0,1.0
30,129548.5,2,1,6.718327425665812,15.0,64774.25,30,0.0,1.0,1.0
37,95022.57,1,1,0.7359952269266277,37.0,95022.57,37,1.0,0.0,0.0
26,118097.87,1,0,1.9278820356516055,26.0,118097.87,0,0.0,0.0,0.0
32,0.0,2,1,0.0,16.0,0.0,32,0.0,1.0,1.0
38,0.0,2,0,0.0,19.0,0.0,0,0.0,1.0,1.0
24,142755.25,1,0,4.170291497767551,24.0,142755.25,0,1.0,0.0,1.0
27,98590.25,1,0,3.189292557247155,27.0,98590.25,0,0.0,0.0,0.0
32,0.0,2,1,0.0,16.0,0.0,32,0.0,0.0,1.0
49,204510.94,1,1,276.7850530532698,49.0,204510.94,49,0.0,0.0,0.0
41,0.0,2,0,0.0,20.5,0.0,0,0.0,1.0,1.0
38,113525.84,1,0,2.4655689455066057,38.0,113525.84,0,1.0,0.0,1.0
37,99773.85,2,0,1.8185031801161815,18.5,49886.925,0,0.0,1.0,0.0
40,167878.5,1,1,1.1052843439827302,40.0,167878.5,40,0.0,1.0,0.0
35,127290.61,1,0,7.915285275985877,35.0,127290.61,0,0.0,1.0,1.0
43,97067.69,1,1,1.593362478646186,43.0,97067.69,43,1.0,0.0,0.0
25,0.0,2,1,0.0,12.5,0.0,25,0.0,1.0,1.0
46,96173.17,2,1,0.8263839713774843,23.0,48086.585,46,0.0,0.0,0.0
40,0.0,2,1,0.0,20.0,0.0,40,0.0,0.0,1.0
33,69478.57,1,0,7.742492202187066,33.0,69478.57,0,0.0,1.0,1.0
38,128366.44,1,0,10.031425952394535,38.0,128366.44,0,0.0,1.0,1.0
29,0.0,2,1,0.0,14.5,0.0,29,0.0,0.0,1.0
40,0.0,2,0,0.0,20.0,0.0,0,0.0,0.0,0.0
37,0.0,1,0,0.0,37.0,0.0,0,0.0,0.0,1.0
38,141786.78,1,1,0.9593311228319497,38.0,141786.78,38,0.0,1.0,0.0
32,151922.94,1,0,17.114105345688778,32.0,151922.94,0,1.0,0.0,1.0
41,83807.86,1,1,0.7446769036217226,41.0,83807.86,41,0.0,1.0,0.0
36,110480.48,1,0,1.3590517088143492,36.0,110480.48,0,0.0,0.0,0.0
35,117458.51,1,1,0.6585419116280039,35.0,117458.51,35,1.0,0.0,1.0
45,0.0,1,0,0.0,45.0,0.0,0,0.0,0.0,1.0
64,145578.28,1,1,0.7819522556591898,64.0,145578.28,64,0.0,0.0,1.0
35,147285.52,1,1,2.547881616515632,35.0,147285.52,35,0.0,1.0,0.0
43,114974.24,1,0,0.9130697819434384,43.0,114974.24,0,0.0,0.0,1.0
27,87262.4,2,0,0.4775742478645066,13.5,43631.2,0,0.0,0.0,0.0
43,107805.67,1,0,0.5906976155481846,43.0,107805.67,0,0.0,0.0,1.0
62,140549.4,1,0,4.5352912021106055,62.0,140549.4,0,0.0,0.0,0.0
36,73211.12,2,0,0.817203859384596,18.0,36605.56,0,0.0,1.0,1.0
57,137936.94,1,1,1.6328704081307717,57.0,137936.94,57,0.0,0.0,0.0
28,191864.51,1,0,1.7690214432334583,28.0,191864.51,0,0.0,0.0,0.0
42,75302.85,2,0,1.3203069729031716,21.0,37651.425,0,0.0,1.0,0.0
31,113000.66,1,0,2.7923584714966116,31.0,113000.66,0,0.0,0.0,0.0
40,83015.71,1,0,0.8212079047373345,40.0,83015.71,0,0.0,1.0,1.0
52,107467.56,1,0,0.8513416203251792,52.0,107467.56,0,1.0,0.0,0.0
48,108019.27,3,1,0.5853920871818481,16.0,36006.42333333333,48,0.0,0.0,1.0
38,152582.2,2,0,4.784217889794632,19.0,76291.1,0,0.0,0.0,0.0
30,72549.0,2,1,0.3970310098900666,15.0,36274.5,30,1.0,0.0,1.0
38,0.0,2,0,0.0,19.0,0.0,0,0.0,0.0,1.0
46,0.0,2,0,0.0,23.0,0.0,0,0.0,0.0,0.0
42,0.0,2,1,0.0,21.0,0.0,42,0.0,0.0,0.0
43,123180.01,2,1,0.6263179726295305,21.5,61590.005,43,1.0,0.0,1.0
34,113922.44,2,0,3.7021196390770634,17.0,56961.22,0,0.0,1.0,1.0
77,27517.15,2,1,10.019316125414633,38.5,13758.575,77,1.0,0.0,1.0
24,110949.41,1,1,0.6583924777057746,24.0,110949.41,24,0.0,0.0,0.0
44,115163.38,1,1,1.179016215808919,44.0,115163.38,44,1.0,0.0,1.0
40,0.0,2,0,0.0,20.0,0.0,0,0.0,0.0,1.0
37,123067.63,1,1,1.2537140478578161,37.0,123067.63,37,1.0,0.0,0.0
39,0.0,1,0,0.0,39.0,0.0,0,0.0,0.0,0.0
37,0.0,1,1,0.0,37.0,0.0,37,0.0,0.0,0.0
39,154121.32,2,0,0.8726407279659255,19.5,77060.66,0,0.0,0.0,0.0
33,0.0,2,0,0.0,16.5,0.0,0,0.0,0.0,0.0
41,76319.64,1,1,0.540602392006867,41.0,76319.64,41,0.0,0.0,0.0
30,0.0,2,1,0.0,15.0,0.0,30,0.0,0.0,0.0
62,131078.42,2,0,1.0982805351308218,31.0,65539.21,0,0.0,1.0,1.0
36,0.0,2,1,0.0,18.0,0.0,36,0.0,0.0,1.0
44,0.0,1,0,0.0,44.0,0.0,0,0.0,1.0,1.0
50,0.0,2,1,0.0,25.0,0.0,50,0.0,0.0,1.0
41,0.0,2,1,0.0,20.5,0.0,41,0.0,0.0,0.0
40,0.0,1,1,0.0,40.0,0.0,40,0.0,1.0,0.0
29,123229.46,1,0,0.6799951374313001,29.0,123229.46,0,1.0,0.0,0.0
42,98298.18,1,1,145.3986036742301,42.0,98298.18,42,0.0,0.0,1.0
63,111179.83,1,1,1.194313157165965,63.0,111179.83,63,0.0,1.0,1.0
39,90217.07,1,0,0.4714755353631723,39.0,90217.07,0,0.0,0.0,0.0
31,144162.3,2,1,9.948546628582704,15.5,72081.15,31,0.0,0.0,0.0
34,0.0,2,1,0.0,17.0,0.0,34,0.0,0.0,1.0
47,0.0,1,1,0.0,47.0,0.0,47,0.0,0.0,0.0
36,152899.24,2,0,0.8632019146579809,18.0,76449.62,0,1.0,0.0,1.0
57,0.0,2,1,0.0,28.5,0.0,57,0.0,1.0,0.0
59,0.0,2,1,0.0,29.5,0.0,59,0.0,1.0,0.0
26,128793.63,1,0,6.686392673676997,26.0,128793.63,0,1.0,0.0,1.0
23,0.0,1,0,0.0,23.0,0.0,0,0.0,0.0,1.0
40,150679.71,2,1,0.7678871209875042,20.0,75339.855,40,1.0,0.0,0.0
34,134954.53,1,1,0.8881252460030934,34.0,134954.53,34,0.0,0.0,1.0
27,153325.1,1,1,0.7668044338146307,27.0,153325.1,27,0.0,1.0,1.0
31,0.0,2,0,0.0,15.5,0.0,0,0.0,0.0,1.0
47,139196.0,1,1,1.8803064122992863,47.0,139196.0,47,0.0,1.0,1.0
34,0.0,2,0,0.0,17.0,0.0,0,0.0,1.0,1.0
34,133936.04,2,0,1.4660283260283329,17.0,66968.02,0,0.0,0.0,1.0
24,0.0,1,0,0.0,24.0,0.0,0,0.0,1.0,1.0
37,117524.72,2,1,0.7296758331719588,18.5,58762.36,37,1.0,0.0,1.0
41,77647.6,1,0,0.4077498068576763,41.0,77647.6,0,1.0,0.0,0.0
28,0.0,2,1,0.0,14.0,0.0,28,0.0,0.0,1.0
40,153537.57,2,0,6.646322928791795,20.0,76768.785,0,1.0,0.0,0.0
24,108528.07,2,0,0.6046522446769683,12.0,54264.035,0,1.0,0.0,1.0
34,60515.13,1,0,0.4857879143547672,34.0,60515.13,0,1.0,0.0,1.0
38,0.0,1,0,0.0,38.0,0.0,0,0.0,0.0,1.0
32,0.0,2,1,0.0,16.0,0.0,32,0.0,0.0,1.0
20,0.0,2,1,0.0,10.0,0.0,20,0.0,0.0,0.0
79,0.0,1,1,0.0,79.0,0.0,79,0.0,0.0,0.0
32,187487.63,1,1,1.560894555656847,32.0,187487.63,32,0.0,1.0,0.0
41,0.0,2,0,0.0,20.5,0.0,0,0.0,0.0,1.0
29,170214.23,2,0,3.4537421881340804,14.5,85107.115,0,1.0,0.0,0.0
33,151233.62,1,0,0.7586845428258719,33.0,151233.62,0,0.0,1.0,0.0
71,0.0,1,1,0.0,71.0,0.0,71,0.0,1.0,1.0
28,0.0,1,1,0.0,28.0,0.0,28,0.0,0.0,1.0
33,114634.63,2,0,1.0410504967652727,16.5,57317.315,0,0.0,1.0,0.0
58,101579.28,1,1,1.407528738634416,58.0,101579.28,58,0.0,0.0,1.0
59,0.0,1,1,0.0,59.0,0.0,59,0.0,0.0,1.0
38,0.0,2,0,0.0,19.0,0.0,0,0.0,0.0,1.0
41,150844.94,1,1,1.1819539933755074,41.0,150844.94,41,1.0,0.0,1.0
62,119817.33,1,1,2.7539718804516964,62.0,119817.33,62,1.0,0.0,1.0
38,115442.19,2,0,0.8985121593381148,19.0,57721.095,0,1.0,0.0,1.0
32,0.0,1,0,0.0,32.0,0.0,0,0.0,1.0,1.0
36,128829.25,1,0,0.675954683331253,36.0,128829.25,0,0.0,0.0,1.0
43,163159.85,1,1,10.457087830389419,43.0,163159.85,43,0.0,0.0,1.0
35,146781.24,1,0,0.7753580018139778,35.0,146781.24,0,1.0,0.0,0.0
33,156570.86,1,1,4.215670890302152,33.0,156570.86,33,1.0,0.0,1.0
23,96471.2,1,0,2.713602469918542,23.0,96471.2,0,0.0,0.0,1.0
30,131286.46,1,0,0.6762308167964626,30.0,131286.46,0,0.0,0.0,0.0
27,0.0,2,0,0.0,13.5,0.0,0,0.0,0.0,0.0
33,96926.12,2,0,1.996263523924095,16.5,48463.06,0,1.0,0.0,1.0
44,0.0,2,0,0.0,22.0,0.0,0,0.0,0.0,1.0
33,117413.95,1,1,9.196862315673382,33.0,117413.95,33,0.0,0.0,1.0
31,72541.48,1,0,0.5588579254051599,31.0,72541.48,0,0.0,0.0,1.0
32,95377.13,1,1,0.5085390531142316,32.0,95377.13,32,0.0,0.0,1.0
38,0.0,2,0,0.0,19.0,0.0,0,0.0,1.0,1.0
38,132271.12,2,1,2.8407513247921803,19.0,66135.56,38,1.0,0.0,1.0
21,0.0,2,1,0.0,10.5,0.0,21,0.0,0.0,1.0
33,136624.6,2,1,0.8078667560245307,16.5,68312.3,33,1.0,0.0,0.0
26,138023.79,2,1,1.179083838913653,13.0,69011.895,26,0.0,0.0,1.0
32,76087.98,1,1,0.5011635285536428,32.0,76087.98,32,0.0,1.0,1.0
36,0.0,2,0,0.0,18.0,0.0,0,0.0,1.0,0.0
35,132253.22,1,0,1.1443899390628276,35.0,132253.22,0,1.0,0.0,0.0
37,0.0,2,0,0.0,18.5,0.0,0,0.0,0.0,1.0
46,0.0,1,1,0.0,46.0,0.0,46,0.0,0.0,1.0
42,125437.14,2,0,0.7642614101700022,21.0,62718.57,0,0.0,0.0,0.0
32,102500.34,1,0,0.9643662671631928,32.0,102500.34,0,1.0,0.0,1.0
31,120962.59,1,0,22.32066259357741,31.0,120962.59,0,0.0,0.0,1.0
38,96939.06,1,1,0.9447614254477184,38.0,96939.06,38,0.0,1.0,0.0
44,63562.02,2,1,1.2077208072319578,22.0,31781.01,44,0.0,0.0,1.0
43,0.0,3,1,0.0,14.333333333333334,0.0,43,0.0,0.0,0.0
42,0.0,1,1,0.0,42.0,0.0,42,0.0,0.0,0.0
31,0.0,2,1,0.0,15.5,0.0,31,0.0,1.0,0.0
30,87505.47,2,1,12.022343674650378,15.0,43752.735,30,0.0,0.0,1.0
28,152812.58,1,0,0.9167880000890314,28.0,152812.58,0,1.0,0.0,0.0
29,0.0,1,0,0.0,29.0,0.0,0,0.0,0.0,1.0
33,100116.82,1,0,2.9260594150384125,33.0,100116.82,0,0.0,0.0,1.0
30,0.0,2,0,0.0,15.0,0.0,0,0.0,1.0,1.0
35,0.0,2,0,0.0,17.5,0.0,0,0.0,0.0,0.0
33,105663.56,2,1,3.170139171201249,16.5,52831.78,33,1.0,0.0,0.0
60,147751.75,1,0,1.6750751989319554,60.0,147751.75,0,0.0,0.0,0.0
44,146498.76,1,0,2.2589179830050834,44.0,146498.76,0,1.0,0.0,0.0
50,155393.32,1,1,1.7789444063988886,50.0,155393.32,50,1.0,0.0,0.0
64,116954.32,1,1,1.2831046320834745,64.0,116954.32,64,0.0,1.0,0.0
76,138489.66,1,1,2.0246984874592364,76.0,138489.66,76,0.0,0.0,0.0
38,0.0,2,0,0.0,19.0,0.0,0,0.0,0.0,0.0
37,0.0,2,1,0.0,18.5,0.0,37,0.0,0.0,1.0
30,0.0,2,1,0.0,15.0,0.0,30,0.0,1.0,0.0
37,136425.18,1,0,1.6821264269388447,37.0,136425.18,0,0.0,0.0,0.0
38,0.0,2,0,0.0,19.0,0.0,0,0.0,1.0,0.0
35,183572.84,1,1,2.781122233710946,35.0,183572.84,35,0.0,0.0,0.0
56,131368.3,1,0,1.2286750293470727,56.0,131368.3,0,0.0,0.0,0.0
28,168253.21,1,1,1.6367180698204284,28.0,168253.21,28,0.0,1.0,0.0
36,114370.41,1,1,1.711863318449441,36.0,114370.41,36,0.0,0.0,1.0
49,115488.52,2,1,0.8329091084671572,24.5,57744.26,49,1.0,0.0,0.0
26,126392.18,1,1,2.89548375095558,26.0,126392.18,26,0.0,0.0,1.0
40,0.0,2,0,0.0,20.0,0.0,0,0.0,0.0,0.0
25,76968.12,2,1,0.5853012416871809,12.5,38484.06,25,1.0,0.0,0.0
34,122359.5,1,0,1.0503362574793629,34.0,122359.5,0,0.0,0.0,1.0
36,0.0,2,0,0.0,18.0,0.0,0,0.0,0.0,1.0
35,0.0,2,1,0.0,17.5,0.0,35,0.0,0.0,1.0
32,116324.53,1,0,1.504757744343181,32.0,116324.53,0,0.0,0.0,1.0
31,107818.63,1,0,0.5398343695811534,31.0,107818.63,0,1.0,0.0,0.0
37,124053.03,1,0,1.0460518011087963,37.0,124053.03,0,1.0,0.0,0.0
58,0.0,2,1,0.0,29.0,0.0,58,0.0,1.0,0.0
43,85200.82,2,1,0.5306012943931366,21.5,42600.41,43,1.0,0.0,1.0
25,0.0,2,1,0.0,12.5,0.0,25,0.0,0.0,1.0
21,87096.82,2,0,0.5178597685623385,10.5,43548.41,0,1.0,0.0,0.0
50,94238.75,2,1,1.8600706575685688,25.0,47119.375,50,0.0,0.0,0.0
46,102955.14,2,0,0.667944228695281,23.0,51477.57,0,1.0,0.0,0.0
45,109200.74,2,1,0.6578736703149892,22.5,54600.37,45,1.0,0.0,1.0
41,176958.46,2,1,1.4065945823062913,20.5,88479.23,41,1.0,0.0,1.0
35,0.0,1,1,0.0,35.0,0.0,35,0.0,0.0,1.0
32,177729.13,1,1,1.0995226614257874,32.0,177729.13,32,0.0,0.0,1.0
33,0.0,2,0,0.0,16.5,0.0,0,0.0,0.0,1.0
37,94661.53,2,0,0.7807802975346761,18.5,47330.765,0,1.0,0.0,1.0
50,0.0,2,1,0.0,25.0,0.0,50,0.0,0.0,1.0
48,101099.9,2,1,0.5225448070985947,24.0,50549.95,48,1.0,0.0,1.0
30,105209.54,1,0,56.79082144900625,30.0,105209.54,0,0.0,0.0,0.0
54,118614.6,2,1,0.6872160296062112,27.0,59307.3,54,1.0,0.0,1.0
40,70291.02,1,1,0.6087444889894106,40.0,70291.02,40,0.0,1.0,1.0
52,111973.97,1,1,0.6879855150298646,52.0,111973.97,52,1.0,0.0,0.0
26,124281.84,1,1,2.067347488387977,26.0,124281.84,26,0.0,0.0,0.0
42,0.0,2,0,0.0,21.0,0.0,0,0.0,0.0,0.0
51,0.0,1,1,0.0,51.0,0.0,51,0.0,0.0,1.0
40,80613.93,1,1,0.5643706072810549,40.0,80613.93,40,0.0,0.0,1.0
52,131441.51,1,0,3.529568253154999,52.0,131441.51,0,1.0,0.0,0.0
50,0.0,1,1,0.0,50.0,0.0,50,0.0,0.0,0.0
36,98088.09,1,1,3.6754705061074175,36.0,98088.09,36,1.0,0.0,0.0
35,0.0,3,1,0.0,11.666666666666666,0.0,35,0.0,0.0,1.0
25,86605.5,3,0,5.201747099429345,8.333333333333334,28868.5,0,0.0,1.0,0.0
39,160652.45,2,0,2.7869978514508564,19.5,80326.225,0,0.0,0.0,1.0
36,0.0,2,1,0.0,18.0,0.0,36,0.0,1.0,1.0
43,190227.46,1,0,1.9508899984042343,43.0,190227.46,0,0.0,0.0,1.0
34,0.0,2,1,0.0,17.0,0.0,34,0.0,0.0,1.0
29,0.0,2,0,0.0,14.5,0.0,0,0.0,1.0,1.0
22,137583.04,1,1,23.75459309201723,22.0,137583.04,22,0.0,0.0,1.0
36,0.0,2,1,0.0,18.0,0.0,36,0.0,1.0,0.0
58,149641.53,1,1,1.2994083601710575,58.0,149641.53,58,1.0,0.0,0.0
49,108437.89,1,0,0.8536879224977361,49.0,108437.89,0,1.0,0.0,1.0
32,0.0,2,1,0.0,16.0,0.0,32,0.0,0.0,1.0
54,0.0,1,1,0.0,54.0,0.0,54,0.0,0.0,0.0
26,111128.04,1,0,1.8235268152435944,26.0,111128.04,0,0.0,0.0,1.0
38,118866.36,1,1,0.7278237788357035,38.0,118866.36,38,0.0,1.0,1.0
40,95297.11,1,0,0.555616962258413,40.0,95297.11,0,0.0,0.0,1.0
35,0.0,2,1,0.0,17.5,0.0,35,0.0,1.0,1.0
35,0.0,1,1,0.0,35.0,0.0,35,0.0,1.0,1.0
37,0.0,2,0,0.0,18.5,0.0,0,0.0,0.0,0.0
22,0.0,1,0,0.0,22.0,0.0,0,0.0,0.0,1.0
35,106250.72,1,0,2.6867410166103953,35.0,106250.72,0,0.0,0.0,1.0
40,133463.1,1,1,1.4325402558505127,40.0,133463.1,40,0.0,0.0,1.0
51,145751.03,1,0,1.328409609177819,51.0,145751.03,0,1.0,0.0,0.0
31,81480.27,2,1,1.2490345614137284,15.5,40740.135,31,0.0,0.0,0.0
65,0.0,1,1,0.0,65.0,0.0,65,0.0,0.0,0.0
34,86656.13,1,1,1.4469145165268027,34.0,86656.13,34,0.0,1.0,1.0
40,114446.84,2,1,1.3108375412246596,20.0,57223.42,40,1.0,0.0,1.0
32,0.0,1,1,0.0,32.0,0.0,32,0.0,1.0,0.0
28,0.0,2,1,0.0,14.0,0.0,28,0.0,0.0,0.0
42,156371.61,2,1,0.9974273311793325,21.0,78185.805,42,0.0,1.0,0.0
55,0.0,1,0,0.0,55.0,0.0,0,0.0,0.0,1.0
37,0.0,2,1,0.0,18.5,0.0,37,0.0,0.0,1.0
32,0.0,2,0,0.0,16.0,0.0,0,0.0,0.0,1.0
32,85757.93,1,1,0.8981674888197652,32.0,85757.93,32,0.0,0.0,0.0
43,92350.36,1,1,1.1505982028311708,43.0,92350.36,43,0.0,0.0,1.0
42,0.0,2,0,0.0,21.0,0.0,0,0.0,0.0,0.0
36,118851.05,1,1,1.1567347646676274,36.0,118851.05,36,0.0,0.0,0.0
29,0.0,1,1,0.0,29.0,0.0,29,0.0,1.0,1.0
32,156001.68,2,1,1.0285103289344992,16.0,78000.84,32,0.0,0.0,1.0
41,0.0,3,0,0.0,13.666666666666666,0.0,0,0.0,0.0,0.0
40,0.0,1,1,0.0,40.0,0.0,40,0.0,1.0,0.0
41,146997.64,2,0,1.066814581310647,20.5,73498.82,0,0.0,1.0,0.0
31,68927.57,1,1,2.7088846531735116,31.0,68927.57,31,1.0,0.0,0.0
37,77608.46,2,1,0.44253252459066506,18.5,38804.23,37,0.0,0.0,1.0
31,103837.75,1,1,0.6912465481026223,31.0,103837.75,31,1.0,0.0,1.0
32,145166.09,2,0,1.3028558684167186,16.0,72583.045,0,1.0,0.0,1.0
38,0.0,2,1,0.0,19.0,0.0,38,0.0,0.0,1.0
31,132512.26,1,1,0.7144794878437845,31.0,132512.26,31,0.0,0.0,1.0
40,0.0,1,0,0.0,40.0,0.0,0,0.0,0.0,1.0
76,96166.88,1,1,0.5024569830724447,76.0,96166.88,76,1.0,0.0,1.0
42,0.0,2,0,0.0,21.0,0.0,0,0.0,0.0,0.0
33,107868.14,2,1,0.7378505312177651,16.5,53934.07,33,1.0,0.0,0.0
31,106942.08,1,1,2.430440504796356,31.0,106942.08,31,0.0,0.0,0.0
40,81132.21,1,0,0.48497995873269517,40.0,81132.21,0,0.0,0.0,0.0
23,0.0,2,1,0.0,11.5,0.0,23,0.0,0.0,0.0
31,144637.86,2,0,3.571594440241086,15.5,72318.93,0,0.0,1.0,0.0
55,103176.62,1,1,0.6309872981361597,55.0,103176.62,55,0.0,1.0,1.0
44,134066.1,2,1,0.6785669112402891,22.0,67033.05,44,0.0,0.0,0.0
30,180307.73,2,1,94.18449026070695,15.0,90153.865,30,0.0,1.0,1.0
58,118723.11,1,0,19.119561768964058,58.0,118723.11,0,1.0,0.0,0.0
48,0.0,2,0,0.0,24.0,0.0,0,0.0,1.0,1.0
31,109052.59,2,1,5.607125430550678,15.5,54526.295,31,1.0,0.0,1.0
23,0.0,2,1,0.0,11.5,0.0,23,0.0,1.0,0.0
49,119960.29,2,0,1.1638921289219897,24.5,59980.145,0,0.0,0.0,0.0
28,117466.03,2,1,3.4057937272361953,14.0,58733.015,28,1.0,0.0,1.0
28,116498.22,1,0,0.8073880251784165,28.0,116498.22,0,0.0,0.0,1.0
41,144147.68,1,1,9.746359339819742,41.0,144147.68,41,0.0,0.0,1.0
42,0.0,2,1,0.0,21.0,0.0,42,0.0,0.0,1.0
26,118547.72,1,1,0.7840863198083393,26.0,118547.72,26,1.0,0.0,0.0
34,0.0,2,1,0.0,17.0,0.0,34,0.0,0.0,1.0
34,84009.47,1,1,0.6132028866921506,34.0,84009.47,34,0.0,0.0,1.0
51,114514.71,2,0,0.6441202357818459,25.5,57257.355,0,1.0,0.0,1.0
31,118342.26,1,0,0.7324329461283389,31.0,118342.26,0,0.0,0.0,1.0
27,79336.61,1,1,3.031576900032403,27.0,79336.61,27,0.0,0.0,0.0
27,186558.55,1,1,1.0656147561373426,27.0,186558.55,27,0.0,0.0,0.0
62,0.0,1,1,0.0,62.0,0.0,62,0.0,0.0,0.0
55,155196.17,1,1,1.2804155281935152,55.0,155196.17,55,1.0,0.0,1.0
51,0.0,2,0,0.0,25.5,0.0,0,0.0,1.0,1.0
32,0.0,1,1,0.0,32.0,0.0,32,0.0,0.0,1.0
47,110783.28,1,1,1.5511485832571643,47.0,110783.28,47,0.0,1.0,0.0
40,0.0,1,0,0.0,40.0,0.0,0,0.0,0.0,0.0
57,0.0,2,0,0.0,28.5,0.0,0,0.0,0.0,0.0
39,82766.43,1,1,0.6733059487116743,39.0,82766.43,39,0.0,1.0,0.0
77,0.0,1,1,0.0,77.0,0.0,77,0.0,0.0,1.0
28,0.0,1,1,0.0,28.0,0.0,28,0.0,0.0,0.0
45,104339.11,2,1,0.5684809029868222,22.5,52169.555,45,1.0,0.0,1.0
32,127845.83,1,0,1.9233845149332323,32.0,127845.83,0,0.0,0.0,1.0
66,0.0,2,1,0.0,33.0,0.0,66,0.0,1.0,1.0
40,113208.86,2,0,3.274074712470819,20.0,56604.43,0,0.0,0.0,1.0
35,0.0,2,0,0.0,17.5,0.0,0,0.0,0.0,0.0
37,93147.0,2,0,1.406754117285842,18.5,46573.5,0,0.0,0.0,1.0
34,141173.03,1,1,1.4274889211966584,34.0,141173.03,34,0.0,0.0,1.0
32,0.0,2,1,0.0,16.0,0.0,32,0.0,0.0,1.0
70,71816.74,2,0,0.6833388488823925,35.0,35908.37,0,1.0,0.0,0.0
36,119912.46,1,0,0.9642759610958699,36.0,119912.46,0,0.0,0.0,0.0
34,83503.11,2,1,1.1419302113805039,17.0,41751.555,34,0.0,0.0,1.0
47,139887.01,1,1,1.4614229480170913,47.0,139887.01,47,0.0,1.0,1.0
30,154870.28,1,1,2.8578397523739016,30.0,154870.28,30,1.0,0.0,0.0
54,77354.37,1,0,0.5597561468028259,54.0,77354.37,0,1.0,0.0,0.0
22,139129.92,1,1,2.1825153641295167,22.0,139129.92,22,1.0,0.0,0.0
42,0.0,2,0,0.0,21.0,0.0,0,0.0,0.0,1.0
42,138650.49,2,0,2.1414502841639655,21.0,69325.245,0,1.0,0.0,0.0
33,80107.83,2,1,0.9740066559127064,16.5,40053.915,33,0.0,0.0,0.0
42,64497.94,3,1,0.35353578041624384,14.0,21499.313333333335,42,1.0,0.0,0.0
57,0.0,2,1,0.0,28.5,0.0,57,0.0,1.0,1.0
67,0.0,2,1,0.0,33.5,0.0,67,0.0,0.0,1.0
46,92060.06,1,0,0.6253105239366552,46.0,92060.06,0,1.0,0.0,0.0
36,175509.8,2,0,1.1543684618626175,18.0,87754.9,0,0.0,1.0,0.0
40,0.0,2,1,0.0,20.0,0.0,40,0.0,0.0,1.0
26,118287.01,2,0,1.9575094369597845,13.0,59143.505,0,1.0,0.0,1.0
29,130306.49,1,0,1.68203863255392,29.0,130306.49,0,0.0,0.0,1.0
36,0.0,1,0,0.0,36.0,0.0,0,0.0,1.0,0.0
40,97339.99,1,1,1.0959828407846626,40.0,97339.99,40,0.0,0.0,1.0
30,127023.39,1,1,0.9152801225010158,30.0,127023.39,30,0.0,0.0,0.0
47,0.0,2,0,0.0,23.5,0.0,0,0.0,0.0,1.0
50,96888.39,1,0,1.2549293612887558,50.0,96888.39,0,1.0,0.0,1.0
64,0.0,2,1,0.0,32.0,0.0,64,0.0,0.0,1.0
39,113096.41,1,1,1.8744668953003254,39.0,113096.41,39,0.0,0.0,1.0
43,116360.07,1,0,6.84304351763747,43.0,116360.07,0,0.0,1.0,0.0
48,126066.26,1,0,1.9592052977662344,48.0,126066.26,0,1.0,0.0,1.0
44,0.0,2,0,0.0,22.0,0.0,0,0.0,0.0,1.0
44,107764.75,1,0,0.5804172637009816,44.0,107764.75,0,0.0,0.0,1.0
52,0.0,1,0,0.0,52.0,0.0,0,0.0,0.0,1.0
47,0.0,2,0,0.0,23.5,0.0,0,0.0,0.0,1.0
29,148654.84,2,1,5.160714304312189,14.5,74327.42,29,0.0,0.0,0.0
40,0.0,2,0,0.0,20.0,0.0,0,0.0,1.0,1.0
48,155413.06,1,0,0.8270114138205727,48.0,155413.06,0,0.0,1.0,0.0
32,109421.13,2,1,0.8648697974176844,16.0,54710.565,32,1.0,0.0,0.0
26,146266.0,1,0,6.677708981437772,26.0,146266.0,0,0.0,0.0,1.0
35,0.0,2,0,0.0,17.5,0.0,0,0.0,1.0,1.0
47,139914.6,4,1,1.0765596405666285,11.75,34978.65,47,0.0,0.0,0.0
33,130499.09,2,1,1.744538553635109,16.5,65249.545,33,0.0,0.0,0.0
38,67111.65,1,0,0.8542003323548009,38.0,67111.65,0,1.0,0.0,1.0
43,111677.88,1,0,0.6245012925878768,43.0,111677.88,0,1.0,0.0,1.0
51,123783.25,1,1,0.9175819821815269,51.0,123783.25,51,1.0,0.0,1.0
23,0.0,2,1,0.0,11.5,0.0,23,0.0,0.0,1.0
47,91219.29,1,0,0.5742642740439152,47.0,91219.29,0,1.0,0.0,0.0
38,0.0,2,0,0.0,19.0,0.0,0,0.0,1.0,0.0
29,121823.4,2,1,2.418624837126582,14.5,60911.7,29,0.0,0.0,1.0
43,122351.29,1,0,1.7180164456039742,43.0,122351.29,0,0.0,0.0,1.0
40,123497.58,1,0,0.9359193405117858,40.0,123497.58,0,0.0,0.0,0.0
41,0.0,1,0,0.0,41.0,0.0,0,0.0,0.0,0.0
43,96353.8,1,0,9.437383690180024,43.0,96353.8,0,1.0,0.0,1.0
27,96129.32,2,1,16.065197118839517,13.5,48064.66,27,1.0,0.0,0.0
40,0.0,2,1,0.0,20.0,0.0,40,0.0,0.0,0.0
37,160389.82,1,1,0.873858572377517,37.0,160389.82,37,0.0,0.0,0.0
44,0.0,2,0,0.0,22.0,0.0,0,0.0,0.0,0.0
35,0.0,2,0,0.0,17.5,0.0,0,0.0,0.0,1.0
38,146756.68,1,0,1.875038792690965,38.0,146756.68,0,1.0,0.0,1.0
33,122568.05,2,1,1.4799177984770742,16.5,61284.025,33,0.0,0.0,1.0
24,0.0,2,0,0.0,12.0,0.0,0,0.0,0.0,1.0
50,116309.01,1,0,0.62747496228968,50.0,116309.01,0,1.0,0.0,1.0
47,134032.01,1,0,0.9289008868676952,47.0,134032.01,0,0.0,1.0,0.0
39,152462.79,1,0,1.6882913720986554,39.0,152462.79,0,0.0,0.0,0.0
38,149571.94,1,0,1.26345600785517,38.0,149571.94,0,0.0,1.0,0.0
40,47364.45,1,1,0.318782014441703,40.0,47364.45,40,0.0,0.0,0.0
25,193858.2,1,1,8.97487096130529,25.0,193858.2,25,0.0,1.0,1.0
34,0.0,1,0,0.0,34.0,0.0,0,0.0,1.0,1.0
42,86167.82,1,0,0.5619308895557771,42.0,86167.82,0,0.0,0.0,0.0
35,81684.97,1,0,99.13224514563107,35.0,81684.97,0,0.0,0.0,0.0
19,0.0,2,1,0.0,9.5,0.0,19,0.0,0.0,1.0
37,125734.2,2,0,0.9339581500001226,18.5,62867.1,0,1.0,0.0,0.0
53,0.0,1,1,0.0,53.0,0.0,53,0.0,0.0,0.0
46,0.0,2,0,0.0,23.0,0.0,0,0.0,0.0,1.0
37,0.0,2,1,0.0,18.5,0.0,37,0.0,1.0,1.0
46,87361.02,2,0,0.7257292866976854,23.0,43680.51,0,1.0,0.0,0.0
43,0.0,2,0,0.0,21.5,0.0,0,0.0,1.0,1.0
33,103471.52,1,1,0.6359533628759151,33.0,103471.52,33,1.0,0.0,1.0
38,145018.49,2,1,1.1445598390748841,19.0,72509.245,38,0.0,0.0,1.0
41,69974.66,2,0,0.37136388673906323,20.5,34987.33,0,0.0,1.0,0.0
55,0.0,2,1,0.0,27.5,0.0,55,0.0,0.0,0.0
29,169988.35,1,0,39.79128043071161,29.0,169988.35,0,0.0,0.0,0.0
25,124532.78,2,1,10.62242815115191,12.5,62266.39,25,0.0,0.0,1.0
27,95331.83,2,0,0.7216381150838168,13.5,47665.915,0,1.0,0.0,1.0
40,0.0,2,1,0.0,20.0,0.0,40,0.0,0.0,0.0
55,99685.06,1,0,0.8708021613107074,55.0,99685.06,0,0.0,1.0,1.0
31,160997.54,2,1,2.4833281300901295,15.5,80498.77,31,1.0,0.0,1.0
32,0.0,1,1,0.0,32.0,0.0,32,0.0,1.0,1.0
31,109578.04,2,1,2.127583925833404,15.5,54789.02,31,0.0,0.0,1.0
27,0.0,1,0,0.0,27.0,0.0,0,0.0,1.0,1.0
43,138150.57,1,1,0.7789399086002505,43.0,138150.57,43,0.0,1.0,1.0
37,143407.29,2,1,1.6990889838992844,18.5,71703.645,37,0.0,1.0,1.0
24,122200.31,2,0,2.795990029643826,12.0,61100.155,0,1.0,0.0,0.0
34,0.0,1,0,0.0,34.0,0.0,0,0.0,1.0,1.0
31,119794.67,1,0,0.6563068746985401,31.0,119794.67,0,0.0,0.0,0.0
42,0.0,2,1,0.0,21.0,0.0,42,0.0,0.0,0.0
30,102452.71,1,0,4.752653320622816,30.0,102452.71,0,1.0,0.0,0.0
52,0.0,1,1,0.0,52.0,0.0,52,0.0,1.0,1.0
24,108881.73,1,0,1.0420019249167622,24.0,108881.73,0,0.0,1.0,1.0
52,107304.39,3,0,3.725029437984442,17.333333333333332,35768.13,0,1.0,0.0,1.0
41,0.0,1,0,0.0,41.0,0.0,0,0.0,0.0,1.0
35,0.0,1,1,0.0,35.0,0.0,35,0.0,0.0,0.0
37,99546.25,3,1,3.960156263985885,12.333333333333334,33182.083333333336,37,0.0,0.0,0.0
43,0.0,2,0,0.0,21.5,0.0,0,0.0,1.0,1.0
43,118994.84,1,0,0.6556197839809935,43.0,118994.84,0,1.0,0.0,0.0
28,0.0,2,1,0.0,14.0,0.0,28,0.0,1.0,0.0
36,0.0,1,0,0.0,36.0,0.0,0,0.0,1.0,1.0
41,145150.28,1,0,2.237579798894146,41.0,145150.28,0,0.0,0.0,0.0
33,113452.66,1,0,0.7938638318590344,33.0,113452.66,0,0.0,0.0,0.0
28,141099.43,1,1,9.0406220947033,28.0,141099.43,28,0.0,0.0,1.0
59,55328.4,1,0,0.6638659424763265,59.0,55328.4,0,0.0,0.0,0.0
41,0.0,1,1,0.0,41.0,0.0,41,0.0,0.0,1.0
35,0.0,2,1,0.0,17.5,0.0,35,0.0,0.0,0.0
23,0.0,2,1,0.0,11.5,0.0,23,0.0,0.0,1.0
51,119889.84,1,0,2.1119387144126227,51.0,119889.84,0,0.0,0.0,1.0
46,0.0,1,1,0.0,46.0,0.0,46,0.0,1.0,0.0
40,100812.33,2,0,0.6841307922521078,20.0,50406.165,0,0.0,0.0,0.0
42,134936.97,2,0,0.9982102237693735,21.0,67468.485,0,0.0,0.0,1.0
45,43134.65,1,1,0.5577971650199436,45.0,43134.65,45,0.0,0.0,1.0
45,97486.15,2,0,1.9261994814527068,22.5,48743.075,0,1.0,0.0,0.0
43,93259.57,3,0,0.6612482021389628,14.333333333333334,31086.523333333334,0,1.0,0.0,0.0
29,0.0,2,0,0.0,14.5,0.0,0,0.0,0.0,1.0
39,83765.35,2,0,0.7077254416960534,19.5,41882.675,0,1.0,0.0,0.0
31,116234.61,1,0,0.6754053317193512,31.0,116234.61,0,0.0,0.0,1.0
31,154741.45,2,0,6.1446765100756435,15.5,77370.725,0,1.0,0.0,1.0
60,0.0,1,1,0.0,60.0,0.0,60,0.0,0.0,0.0
41,0.0,1,1,0.0,41.0,0.0,41,0.0,1.0,0.0
29,0.0,2,0,0.0,14.5,0.0,0,0.0,0.0,0.0
61,142105.35,1,1,3.142947411910106,61.0,142105.35,61,0.0,0.0,0.0
29,102490.27,1,1,0.5655429374473305,29.0,102490.27,29,0.0,0.0,1.0
47,118812.5,2,0,3.81770818940781,23.5,59406.25,0,1.0,0.0,1.0
36,0.0,2,1,0.0,18.0,0.0,36,0.0,0.0,1.0
52,106074.89,1,1,4.504538090617429,52.0,106074.89,52,1.0,0.0,0.0
34,132944.53,1,1,4.180261749550041,34.0,132944.53,34,0.0,1.0,1.0
33,76548.6,1,1,0.7775105900301108,33.0,76548.6,33,0.0,1.0,1.0
49,0.0,1,1,0.0,49.0,0.0,49,0.0,0.0,0.0
29,102540.61,1,1,0.5405956501973658,29.0,102540.61,29,0.0,0.0,1.0
44,49157.09,2,0,0.9223727473380297,22.0,24578.545,0,1.0,0.0,1.0
69,163975.09,1,1,4.541177008183668,69.0,163975.09,69,0.0,1.0,1.0
46,0.0,1,1,0.0,46.0,0.0,46,0.0,1.0,1.0
63,169832.57,1,0,0.922465360681594,63.0,169832.57,0,0.0,0.0,1.0
33,0.0,3,1,0.0,11.0,0.0,33,0.0,0.0,0.0
43,0.0,2,0,0.0,21.5,0.0,0,0.0,0.0,0.0
28,0.0,1,0,0.0,28.0,0.0,0,0.0,0.0,0.0
34,102277.52,1,0,0.5750691148292094,34.0,102277.52,0,1.0,0.0,0.0
37,0.0,2,0,0.0,18.5,0.0,0,0.0,0.0,1.0
49,120656.86,4,0,0.7261298606258987,12.25,30164.215,0,1.0,0.0,0.0
45,106431.97,2,1,0.6485100417876951,22.5,53215.985,45,1.0,0.0,0.0
28,123692.0,1,1,1.7532788576897518,28.0,123692.0,28,0.0,1.0,1.0
35,121355.19,1,1,3.402025709636138,35.0,121355.19,35,1.0,0.0,1.0
29,148143.84,1,1,2.847748589570559,29.0,148143.84,29,0.0,0.0,0.0
34,0.0,1,0,0.0,34.0,0.0,0,0.0,1.0,0.0
48,132403.56,1,0,3.668510754903245,48.0,132403.56,0,1.0,0.0,1.0
31,0.0,1,0,0.0,31.0,0.0,0,0.0,0.0,1.0
30,58668.02,1,1,0.7457433864680187,30.0,58668.02,30,1.0,0.0,1.0
45,125191.69,1,1,0.9760708761815569,45.0,125191.69,45,0.0,1.0,0.0
44,0.0,2,1,0.0,22.0,0.0,44,0.0,0.0,0.0
33,0.0,2,1,0.0,16.5,0.0,33,0.0,1.0,0.0
67,103101.56,2,1,0.6694818678352401,33.5,51550.78,67,0.0,0.0,1.0
50,107959.39,1,1,15.455137473623331,50.0,107959.39,50,1.0,0.0,0.0
31,94222.53,1,0,0.9097402935962645,31.0,94222.53,0,0.0,1.0,0.0
36,134208.22,1,1,0.7553767627356629,36.0,134208.22,36,0.0,0.0,0.0
74,128917.84,1,1,2.6721691777573633,74.0,128917.84,74,0.0,1.0,0.0
35,121968.11,2,1,0.6475848723910971,17.5,60984.055,35,1.0,0.0,1.0
45,156353.46,1,0,2.152325967957414,45.0,156353.46,0,1.0,0.0,1.0
47,183579.54,2,1,5.3918591475331255,23.5,91789.77,47,1.0,0.0,1.0
30,0.0,2,0,0.0,15.0,0.0,0,0.0,0.0,1.0
43,0.0,2,0,0.0,21.5,0.0,0,0.0,0.0,1.0
40,0.0,1,1,0.0,40.0,0.0,40,0.0,0.0,0.0
33,102772.67,2,0,1.4535298345618548,16.5,51386.335,0,1.0,0.0,1.0
58,125801.03,2,0,2.0659765354284154,29.0,62900.515,0,1.0,0.0,0.0
39,133191.19,2,1,2.4993894668535956,19.5,66595.595,39,1.0,0.0,1.0
36,127157.04,1,1,0.8166789820048342,36.0,127157.04,36,0.0,0.0,1.0
39,121523.51,1,0,0.751743506486477,39.0,121523.51,0,1.0,0.0,1.0
32,0.0,2,1,0.0,16.0,0.0,32,0.0,1.0,1.0
42,0.0,2,1,0.0,21.0,0.0,42,0.0,0.0,0.0
35,0.0,1,0,0.0,35.0,0.0,0,0.0,1.0,0.0
41,126550.7,1,0,0.7123816709910331,41.0,126550.7,0,1.0,0.0,1.0
37,133043.66,1,0,1.1959723520804753,37.0,133043.66,0,0.0,0.0,1.0
35,167455.66,2,1,3.026790847959014,17.5,83727.83,35,0.0,1.0,1.0
52,139781.06,1,0,5.093059674845329,52.0,139781.06,0,0.0,0.0,1.0
42,164307.77,1,0,3.3879155077746197,42.0,164307.77,0,1.0,0.0,0.0
39,94435.45,2,1,0.4985219937237259,19.5,47217.725,39,0.0,0.0,0.0
45,0.0,1,0,0.0,45.0,0.0,0,0.0,0.0,1.0
34,106328.08,1,0,1.1989997818013287,34.0,106328.08,0,0.0,0.0,1.0
27,0.0,2,1,0.0,13.5,0.0,27,0.0,0.0,0.0
50,0.0,4,0,0.0,12.5,0.0,0,0.0,1.0,0.0
46,0.0,2,0,0.0,23.0,0.0,0,0.0,0.0,0.0
37,77373.87,2,1,0.44245727001221286,18.5,38686.935,37,1.0,0.0,0.0
38,99811.44,2,0,4.2416097571340545,19.0,49905.72,0,0.0,1.0,1.0
35,133377.8,1,1,2.0823950717398336,35.0,133377.8,35,1.0,0.0,1.0
27,0.0,2,1,0.0,13.5,0.0,27,0.0,0.0,0.0
30,112666.67,1,0,9.621077845334062,30.0,112666.67,0,0.0,1.0,1.0
29,129750.68,1,0,1.18756674021457,29.0,129750.68,0,1.0,0.0,1.0
21,0.0,2,0,0.0,10.5,0.0,0,0.0,0.0,1.0
45,150840.03,2,0,0.9699303642350144,22.5,75420.015,0,0.0,1.0,0.0
68,107571.61,1,1,0.9461337202833626,68.0,107571.61,68,0.0,0.0,0.0
40,72945.29,2,0,0.7373312847778513,20.0,36472.645,0,0.0,0.0,1.0
30,57809.32,1,0,0.30707417232550843,30.0,57809.32,0,1.0,0.0,0.0
31,185078.26,1,0,1.6046634865569587,31.0,185078.26,0,0.0,1.0,0.0
66,0.0,1,1,0.0,66.0,0.0,66,0.0,1.0,0.0
41,109798.25,1,1,0.7339768724078523,41.0,109798.25,41,0.0,0.0,0.0
37,152303.66,2,1,0.8698980250419517,18.5,76151.83,37,0.0,0.0,1.0
27,75263.16,1,1,0.45662455170646404,27.0,75263.16,27,0.0,1.0,1.0
30,100548.67,2,0,0.7340188549344204,15.0,50274.335,0,1.0,0.0,0.0
34,137390.11,2,0,14.197593262374701,17.0,68695.055,0,0.0,0.0,1.0
24,103097.85,1,1,0.6542684545469718,24.0,103097.85,24,1.0,0.0,1.0
54,97382.53,1,1,0.4974284109649007,54.0,97382.53,54,1.0,0.0,0.0
50,0.0,4,1,0.0,12.5,0.0,50,0.0,1.0,0.0
42,153279.39,1,1,1.0128351329377834,42.0,153279.39,42,1.0,0.0,1.0
23,71433.08,1,0,0.6888597293070609,23.0,71433.08,0,1.0,0.0,0.0
45,0.0,2,1,0.0,22.5,0.0,45,0.0,1.0,1.0
23,0.0,2,0,0.0,11.5,0.0,0,0.0,0.0,0.0
28,120911.75,2,1,0.9212361711811996,14.0,60455.875,28,0.0,0.0,1.0
39,96748.89,2,0,1.0215122926557016,19.5,48374.445,0,1.0,0.0,0.0
42,132739.26,2,0,0.7599533170567074,21.0,66369.63,0,0.0,0.0,1.0
29,0.0,2,0,0.0,14.5,0.0,0,0.0,0.0,1.0
39,165272.13,1,0,11.713245002604564,39.0,165272.13,0,0.0,1.0,0.0
31,87772.52,1,0,0.46559607928114494,31.0,87772.52,0,0.0,0.0,0.0
55,133676.65,1,1,7.819410265514471,55.0,133676.65,55,0.0,1.0,0.0
39,0.0,2,0,0.0,19.5,0.0,0,0.0,0.0,0.0
51,167273.71,1,0,1.7901771997463605,51.0,167273.71,0,1.0,0.0,0.0
63,160982.89,1,1,0.9581848906514487,63.0,160982.89,63,0.0,0.0,1.0
47,0.0,2,0,0.0,23.5,0.0,0,0.0,0.0,1.0
31,0.0,1,1,0.0,31.0,0.0,31,0.0,0.0,0.0
43,0.0,2,0,0.0,21.5,0.0,0,0.0,0.0,0.0
34,107136.6,1,0,0.6961647861476876,34.0,107136.6,0,0.0,0.0,1.0
34,71379.53,2,1,0.463500461912615,17.0,35689.765,34,0.0,0.0,0.0
19,0.0,2,0,0.0,9.5,0.0,0,0.0,0.0,1.0
56,100374.58,1,0,0.8471086362823105,56.0,100374.58,0,0.0,0.0,1.0
40,84350.07,1,0,0.5864332346837811,40.0,84350.07,0,0.0,0.0,0.0
42,0.0,1,1,0.0,42.0,0.0,42,0.0,0.0,1.0
32,0.0,2,1,0.0,16.0,0.0,32,0.0,0.0,1.0
24,0.0,2,0,0.0,12.0,0.0,0,0.0,0.0,0.0
37,111852.84,2,0,10.641371574702244,18.5,55926.42,0,0.0,0.0,0.0
36,77910.23,1,0,1.1587230199109106,36.0,77910.23,0,0.0,1.0,1.0
47,0.0,1,0,0.0,47.0,0.0,0,0.0,1.0,0.0
31,0.0,2,1,0.0,15.5,0.0,31,0.0,0.0,1.0
61,0.0,1,0,0.0,61.0,0.0,0,0.0,1.0,1.0
31,110635.32,1,0,0.746432134210181,31.0,110635.32,0,0.0,0.0,0.0
29,80922.75,1,0,10.34714568112132,29.0,80922.75,0,0.0,1.0,0.0
41,72509.91,1,0,2.8187945527339933,41.0,72509.91,0,0.0,1.0,1.0
27,74298.43,1,1,1.4130022920408443,27.0,74298.43,27,1.0,0.0,1.0
54,167831.88,2,0,1.1176873726982461,27.0,83915.94,0,0.0,0.0,1.0
21,98993.02,1,1,0.585215100039821,21.0,98993.02,21,0.0,0.0,0.0
49,91502.99,1,0,0.7805231295992849,49.0,91502.99,0,1.0,0.0,0.0
33,123082.08,1,0,0.9119827078908288,33.0,123082.08,0,0.0,0.0,1.0
20,167685.56,1,0,2.894628853148374,20.0,167685.56,0,0.0,0.0,0.0
37,0.0,2,1,0.0,18.5,0.0,37,0.0,0.0,1.0
39,119452.03,1,1,0.6962066387784646,39.0,119452.03,39,0.0,0.0,1.0
31,0.0,2,0,0.0,15.5,0.0,0,0.0,0.0,0.0
31,79340.95,1,0,1.0138659264622483,31.0,79340.95,0,0.0,0.0,0.0
37,142711.81,1,0,4.00589944087661,37.0,142711.81,0,1.0,0.0,0.0
33,0.0,2,0,0.0,16.5,0.0,0,0.0,1.0,1.0
30,0.0,1,1,0.0,30.0,0.0,30,0.0,0.0,1.0
36,89800.14,1,1,0.8477894585192275,36.0,89800.14,36,0.0,0.0,1.0
74,116800.25,1,1,3.4221734094765286,74.0,116800.25,74,1.0,0.0,0.0
41,106116.56,2,0,0.5338751815508651,20.5,53058.28,0,1.0,0.0,1.0
44,133444.97,1,1,23.377808026712497,44.0,133444.97,44,0.0,0.0,0.0
35,112808.18,1,1,6.320387936105959,35.0,112808.18,35,0.0,0.0,0.0
40,68155.59,1,0,0.7183599969012396,40.0,68155.59,0,0.0,0.0,1.0
36,137688.71,1,1,2.9367890180253005,36.0,137688.71,36,0.0,0.0,1.0
68,136525.99,1,0,0.7783732006895814,68.0,136525.99,0,1.0,0.0,1.0
34,144094.2,1,0,3.2373255065236646,34.0,144094.2,0,0.0,0.0,1.0
37,105843.26,2,1,1.2465611095277016,18.5,52921.63,37,0.0,0.0,1.0
28,136674.51,2,0,25.891306324567424,14.0,68337.255,0,0.0,0.0,0.0
38,133105.47,1,0,1.2588841316184463,38.0,133105.47,0,1.0,0.0,1.0
30,57657.49,1,0,0.7276228563784611,30.0,57657.49,0,0.0,0.0,1.0
74,108891.7,1,0,10.80487040113038,74.0,108891.7,0,1.0,0.0,1.0
45,98792.4,1,0,1.2123001483586673,45.0,98792.4,0,1.0,0.0,0.0
65,131935.51,1,1,1.3686303075518829,65.0,131935.51,65,1.0,0.0,1.0
43,0.0,2,1,0.0,21.5,0.0,43,0.0,1.0,1.0
35,90194.34,2,0,1.5805663654348048,17.5,45097.17,0,1.0,0.0,0.0
33,0.0,2,0,0.0,16.5,0.0,0,0.0,0.0,0.0
37,0.0,2,0,0.0,18.5,0.0,0,0.0,0.0,0.0
45,0.0,2,0,0.0,22.5,0.0,0,0.0,1.0,1.0
26,93844.69,1,0,3.302604295704858,26.0,93844.69,0,0.0,0.0,1.0
25,128524.19,2,0,6.21416359562644,12.5,64262.095,0,1.0,0.0,0.0
34,98592.88,1,1,0.5140660666397657,34.0,98592.88,34,1.0,0.0,0.0
35,14262.8,2,0,0.2607975693903508,17.5,7131.4,0,0.0,1.0,0.0
31,106089.2,1,0,1.0658194966971302,31.0,106089.2,0,0.0,0.0,0.0
34,134692.4,2,1,1.6078255266433035,17.0,67346.2,34,0.0,0.0,1.0
32,84421.62,1,1,1.6137262349346866,32.0,84421.62,32,1.0,0.0,1.0
56,131317.48,1,1,1.101883651372829,56.0,131317.48,56,0.0,0.0,1.0
33,147510.34,1,0,0.7738778351322414,33.0,147510.34,0,0.0,0.0,1.0
45,106000.12,1,0,0.5536729998428824,45.0,106000.12,0,1.0,0.0,0.0
46,0.0,2,1,0.0,23.0,0.0,46,0.0,0.0,1.0
35,122917.69,1,1,1.6137351502592634,35.0,122917.69,35,1.0,0.0,1.0
38,126732.85,1,1,1.59257379421137,38.0,126732.85,38,1.0,0.0,1.0
35,158584.28,2,0,3.6339069334301244,17.5,79292.14,0,1.0,0.0,1.0
32,127661.69,1,0,2.0960614236708635,32.0,127661.69,0,0.0,0.0,0.0
40,139532.34,1,0,0.7696451059517064,40.0,139532.34,0,0.0,0.0,0.0
29,0.0,2,1,0.0,14.5,0.0,29,0.0,0.0,0.0
47,0.0,1,0,0.0,47.0,0.0,0,0.0,0.0,1.0
34,109699.08,1,1,2.8945180745303754,34.0,109699.08,34,0.0,1.0,0.0
41,0.0,2,1,0.0,20.5,0.0,41,0.0,1.0,1.0
40,74896.92,1,0,0.3769456783338416,40.0,74896.92,0,0.0,1.0,1.0
49,103302.37,1,1,2.0265471587107062,49.0,103302.37,49,0.0,0.0,1.0
57,0.0,3,0,0.0,19.0,0.0,0,0.0,0.0,0.0
46,81742.84,2,0,0.9815162205709957,23.0,40871.42,0,0.0,1.0,0.0
33,0.0,2,0,0.0,16.5,0.0,0,0.0,0.0,1.0
45,109730.22,1,1,0.8857588140009508,45.0,109730.22,45,0.0,0.0,0.0
56,105473.74,1,1,2.2906814465074157,56.0,105473.74,56,0.0,1.0,0.0
51,81818.49,1,1,0.48370552703178693,51.0,81818.49,51,0.0,1.0,1.0
33,103516.87,1,0,0.9087777132031344,33.0,103516.87,0,0.0,0.0,0.0
55,63127.41,2,0,0.34083998555595535,27.5,31563.705,0,0.0,1.0,1.0
38,149238.97,1,1,1.5255672795249242,38.0,149238.97,38,0.0,0.0,1.0
34,133501.36,1,1,0.8577406352381705,34.0,133501.36,34,0.0,0.0,1.0
37,104255.03,1,0,1.2037384638636675,37.0,104255.03,0,0.0,0.0,0.0
35,104015.54,2,1,1.8840705348584297,17.5,52007.77,35,1.0,0.0,1.0
47,143001.5,2,0,1.3122112362643665,23.5,71500.75,0,1.0,0.0,0.0
31,0.0,2,0,0.0,15.5,0.0,0,0.0,0.0,0.0
67,0.0,2,1,0.0,33.5,0.0,67,0.0,1.0,1.0
31,84560.04,1,1,0.6137133961247384,31.0,84560.04,31,0.0,1.0,1.0
32,0.0,2,1,0.0,16.0,0.0,32,0.0,0.0,1.0
49,143888.22,2,1,0.8655639637966129,24.5,71944.11,49,1.0,0.0,0.0
25,113736.27,1,1,0.5777385280167929,25.0,113736.27,25,0.0,0.0,1.0
67,94203.8,1,1,0.9200393081192831,67.0,94203.8,67,0.0,0.0,1.0
38,146343.98,1,1,1.4084793850673485,38.0,146343.98,38,0.0,1.0,1.0
37,110689.07,1,1,1.5563477418215483,37.0,110689.07,37,1.0,0.0,0.0
41,0.0,2,0,0.0,20.5,0.0,0,0.0,0.0,1.0
33,0.0,2,1,0.0,16.5,0.0,33,0.0,0.0,1.0
30,0.0,2,1,0.0,15.0,0.0,30,0.0,1.0,0.0
31,0.0,2,1,0.0,15.5,0.0,31,0.0,0.0,1.0
39,0.0,2,0,0.0,19.5,0.0,0,0.0,1.0,0.0
38,0.0,1,1,0.0,38.0,0.0,38,0.0,1.0,1.0
33,118392.75,1,1,0.7513910947721493,33.0,118392.75,33,0.0,0.0,0.0
29,145294.08,2,0,0.9851506056956771,14.5,72647.04,0,1.0,0.0,1.0
39,0.0,2,1,0.0,19.5,0.0,39,0.0,1.0,1.0
48,131659.59,2,1,9.303151111315241,24.0,65829.795,48,0.0,1.0,1.0
38,0.0,2,0,0.0,19.0,0.0,0,0.0,1.0,1.0
34,101116.06,1,0,0.5148605323810351,34.0,101116.06,0,0.0,0.0,1.0
30,0.0,2,1,0.0,15.0,0.0,30,0.0,0.0,0.0
49,0.0,1,1,0.0,49.0,0.0,49,0.0,0.0,0.0
32,0.0,2,1,0.0,16.0,0.0,32,0.0,0.0,1.0
39,105103.33,1,0,1.0036461471617577,39.0,105103.33,0,1.0,0.0,0.0
43,0.0,2,1,0.0,21.5,0.0,43,0.0,0.0,0.0
42,0.0,1,0,0.0,42.0,0.0,0,0.0,1.0,1.0
37,110483.86,1,1,0.8672565343589336,37.0,110483.86,37,1.0,0.0,1.0
34,0.0,2,1,0.0,17.0,0.0,34,0.0,0.0,1.0
40,147856.82,3,0,1.3695377900430998,13.333333333333334,49285.60666666667,0,1.0,0.0,1.0
36,0.0,2,1,0.0,18.0,0.0,36,0.0,0.0,0.0
36,0.0,2,1,0.0,18.0,0.0,36,0.0,1.0,1.0
50,117721.02,1,1,0.6126624234835657,50.0,117721.02,50,1.0,0.0,0.0
49,108806.96,3,0,1.770747174960112,16.333333333333332,36268.98666666667,0,1.0,0.0,1.0
42,124626.07,1,1,1.5976779544769855,42.0,124626.07,42,0.0,0.0,0.0
26,153455.72,2,1,1.8556418842606321,13.0,76727.86,26,0.0,1.0,0.0
31,142905.51,1,1,2.4581677775012185,31.0,142905.51,31,0.0,0.0,0.0
38,0.0,2,1,0.0,19.0,0.0,38,0.0,0.0,0.0
22,0.0,2,1,0.0,11.0,0.0,22,0.0,0.0,0.0
30,0.0,2,0,0.0,15.0,0.0,0,0.0,0.0,1.0
56,157559.59,2,0,1.1175134084581004,28.0,78779.795,0,0.0,1.0,0.0
50,101242.98,2,0,8.103580950581938,25.0,50621.49,0,1.0,0.0,0.0
31,145875.74,1,0,1.0609821440974816,31.0,145875.74,0,0.0,0.0,1.0
43,127216.31,2,1,7.101799505952298,21.5,63608.155,43,1.0,0.0,0.0
22,118064.93,2,1,0.6041475149343215,11.0,59032.465,22,0.0,0.0,0.0
29,0.0,1,0,0.0,29.0,0.0,0,0.0,0.0,1.0
53,81571.05,1,0,0.4458397732493677,53.0,81571.05,0,1.0,0.0,0.0
49,154776.42,2,0,0.7886387936512855,24.5,77388.21,0,1.0,0.0,0.0
31,98360.03,1,0,4.689661863849183,31.0,98360.03,0,0.0,0.0,0.0
31,0.0,2,0,0.0,15.5,0.0,0,0.0,0.0,1.0
29,117035.89,1,1,5.353347034309006,29.0,117035.89,29,0.0,0.0,1.0
58,156652.13,1,0,6.04852927946451,58.0,156652.13,0,0.0,0.0,1.0
42,116646.76,1,0,2.6076920669411914,42.0,116646.76,0,1.0,0.0,0.0
58,152199.33,1,1,1.7693051866096254,58.0,152199.33,58,0.0,0.0,1.0
35,96473.59,1,0,16.180599768545694,35.0,96473.59,0,0.0,0.0,1.0
29,97325.15,1,1,0.7377343747986536,29.0,97325.15,29,1.0,0.0,0.0
38,112230.38,1,0,6.713503709672306,38.0,112230.38,0,0.0,0.0,1.0
32,0.0,2,1,0.0,16.0,0.0,32,0.0,1.0,0.0
39,0.0,2,0,0.0,19.5,0.0,0,0.0,1.0,1.0
34,106486.66,2,1,0.5842483589342985,17.0,53243.33,34,0.0,0.0,1.0
34,0.0,1,1,0.0,34.0,0.0,34,0.0,1.0,1.0
36,147149.59,1,1,1.675641670631357,36.0,147149.59,36,0.0,0.0,0.0
30,0.0,2,0,0.0,15.0,0.0,0,0.0,0.0,0.0
42,86351.85,2,0,1.5049085807229787,21.0,43175.925,0,1.0,0.0,0.0
26,0.0,2,1,0.0,13.0,0.0,26,0.0,1.0,1.0
46,131769.04,1,0,0.7123412053277262,46.0,131769.04,0,1.0,0.0,0.0
34,0.0,1,1,0.0,34.0,0.0,34,0.0,1.0,1.0
55,0.0,2,1,0.0,27.5,0.0,55,0.0,0.0,1.0
35,0.0,2,1,0.0,17.5,0.0,35,0.0,1.0,0.0
34,124619.33,2,1,0.7614174122226788,17.0,62309.665,34,0.0,0.0,1.0
39,86843.61,1,1,0.5433479000076206,39.0,86843.61,39,0.0,0.0,1.0
40,0.0,1,0,0.0,40.0,0.0,0,0.0,0.0,1.0
34,0.0,2,0,0.0,17.0,0.0,0,0.0,0.0,1.0
22,174185.98,2,1,0.9042334979028868,11.0,87092.99,22,0.0,0.0,0.0
32,123938.6,2,0,0.623137642574387,16.0,61969.3,0,1.0,0.0,1.0
51,138553.57,1,1,1.4993965774165419,51.0,138553.57,51,0.0,0.0,1.0
40,106901.42,2,0,0.9055913636364407,20.0,53450.71,0,1.0,0.0,1.0
33,0.0,1,1,0.0,33.0,0.0,33,0.0,1.0,1.0
37,0.0,2,1,0.0,18.5,0.0,37,0.0,0.0,1.0
39,82531.11,1,0,0.7233700333729153,39.0,82531.11,0,1.0,0.0,1.0
42,151027.05,2,0,1.2651230518081484,21.0,75513.525,0,0.0,0.0,1.0
44,148481.09,1,0,1.1375322121583127,44.0,148481.09,0,0.0,0.0,0.0
45,148600.91,1,0,1.036289217483696,45.0,148600.91,0,0.0,0.0,1.0
48,116060.08,1,0,0.74103741846902,48.0,116060.08,0,0.0,1.0,1.0
24,156325.38,1,1,1.2468025862287608,24.0,156325.38,24,0.0,0.0,1.0
36,118520.26,1,0,0.9035353831821726,36.0,118520.26,0,0.0,1.0,0.0
52,0.0,1,1,0.0,52.0,0.0,52,0.0,0.0,1.0
36,84266.44,2,0,2.182237899617995,18.0,42133.22,0,1.0,0.0,0.0
39,100717.85,3,1,1.3720648873035517,13.0,33572.61666666667,39,1.0,0.0,0.0
31,135213.71,1,1,1.0750249170597423,31.0,135213.71,31,0.0,1.0,1.0
27,107027.52,1,0,0.6171376695769624,27.0,107027.52,0,1.0,0.0,1.0
40,0.0,2,0,0.0,20.0,0.0,0,0.0,0.0,0.0
68,0.0,4,1,0.0,17.0,0.0,68,0.0,0.0,0.0
29,0.0,1,1,0.0,29.0,0.0,29,0.0,0.0,1.0
41,108128.52,1,1,1.9042038344882046,41.0,108128.52,41,0.0,0.0,1.0
68,0.0,2,1,0.0,34.0,0.0,68,0.0,0.0,1.0
37,0.0,1,1,0.0,37.0,0.0,37,0.0,0.0,1.0
24,148167.83,2,1,1.3534974861683995,12.0,74083.915,24,0.0,0.0,0.0
32,122947.92,1,1,1.2399585859936668,32.0,122947.92,32,1.0,0.0,1.0
27,0.0,2,0,0.0,13.5,0.0,0,0.0,1.0,0.0
58,109327.65,1,1,28.55156393227704,58.0,109327.65,58,0.0,1.0,1.0
38,132951.92,1,1,1.0680046025955632,38.0,132951.92,38,0.0,0.0,0.0
25,77886.53,2,0,0.5181399298254671,12.5,38943.265,0,0.0,0.0,1.0
40,0.0,2,0,0.0,20.0,0.0,0,0.0,0.0,0.0
26,62610.96,2,1,0.3490699138238152,13.0,31305.48,26,0.0,0.0,0.0
35,115680.81,1,1,1.281345957663155,35.0,115680.81,35,0.0,1.0,0.0
48,152827.99,1,0,3.9786739956664343,48.0,152827.99,0,1.0,0.0,0.0
51,101629.3,1,0,0.778523392249644,51.0,101629.3,0,0.0,0.0,0.0
39,152685.4,1,0,0.8313657067349566,39.0,152685.4,0,0.0,1.0,1.0
42,126115.6,1,0,1.2486878517997793,42.0,126115.6,0,0.0,0.0,1.0
35,0.0,1,0,0.0,35.0,0.0,0,0.0,0.0,1.0
32,138521.83,1,1,2.4346026423139313,32.0,138521.83,32,0.0,1.0,1.0
38,130933.74,1,1,64.3111977759659,38.0,130933.74,38,1.0,0.0,0.0
57,71481.79,2,1,0.8467265504195977,28.5,35740.895,57,0.0,0.0,0.0
42,87807.29,2,1,1.3589554616884532,21.0,43903.645,42,1.0,0.0,1.0
32,0.0,2,1,0.0,16.0,0.0,32,0.0,1.0,0.0
41,0.0,1,1,0.0,41.0,0.0,41,0.0,1.0,1.0
29,87375.78,2,0,0.5257440181695511,14.5,43687.89,0,0.0,0.0,0.0
37,0.0,2,0,0.0,18.5,0.0,0,0.0,1.0,1.0
41,112119.48,1,0,6.393375765959849,41.0,112119.48,0,0.0,1.0,0.0
33,137853.0,1,1,1.5270535154975664,33.0,137853.0,33,0.0,0.0,0.0
60,0.0,2,1,0.0,30.0,0.0,60,0.0,1.0,1.0
28,0.0,2,0,0.0,14.0,0.0,0,0.0,0.0,0.0
38,96143.47,1,0,0.9711959967238724,38.0,96143.47,0,0.0,1.0,1.0
48,138778.15,1,1,0.8219495436602994,48.0,138778.15,48,0.0,0.0,1.0
41,144326.09,1,0,1.9508837879503673,41.0,144326.09,0,1.0,0.0,0.0
32,0.0,1,0,0.0,32.0,0.0,0,0.0,0.0,1.0
57,0.0,2,1,0.0,28.5,0.0,57,0.0,0.0,0.0
71,149105.08,1,1,0.9165372227446422,71.0,149105.08,71,0.0,0.0,1.0
29,130420.2,2,0,1.2271775852716333,14.5,65210.1,0,1.0,0.0,0.0
19,0.0,1,1,0.0,19.0,0.0,19,0.0,1.0,1.0
61,164523.5,2,1,4.597328732749206,30.5,82261.75,61,1.0,0.0,1.0
35,162442.35,1,0,0.8849223699407922,35.0,162442.35,0,0.0,0.0,1.0
35,114193.24,1,0,1.6048722420774066,35.0,114193.24,0,0.0,0.0,1.0
33,145580.61,1,1,0.9416686028640887,33.0,145580.61,33,0.0,1.0,0.0
30,84440.1,2,1,1.3960276414468278,15.0,42220.05,30,1.0,0.0,1.0
35,0.0,2,0,0.0,17.5,0.0,0,0.0,0.0,1.0
42,85839.62,1,0,0.4331337044352956,42.0,85839.62,0,1.0,0.0,1.0
40,3768.69,2,0,0.021284188810858643,20.0,1884.345,0,0.0,0.0,0.0
35,0.0,2,1,0.0,17.5,0.0,35,0.0,0.0,1.0
50,81290.02,3,1,0.45733546152641763,16.666666666666668,27096.673333333336,50,1.0,0.0,1.0
31,0.0,2,1,0.0,15.5,0.0,31,0.0,1.0,0.0
33,68193.72,1,0,3.409974142815068,33.0,68193.72,0,0.0,0.0,1.0
39,0.0,2,1,0.0,19.5,0.0,39,0.0,0.0,1.0
33,0.0,1,1,0.0,33.0,0.0,33,0.0,1.0,0.0
26,116576.45,1,0,0.7398514679784273,26.0,116576.45,0,0.0,1.0,0.0
38,113000.92,1,1,0.7391846232010894,38.0,113000.92,38,0.0,0.0,1.0
32,0.0,2,0,0.0,16.0,0.0,0,0.0,0.0,1.0
58,143212.22,1,0,1.3954421654167222,58.0,143212.22,0,1.0,0.0,0.0
40,131569.63,1,1,1.2654505726523793,40.0,131569.63,40,0.0,0.0,0.0
43,0.0,2,0,0.0,21.5,0.0,0,0.0,0.0,1.0
35,146311.58,1,1,1.3875831286660045,35.0,146311.58,35,0.0,0.0,1.0
44,116967.68,1,0,23.047046699913498,44.0,116967.68,0,0.0,0.0,1.0
29,78939.15,1,0,0.6463293436354133,29.0,78939.15,0,1.0,0.0,0.0
37,0.0,2,0,0.0,18.5,0.0,0,0.0,0.0,0.0
73,0.0,1,1,0.0,73.0,0.0,73,0.0,0.0,0.0
23,0.0,2,1,0.0,11.5,0.0,23,0.0,1.0,1.0
39,116537.6,1,0,0.7999582645751361,39.0,116537.6,0,0.0,0.0,1.0
39,0.0,2,0,0.0,19.5,0.0,0,0.0,1.0,0.0
27,133806.54,2,0,21.404594244397167,13.5,66903.27,0,0.0,1.0,0.0
58,142537.18,1,1,1.6052961178973335,58.0,142537.18,58,1.0,0.0,1.0
39,128362.59,1,0,1.4918080055338498,39.0,128362.59,0,0.0,0.0,0.0
21,146329.57,2,1,0.7509191769351519,10.5,73164.785,21,0.0,0.0,0.0
33,0.0,1,1,0.0,33.0,0.0,33,0.0,0.0,0.0
46,106511.85,1,0,1.934036009378214,46.0,106511.85,0,0.0,0.0,0.0
28,81623.67,2,1,0.520587805348458,14.0,40811.835,28,1.0,0.0,0.0
39,0.0,2,1,0.0,19.5,0.0,39,0.0,0.0,1.0
49,0.0,2,1,0.0,24.5,0.0,49,0.0,1.0,1.0
64,98362.35,2,1,4.547452382570489,32.0,49181.175,64,1.0,0.0,0.0
41,126683.8,1,1,1.103752690142228,41.0,126683.8,41,0.0,1.0,1.0
23,0.0,2,0,0.0,11.5,0.0,0,0.0,0.0,0.0
37,142663.46,1,1,1.608927901004501,37.0,142663.46,37,0.0,0.0,1.0
39,122104.79,1,0,1.0810835768774767,39.0,122104.79,0,1.0,0.0,0.0
52,0.0,1,1,0.0,52.0,0.0,52,0.0,0.0,0.0
52,109922.61,1,1,1.135290651053899,52.0,109922.61,52,0.0,0.0,1.0
44,0.0,2,0,0.0,22.0,0.0,0,0.0,0.0,1.0
28,130142.79,1,0,3.4077018065616884,28.0,130142.79,0,0.0,0.0,0.0
50,0.0,2,1,0.0,25.0,0.0,50,0.0,0.0,0.0
41,112152.89,1,1,3.094539540794858,41.0,112152.89,41,0.0,1.0,0.0
37,0.0,2,1,0.0,18.5,0.0,37,0.0,0.0,0.0
40,0.0,1,0,0.0,40.0,0.0,0,0.0,0.0,1.0
38,164496.99,1,1,1.0071618168845902,38.0,164496.99,38,0.0,0.0,0.0
35,0.0,2,0,0.0,17.5,0.0,0,0.0,0.0,0.0
48,163630.76,1,1,3.9130677873728765,48.0,163630.76,48,1.0,0.0,1.0
71,137260.78,1,1,1.4535243370225772,71.0,137260.78,71,0.0,1.0,1.0
64,0.0,2,1,0.0,32.0,0.0,64,0.0,1.0,0.0
48,108736.52,1,0,0.5891513256572886,48.0,108736.52,0,1.0,0.0,0.0
34,0.0,2,0,0.0,17.0,0.0,0,0.0,1.0,0.0
37,107592.89,2,1,0.7026578614422561,18.5,53796.445,37,0.0,1.0,1.0
39,0.0,2,1,0.0,19.5,0.0,39,0.0,0.0,0.0
32,109196.67,2,0,1.977554972090633,16.0,54598.335,0,1.0,0.0,0.0
26,119545.48,2,0,1.8255973235166287,13.0,59772.74,0,1.0,0.0,1.0
40,79927.36,2,1,2.3841406012301416,20.0,39963.68,40,0.0,0.0,0.0
33,96110.22,1,0,81.91933380496577,33.0,96110.22,0,0.0,1.0,1.0
51,0.0,2,1,0.0,25.5,0.0,51,0.0,0.0,0.0
42,0.0,2,0,0.0,21.0,0.0,0,0.0,1.0,0.0
45,116585.97,1,0,0.6154607999049775,45.0,116585.97,0,1.0,0.0,0.0
33,0.0,2,1,0.0,16.5,0.0,33,0.0,0.0,0.0
29,0.0,2,1,0.0,14.5,0.0,29,0.0,0.0,0.0
27,87637.26,2,0,0.44687500239022365,13.5,43818.63,0,0.0,0.0,1.0
45,142084.04,4,0,0.7545386401962552,11.25,35521.01,0,1.0,0.0,1.0
41,0.0,1,1,0.0,41.0,0.0,41,0.0,1.0,0.0
34,0.0,2,1,0.0,17.0,0.0,34,0.0,0.0,1.0
30,0.0,2,0,0.0,15.0,0.0,0,0.0,0.0,0.0
31,77743.01,2,0,1.0319547125611663,15.5,38871.505,0,1.0,0.0,1.0
47,72664.0,2,1,0.6735982469981986,23.5,36332.0,47,0.0,1.0,0.0
40,0.0,2,0,0.0,20.0,0.0,0,0.0,0.0,1.0
49,0.0,2,1,0.0,24.5,0.0,49,0.0,0.0,0.0
33,97286.16,2,0,0.678267457082674,16.5,48643.08,0,1.0,0.0,1.0
41,72252.64,2,1,0.5069839130935723,20.5,36126.32,41,1.0,0.0,1.0
42,151836.36,2,0,2.210284883786944,21.0,75918.18,0,1.0,0.0,1.0
35,113090.4,1,0,0.578024642909149,35.0,113090.4,0,0.0,0.0,0.0
40,108197.11,2,0,2.1760261081839674,20.0,54098.555,0,1.0,0.0,1.0
35,0.0,1,1,0.0,35.0,0.0,35,0.0,0.0,0.0
35,0.0,1,0,0.0,35.0,0.0,0,0.0,1.0,0.0
36,164557.95,1,1,1.9985971024110385,36.0,164557.95,36,0.0,1.0,0.0
60,115924.89,1,0,1.2395177119416911,60.0,115924.89,0,1.0,0.0,0.0
61,73688.2,1,1,0.4280680299147218,61.0,73688.2,61,0.0,0.0,1.0
31,0.0,2,0,0.0,15.5,0.0,0,0.0,0.0,1.0
47,88011.4,1,1,0.9708288282047486,47.0,88011.4,47,0.0,0.0,0.0
72,0.0,1,1,0.0,72.0,0.0,72,0.0,0.0,0.0
58,170113.0,2,1,16.209512665513063,29.0,85056.5,58,1.0,0.0,1.0
28,0.0,2,1,0.0,14.0,0.0,28,0.0,0.0,0.0
25,0.0,2,0,0.0,12.5,0.0,0,0.0,1.0,1.0
64,62979.93,1,1,0.4135972513155106,64.0,62979.93,64,0.0,1.0,0.0
28,0.0,2,0,0.0,14.0,0.0,0,0.0,0.0,1.0
33,85227.84,1,1,1.2517463280516221,33.0,85227.84,33,0.0,0.0,0.0
28,0.0,1,0,0.0,28.0,0.0,0,0.0,0.0,0.0
37,0.0,2,0,0.0,18.5,0.0,0,0.0,0.0,0.0
44,0.0,2,0,0.0,22.0,0.0,0,0.0,1.0,1.0
37,73179.34,2,1,2.89331830386284,18.5,36589.67,37,1.0,0.0,1.0
45,95922.9,1,0,1.131400825784402,45.0,95922.9,0,0.0,1.0,0.0
33,0.0,2,1,0.0,16.5,0.0,33,0.0,1.0,0.0
38,166328.65,2,1,7.35505671439039,19.0,83164.325,38,0.0,0.0,0.0
50,0.0,2,0,0.0,25.0,0.0,0,0.0,0.0,0.0
31,115141.18,1,0,2.8925039095128335,31.0,115141.18,0,0.0,0.0,0.0
23,112568.31,1,1,0.9925948858507562,23.0,112568.31,23,0.0,0.0,0.0
51,120124.35,2,1,0.7117487136905465,25.5,60062.175,51,0.0,0.0,1.0
54,0.0,1,0,0.0,54.0,0.0,0,0.0,0.0,1.0
25,174400.36,1,0,4.087249471927989,25.0,174400.36,0,0.0,0.0,1.0
30,88243.29,2,1,0.9129410150772422,15.0,44121.645,30,0.0,1.0,0.0
28,126833.79,2,0,2.0846046773758533,14.0,63416.895,0,0.0,1.0,0.0
30,111093.01,1,0,1.610370598436001,30.0,111093.01,0,0.0,1.0,1.0
19,113905.48,1,1,0.6466861060582318,19.0,113905.48,19,1.0,0.0,0.0
43,0.0,2,0,0.0,21.5,0.0,0,0.0,1.0,1.0
34,0.0,1,0,0.0,34.0,0.0,0,0.0,0.0,0.0
27,61688.61,2,0,0.41948158822612613,13.5,30844.305,0,1.0,0.0,1.0
35,0.0,1,0,0.0,35.0,0.0,0,0.0,1.0,1.0
41,60880.68,1,0,1.9129323845026558,41.0,60880.68,0,1.0,0.0,1.0
49,132623.76,3,0,3.6542578253511566,16.333333333333332,44207.920000000006,0,1.0,0.0,1.0
54,0.0,2,1,0.0,27.0,0.0,54,0.0,0.0,1.0
45,116917.07,1,0,0.6740117844332698,45.0,116917.07,0,1.0,0.0,1.0
31,97338.19,2,0,2.018343965051768,15.5,48669.095,0,1.0,0.0,1.0
32,0.0,2,0,0.0,16.0,0.0,0,0.0,1.0,1.0
27,66201.96,1,1,0.8331679631987267,27.0,66201.96,27,0.0,0.0,0.0
46,177619.71,1,0,3.2754810974447075,46.0,177619.71,0,0.0,1.0,0.0
42,0.0,1,1,0.0,42.0,0.0,42,0.0,1.0,1.0
35,95698.79,1,1,0.524185180259539,35.0,95698.79,35,1.0,0.0,0.0
67,0.0,2,1,0.0,33.5,0.0,67,0.0,1.0,1.0
28,99705.69,2,0,0.6795471788746905,14.0,49852.845,0,1.0,0.0,0.0
42,157498.9,1,1,1.914260697631964,42.0,157498.9,42,0.0,0.0,1.0
37,133199.71,2,1,4.867206104337487,18.5,66599.855,37,1.0,0.0,0.0
34,0.0,2,1,0.0,17.0,0.0,34,0.0,0.0,1.0
34,100054.77,1,0,0.9137718163465575,34.0,100054.77,0,0.0,0.0,1.0
36,161757.87,2,1,1.1051169583851306,18.0,80878.935,36,0.0,1.0,1.0
44,0.0,1,0,0.0,44.0,0.0,0,0.0,0.0,1.0
57,105000.85,2,1,1.2012144981069013,28.5,52500.425,57,0.0,1.0,1.0
33,0.0,2,1,0.0,16.5,0.0,33,0.0,0.0,0.0
32,108465.65,2,0,1.79126803147817,16.0,54232.825,0,1.0,0.0,0.0
51,0.0,2,1,0.0,25.5,0.0,51,0.0,1.0,1.0
23,104822.45,1,1,0.6544185297628297,23.0,104822.45,23,0.0,0.0,0.0
26,116318.23,1,1,1.397164788557296,26.0,116318.23,26,0.0,1.0,1.0
31,139729.54,1,1,1.028819710992967,31.0,139729.54,31,1.0,0.0,1.0
25,123816.5,1,1,1.3732616774074766,25.0,123816.5,25,0.0,0.0,0.0
40,181768.32,2,1,1.4078783827210668,20.0,90884.16,40,1.0,0.0,1.0
22,94762.16,2,1,2.243340560026931,11.0,47381.08,22,1.0,0.0,1.0
45,165901.59,2,0,7.196057951350951,22.5,82950.795,0,0.0,0.0,1.0
33,0.0,2,0,0.0,16.5,0.0,0,0.0,0.0,1.0
36,0.0,2,1,0.0,18.0,0.0,36,0.0,1.0,1.0
27,188614.07,1,0,1.1007912207535142,27.0,188614.07,0,1.0,0.0,1.0
50,102278.79,2,0,1.1386769770774532,25.0,51139.395,0,1.0,0.0,0.0
35,0.0,2,1,0.0,17.5,0.0,35,0.0,0.0,1.0
29,0.0,2,1,0.0,14.5,0.0,29,0.0,0.0,0.0
32,0.0,4,1,0.0,8.0,0.0,32,0.0,0.0,0.0
35,74371.49,1,0,0.7467341702706554,35.0,74371.49,0,0.0,1.0,1.0
36,0.0,3,1,0.0,12.0,0.0,36,0.0,1.0,1.0
39,111900.14,1,1,1.146786077112095,39.0,111900.14,39,0.0,1.0,1.0
35,112392.45,2,0,4.592652569872055,17.5,56196.225,0,0.0,0.0,1.0
44,168165.84,1,1,0.8527961039687466,44.0,168165.84,44,0.0,0.0,0.0
37,0.0,2,1,0.0,18.5,0.0,37,0.0,1.0,0.0
49,167962.7,1,0,1.1980117717956928,49.0,167962.7,0,0.0,0.0,0.0
48,101198.01,1,1,2.0348302632663686,48.0,101198.01,48,0.0,1.0,0.0
43,140431.98,1,0,5.309223203885588,43.0,140431.98,0,0.0,0.0,1.0
61,124737.96,1,1,1.3800032990517384,61.0,124737.96,61,1.0,0.0,1.0
37,130404.92,1,0,3.774520286412761,37.0,130404.92,0,0.0,1.0,0.0
33,122088.67,1,0,2.8672039630737496,33.0,122088.67,0,1.0,0.0,1.0
27,138032.15,1,0,0.8299305588081991,27.0,138032.15,0,1.0,0.0,1.0
48,0.0,2,0,0.0,24.0,0.0,0,0.0,1.0,1.0
35,172274.01,1,0,7.699407418199891,35.0,172274.01,0,0.0,0.0,1.0
27,128243.03,1,1,11.025645368461415,27.0,128243.03,27,0.0,0.0,1.0
24,0.0,2,0,0.0,12.0,0.0,0,0.0,0.0,0.0
40,127847.86,1,0,0.7379569868639726,40.0,127847.86,0,0.0,0.0,1.0
33,161801.47,1,1,1.055532371311517,33.0,161801.47,33,0.0,1.0,0.0
28,90537.16,1,1,1.2103738199186935,28.0,90537.16,28,0.0,0.0,0.0
25,97544.29,1,1,1.6288016711431417,25.0,97544.29,25,0.0,0.0,1.0
25,0.0,2,1,0.0,12.5,0.0,25,0.0,1.0,1.0
49,0.0,2,0,0.0,24.5,0.0,0,0.0,0.0,1.0
43,0.0,2,0,0.0,21.5,0.0,0,0.0,0.0,0.0
20,0.0,2,0,0.0,10.0,0.0,0,0.0,0.0,1.0
21,0.0,2,0,0.0,10.5,0.0,0,0.0,0.0,0.0
45,0.0,2,1,0.0,22.5,0.0,45,0.0,0.0,1.0
23,98052.66,1,1,0.6876674587894632,23.0,98052.66,23,0.0,1.0,1.0
36,167983.17,2,1,1.5741395622029217,18.0,83991.585,36,1.0,0.0,1.0
77,76510.52,2,1,1.283827043781376,38.5,38255.26,77,1.0,0.0,0.0
29,113146.98,2,1,0.9069965085113253,14.5,56573.49,29,1.0,0.0,1.0
39,126935.98,2,1,2.188712136443125,19.5,63467.99,39,1.0,0.0,0.0
34,144751.81,1,0,0.8695222360936901,34.0,144751.81,0,0.0,0.0,0.0
39,0.0,2,0,0.0,19.5,0.0,0,0.0,0.0,0.0
34,101506.66,1,0,0.5125816137979735,34.0,101506.66,0,0.0,1.0,1.0
31,0.0,2,0,0.0,15.5,0.0,0,0.0,1.0,0.0
21,81025.6,2,0,0.4832082428125953,10.5,40512.8,0,0.0,0.0,0.0
29,141389.06,1,0,2.6123708471591227,29.0,141389.06,0,0.0,0.0,1.0
41,190238.93,1,1,3.3056487745798626,41.0,190238.93,41,0.0,0.0,0.0
38,145974.79,2,1,1.0601373056808554,19.0,72987.395,38,0.0,0.0,1.0
27,106116.5,2,0,28.877516865276444,13.5,53058.25,0,1.0,0.0,0.0
30,0.0,2,1,0.0,15.0,0.0,30,0.0,0.0,1.0
35,0.0,1,0,0.0,35.0,0.0,0,0.0,0.0,1.0
34,88772.87,1,1,0.5258370635440248,34.0,88772.87,34,0.0,0.0,0.0
28,0.0,2,1,0.0,14.0,0.0,28,0.0,0.0,1.0
31,145537.21,1,0,1.0991851191921973,31.0,145537.21,0,1.0,0.0,1.0
35,111827.27,2,0,8.822887047246953,17.5,55913.635,0,0.0,1.0,0.0
57,116326.07,1,1,0.9882878034130343,57.0,116326.07,57,0.0,1.0,1.0
55,115285.85,1,0,0.8227289021030119,55.0,115285.85,0,0.0,0.0,1.0
41,73700.12,3,1,0.39677045526024707,13.666666666666666,24566.706666666665,41,0.0,0.0,1.0
43,144164.29,1,1,0.9087141938118255,43.0,144164.29,43,1.0,0.0,1.0
31,82674.15,1,0,1.9698053786068,31.0,82674.15,0,0.0,0.0,1.0
23,0.0,2,1,0.0,11.5,0.0,23,0.0,0.0,1.0
61,141784.02,1,1,1.5402307890770337,61.0,141784.02,61,1.0,0.0,1.0
57,136820.99,1,1,1.2606890119612555,57.0,136820.99,57,0.0,1.0,0.0
32,88348.43,2,1,0.8480218901999946,16.0,44174.215,32,1.0,0.0,1.0
43,0.0,1,0,0.0,43.0,0.0,0,0.0,1.0,1.0
23,107787.47,1,1,0.9261777185917506,23.0,107787.47,23,0.0,0.0,1.0
30,0.0,2,0,0.0,15.0,0.0,0,0.0,0.0,0.0
38,0.0,2,1,0.0,19.0,0.0,38,0.0,0.0,1.0
37,69143.91,2,1,0.6536565734715143,18.5,34571.955,37,0.0,0.0,1.0
22,0.0,2,0,0.0,11.0,0.0,0,0.0,0.0,1.0
32,0.0,2,0,0.0,16.0,0.0,0,0.0,0.0,1.0
39,0.0,1,0,0.0,39.0,0.0,0,0.0,0.0,1.0
43,92244.83,2,0,1.6787130710196392,21.5,46122.415,0,1.0,0.0,0.0
44,121898.82,1,0,0.9304743449939157,44.0,121898.82,0,1.0,0.0,0.0
23,0.0,2,0,0.0,11.5,0.0,0,0.0,0.0,1.0
33,0.0,2,1,0.0,16.5,0.0,33,0.0,0.0,0.0
40,99886.42,2,1,1.1261762898303729,20.0,49943.21,40,0.0,0.0,1.0
27,0.0,2,0,0.0,13.5,0.0,0,0.0,0.0,0.0
37,212314.03,1,1,1.4267021891812453,37.0,212314.03,37,0.0,0.0,1.0
34,111905.43,1,1,0.5674090000492339,34.0,111905.43,34,1.0,0.0,0.0
38,0.0,1,1,0.0,38.0,0.0,38,0.0,1.0,1.0
50,0.0,1,1,0.0,50.0,0.0,50,0.0,1.0,1.0
36,0.0,1,1,0.0,36.0,0.0,36,0.0,0.0,1.0
47,148826.32,1,1,1.8731929182167388,47.0,148826.32,47,1.0,0.0,1.0
46,111512.75,3,0,0.6988032404469949,15.333333333333334,37170.916666666664,0,1.0,0.0,0.0
33,127154.14,2,1,1.206585016305685,16.5,63577.07,33,1.0,0.0,1.0
63,120916.52,3,0,0.8354774439817739,21.0,40305.50666666667,0,1.0,0.0,1.0
43,0.0,2,1,0.0,21.5,0.0,43,0.0,1.0,1.0
37,93978.96,2,0,1.5494842112604466,18.5,46989.48,0,1.0,0.0,1.0
32,0.0,2,1,0.0,16.0,0.0,32,0.0,0.0,1.0
42,0.0,2,0,0.0,21.0,0.0,0,0.0,1.0,0.0
52,0.0,2,1,0.0,26.0,0.0,52,0.0,0.0,1.0
22,125265.61,1,1,0.7768261542663247,22.0,125265.61,22,0.0,1.0,1.0
40,0.0,1,1,0.0,40.0,0.0,40,0.0,0.0,1.0
23,0.0,2,0,0.0,11.5,0.0,0,0.0,1.0,1.0
39,0.0,1,1,0.0,39.0,0.0,39,0.0,0.0,0.0
40,93051.64,2,0,1.2948060754208115,20.0,46525.82,0,1.0,0.0,1.0
30,0.0,2,1,0.0,15.0,0.0,30,0.0,0.0,1.0
33,101952.97,2,0,0.5722755048801975,16.5,50976.485,0,0.0,0.0,1.0
40,0.0,1,1,0.0,40.0,0.0,40,0.0,0.0,1.0
34,128270.56,1,0,0.6712481099479405,34.0,128270.56,0,0.0,0.0,1.0
34,121132.26,2,0,1.4010162816960574,17.0,60566.13,0,0.0,1.0,1.0
31,117799.28,1,1,0.6459273020279663,31.0,117799.28,31,0.0,0.0,1.0
46,122220.19,1,1,1.0355528235334985,46.0,122220.19,46,0.0,0.0,1.0
42,56726.83,2,1,0.3057335657677842,21.0,28363.415,42,0.0,0.0,1.0
36,0.0,2,1,0.0,18.0,0.0,36,0.0,0.0,0.0
35,133087.76,1,0,2.054723666742266,35.0,133087.76,0,0.0,0.0,1.0
26,108909.12,1,0,1.3193587508499702,26.0,108909.12,0,0.0,0.0,0.0
43,92599.55,2,1,0.5533723667922856,21.5,46299.775,43,0.0,0.0,0.0
31,0.0,1,1,0.0,31.0,0.0,31,0.0,1.0,1.0
32,103846.65,1,0,5.050737596841351,32.0,103846.65,0,1.0,0.0,1.0
41,121558.46,1,1,203.00344021376088,41.0,121558.46,41,0.0,0.0,0.0
30,0.0,2,0,0.0,15.0,0.0,0,0.0,0.0,0.0
37,132057.92,2,0,3.8008863693796737,18.5,66028.96,0,0.0,0.0,1.0
25,96950.21,1,0,0.9905217642549005,25.0,96950.21,0,0.0,1.0,1.0
39,113193.51,2,1,2.169860973330458,19.5,56596.755,39,1.0,0.0,1.0
38,82083.52,1,1,7.943223099388607,38.0,82083.52,38,1.0,0.0,0.0
32,0.0,2,1,0.0,16.0,0.0,32,0.0,1.0,1.0
41,90757.64,2,1,0.536444476966629,20.5,45378.82,41,1.0,0.0,0.0
36,0.0,2,1,0.0,18.0,0.0,36,0.0,1.0,0.0
36,122314.39,1,0,13.32159870873023,36.0,122314.39,0,1.0,0.0,0.0
37,148466.93,2,1,0.9813986505638251,18.5,74233.465,37,0.0,0.0,1.0
42,126772.57,1,1,1.0052826026276225,42.0,126772.57,42,1.0,0.0,1.0
41,149049.92,1,1,2.956028238265722,41.0,149049.92,41,1.0,0.0,1.0
38,0.0,1,0,0.0,38.0,0.0,0,0.0,0.0,1.0
57,107174.58,1,1,0.8481044682045635,57.0,107174.58,57,1.0,0.0,1.0
56,209767.31,2,1,1.3920044949242314,28.0,104883.655,56,0.0,1.0,0.0
42,121765.37,2,1,0.731249584126146,21.0,60882.685,42,1.0,0.0,1.0
54,105770.14,1,1,0.7505155397027659,54.0,105770.14,54,0.0,1.0,1.0
30,0.0,2,1,0.0,15.0,0.0,30,0.0,0.0,0.0
41,164046.1,1,0,3.320372675911576,41.0,164046.1,0,1.0,0.0,1.0
62,0.0,2,1,0.0,31.0,0.0,62,0.0,1.0,1.0
44,100486.18,2,1,1.6031993730548562,22.0,50243.09,44,0.0,0.0,1.0
37,152212.88,2,0,1.266128504995128,18.5,76106.44,0,0.0,1.0,1.0
25,0.0,2,1,0.0,12.5,0.0,25,0.0,1.0,1.0
36,116338.68,1,1,0.74698908744045,36.0,116338.68,36,0.0,1.0,0.0
40,82441.75,1,0,1.0196610824380465,40.0,82441.75,0,0.0,0.0,0.0
33,132255.99,2,1,1.7731439777305882,16.5,66127.995,33,0.0,0.0,1.0
51,108449.23,3,0,1.2271803653368478,17.0,36149.74333333333,0,1.0,0.0,0.0
35,102742.91,2,1,0.5426382542267967,17.5,51371.455,35,1.0,0.0,0.0
34,63663.93,1,1,0.3794391822642741,34.0,63663.93,34,1.0,0.0,0.0
54,0.0,2,1,0.0,27.0,0.0,54,0.0,0.0,0.0
34,0.0,2,1,0.0,17.0,0.0,34,0.0,0.0,0.0
44,88915.85,1,0,1.2757350525282456,44.0,88915.85,0,0.0,1.0,1.0
43,0.0,2,0,0.0,21.5,0.0,0,0.0,0.0,1.0
44,128747.69,1,0,0.8760985877990043,44.0,128747.69,0,0.0,0.0,0.0
41,124349.34,1,0,0.9167922055660309,41.0,124349.34,0,0.0,0.0,0.0
33,124573.33,2,0,182.29265258937326,16.5,62286.665,0,1.0,0.0,1.0
56,112414.81,2,0,1.1961310259132545,28.0,56207.405,0,1.0,0.0,1.0
36,0.0,2,0,0.0,18.0,0.0,0,0.0,0.0,1.0
66,135392.31,2,1,0.7832843299640166,33.0,67696.155,66,1.0,0.0,0.0
37,147361.57,1,1,1.1077155444451094,37.0,147361.57,37,1.0,0.0,0.0
35,103015.12,2,1,0.7406144846381716,17.5,51507.56,35,0.0,0.0,0.0
55,136576.02,1,1,41.78975389897098,55.0,136576.02,55,0.0,0.0,1.0
36,0.0,1,1,0.0,36.0,0.0,36,0.0,0.0,1.0
22,101528.61,1,0,1.439529980575366,22.0,101528.61,0,1.0,0.0,0.0
44,127536.44,1,0,1.176550294039694,44.0,127536.44,0,1.0,0.0,0.0
41,97663.16,2,0,1.709526441838947,20.5,48831.58,0,0.0,0.0,1.0
40,155455.43,1,1,1.368664359666619,40.0,155455.43,40,0.0,1.0,1.0
47,121376.15,2,0,2.228164652235211,23.5,60688.075,0,0.0,0.0,0.0
38,115463.16,1,0,0.7662823745608648,38.0,115463.16,0,0.0,1.0,1.0
42,0.0,2,0,0.0,21.0,0.0,0,0.0,1.0,0.0
40,148897.02,1,0,1.4173527813130338,40.0,148897.02,0,1.0,0.0,0.0
45,0.0,2,1,0.0,22.5,0.0,45,0.0,0.0,0.0
38,0.0,2,1,0.0,19.0,0.0,38,0.0,0.0,1.0
41,152105.57,2,1,1.1490556973964983,20.5,76052.785,41,0.0,0.0,0.0
38,111798.06,2,1,1.0940787002667522,19.0,55899.03,38,1.0,0.0,1.0
34,0.0,2,1,0.0,17.0,0.0,34,0.0,1.0,0.0
24,110495.27,1,0,0.6966238021892073,24.0,110495.27,0,0.0,0.0,0.0
40,0.0,2,0,0.0,20.0,0.0,0,0.0,1.0,0.0
47,126597.89,2,1,3.2629339729409086,23.5,63298.945,47,1.0,0.0,0.0
31,0.0,2,1,0.0,15.5,0.0,31,0.0,0.0,0.0
44,185932.18,2,0,2.8424168683454965,22.0,92966.09,0,1.0,0.0,0.0
37,95668.82,2,0,0.953488768437508,18.5,47834.41,0,1.0,0.0,1.0
29,0.0,1,0,0.0,29.0,0.0,0,0.0,0.0,1.0
36,112029.83,1,1,0.599255516296346,36.0,112029.83,36,0.0,1.0,1.0
39,162390.52,2,0,2.968603720550335,19.5,81195.26,0,0.0,1.0,0.0
60,162039.78,1,1,1.920773782232036,60.0,162039.78,60,0.0,0.0,0.0
63,0.0,2,1,0.0,31.5,0.0,63,0.0,1.0,1.0
34,154139.45,1,1,2.5381568805225982,34.0,154139.45,34,0.0,0.0,0.0
40,99745.95,1,0,0.5618724411585824,40.0,99745.95,0,1.0,0.0,0.0
62,0.0,2,0,0.0,31.0,0.0,0,0.0,0.0,1.0
31,0.0,2,0,0.0,15.5,0.0,0,0.0,0.0,1.0
37,129101.3,1,1,5.385654446374064,37.0,129101.3,37,0.0,0.0,0.0
67,129431.36,1,1,6.064136838248592,67.0,129431.36,67,0.0,0.0,1.0
35,0.0,1,1,0.0,35.0,0.0,35,0.0,0.0,0.0
33,168964.77,1,1,1.4200807328741005,33.0,168964.77,33,0.0,1.0,0.0
28,0.0,2,1,0.0,14.0,0.0,28,0.0,0.0,0.0
34,154983.98,1,0,5.587422457487038,34.0,154983.98,0,0.0,1.0,1.0
38,132129.72,1,1,1.736973101377106,38.0,132129.72,38,0.0,0.0,0.0
36,71142.77,2,0,0.5810746914906747,18.0,35571.385,0,1.0,0.0,1.0
31,164672.66,1,1,2.658750873884536,31.0,164672.66,31,1.0,0.0,0.0
28,160376.61,1,0,0.8147019368909132,28.0,160376.61,0,0.0,0.0,1.0
42,145155.37,1,0,2.0112993011634344,42.0,145155.37,0,0.0,0.0,1.0
37,136689.66,1,0,0.6907332913404449,37.0,136689.66,0,0.0,1.0,0.0
27,139301.68,1,0,1.3951935810251155,27.0,139301.68,0,0.0,0.0,1.0
37,139265.63,2,1,0.7007218864445734,18.5,69632.815,37,1.0,0.0,1.0
32,0.0,2,1,0.0,16.0,0.0,32,0.0,1.0,1.0
42,68683.68,1,1,0.9261839396065492,42.0,68683.68,42,0.0,1.0,1.0
48,0.0,2,1,0.0,24.0,0.0,48,0.0,0.0,1.0
52,96781.39,1,1,0.6310168150721529,52.0,96781.39,52,1.0,0.0,1.0
46,0.0,2,1,0.0,23.0,0.0,46,0.0,1.0,0.0
48,0.0,2,1,0.0,24.0,0.0,48,0.0,1.0,0.0
46,182364.53,1,0,1.309464632121096,46.0,182364.53,0,0.0,1.0,1.0
44,0.0,2,1,0.0,22.0,0.0,44,0.0,0.0,0.0
40,0.0,2,0,0.0,20.0,0.0,0,0.0,1.0,1.0
67,88382.01,1,1,1.4864862001110044,67.0,88382.01,67,0.0,1.0,1.0
36,0.0,1,1,0.0,36.0,0.0,36,0.0,1.0,0.0
31,0.0,3,1,0.0,10.333333333333334,0.0,31,0.0,0.0,1.0
24,0.0,1,1,0.0,24.0,0.0,24,0.0,0.0,1.0
33,0.0,2,0,0.0,16.5,0.0,0,0.0,0.0,1.0
47,152076.93,1,0,1.2481671074079,47.0,152076.93,0,1.0,0.0,1.0
38,0.0,2,0,0.0,19.0,0.0,0,0.0,0.0,0.0
62,0.0,1,1,0.0,62.0,0.0,62,0.0,0.0,1.0
41,104405.54,3,0,6.00576845309623,13.666666666666666,34801.846666666665,0,1.0,0.0,1.0
37,125977.81,1,0,0.7865628528839661,37.0,125977.81,0,1.0,0.0,0.0
34,113958.55,1,1,3.5472396484091693,34.0,113958.55,34,0.0,0.0,1.0
42,123331.36,1,0,1.1914222408731088,42.0,123331.36,0,1.0,0.0,0.0
32,0.0,1,1,0.0,32.0,0.0,32,0.0,1.0,0.0
36,0.0,2,1,0.0,18.0,0.0,36,0.0,0.0,0.0
43,87624.03,2,0,0.5865010037059242,21.5,43812.015,0,0.0,0.0,1.0
33,0.0,2,1,0.0,16.5,0.0,33,0.0,1.0,0.0
32,90322.99,2,1,0.7606763394791511,16.0,45161.495,32,1.0,0.0,0.0
40,114354.95,1,0,2.116942153426586,40.0,114354.95,0,0.0,0.0,0.0
46,123444.72,1,1,3.9353610421804586,46.0,123444.72,46,1.0,0.0,1.0
40,0.0,2,1,0.0,20.0,0.0,40,0.0,1.0,0.0
58,116353.2,2,1,0.6012995154077794,29.0,58176.6,58,1.0,0.0,0.0
37,100443.36,2,1,0.98770455169655,18.5,50221.68,37,0.0,0.0,1.0
32,0.0,1,1,0.0,32.0,0.0,32,0.0,0.0,1.0
35,0.0,2,0,0.0,17.5,0.0,0,0.0,1.0,1.0
33,125241.17,2,1,0.7889899882238485,16.5,62620.585,33,1.0,0.0,0.0
38,123770.46,1,0,2.632312951646184,38.0,123770.46,0,1.0,0.0,0.0
57,162448.69,1,0,17.615762900437876,57.0,162448.69,0,1.0,0.0,0.0
37,146093.39,2,0,0.9097097446277529,18.5,73046.695,0,0.0,0.0,1.0
62,124678.35,1,0,1.7581131197473068,62.0,124678.35,0,0.0,0.0,0.0
28,0.0,2,1,0.0,14.0,0.0,28,0.0,0.0,1.0
39,132628.98,1,0,3.4171568201826883,39.0,132628.98,0,0.0,1.0,1.0
31,0.0,2,1,0.0,15.5,0.0,31,0.0,0.0,1.0
50,129667.77,1,0,3.0852592642647214,50.0,129667.77,0,0.0,1.0,0.0
44,58781.76,1,0,3.4833800693573664,44.0,58781.76,0,0.0,0.0,0.0
46,0.0,3,0,0.0,15.333333333333334,0.0,0,0.0,0.0,0.0
33,74963.5,1,1,2.287525754823842,33.0,74963.5,33,0.0,0.0,0.0
44,102016.38,1,1,0.5723688850310688,44.0,102016.38,44,0.0,0.0,1.0
42,109121.71,1,1,0.6500234789900419,42.0,109121.71,42,0.0,1.0,1.0
30,90727.79,1,0,0.7420358022798139,30.0,90727.79,0,0.0,0.0,1.0
34,0.0,2,1,0.0,17.0,0.0,34,0.0,0.0,1.0
58,0.0,1,0,0.0,58.0,0.0,0,0.0,0.0,1.0
36,70181.48,2,0,0.8706502521085965,18.0,35090.74,0,0.0,0.0,1.0
41,106134.46,1,1,1.005343070154425,41.0,106134.46,41,0.0,0.0,1.0
31,82293.82,2,1,0.8987451025361697,15.5,41146.91,31,1.0,0.0,1.0
30,156771.68,1,1,1.1106884033456748,30.0,156771.68,30,1.0,0.0,0.0
30,0.0,1,0,0.0,30.0,0.0,0,0.0,0.0,1.0
53,0.0,1,1,0.0,53.0,0.0,53,0.0,1.0,1.0
26,135889.13,1,1,0.820130757043655,26.0,135889.13,26,0.0,1.0,0.0
35,145623.36,1,0,0.8924005044195541,35.0,145623.36,0,1.0,0.0,0.0
32,184686.41,2,0,12.348286758078794,16.0,92343.205,0,0.0,0.0,0.0
31,0.0,1,1,0.0,31.0,0.0,31,0.0,1.0,1.0
26,0.0,1,0,0.0,26.0,0.0,0,0.0,0.0,1.0
26,0.0,2,0,0.0,13.0,0.0,0,0.0,0.0,1.0
40,128389.12,1,1,0.7291053715257159,40.0,128389.12,40,0.0,1.0,1.0
32,0.0,1,1,0.0,32.0,0.0,32,0.0,1.0,0.0
34,126729.41,1,1,4.8543444727516905,34.0,126729.41,34,1.0,0.0,1.0
64,0.0,1,0,0.0,64.0,0.0,0,0.0,1.0,0.0
40,133245.52,2,1,2.4450594559362533,20.0,66622.76,40,1.0,0.0,0.0
34,0.0,2,0,0.0,17.0,0.0,0,0.0,0.0,1.0
43,0.0,2,1,0.0,21.5,0.0,43,0.0,0.0,1.0
38,110555.37,2,0,2.3763757805870167,19.0,55277.685,0,1.0,0.0,1.0
34,88815.56,2,0,1.2954001224580405,17.0,44407.78,0,1.0,0.0,1.0
42,0.0,2,1,0.0,21.0,0.0,42,0.0,0.0,0.0
28,154475.54,2,1,1.524917142920885,14.0,77237.77,28,1.0,0.0,1.0
39,0.0,2,0,0.0,19.5,0.0,0,0.0,0.0,1.0
45,118886.55,1,0,2.302365371915711,45.0,118886.55,0,1.0,0.0,0.0
41,0.0,2,1,0.0,20.5,0.0,41,0.0,1.0,1.0
24,0.0,1,1,0.0,24.0,0.0,24,0.0,0.0,0.0
44,189318.16,2,0,4.204619396294116,22.0,94659.08,0,0.0,1.0,0.0
52,130013.12,1,1,0.6813877692546517,52.0,130013.12,52,1.0,0.0,1.0
23,0.0,1,1,0.0,23.0,0.0,23,0.0,1.0,1.0
39,89588.35,1,1,0.9440478787246531,39.0,89588.35,39,0.0,0.0,0.0
34,0.0,2,1,0.0,17.0,0.0,34,0.0,0.0,0.0
18,0.0,2,0,0.0,9.0,0.0,0,0.0,1.0,1.0
39,120252.02,2,1,11.835560809154911,19.5,60126.01,39,1.0,0.0,1.0
29,0.0,2,0,0.0,14.5,0.0,0,0.0,0.0,0.0
51,0.0,3,0,0.0,17.0,0.0,0,0.0,0.0,1.0
36,99472.76,2,0,1.0551371565993513,18.0,49736.38,0,0.0,0.0,0.0
30,124857.69,2,0,2.4731298169580693,15.0,62428.845,0,0.0,1.0,1.0
32,0.0,2,0,0.0,16.0,0.0,0,0.0,1.0,1.0
41,0.0,2,0,0.0,20.5,0.0,0,0.0,0.0,0.0
34,0.0,2,0,0.0,17.0,0.0,0,0.0,0.0,1.0
28,0.0,2,0,0.0,14.0,0.0,0,0.0,0.0,1.0
34,0.0,2,1,0.0,17.0,0.0,34,0.0,0.0,1.0
40,0.0,2,0,0.0,20.0,0.0,0,0.0,0.0,1.0
27,0.0,1,1,0.0,27.0,0.0,27,0.0,0.0,0.0
44,157622.58,1,1,1.3085685679702326,44.0,157622.58,44,0.0,1.0,0.0
33,0.0,1,0,0.0,33.0,0.0,0,0.0,1.0,1.0
45,104118.5,1,1,0.5982721568447182,45.0,104118.5,45,0.0,0.0,0.0
29,123737.04,2,0,0.8741081749930981,14.5,61868.52,0,1.0,0.0,1.0
47,0.0,2,1,0.0,23.5,0.0,47,0.0,0.0,0.0
27,0.0,2,0,0.0,13.5,0.0,0,0.0,1.0,1.0
31,104158.84,1,0,0.7763207605881649,31.0,104158.84,0,0.0,0.0,0.0
40,0.0,2,0,0.0,20.0,0.0,0,0.0,1.0,0.0
34,133467.77,2,1,3.105588757054995,17.0,66733.885,34,1.0,0.0,1.0
27,0.0,2,1,0.0,13.5,0.0,27,0.0,0.0,0.0
31,111589.67,1,0,0.7437467337264847,31.0,111589.67,0,1.0,0.0,1.0
31,0.0,1,1,0.0,31.0,0.0,31,0.0,0.0,0.0
41,92618.62,1,1,0.9153950652730288,41.0,92618.62,41,1.0,0.0,0.0
50,0.0,1,0,0.0,50.0,0.0,0,0.0,1.0,1.0
55,116973.26,3,0,0.9582748747608885,18.333333333333332,38991.08666666666,0,0.0,0.0,0.0
40,0.0,2,1,0.0,20.0,0.0,40,0.0,1.0,1.0
31,112203.25,1,0,0.6156016143657284,31.0,112203.25,0,0.0,0.0,0.0
37,90432.92,1,1,0.48009142199942195,37.0,90432.92,37,1.0,0.0,1.0
29,209490.21,1,1,1.5719504855227848,29.0,209490.21,29,0.0,1.0,0.0
30,0.0,3,1,0.0,10.0,0.0,30,0.0,0.0,1.0
59,106819.65,1,1,0.65305060058293,59.0,106819.65,59,1.0,0.0,1.0
35,100768.77,1,0,5.248480047250959,35.0,100768.77,0,0.0,0.0,0.0
37,151226.18,2,1,1.1108994825441572,18.5,75613.09,37,0.0,0.0,1.0
50,129370.91,4,1,2.7079013985039144,12.5,32342.7275,50,1.0,0.0,1.0
32,179305.09,1,1,1.2030363830010216,32.0,179305.09,32,0.0,0.0,1.0
43,113641.49,4,0,0.9871880927426904,10.75,28410.3725,0,1.0,0.0,0.0
35,108306.44,1,1,0.5626710771637495,35.0,108306.44,35,0.0,0.0,0.0
52,154733.97,1,0,1.9279168479013185,52.0,154733.97,0,0.0,1.0,0.0
36,142400.77,1,1,0.7361545407488026,36.0,142400.77,36,0.0,0.0,1.0
35,0.0,2,0,0.0,17.5,0.0,0,0.0,0.0,1.0
43,113882.31,1,1,1.5273011615058711,43.0,113882.31,43,0.0,0.0,1.0
36,0.0,2,0,0.0,18.0,0.0,0,0.0,1.0,1.0
24,137295.19,2,1,1.5055102729181125,12.0,68647.595,24,0.0,0.0,0.0
39,149363.12,2,1,1.3690680494918395,19.5,74681.56,39,1.0,0.0,0.0
70,96947.58,3,0,1.5565659259454308,23.333333333333332,32315.86,0,1.0,0.0,0.0
33,94126.67,1,0,1.0043589204056076,33.0,94126.67,0,1.0,0.0,1.0
31,112713.34,1,1,0.6372705793540062,31.0,112713.34,31,0.0,1.0,1.0
33,163139.27,1,1,23.18847507448091,33.0,163139.27,33,0.0,0.0,1.0
27,118627.16,2,1,0.7375691779105708,13.5,59313.58,27,1.0,0.0,1.0
39,163097.55,2,1,6.881050542518444,19.5,81548.775,39,0.0,1.0,0.0
22,0.0,2,0,0.0,11.0,0.0,0,0.0,1.0,1.0
28,96679.71,1,1,1.9676963453614598,28.0,96679.71,28,1.0,0.0,1.0
28,97612.12,1,1,1.011544056704098,28.0,97612.12,28,0.0,0.0,1.0
34,0.0,2,1,0.0,17.0,0.0,34,0.0,1.0,1.0
32,112079.58,1,0,1.254127205095213,32.0,112079.58,0,0.0,0.0,1.0
39,97700.02,1,1,3.181475285933812,39.0,97700.02,39,0.0,0.0,1.0
34,91025.58,2,1,0.5557694021968091,17.0,45512.79,34,1.0,0.0,0.0
36,152606.82,1,1,2.128621284145688,36.0,152606.82,36,0.0,0.0,1.0
29,0.0,2,0,0.0,14.5,0.0,0,0.0,0.0,0.0
43,0.0,2,1,0.0,21.5,0.0,43,0.0,0.0,1.0
27,158786.67,2,1,3.337309226185785,13.5,79393.335,27,0.0,0.0,0.0
38,0.0,2,0,0.0,19.0,0.0,0,0.0,0.0,1.0
52,0.0,2,0,0.0,26.0,0.0,0,0.0,1.0,1.0
28,95357.49,1,0,0.9321617464416165,28.0,95357.49,0,0.0,1.0,0.0
46,0.0,2,1,0.0,23.0,0.0,46,0.0,0.0,0.0
33,123870.07,1,0,1.266633645112297,33.0,123870.07,0,0.0,1.0,0.0
39,112687.69,1,1,0.8820981136459047,39.0,112687.69,39,0.0,0.0,0.0
33,0.0,2,0,0.0,16.5,0.0,0,0.0,0.0,0.0
53,0.0,3,0,0.0,17.666666666666668,0.0,0,0.0,1.0,0.0
31,182275.23,2,0,0.9561666784608167,15.5,91137.615,0,1.0,0.0,1.0
39,109698.41,1,1,1.241054520190847,39.0,109698.41,39,1.0,0.0,0.0
39,129299.28,2,0,1.768616121990053,19.5,64649.64,0,0.0,0.0,1.0
45,0.0,1,1,0.0,45.0,0.0,45,0.0,0.0,0.0
26,105514.69,2,0,2.10731868747702,13.0,52757.345,0,1.0,0.0,0.0
56,148507.24,1,0,3.17159974098797,56.0,148507.24,0,1.0,0.0,1.0
43,0.0,2,1,0.0,21.5,0.0,43,0.0,0.0,0.0
41,0.0,2,0,0.0,20.5,0.0,0,0.0,0.0,1.0
60,0.0,2,1,0.0,30.0,0.0,60,0.0,0.0,1.0
34,154495.79,1,0,0.8072054111091629,34.0,154495.79,0,0.0,0.0,1.0
35,0.0,2,0,0.0,17.5,0.0,0,0.0,0.0,1.0
39,81273.13,1,1,4.341589889138004,39.0,81273.13,39,0.0,1.0,1.0
56,78707.16,1,1,0.7918355997020474,56.0,78707.16,56,0.0,1.0,1.0
37,135847.47,1,0,0.9376498516263128,37.0,135847.47,0,0.0,0.0,1.0
37,140950.92,2,0,0.7215893517349107,18.5,70475.46,0,1.0,0.0,1.0
39,151963.26,2,0,0.9560526567608667,19.5,75981.63,0,0.0,1.0,0.0
27,100912.19,1,0,13.22351194493184,27.0,100912.19,0,0.0,1.0,0.0
50,171740.69,1,0,8.219771020900648,50.0,171740.69,0,0.0,0.0,1.0
40,149961.99,2,0,1.433522198364491,20.0,74980.995,0,1.0,0.0,0.0
32,169947.41,2,1,6.0740712015657365,16.0,84973.705,32,1.0,0.0,1.0
41,136416.82,1,1,2.35834670544666,41.0,136416.82,41,0.0,0.0,1.0
68,126061.51,2,1,0.6816465433023405,34.0,63030.755,68,1.0,0.0,1.0
21,132312.06,1,0,1.2404628539145457,21.0,132312.06,0,1.0,0.0,0.0
33,118004.26,1,0,0.6413838999538111,33.0,118004.26,0,0.0,0.0,0.0
41,85906.65,3,0,0.4541481477291416,13.666666666666666,28635.55,0,1.0,0.0,0.0
37,0.0,2,0,0.0,18.5,0.0,0,0.0,1.0,0.0
48,95679.29,1,0,1.0073826492633564,48.0,95679.29,0,0.0,1.0,0.0
42,141927.1,1,1,3.299173992502844,42.0,141927.1,42,1.0,0.0,1.0
44,0.0,1,1,0.0,44.0,0.0,44,0.0,1.0,1.0
44,122314.5,1,0,1.7836633472781869,44.0,122314.5,0,1.0,0.0,0.0
59,101609.77,1,0,0.6292437434198178,59.0,101609.77,0,1.0,0.0,0.0
59,155766.05,1,1,1.412521513229134,59.0,155766.05,59,0.0,1.0,1.0
30,145127.85,1,0,19.21032393165561,30.0,145127.85,0,0.0,1.0,1.0
50,122227.71,1,1,8.596827069223936,50.0,122227.71,50,1.0,0.0,1.0
48,156848.13,2,1,1.5767442281275024,24.0,78424.065,48,1.0,0.0,0.0
36,114628.4,1,1,0.6811358912106871,36.0,114628.4,36,0.0,0.0,1.0
42,99095.73,1,1,5.658561612742419,42.0,99095.73,42,0.0,0.0,1.0
64,0.0,2,0,0.0,32.0,0.0,0,0.0,0.0,1.0
32,100606.02,1,0,0.6071830648791205,32.0,100606.02,0,0.0,0.0,1.0
31,0.0,2,1,0.0,15.5,0.0,31,0.0,0.0,0.0
63,137841.53,1,1,3.221327315145562,63.0,137841.53,63,0.0,0.0,1.0
37,0.0,3,0,0.0,12.333333333333334,0.0,0,0.0,1.0,0.0
38,0.0,1,0,0.0,38.0,0.0,0,0.0,0.0,1.0
21,85818.18,1,1,0.6447535467080584,21.0,85818.18,21,0.0,1.0,0.0
41,100062.39,1,0,0.792214144477059,41.0,100062.39,0,0.0,1.0,1.0
66,0.0,1,0,0.0,66.0,0.0,0,0.0,0.0,1.0
39,0.0,2,1,0.0,19.5,0.0,39,0.0,1.0,0.0
43,55853.33,2,1,0.589096510615498,21.5,27926.665,43,0.0,1.0,0.0
23,93911.3,2,0,1.3599404536499293,11.5,46955.65,0,1.0,0.0,1.0
30,0.0,2,1,0.0,15.0,0.0,30,0.0,0.0,1.0
36,69518.95,1,0,0.5980722031679895,36.0,69518.95,0,0.0,0.0,0.0
33,0.0,2,1,0.0,16.5,0.0,33,0.0,0.0,1.0
39,136422.41,1,1,0.8989481991075122,39.0,136422.41,39,0.0,0.0,0.0
28,0.0,2,1,0.0,14.0,0.0,28,0.0,0.0,1.0
39,118336.14,1,0,0.6407223234689884,39.0,118336.14,0,0.0,0.0,0.0
36,0.0,2,1,0.0,18.0,0.0,36,0.0,0.0,0.0
46,0.0,2,1,0.0,23.0,0.0,46,0.0,1.0,0.0
34,113014.7,2,1,1.9950948235259227,17.0,56507.35,34,0.0,0.0,1.0
43,108589.47,2,1,0.5574164598866856,21.5,54294.735,43,1.0,0.0,1.0
41,96147.55,1,0,0.7016124801031423,41.0,96147.55,0,0.0,0.0,0.0
40,0.0,2,1,0.0,20.0,0.0,40,0.0,0.0,1.0
36,0.0,2,1,0.0,18.0,0.0,36,0.0,0.0,1.0
49,122486.47,1,1,2.0500448632837247,49.0,122486.47,49,0.0,0.0,1.0
28,100032.52,1,0,19.389115775477254,28.0,100032.52,0,1.0,0.0,0.0
34,90355.12,2,0,0.4667152966606979,17.0,45177.56,0,1.0,0.0,1.0
33,98630.31,2,1,2.4503925634310058,16.5,49315.155,33,1.0,0.0,1.0
33,0.0,1,1,0.0,33.0,0.0,33,0.0,1.0,1.0
37,131834.76,2,0,14.73145756045233,18.5,65917.38,0,0.0,0.0,0.0
31,172325.67,1,1,3.792513509504521,31.0,172325.67,31,0.0,0.0,0.0
59,122471.09,1,1,7.74786788443399,59.0,122471.09,59,1.0,0.0,1.0
32,92961.61,1,0,0.7948317167930942,32.0,92961.61,0,0.0,0.0,1.0
28,77776.39,1,0,0.43759239420341517,28.0,77776.39,0,1.0,0.0,1.0
37,114346.3,1,1,116.56927609513421,37.0,114346.3,37,1.0,0.0,1.0
44,0.0,2,0,0.0,22.0,0.0,0,0.0,1.0,0.0
39,115341.19,1,1,1.0712044564023169,39.0,115341.19,39,1.0,0.0,1.0
30,154221.37,2,1,2.460120229292271,15.0,77110.685,30,1.0,0.0,0.0
26,0.0,2,0,0.0,13.0,0.0,0,0.0,0.0,0.0
32,124450.36,2,1,0.7506682405822924,16.0,62225.18,32,1.0,0.0,1.0
38,0.0,2,1,0.0,19.0,0.0,38,0.0,0.0,1.0
37,135650.88,1,0,0.6801991233034809,37.0,135650.88,0,1.0,0.0,1.0
41,0.0,1,0,0.0,41.0,0.0,0,0.0,1.0,0.0
50,132598.38,2,1,0.7205729570556094,25.0,66299.19,50,1.0,0.0,0.0
38,0.0,2,0,0.0,19.0,0.0,0,0.0,0.0,0.0
45,134980.74,1,1,1.0946493447345569,45.0,134980.74,45,1.0,0.0,0.0
36,124445.52,1,0,1.4064609343531493,36.0,124445.52,0,0.0,0.0,1.0
25,0.0,2,0,0.0,12.5,0.0,0,0.0,0.0,0.0
27,121580.42,1,1,0.9024640717289445,27.0,121580.42,27,0.0,1.0,0.0
42,0.0,2,1,0.0,21.0,0.0,42,0.0,0.0,0.0
30,0.0,2,1,0.0,15.0,0.0,30,0.0,0.0,0.0
35,104356.38,1,0,1.1043141067793227,35.0,104356.38,0,1.0,0.0,1.0
29,0.0,1,0,0.0,29.0,0.0,0,0.0,0.0,1.0
31,0.0,2,0,0.0,15.5,0.0,0,0.0,1.0,0.0
58,63492.94,1,1,0.7633914653443657,58.0,63492.94,58,0.0,0.0,1.0
26,87098.91,1,0,0.8209457262312502,26.0,87098.91,0,0.0,0.0,0.0
42,115076.06,1,1,1.4507163756162886,42.0,115076.06,42,0.0,0.0,1.0
29,0.0,2,1,0.0,14.5,0.0,29,0.0,0.0,0.0
28,0.0,1,0,0.0,28.0,0.0,0,0.0,0.0,1.0
35,129847.75,2,0,0.6580387015559072,17.5,64923.875,0,1.0,0.0,1.0
44,148770.61,2,1,0.7786682414783884,22.0,74385.305,44,1.0,0.0,0.0
37,101707.8,1,0,0.821109667618984,37.0,101707.8,0,0.0,1.0,0.0
77,0.0,2,1,0.0,38.5,0.0,77,0.0,0.0,1.0
38,0.0,1,1,0.0,38.0,0.0,38,0.0,0.0,0.0
32,0.0,2,1,0.0,16.0,0.0,32,0.0,0.0,0.0
39,0.0,2,1,0.0,19.5,0.0,39,0.0,0.0,1.0
22,0.0,2,1,0.0,11.0,0.0,22,0.0,0.0,1.0
31,128131.73,1,0,1.332880169209937,31.0,128131.73,0,0.0,0.0,1.0
41,0.0,1,0,0.0,41.0,0.0,0,0.0,1.0,0.0
44,0.0,2,1,0.0,22.0,0.0,44,0.0,0.0,1.0
66,116037.76,1,1,0.6284675175839172,66.0,116037.76,66,0.0,0.0,0.0
34,0.0,2,1,0.0,17.0,0.0,34,0.0,0.0,1.0
46,161798.53,1,0,0.8844133413816772,46.0,161798.53,0,0.0,0.0,1.0
55,119961.48,1,0,1.841119035410409,55.0,119961.48,0,1.0,0.0,1.0
25,78396.08,1,1,9.42692266530707,25.0,78396.08,25,0.0,0.0,1.0
39,111213.64,2,1,0.7535909421889104,19.5,55606.82,39,1.0,0.0,0.0
29,125961.74,2,0,0.7857724255828398,14.5,62980.87,0,1.0,0.0,1.0
39,119688.81,1,0,0.8733779155270464,39.0,119688.81,0,1.0,0.0,1.0
40,98241.04,1,0,0.8859552153658214,40.0,98241.04,0,0.0,0.0,1.0
28,97840.72,1,1,0.5489799086839465,28.0,97840.72,28,0.0,1.0,0.0
38,145874.35,1,0,2.590494569571094,38.0,145874.35,0,0.0,1.0,1.0
33,132168.28,1,0,1.3386278202627966,33.0,132168.28,0,0.0,1.0,1.0
23,123943.18,1,1,0.7768137876459693,23.0,123943.18,23,1.0,0.0,0.0
18,133550.67,1,1,2.8450502445495354,18.0,133550.67,18,0.0,0.0,1.0
32,149136.31,2,1,9.092507610301357,16.0,74568.155,32,0.0,0.0,1.0
26,131908.35,1,1,0.7358091399560406,26.0,131908.35,26,1.0,0.0,0.0
32,0.0,2,0,0.0,16.0,0.0,0,0.0,0.0,1.0
34,0.0,2,0,0.0,17.0,0.0,0,0.0,0.0,0.0
51,123401.43,2,1,0.9653916577515005,25.5,61700.715,51,0.0,0.0,1.0
77,135120.56,1,0,3.5711564240376523,77.0,135120.56,0,1.0,0.0,0.0
48,0.0,2,0,0.0,24.0,0.0,0,0.0,0.0,1.0
52,86891.84,1,0,0.9561397640082678,52.0,86891.84,0,1.0,0.0,0.0
36,169025.83,1,0,0.9701022859578319,36.0,169025.83,0,1.0,0.0,0.0
31,0.0,2,1,0.0,15.5,0.0,31,0.0,0.0,0.0
39,0.0,2,0,0.0,19.5,0.0,0,0.0,0.0,0.0
31,137687.72,1,0,0.7244163009362167,31.0,137687.72,0,0.0,0.0,0.0
38,101648.5,2,0,0.5909747034675988,19.0,50824.25,0,1.0,0.0,0.0
40,0.0,1,0,0.0,40.0,0.0,0,0.0,0.0,1.0
36,77846.9,1,0,0.7799822435507127,36.0,77846.9,0,1.0,0.0,0.0
40,0.0,1,1,0.0,40.0,0.0,40,0.0,1.0,0.0
62,127738.75,2,1,1.5001086279990135,31.0,63869.375,62,0.0,0.0,1.0
40,139129.44,1,1,4.263126640466191,40.0,139129.44,40,0.0,1.0,0.0
54,89299.81,1,0,16.065537818860225,54.0,89299.81,0,0.0,0.0,1.0
41,115251.64,1,0,0.8447319709093841,41.0,115251.64,0,0.0,1.0,1.0
37,0.0,2,1,0.0,18.5,0.0,37,0.0,0.0,1.0
37,0.0,2,0,0.0,18.5,0.0,0,0.0,0.0,0.0
33,0.0,2,0,0.0,16.5,0.0,0,0.0,0.0,1.0
32,118879.35,2,1,6.21373363907356,16.0,59439.675,32,0.0,1.0,0.0
41,110112.54,2,0,1.344494993272796,20.5,55056.27,0,1.0,0.0,1.0
39,114491.82,1,0,1.1484844739886295,39.0,114491.82,0,1.0,0.0,0.0
47,157099.47,2,1,2.399129621547097,23.5,78549.735,47,1.0,0.0,0.0
43,0.0,2,1,0.0,21.5,0.0,43,0.0,0.0,1.0
60,152335.7,1,0,1.2019228151887758,60.0,152335.7,0,0.0,0.0,1.0
26,153644.39,1,1,2.431163671945958,26.0,153644.39,26,0.0,0.0,1.0
25,0.0,2,1,0.0,12.5,0.0,25,0.0,1.0,1.0
27,125167.74,1,0,0.6286534328803787,27.0,125167.74,0,0.0,0.0,0.0
37,167864.4,1,0,1.4516333646926118,37.0,167864.4,0,1.0,0.0,0.0
44,123070.89,1,0,4.324150100013035,44.0,123070.89,0,1.0,0.0,0.0
60,121907.97,1,1,4.02150191792318,60.0,121907.97,60,0.0,1.0,1.0
42,123311.39,2,1,1.4880398231701033,21.0,61655.695,42,0.0,0.0,1.0
35,106266.8,1,1,6.398858323071688,35.0,106266.8,35,0.0,0.0,0.0
23,0.0,2,0,0.0,11.5,0.0,0,0.0,1.0,0.0
33,135962.4,2,0,1.1167530035000175,16.5,67981.2,0,1.0,0.0,1.0
45,0.0,2,0,0.0,22.5,0.0,0,0.0,0.0,0.0
39,0.0,1,1,0.0,39.0,0.0,39,0.0,1.0,0.0
41,0.0,2,1,0.0,20.5,0.0,41,0.0,1.0,1.0
31,0.0,1,0,0.0,31.0,0.0,0,0.0,0.0,0.0
54,137986.58,2,1,2.6893491804678127,27.0,68993.29,54,1.0,0.0,1.0
42,49508.79,3,1,0.4934889464645602,14.0,16502.93,42,1.0,0.0,0.0
43,133214.88,2,1,1.3885685624000124,21.5,66607.44,43,0.0,1.0,0.0
56,0.0,1,1,0.0,56.0,0.0,56,0.0,1.0,0.0
43,175735.5,1,1,1.1169348347108303,43.0,175735.5,43,0.0,1.0,1.0
46,161450.03,1,1,1.6651027732799786,46.0,161450.03,46,1.0,0.0,1.0
25,0.0,2,1,0.0,12.5,0.0,25,0.0,0.0,0.0
34,0.0,1,1,0.0,34.0,0.0,34,0.0,0.0,1.0
25,0.0,2,1,0.0,12.5,0.0,25,0.0,0.0,1.0
48,150315.92,1,1,1.1260770014254642,48.0,150315.92,48,0.0,1.0,0.0
36,0.0,1,1,0.0,36.0,0.0,36,0.0,1.0,0.0
35,0.0,1,0,0.0,35.0,0.0,0,0.0,0.0,1.0
31,0.0,2,0,0.0,15.5,0.0,0,0.0,1.0,0.0
37,158024.38,1,0,1.9437649765203588,37.0,158024.38,0,0.0,1.0,1.0
46,130666.2,1,1,0.8109583035403358,46.0,130666.2,46,0.0,0.0,1.0
28,0.0,1,0,0.0,28.0,0.0,0,0.0,1.0,1.0
38,115378.94,1,1,0.7118297969582168,38.0,115378.94,38,0.0,1.0,1.0
36,61636.97,1,0,0.5718382534807865,36.0,61636.97,0,0.0,0.0,1.0
44,0.0,2,0,0.0,22.0,0.0,0,0.0,0.0,1.0
40,121729.42,1,0,1.9901988818668361,40.0,121729.42,0,1.0,0.0,0.0
51,83739.32,1,1,0.5627701095004686,51.0,83739.32,51,0.0,1.0,1.0
37,0.0,1,1,0.0,37.0,0.0,37,0.0,0.0,1.0
21,0.0,2,1,0.0,10.5,0.0,21,0.0,0.0,1.0
75,0.0,1,0,0.0,75.0,0.0,0,0.0,0.0,0.0
23,113758.48,2,0,1.3530176884211726,11.5,56879.24,0,0.0,0.0,1.0
33,0.0,1,1,0.0,33.0,0.0,33,0.0,0.0,1.0
40,140596.95,1,1,1.0379297738902882,40.0,140596.95,40,0.0,0.0,0.0
28,0.0,2,1,0.0,14.0,0.0,28,0.0,0.0,1.0
31,158978.79,1,0,12.678826406101962,31.0,158978.79,0,0.0,0.0,0.0
27,90971.85,1,1,0.6909474658951789,27.0,90971.85,27,1.0,0.0,0.0
41,109026.8,2,1,2.5286208951900755,20.5,54513.4,41,1.0,0.0,1.0
29,0.0,1,1,0.0,29.0,0.0,29,0.0,0.0,1.0
35,101744.84,1,0,1.1943923750349825,35.0,101744.84,0,1.0,0.0,1.0
30,0.0,2,1,0.0,15.0,0.0,30,0.0,0.0,1.0
45,155447.65,2,0,2.996757399712176,22.5,77723.825,0,1.0,0.0,0.0
41,0.0,2,0,0.0,20.5,0.0,0,0.0,0.0,1.0
25,0.0,3,1,0.0,8.333333333333334,0.0,25,0.0,0.0,0.0
33,0.0,2,1,0.0,16.5,0.0,33,0.0,1.0,1.0
40,141136.79,1,1,2.081545983464356,40.0,141136.79,40,0.0,0.0,1.0
22,0.0,2,1,0.0,11.0,0.0,22,0.0,0.0,1.0
30,117494.27,1,0,1.8957470591898844,30.0,117494.27,0,0.0,0.0,1.0
40,101016.53,1,1,12.744394330303354,40.0,101016.53,40,1.0,0.0,1.0
28,0.0,2,0,0.0,14.0,0.0,0,0.0,1.0,1.0
21,166883.07,2,1,0.8577299510982653,10.5,83441.535,21,0.0,0.0,0.0
38,68079.8,1,1,0.4094658830255744,38.0,68079.8,38,0.0,1.0,1.0
44,0.0,2,0,0.0,22.0,0.0,0,0.0,0.0,1.0
33,111582.11,1,0,0.979278617577517,33.0,111582.11,0,0.0,0.0,1.0
41,0.0,3,1,0.0,13.666666666666666,0.0,41,0.0,1.0,0.0
35,0.0,2,1,0.0,17.5,0.0,35,0.0,1.0,1.0
36,135438.4,1,0,0.710489033007442,36.0,135438.4,0,0.0,0.0,0.0
28,122384.22,3,1,1.374835116468267,9.333333333333334,40794.74,28,1.0,0.0,1.0
39,0.0,2,1,0.0,19.5,0.0,39,0.0,1.0,1.0
36,0.0,1,0,0.0,36.0,0.0,0,0.0,0.0,0.0
44,0.0,2,0,0.0,22.0,0.0,0,0.0,0.0,1.0
29,0.0,2,1,0.0,14.5,0.0,29,0.0,0.0,1.0
32,151691.44,2,1,0.8777905927133713,16.0,75845.72,32,1.0,0.0,1.0
28,185013.02,1,0,11.22575528847554,28.0,185013.02,0,1.0,0.0,1.0
32,145807.59,1,1,47.5772404679164,32.0,145807.59,32,0.0,0.0,1.0
38,0.0,2,0,0.0,19.0,0.0,0,0.0,0.0,1.0
40,131184.67,1,1,2.63340434185101,40.0,131184.67,40,0.0,0.0,0.0
39,0.0,1,0,0.0,39.0,0.0,0,0.0,0.0,1.0
37,0.0,1,0,0.0,37.0,0.0,0,0.0,0.0,1.0
50,146710.76,1,0,8.876283245807217,50.0,146710.76,0,1.0,0.0,0.0
29,0.0,2,1,0.0,14.5,0.0,29,0.0,0.0,0.0
44,122806.95,1,0,8.121690829754392,44.0,122806.95,0,0.0,0.0,1.0
42,137781.65,1,0,0.6912717426517133,42.0,137781.65,0,0.0,0.0,0.0
42,97495.8,2,0,48.68704119850187,21.0,48747.9,0,1.0,0.0,0.0
30,73218.89,1,1,0.5774511148516573,30.0,73218.89,30,0.0,0.0,1.0
23,166594.78,1,1,1.0691269336016715,23.0,166594.78,23,0.0,0.0,1.0
63,148368.02,1,0,1.2482367799722165,63.0,148368.02,0,0.0,0.0,1.0
37,163607.18,1,1,3.701222639358151,37.0,163607.18,37,0.0,1.0,0.0
40,113794.22,1,0,6.847335180242089,40.0,113794.22,0,0.0,1.0,0.0
37,142688.57,2,1,1.28602332169751,18.5,71344.285,37,1.0,0.0,0.0
47,0.0,2,0,0.0,23.5,0.0,0,0.0,0.0,0.0
41,0.0,1,1,0.0,41.0,0.0,41,0.0,0.0,1.0
44,0.0,2,1,0.0,22.0,0.0,44,0.0,0.0,0.0
52,191665.21,1,1,1.4596106419675314,52.0,191665.21,52,0.0,0.0,0.0
27,0.0,2,0,0.0,13.5,0.0,0,0.0,1.0,1.0
37,154712.58,2,0,1.7364085730081915,18.5,77356.29,0,0.0,1.0,1.0
50,0.0,2,1,0.0,25.0,0.0,50,0.0,1.0,0.0
31,0.0,2,0,0.0,15.5,0.0,0,0.0,1.0,1.0
37,165252.52,1,0,1.9376209309115295,37.0,165252.52,0,0.0,0.0,1.0
30,110829.52,2,0,4.4440527306001405,15.0,55414.76,0,0.0,0.0,1.0
31,0.0,2,0,0.0,15.5,0.0,0,0.0,0.0,1.0
37,127609.59,1,0,1.293608513331783,37.0,127609.59,0,0.0,0.0,1.0
30,86449.39,1,1,0.457866334182921,30.0,86449.39,30,0.0,0.0,1.0
31,152926.6,1,1,3.004457178804442,31.0,152926.6,31,0.0,1.0,0.0
33,0.0,2,1,0.0,16.5,0.0,33,0.0,1.0,1.0
43,112773.73,2,1,0.8091877550557673,21.5,56386.865,43,0.0,0.0,0.0
38,107283.4,1,0,0.6814121323465195,38.0,107283.4,0,0.0,0.0,0.0
49,115309.75,1,0,1.034894258096959,49.0,115309.75,0,0.0,1.0,0.0
61,0.0,2,1,0.0,30.5,0.0,61,0.0,0.0,0.0
24,0.0,2,1,0.0,12.0,0.0,24,0.0,0.0,1.0
40,0.0,1,0,0.0,40.0,0.0,0,0.0,0.0,0.0
36,85660.96,1,0,0.6355707433282328,36.0,85660.96,0,0.0,1.0,0.0
69,108424.19,1,1,0.6076964056667938,69.0,108424.19,69,0.0,0.0,1.0
44,0.0,2,0,0.0,22.0,0.0,0,0.0,0.0,0.0
30,0.0,2,0,0.0,15.0,0.0,0,0.0,0.0,1.0
23,137964.51,1,1,0.7903080445126628,23.0,137964.51,23,1.0,0.0,0.0
39,135483.17,1,0,0.9616838158675537,39.0,135483.17,0,0.0,1.0,0.0
32,133705.74,1,0,0.9944212166611729,32.0,133705.74,0,0.0,1.0,1.0
38,174937.64,1,0,4.364241179593417,38.0,174937.64,0,1.0,0.0,0.0
40,193354.86,2,0,1.2960447798860513,20.0,96677.43,0,0.0,0.0,1.0
49,0.0,1,1,0.0,49.0,0.0,49,0.0,0.0,1.0
51,0.0,2,0,0.0,25.5,0.0,0,0.0,0.0,1.0
29,91955.61,1,0,2.4808841930779053,29.0,91955.61,0,0.0,0.0,1.0
21,0.0,2,0,0.0,10.5,0.0,0,0.0,1.0,1.0
40,153639.11,1,1,1.1104968873525785,40.0,153639.11,40,0.0,1.0,1.0
34,78829.53,1,1,6.48898849212229,34.0,78829.53,34,0.0,0.0,1.0
36,153880.15,1,0,1.1362194174304217,36.0,153880.15,0,0.0,0.0,1.0
40,0.0,2,1,0.0,20.0,0.0,40,0.0,0.0,1.0
27,116320.68,1,1,2.552910920346221,27.0,116320.68,27,0.0,1.0,0.0
36,0.0,1,1,0.0,36.0,0.0,36,0.0,0.0,1.0
38,115221.36,1,1,1.6238252174740246,38.0,115221.36,38,0.0,0.0,1.0
43,99610.92,2,0,0.5318346636818849,21.5,49805.46,0,0.0,0.0,1.0
60,92887.06,1,0,2.3531420849817968,60.0,92887.06,0,0.0,0.0,0.0
42,129735.3,2,1,0.7224954093371018,21.0,64867.65,42,0.0,0.0,1.0
44,0.0,2,1,0.0,22.0,0.0,44,0.0,1.0,1.0
50,88379.81,3,1,1.3775500629391164,16.666666666666668,29459.936666666665,50,1.0,0.0,0.0
31,0.0,2,1,0.0,15.5,0.0,31,0.0,0.0,1.0
19,0.0,2,1,0.0,9.5,0.0,19,0.0,0.0,0.0
31,0.0,2,0,0.0,15.5,0.0,0,0.0,0.0,1.0
40,110150.43,1,1,0.5744252184984536,40.0,110150.43,40,1.0,0.0,0.0
55,0.0,2,1,0.0,27.5,0.0,55,0.0,0.0,1.0
35,0.0,2,1,0.0,17.5,0.0,35,0.0,1.0,0.0
43,153313.67,1,0,0.8988644303217337,43.0,153313.67,0,0.0,0.0,0.0
41,154902.66,1,1,3.1188069892291264,41.0,154902.66,41,1.0,0.0,1.0
37,94001.61,2,0,0.6679901409186342,18.5,47000.805,0,1.0,0.0,1.0
50,0.0,1,0,0.0,50.0,0.0,0,0.0,1.0,1.0
31,0.0,2,1,0.0,15.5,0.0,31,0.0,1.0,1.0
32,0.0,2,0,0.0,16.0,0.0,0,0.0,0.0,0.0
35,108308.0,1,0,0.8393939480834053,35.0,108308.0,0,0.0,0.0,0.0
26,0.0,2,1,0.0,13.0,0.0,26,0.0,0.0,1.0
38,0.0,1,1,0.0,38.0,0.0,38,0.0,0.0,1.0
34,37266.67,2,0,0.23749269678158763,17.0,18633.335,0,1.0,0.0,0.0
53,167772.96,1,1,1.2256323214660634,53.0,167772.96,53,1.0,0.0,1.0
55,155828.22,1,1,1.429783942617141,55.0,155828.22,55,0.0,1.0,0.0
30,109805.3,1,1,0.6710766948635654,30.0,109805.3,30,0.0,0.0,1.0
37,0.0,2,0,0.0,18.5,0.0,0,0.0,1.0,0.0
35,117212.18,1,1,1.4113102352826294,35.0,117212.18,35,1.0,0.0,1.0
28,114731.76,2,1,1.4435346668220101,14.0,57365.88,28,0.0,0.0,1.0
34,0.0,2,1,0.0,17.0,0.0,34,0.0,0.0,0.0
43,0.0,2,1,0.0,21.5,0.0,43,0.0,1.0,1.0
56,154669.77,1,1,1.3395698005937349,56.0,154669.77,56,0.0,1.0,1.0
55,118803.35,2,1,0.9272478296534549,27.5,59401.675,55,0.0,0.0,1.0
34,90723.36,1,1,7.459109609989838,34.0,90723.36,34,0.0,1.0,1.0
50,118098.62,1,1,1.1725436512026108,50.0,118098.62,50,1.0,0.0,1.0
61,65190.29,1,1,1.013712030868708,61.0,65190.29,61,0.0,0.0,0.0
47,122031.55,1,1,3.6078924416456015,47.0,122031.55,47,0.0,0.0,0.0
49,160602.25,2,0,1.2423404902797888,24.5,80301.125,0,0.0,0.0,0.0
66,149950.19,1,1,1.966106310688459,66.0,149950.19,66,0.0,0.0,0.0
34,149940.04,2,0,0.9571731824837993,17.0,74970.02,0,0.0,1.0,1.0
43,97792.21,1,0,0.8134057449651747,43.0,97792.21,0,0.0,1.0,1.0
28,70233.74,2,1,0.39181406051667944,14.0,35116.87,28,1.0,0.0,1.0
43,160416.56,1,1,4.304586191915888,43.0,160416.56,43,0.0,0.0,0.0
33,198113.86,1,0,2.843834184916675,33.0,198113.86,0,0.0,0.0,1.0
26,109958.15,1,1,0.8050102260567658,26.0,109958.15,26,0.0,1.0,0.0
27,111837.78,2,1,1.0093135024803308,13.5,55918.89,27,1.0,0.0,0.0
44,126147.84,1,1,0.9526006064276986,44.0,126147.84,44,1.0,0.0,0.0
37,0.0,2,1,0.0,18.5,0.0,37,0.0,1.0,0.0
33,118082.89,1,0,1.2503423056539862,33.0,118082.89,0,0.0,0.0,1.0
51,124620.01,2,0,1.3509831648561412,25.5,62310.005,0,0.0,0.0,0.0
31,137260.45,2,0,2.478194451866927,15.5,68630.225,0,1.0,0.0,1.0
30,143138.91,2,0,48.43202411807299,15.0,71569.455,0,1.0,0.0,1.0
35,90602.42,2,1,1.7526202036118872,17.5,45301.21,35,1.0,0.0,1.0
32,0.0,1,1,0.0,32.0,0.0,32,0.0,0.0,0.0
42,114631.23,1,1,1.2537630534659727,42.0,114631.23,42,0.0,0.0,1.0
52,0.0,1,1,0.0,52.0,0.0,52,0.0,0.0,0.0
41,63873.56,1,0,0.7626362269150332,41.0,63873.56,0,0.0,1.0,1.0
43,85957.88,2,0,9.815467850581053,21.5,42978.94,0,1.0,0.0,1.0
35,0.0,2,1,0.0,17.5,0.0,35,0.0,0.0,1.0
36,135095.47,1,0,0.9390781960696973,36.0,135095.47,0,0.0,1.0,1.0
24,0.0,2,1,0.0,12.0,0.0,24,0.0,0.0,0.0
34,0.0,2,0,0.0,17.0,0.0,0,0.0,0.0,1.0
35,0.0,2,1,0.0,17.5,0.0,35,0.0,1.0,1.0
22,0.0,2,0,0.0,11.0,0.0,0,0.0,1.0,1.0
37,133292.45,1,0,1.1989416873869858,37.0,133292.45,0,0.0,1.0,0.0
32,154737.88,2,1,0.8963134621534652,16.0,77368.94,32,0.0,0.0,1.0
40,174126.75,3,0,1.0094843909917968,13.333333333333334,58042.25,0,1.0,0.0,1.0
52,125396.24,1,0,12.52119280419223,52.0,125396.24,0,1.0,0.0,0.0
49,121197.64,1,0,1.6699104251975099,49.0,121197.64,0,0.0,0.0,1.0
29,0.0,1,0,0.0,29.0,0.0,0,0.0,0.0,1.0
32,150923.74,2,1,0.8641372517348876,16.0,75461.87,32,1.0,0.0,0.0
31,79962.92,2,0,1.3129829502352315,15.5,39981.46,0,0.0,0.0,1.0
38,75075.14,1,1,8.677280881006759,38.0,75075.14,38,0.0,1.0,1.0
26,123126.29,1,0,1.6543582359841886,26.0,123126.29,0,1.0,0.0,0.0
43,132217.45,1,0,6.309580563711911,43.0,132217.45,0,1.0,0.0,1.0
29,0.0,2,1,0.0,14.5,0.0,29,0.0,0.0,0.0
24,143656.55,1,1,0.793978869242147,24.0,143656.55,24,0.0,1.0,1.0
30,105443.68,1,1,0.8705394357360974,30.0,105443.68,30,0.0,0.0,1.0
40,113348.5,1,1,1.4571274271262742,40.0,113348.5,40,0.0,1.0,0.0
40,125534.51,1,0,1.0331702991617244,40.0,125534.51,0,1.0,0.0,0.0
53,0.0,2,1,0.0,26.5,0.0,53,0.0,0.0,1.0
47,0.0,1,1,0.0,47.0,0.0,47,0.0,0.0,0.0
28,138668.18,1,1,2.561099187149234,28.0,138668.18,28,0.0,1.0,1.0
32,91956.49,1,1,1.5335842930692054,32.0,91956.49,32,0.0,0.0,1.0
41,98612.1,1,0,0.6515528477657816,41.0,98612.1,0,1.0,0.0,0.0
32,101160.99,1,1,0.8727053211987417,32.0,101160.99,32,1.0,0.0,1.0
31,113688.63,1,0,3.434763036561679,31.0,113688.63,0,1.0,0.0,1.0
36,79951.9,1,1,0.45916867118653254,36.0,79951.9,36,0.0,0.0,0.0
33,150186.22,2,1,2.2890399035161937,16.5,75093.11,33,1.0,0.0,1.0
29,0.0,2,1,0.0,14.5,0.0,29,0.0,1.0,1.0
33,0.0,2,1,0.0,16.5,0.0,33,0.0,0.0,0.0
36,0.0,2,1,0.0,18.0,0.0,36,0.0,1.0,0.0
30,128207.23,1,1,2.3142028264534207,30.0,128207.23,30,0.0,0.0,1.0
28,0.0,1,0,0.0,28.0,0.0,0,0.0,0.0,1.0
56,110802.03,1,1,2.2058798761146408,56.0,110802.03,56,0.0,1.0,1.0
27,0.0,2,1,0.0,13.5,0.0,27,0.0,0.0,0.0
45,120591.19,1,0,0.6180235495449713,45.0,120591.19,0,1.0,0.0,1.0
31,139799.63,1,1,1.158590202494423,31.0,139799.63,31,0.0,1.0,0.0
42,0.0,1,1,0.0,42.0,0.0,42,0.0,0.0,0.0
28,97408.03,1,1,0.5539153468759589,28.0,97408.03,28,0.0,1.0,1.0
29,128744.04,1,1,2.7129750270414474,29.0,128744.04,29,0.0,0.0,1.0
43,81153.82,1,1,0.5614904846891209,43.0,81153.82,43,0.0,1.0,0.0
57,101868.51,1,1,0.8976467687592149,57.0,101868.51,57,1.0,0.0,1.0
25,130866.19,1,0,3.0857236971946143,25.0,130866.19,0,0.0,1.0,0.0
39,80615.46,2,0,0.4454820207875319,19.5,40307.73,0,1.0,0.0,1.0
39,0.0,2,1,0.0,19.5,0.0,39,0.0,0.0,0.0
43,80442.06,2,1,6.416157391233603,21.5,40221.03,43,1.0,0.0,1.0
50,130023.38,1,0,2.064196722581522,50.0,130023.38,0,1.0,0.0,1.0
38,74306.19,2,0,0.4812715469279039,19.0,37153.095,0,0.0,0.0,0.0
50,0.0,2,0,0.0,25.0,0.0,0,0.0,0.0,1.0
35,114212.6,1,1,1.536709100902347,35.0,114212.6,35,0.0,0.0,1.0
42,0.0,2,0,0.0,21.0,0.0,0,0.0,0.0,1.0
32,0.0,2,1,0.0,16.0,0.0,32,0.0,1.0,0.0
48,124442.38,1,0,8.258428658933552,48.0,124442.38,0,1.0,0.0,0.0
44,140393.65,2,1,0.7536476801846972,22.0,70196.825,44,1.0,0.0,1.0
33,152143.89,1,1,4.72877939132897,33.0,152143.89,33,1.0,0.0,1.0
28,163569.61,2,1,1.0582969201202281,14.0,81784.805,28,0.0,0.0,1.0
22,112465.06,1,1,1.209591111852029,22.0,112465.06,22,0.0,0.0,0.0
44,120654.68,1,0,1.4661987164787902,44.0,120654.68,0,0.0,1.0,1.0
26,146133.39,1,1,0.8336342896468822,26.0,146133.39,26,1.0,0.0,1.0
32,0.0,2,0,0.0,16.0,0.0,0,0.0,1.0,1.0
30,141787.31,2,1,1.2926701141562689,15.0,70893.655,30,1.0,0.0,1.0
44,159316.64,1,0,6.429209209152656,44.0,159316.64,0,0.0,0.0,0.0
39,144550.83,2,1,0.7621399015092075,19.5,72275.415,39,1.0,0.0,0.0
59,0.0,2,1,0.0,29.5,0.0,59,0.0,0.0,0.0
33,0.0,1,0,0.0,33.0,0.0,0,0.0,0.0,0.0
30,124119.54,1,0,0.7652332034018601,30.0,124119.54,0,0.0,0.0,1.0
38,0.0,2,0,0.0,19.0,0.0,0,0.0,0.0,0.0
22,0.0,2,1,0.0,11.0,0.0,22,0.0,0.0,0.0
23,104744.89,1,0,0.6151947778192757,23.0,104744.89,0,0.0,1.0,1.0
61,0.0,2,1,0.0,30.5,0.0,61,0.0,1.0,0.0
32,149814.54,1,0,4.7066998931199,32.0,149814.54,0,1.0,0.0,1.0
28,113811.85,2,1,1.4810721637785949,14.0,56905.925,28,0.0,1.0,0.0
43,121927.92,1,0,1.385624061380795,43.0,121927.92,0,1.0,0.0,0.0
35,79585.96,1,1,0.4003259509795884,35.0,79585.96,35,1.0,0.0,0.0
26,0.0,2,0,0.0,13.0,0.0,0,0.0,0.0,1.0
51,104682.83,1,0,1.8941304171606328,51.0,104682.83,0,1.0,0.0,1.0
43,201696.07,1,0,1.5162735329560995,43.0,201696.07,0,0.0,0.0,1.0
40,125879.29,1,0,1.3505864537388808,40.0,125879.29,0,0.0,0.0,0.0
63,146202.93,1,1,1.1540317327107685,63.0,146202.93,63,0.0,1.0,1.0
31,0.0,2,0,0.0,15.5,0.0,0,0.0,0.0,1.0
36,0.0,1,1,0.0,36.0,0.0,36,0.0,0.0,1.0
43,137638.69,1,0,1.0551709233707405,43.0,137638.69,0,0.0,0.0,1.0
26,119009.57,1,0,0.8385300045946341,26.0,119009.57,0,0.0,0.0,1.0
37,98218.04,2,0,0.5386105719596878,18.5,49109.02,0,1.0,0.0,0.0
36,145071.24,1,0,23.86644643544582,36.0,145071.24,0,1.0,0.0,1.0
37,157098.52,1,1,1.0232080224954174,37.0,157098.52,37,1.0,0.0,0.0
33,119278.44,1,1,0.6050190455669298,33.0,119278.44,33,1.0,0.0,0.0
36,148749.29,2,0,1.6198200493843293,18.0,74374.645,0,0.0,0.0,0.0
46,98444.19,1,1,0.8985144475411836,46.0,98444.19,46,0.0,0.0,0.0
41,133432.59,1,1,0.881887118524967,41.0,133432.59,41,1.0,0.0,0.0
30,0.0,1,1,0.0,30.0,0.0,30,0.0,1.0,0.0
40,55776.39,2,0,2.0718981829042105,20.0,27888.195,0,0.0,0.0,0.0
45,151855.33,1,0,2.2073872560384857,45.0,151855.33,0,1.0,0.0,0.0
27,102258.11,2,0,0.5252582164929813,13.5,51129.055,0,0.0,0.0,0.0
46,116886.59,1,0,1.0825494677209506,46.0,116886.59,0,0.0,1.0,0.0
63,0.0,2,1,0.0,31.5,0.0,63,0.0,0.0,1.0
62,0.0,2,1,0.0,31.0,0.0,62,0.0,0.0,1.0
31,51293.47,1,0,1.44347634479894,31.0,51293.47,0,1.0,0.0,0.0
37,136925.09,2,1,0.8926002332199742,18.5,68462.545,37,1.0,0.0,0.0
29,99097.36,1,1,10.115392035473205,29.0,99097.36,29,1.0,0.0,0.0
37,51582.5,2,1,0.27986378380067634,18.5,25791.25,37,0.0,0.0,0.0
36,108913.84,2,1,0.7754081748961856,18.0,54456.92,36,1.0,0.0,0.0
28,165798.1,1,0,1.127181219232461,28.0,165798.1,0,0.0,0.0,1.0
31,0.0,1,0,0.0,31.0,0.0,0,0.0,0.0,0.0
59,118210.42,2,0,1.9638846533783314,29.5,59105.21,0,1.0,0.0,1.0
42,0.0,2,0,0.0,21.0,0.0,0,0.0,0.0,0.0
33,35016.6,1,0,0.6524782045156918,33.0,35016.6,0,1.0,0.0,1.0
44,118742.74,2,0,75.6848640138695,22.0,59371.37,0,0.0,0.0,0.0
29,0.0,2,0,0.0,14.5,0.0,0,0.0,0.0,0.0
35,137179.39,1,1,3.6812737510704,35.0,137179.39,35,0.0,0.0,1.0
32,163340.12,2,1,2.1949832829851967,16.0,81670.06,32,0.0,1.0,1.0
27,107751.68,2,1,3.2271204471356496,13.5,53875.84,27,0.0,1.0,0.0
49,88915.37,3,0,0.550781174989169,16.333333333333332,29638.456666666665,0,0.0,0.0,0.0
37,0.0,2,0,0.0,18.5,0.0,0,0.0,0.0,1.0
27,125427.37,2,0,4.535523771228056,13.5,62713.685,0,0.0,1.0,1.0
46,0.0,2,1,0.0,23.0,0.0,46,0.0,1.0,1.0
51,97565.74,1,0,0.6766749389634333,51.0,97565.74,0,0.0,0.0,1.0
62,0.0,2,1,0.0,31.0,0.0,62,0.0,0.0,0.0
37,145382.61,1,0,1.8080482445967525,37.0,145382.61,0,0.0,1.0,1.0
42,107856.57,2,0,0.8457425786982773,21.0,53928.285,0,1.0,0.0,1.0
33,116765.7,1,0,0.6124315971794065,33.0,116765.7,0,1.0,0.0,0.0
28,146098.43,3,0,1.4520521464264722,9.333333333333334,48699.47666666666,0,0.0,1.0,0.0
31,0.0,1,1,0.0,31.0,0.0,31,0.0,0.0,1.0
39,130969.77,2,1,0.8242702155976719,19.5,65484.885,39,1.0,0.0,1.0
31,76665.71,2,1,0.4680186837017827,15.5,38332.855,31,0.0,1.0,1.0
35,105419.73,1,0,2.981625705740903,35.0,105419.73,0,0.0,0.0,0.0
66,127120.62,1,1,1.06887248628685,66.0,127120.62,66,1.0,0.0,0.0
31,104678.62,1,1,2.0536252810333395,31.0,104678.62,31,0.0,1.0,1.0
36,129745.1,1,1,0.9029907696590603,36.0,129745.1,36,1.0,0.0,0.0
27,0.0,2,0,0.0,13.5,0.0,0,0.0,1.0,1.0
44,137452.09,1,0,0.7251728491394341,44.0,137452.09,0,1.0,0.0,1.0
32,85534.83,1,0,0.5057125799143938,32.0,85534.83,0,0.0,1.0,1.0
29,0.0,2,0,0.0,14.5,0.0,0,0.0,1.0,1.0
27,0.0,2,1,0.0,13.5,0.0,27,0.0,0.0,1.0
36,94615.11,2,1,8.903099684677352,18.0,47307.555,36,1.0,0.0,1.0
45,117231.63,3,1,0.957923295622148,15.0,39077.21,45,1.0,0.0,1.0
24,103099.17,2,0,0.5949975824782362,12.0,51549.585,0,1.0,0.0,0.0
34,154485.74,2,0,1.9664521572125684,17.0,77242.87,0,0.0,0.0,1.0
47,0.0,1,0,0.0,47.0,0.0,0,0.0,0.0,1.0
50,124233.24,1,1,0.7791024620011668,50.0,124233.24,50,1.0,0.0,1.0
35,85668.59,1,0,0.8118294029037191,35.0,85668.59,0,1.0,0.0,1.0
28,119336.29,2,1,2.0234429271824452,14.0,59668.145,28,1.0,0.0,1.0
45,0.0,2,1,0.0,22.5,0.0,45,0.0,0.0,1.0
26,0.0,2,1,0.0,13.0,0.0,26,0.0,0.0,1.0
36,143680.47,2,1,2.2615737246539847,18.0,71840.235,36,0.0,1.0,0.0
46,134950.19,3,0,0.7556536476041754,15.333333333333334,44983.39666666667,0,0.0,0.0,1.0
40,104149.66,1,0,1.679077640868061,40.0,104149.66,0,1.0,0.0,1.0
36,98266.3,1,1,2.1170617428854825,36.0,98266.3,36,0.0,1.0,0.0
37,125489.4,1,0,1.0583523578750975,37.0,125489.4,0,1.0,0.0,1.0
54,0.0,1,0,0.0,54.0,0.0,0,0.0,0.0,1.0
35,165358.77,1,1,1.7454224014851822,35.0,165358.77,35,0.0,0.0,1.0
40,0.0,2,1,0.0,20.0,0.0,40,0.0,0.0,1.0
37,39344.83,1,1,0.2206764985216097,37.0,39344.83,37,0.0,0.0,1.0
62,118756.62,1,1,5.830640504956873,62.0,118756.62,62,0.0,0.0,1.0
40,146502.07,1,0,7.645092676522174,40.0,146502.07,0,0.0,1.0,0.0
39,0.0,2,0,0.0,19.5,0.0,0,0.0,1.0,1.0
37,0.0,1,1,0.0,37.0,0.0,37,0.0,1.0,0.0
38,0.0,2,0,0.0,19.0,0.0,0,0.0,0.0,1.0
26,0.0,2,0,0.0,13.0,0.0,0,0.0,0.0,1.0
42,0.0,2,0,0.0,21.0,0.0,0,0.0,1.0,1.0
25,152885.77,1,0,2.626235875797198,25.0,152885.77,0,1.0,0.0,0.0
32,61825.5,1,1,0.3960001775501197,32.0,61825.5,32,1.0,0.0,1.0
33,0.0,2,0,0.0,16.5,0.0,0,0.0,0.0,1.0
60,69365.25,1,1,6.742188168238688,60.0,69365.25,60,0.0,0.0,0.0
29,116805.82,1,0,28.53969091686519,29.0,116805.82,0,0.0,1.0,0.0
32,80958.36,1,1,0.6295816191415976,32.0,80958.36,32,0.0,1.0,1.0
28,0.0,2,0,0.0,14.0,0.0,0,0.0,0.0,1.0
51,0.0,3,0,0.0,17.0,0.0,0,0.0,0.0,1.0
39,144102.32,1,1,12.335035044288997,39.0,144102.32,39,0.0,1.0,0.0
39,0.0,2,1,0.0,19.5,0.0,39,0.0,0.0,1.0
35,102918.38,1,1,2.2393101284468666,35.0,102918.38,35,0.0,1.0,1.0
46,107073.27,2,1,3.4556942660851733,23.0,53536.635,46,0.0,1.0,0.0
59,119380.37,1,1,1.9755336100307415,59.0,119380.37,59,0.0,0.0,1.0
36,178111.82,1,0,3.03325855425179,36.0,178111.82,0,0.0,0.0,1.0
41,153895.65,1,1,3.9372168846140267,41.0,153895.65,41,1.0,0.0,0.0
41,125561.97,1,0,0.7654306906556375,41.0,125561.97,0,1.0,0.0,1.0
47,0.0,2,0,0.0,23.5,0.0,0,0.0,0.0,1.0
38,130233.14,1,1,1.5909038603194923,38.0,130233.14,38,0.0,1.0,1.0
39,162532.14,3,0,4.508337249032356,13.0,54177.380000000005,0,1.0,0.0,0.0
33,0.0,2,0,0.0,16.5,0.0,0,0.0,0.0,1.0
24,122168.65,1,0,0.7016870196633059,24.0,122168.65,0,0.0,0.0,1.0
38,123894.43,1,0,5.850396418773109,38.0,123894.43,0,0.0,0.0,0.0
38,134105.01,1,0,2.3181465546299838,38.0,134105.01,0,0.0,0.0,0.0
47,160729.1,1,1,1.1009871813357892,47.0,160729.1,47,0.0,0.0,1.0
37,0.0,2,0,0.0,18.5,0.0,0,0.0,1.0,0.0
39,0.0,2,1,0.0,19.5,0.0,39,0.0,0.0,1.0
33,0.0,2,1,0.0,16.5,0.0,33,0.0,0.0,1.0
41,0.0,2,1,0.0,20.5,0.0,41,0.0,0.0,1.0
45,110765.68,1,0,4.233556823298198,45.0,110765.68,0,1.0,0.0,1.0
27,197041.8,1,0,1.2970743880243158,27.0,197041.8,0,0.0,0.0,1.0
31,110527.17,1,1,1.2695404600717406,31.0,110527.17,31,0.0,0.0,1.0
35,80931.75,1,0,6.402995489597434,35.0,80931.75,0,1.0,0.0,0.0
41,80542.81,1,0,0.9077371580636007,41.0,80542.81,0,1.0,0.0,1.0
40,93017.47,2,0,0.4854546736512388,20.0,46508.735,0,0.0,0.0,1.0
35,159693.9,2,1,2.2437225354780224,17.5,79846.95,35,0.0,1.0,1.0
48,0.0,2,1,0.0,24.0,0.0,48,0.0,0.0,0.0
32,131354.25,1,0,1.048681853153684,32.0,131354.25,0,0.0,0.0,1.0
29,96462.25,2,1,1.9691727340241676,14.5,48231.125,29,1.0,0.0,1.0
63,0.0,2,0,0.0,31.5,0.0,0,0.0,1.0,1.0
43,134204.67,1,1,0.9588033264888208,43.0,134204.67,43,0.0,1.0,0.0
45,80793.58,1,1,2.9406419917007613,45.0,80793.58,45,0.0,0.0,1.0
26,120727.97,1,1,0.8098532754363138,26.0,120727.97,26,1.0,0.0,1.0
38,112803.92,1,0,0.6279728233049985,38.0,112803.92,0,0.0,1.0,0.0
41,0.0,1,1,0.0,41.0,0.0,41,0.0,0.0,0.0
39,0.0,2,0,0.0,19.5,0.0,0,0.0,0.0,1.0
33,0.0,2,0,0.0,16.5,0.0,0,0.0,1.0,0.0
46,141788.63,2,0,0.8594958355663529,23.0,70894.315,0,1.0,0.0,0.0
40,125725.02,2,1,2.475725585874041,20.0,62862.51,40,1.0,0.0,1.0
29,140170.61,1,1,3.672267831000439,29.0,140170.61,29,0.0,0.0,0.0
36,0.0,2,0,0.0,18.0,0.0,0,0.0,1.0,0.0
49,0.0,1,0,0.0,49.0,0.0,0,0.0,0.0,0.0
29,139994.66,1,0,7.889369908344566,29.0,139994.66,0,0.0,0.0,0.0
43,120847.11,1,0,15.87668180582032,43.0,120847.11,0,1.0,0.0,0.0
29,104944.1,1,1,1.0743172455475518,29.0,104944.1,29,1.0,0.0,0.0
54,0.0,1,0,0.0,54.0,0.0,0,0.0,0.0,1.0
38,0.0,2,1,0.0,19.0,0.0,38,0.0,0.0,1.0
32,0.0,1,1,0.0,32.0,0.0,32,0.0,0.0,0.0
64,136770.67,1,1,3.131335732402035,64.0,136770.67,64,0.0,0.0,1.0
38,134811.3,1,0,103.7209463358338,38.0,134811.3,0,0.0,0.0,1.0
36,0.0,2,0,0.0,18.0,0.0,0,0.0,0.0,0.0
26,77780.29,1,1,0.4249141802751508,26.0,77780.29,26,0.0,0.0,0.0
38,89111.63,1,0,0.566725112503466,38.0,89111.63,0,1.0,0.0,1.0
68,95039.12,1,1,0.8159885788015812,68.0,95039.12,68,1.0,0.0,0.0
45,138523.2,1,0,2.3240412418871412,45.0,138523.2,0,1.0,0.0,0.0
43,0.0,1,0,0.0,43.0,0.0,0,0.0,0.0,0.0
33,0.0,2,0,0.0,16.5,0.0,0,0.0,0.0,1.0
36,109646.83,1,1,1.5610136218570436,36.0,109646.83,36,1.0,0.0,0.0
35,143744.77,2,0,1.3811451786767255,17.5,71872.385,0,0.0,0.0,1.0
26,76226.9,1,0,0.45490992679728354,26.0,76226.9,0,0.0,1.0,1.0
46,87603.35,3,1,0.9037866179493412,15.333333333333334,29201.11666666667,46,0.0,1.0,0.0
32,0.0,2,0,0.0,16.0,0.0,0,0.0,0.0,0.0
34,83264.28,1,0,8.616564975867407,34.0,83264.28,0,0.0,1.0,1.0
41,0.0,2,1,0.0,20.5,0.0,41,0.0,0.0,1.0
74,108071.36,2,1,6.571369329171782,37.0,54035.68,74,1.0,0.0,0.0
37,0.0,2,1,0.0,18.5,0.0,37,0.0,0.0,0.0
48,132759.8,1,0,1.6826503481276494,48.0,132759.8,0,0.0,1.0,1.0
39,117301.66,1,0,0.644422732033537,39.0,117301.66,0,0.0,0.0,0.0
42,0.0,2,0,0.0,21.0,0.0,0,0.0,0.0,0.0
35,133111.73,1,1,1.6647716706093643,35.0,133111.73,35,0.0,0.0,0.0
37,98459.6,1,0,1.0840982206227017,37.0,98459.6,0,1.0,0.0,1.0
21,0.0,1,1,0.0,21.0,0.0,21,0.0,0.0,1.0
61,133845.28,2,1,2.9624371414406117,30.5,66922.64,61,1.0,0.0,1.0
44,184552.12,1,0,2.6800946263667162,44.0,184552.12,0,0.0,1.0,1.0
28,167658.33,2,1,1.5085565050736356,14.0,83829.165,28,1.0,0.0,1.0
48,81556.89,2,0,0.42496499871270715,24.0,40778.445,0,1.0,0.0,0.0
37,0.0,2,0,0.0,18.5,0.0,0,0.0,1.0,0.0
35,130557.24,1,1,2.726718964693715,35.0,130557.24,35,0.0,0.0,0.0
33,0.0,2,0,0.0,16.5,0.0,0,0.0,1.0,1.0
42,0.0,2,0,0.0,21.0,0.0,0,0.0,0.0,0.0
68,82547.11,2,1,0.56366153421955,34.0,41273.555,68,0.0,0.0,1.0
29,0.0,2,1,0.0,14.5,0.0,29,0.0,0.0,0.0
49,97036.22,2,0,0.6365082671896068,24.5,48518.11,0,1.0,0.0,1.0
38,153722.47,1,0,1.5172012843299274,38.0,153722.47,0,0.0,0.0,1.0
39,146186.28,2,1,0.7536367028093954,19.5,73093.14,39,1.0,0.0,1.0
29,0.0,2,0,0.0,14.5,0.0,0,0.0,0.0,1.0
48,133994.52,1,1,6.947379227316137,48.0,133994.52,48,1.0,0.0,1.0
38,167539.97,1,1,1.0523382276219175,38.0,167539.97,38,0.0,0.0,0.0
43,0.0,2,1,0.0,21.5,0.0,43,0.0,0.0,1.0
34,83132.09,1,1,3.8917914430491622,34.0,83132.09,34,0.0,1.0,1.0
36,0.0,1,1,0.0,36.0,0.0,36,0.0,1.0,1.0
19,97445.49,2,0,0.793379255115518,9.5,48722.745,0,0.0,0.0,0.0
26,174318.13,2,1,4.5518376361525075,13.0,87159.065,26,0.0,1.0,0.0
44,129608.57,1,0,23.68274709010178,44.0,129608.57,0,1.0,0.0,1.0
33,0.0,2,1,0.0,16.5,0.0,33,0.0,1.0,1.0
33,140931.57,1,1,12.90404889438264,33.0,140931.57,33,0.0,0.0,1.0
29,127414.55,1,1,0.947608090845753,29.0,127414.55,29,0.0,0.0,1.0
33,160541.36,2,0,1.71626473656404,16.5,80270.68,0,0.0,0.0,0.0
37,151218.98,1,1,1.383404649321206,37.0,151218.98,37,1.0,0.0,0.0
36,0.0,2,1,0.0,18.0,0.0,36,0.0,0.0,0.0
48,69329.47,1,0,0.6754590682120473,48.0,69329.47,0,1.0,0.0,0.0
52,123925.23,1,0,1.1130076288818678,52.0,123925.23,0,0.0,1.0,1.0
34,117468.67,1,0,0.6341861804262025,34.0,117468.67,0,0.0,0.0,1.0
39,0.0,2,1,0.0,19.5,0.0,39,0.0,0.0,1.0
53,144453.75,1,0,0.7563064741294927,53.0,144453.75,0,0.0,0.0,1.0
55,0.0,3,0,0.0,18.333333333333332,0.0,0,0.0,0.0,0.0
28,143988.0,2,0,16.445077429648606,14.0,71994.0,0,1.0,0.0,1.0
29,0.0,2,0,0.0,14.5,0.0,0,0.0,0.0,1.0
35,86911.8,1,0,0.4992227198326608,35.0,86911.8,0,0.0,0.0,1.0
41,0.0,2,0,0.0,20.5,0.0,0,0.0,0.0,1.0
56,119496.25,2,0,3.999072654553949,28.0,59748.125,0,0.0,0.0,1.0
39,104502.11,1,0,5.059975722290898,39.0,104502.11,0,1.0,0.0,0.0
38,163965.69,2,1,1.5840372342100755,19.0,81982.845,38,1.0,0.0,1.0
48,127924.25,2,0,3.972480802021948,24.0,63962.125,0,1.0,0.0,0.0
25,128509.63,1,0,1.0571501056289394,25.0,128509.63,0,0.0,1.0,0.0
58,0.0,1,1,0.0,58.0,0.0,58,0.0,0.0,0.0
32,124493.03,2,1,2.367517251989634,16.0,62246.515,32,1.0,0.0,0.0
31,175443.75,1,0,1.5503060649126421,31.0,175443.75,0,0.0,0.0,0.0
48,123764.95,1,1,0.7282312232300705,48.0,123764.95,48,0.0,0.0,1.0
35,120046.74,2,0,1.4171386950755307,17.5,60023.37,0,0.0,1.0,1.0
40,0.0,2,1,0.0,20.0,0.0,40,0.0,1.0,0.0
27,0.0,1,1,0.0,27.0,0.0,27,0.0,0.0,0.0
36,104356.94,2,1,1.9259712173654024,18.0,52178.47,36,1.0,0.0,0.0
53,0.0,2,1,0.0,26.5,0.0,53,0.0,1.0,1.0
28,0.0,2,1,0.0,14.0,0.0,28,0.0,0.0,1.0
41,123428.69,1,1,0.7483968838758628,41.0,123428.69,41,0.0,1.0,1.0
32,0.0,2,1,0.0,16.0,0.0,32,0.0,0.0,1.0
22,150126.44,1,0,0.9869731315126044,22.0,150126.44,0,0.0,0.0,0.0
56,123110.9,3,1,0.946178798279475,18.666666666666668,41036.96666666667,56,0.0,1.0,0.0
78,47536.4,1,1,0.3981270364307964,78.0,47536.4,78,0.0,0.0,0.0
25,139330.1,1,0,2.5625165870091737,25.0,139330.1,0,1.0,0.0,1.0
38,110641.18,1,1,0.8105124334021035,38.0,110641.18,38,0.0,0.0,1.0
50,142644.64,2,1,1.0030669052834396,25.0,71322.32,50,0.0,1.0,0.0
62,133201.17,1,0,0.7904753658705646,62.0,133201.17,0,1.0,0.0,0.0
38,177997.07,1,1,9.254576801513617,38.0,177997.07,38,0.0,1.0,1.0
40,160625.17,1,1,45.187591957531446,40.0,160625.17,40,0.0,1.0,1.0
47,0.0,1,0,0.0,47.0,0.0,0,0.0,0.0,0.0
39,0.0,2,0,0.0,19.5,0.0,0,0.0,1.0,0.0
28,118945.09,1,0,7.404335091896603,28.0,118945.09,0,0.0,1.0,1.0
42,0.0,1,0,0.0,42.0,0.0,0,0.0,0.0,1.0
41,0.0,2,1,0.0,20.5,0.0,41,0.0,0.0,0.0
38,114135.17,1,0,0.744667481525084,38.0,114135.17,0,0.0,0.0,1.0
53,94078.97,2,0,2.5440128781245486,26.5,47039.485,0,1.0,0.0,1.0
41,179915.85,1,0,12.267254633906868,41.0,179915.85,0,0.0,1.0,0.0
40,0.0,2,1,0.0,20.0,0.0,40,0.0,0.0,1.0
36,0.0,2,1,0.0,18.0,0.0,36,0.0,1.0,1.0
33,68423.89,1,1,1.0547433390548082,33.0,68423.89,33,0.0,1.0,1.0
24,0.0,2,0,0.0,12.0,0.0,0,0.0,0.0,0.0
29,131968.57,2,1,0.8935274383671311,14.5,65984.285,29,1.0,0.0,1.0
40,0.0,2,1,0.0,20.0,0.0,40,0.0,0.0,1.0
54,68332.96,1,1,0.4732502601447808,54.0,68332.96,54,0.0,0.0,0.0
36,0.0,2,1,0.0,18.0,0.0,36,0.0,1.0,0.0
30,0.0,1,1,0.0,30.0,0.0,30,0.0,0.0,1.0
38,57068.43,2,0,0.3019896143829963,19.0,28534.215,0,1.0,0.0,0.0
37,150525.8,1,1,1.5890235345248296,37.0,150525.8,37,0.0,0.0,1.0
31,0.0,2,1,0.0,15.5,0.0,31,0.0,0.0,1.0
42,156555.54,1,1,0.8911707542851671,42.0,156555.54,42,0.0,0.0,0.0
27,0.0,1,1,0.0,27.0,0.0,27,0.0,1.0,1.0
33,118897.1,2,1,4.510101508208661,16.5,59448.55,33,1.0,0.0,0.0
45,89158.94,3,0,0.6596071488179013,15.0,29719.646666666667,0,0.0,1.0,0.0
49,29602.08,1,0,0.18099648439033358,49.0,29602.08,0,0.0,0.0,0.0
34,126436.29,1,0,0.7256089750432314,34.0,126436.29,0,0.0,1.0,1.0
42,137560.38,2,1,1.6103183237938978,21.0,68780.19,42,1.0,0.0,0.0
28,134766.85,1,0,1.6982593726210804,28.0,134766.85,0,0.0,1.0,1.0
44,100368.63,2,0,2.8398985013155613,22.0,50184.315,0,1.0,0.0,1.0
30,114027.7,1,1,0.5886316585427699,30.0,114027.7,30,1.0,0.0,1.0
28,0.0,2,0,0.0,14.0,0.0,0,0.0,1.0,0.0
34,0.0,1,0,0.0,34.0,0.0,0,0.0,0.0,0.0
45,63832.43,1,1,0.6811858778031284,45.0,63832.43,45,1.0,0.0,1.0
32,155584.21,1,1,1.01250354021739,32.0,155584.21,32,0.0,0.0,0.0
40,0.0,1,0,0.0,40.0,0.0,0,0.0,1.0,1.0
26,0.0,2,1,0.0,13.0,0.0,26,0.0,1.0,0.0
47,0.0,2,1,0.0,23.5,0.0,47,0.0,1.0,1.0
35,116969.35,1,0,1.2379173536086068,35.0,116969.35,0,0.0,1.0,1.0
43,78992.75,2,0,0.5153987552695388,21.5,39496.375,0,1.0,0.0,1.0
38,123711.73,2,0,0.7220219389814492,19.0,61855.865,0,0.0,0.0,0.0
41,150148.51,1,0,21.646866399376034,41.0,150148.51,0,0.0,1.0,1.0
35,86893.28,1,0,1.4634702050465163,35.0,86893.28,0,0.0,0.0,1.0
36,188241.05,2,0,1.0283108389771116,18.0,94120.525,0,0.0,1.0,1.0
29,0.0,2,0,0.0,14.5,0.0,0,0.0,1.0,0.0
53,106261.63,1,0,1.134914192788909,53.0,106261.63,0,1.0,0.0,1.0
44,165326.2,1,1,2.890037767314535,44.0,165326.2,44,0.0,0.0,1.0
43,166522.78,1,0,1.3918120326209484,43.0,166522.78,0,1.0,0.0,1.0
28,0.0,2,0,0.0,14.0,0.0,0,0.0,0.0,0.0
28,0.0,2,0,0.0,14.0,0.0,0,0.0,0.0,0.0
39,50880.98,2,1,0.27649169231284215,19.5,25440.49,39,1.0,0.0,1.0
33,154575.76,1,0,6.009411296354756,33.0,154575.76,0,0.0,0.0,1.0
37,127103.97,1,1,3.0615334551806463,37.0,127103.97,37,0.0,0.0,0.0
33,0.0,2,0,0.0,16.5,0.0,0,0.0,0.0,0.0
65,0.0,2,1,0.0,32.5,0.0,65,0.0,0.0,0.0
32,123403.85,2,0,1.5402341157703197,16.0,61701.925,0,1.0,0.0,0.0
38,126444.08,2,1,1.5296383267283817,19.0,63222.04,38,1.0,0.0,1.0
33,145729.71,1,0,3.5229473104021793,33.0,145729.71,0,0.0,1.0,1.0
39,167395.6,2,1,1.1996465751160819,19.5,83697.8,39,1.0,0.0,0.0
22,186788.96,2,0,2.548739472865509,11.0,93394.48,0,0.0,0.0,0.0
37,155619.58,1,1,1.151981758931806,37.0,155619.58,37,0.0,1.0,0.0
50,121438.58,1,1,0.6881473060451931,50.0,121438.58,50,1.0,0.0,1.0
22,0.0,2,0,0.0,11.0,0.0,0,0.0,1.0,1.0
72,0.0,2,1,0.0,36.0,0.0,72,0.0,1.0,0.0
34,94682.56,2,0,0.6837362126313021,17.0,47341.28,0,1.0,0.0,1.0
33,138705.02,2,0,3.735040385177246,16.5,69352.51,0,0.0,0.0,1.0
42,0.0,2,1,0.0,21.0,0.0,42,0.0,1.0,1.0
36,135515.76,1,0,1.575508905763669,36.0,135515.76,0,0.0,1.0,0.0
31,0.0,1,0,0.0,31.0,0.0,0,0.0,1.0,1.0
29,87212.8,1,1,87.66338982369379,29.0,87212.8,29,1.0,0.0,0.0
27,0.0,2,0,0.0,13.5,0.0,0,0.0,0.0,0.0
39,82255.51,2,0,0.7508794514355488,19.5,41127.755,0,0.0,0.0,1.0
41,0.0,2,1,0.0,20.5,0.0,41,0.0,0.0,1.0
40,109003.26,1,1,1.3697222035130188,40.0,109003.26,40,1.0,0.0,0.0
33,0.0,2,0,0.0,16.5,0.0,0,0.0,1.0,0.0
35,152390.26,1,0,1.189399834503635,35.0,152390.26,0,0.0,1.0,1.0
38,0.0,1,1,0.0,38.0,0.0,38,0.0,0.0,0.0
35,80285.16,1,0,1.1046579639853464,35.0,80285.16,0,0.0,1.0,1.0
71,53013.29,2,1,0.47239389485045086,35.5,26506.645,71,1.0,0.0,1.0
38,0.0,2,0,0.0,19.0,0.0,0,0.0,0.0,1.0
38,189443.72,1,1,1.7763360749857147,38.0,189443.72,38,0.0,0.0,1.0
54,128914.97,1,0,0.6723207543637233,54.0,128914.97,0,0.0,0.0,1.0
25,82931.85,2,1,0.6460180996321059,12.5,41465.925,25,0.0,1.0,0.0
37,153195.59,1,1,0.9412187081081874,37.0,153195.59,37,0.0,0.0,1.0
37,118433.94,1,1,0.7399304889576406,37.0,118433.94,37,0.0,1.0,1.0
30,191091.74,2,1,1.987012425239455,15.0,95545.87,30,0.0,0.0,0.0
42,91611.12,1,0,0.6332188009978207,42.0,91611.12,0,0.0,1.0,0.0
55,117294.12,4,0,1.2453261564409788,13.75,29323.53,0,0.0,1.0,0.0
36,95448.32,2,0,0.5047903570599201,18.0,47724.16,0,1.0,0.0,1.0
64,113109.52,1,0,4.042397644098811,64.0,113109.52,0,0.0,0.0,1.0
37,0.0,2,0,0.0,18.5,0.0,0,0.0,0.0,1.0
32,0.0,2,0,0.0,16.0,0.0,0,0.0,1.0,0.0
38,128015.83,1,0,2.1905353879155234,38.0,128015.83,0,1.0,0.0,1.0
41,138014.4,2,0,0.9837215349244581,20.5,69007.2,0,1.0,0.0,1.0
32,0.0,2,0,0.0,16.0,0.0,0,0.0,0.0,1.0
28,145118.83,1,1,1.8666630736028402,28.0,145118.83,28,0.0,1.0,1.0
43,106870.12,2,0,1.0627036195821642,21.5,53435.06,0,1.0,0.0,0.0
33,73059.38,1,1,0.3921998486158009,33.0,73059.38,33,0.0,0.0,1.0
39,122501.28,2,1,1.289381292904372,19.5,61250.64,39,1.0,0.0,0.0
42,132002.7,1,1,4.680120319177678,42.0,132002.7,42,1.0,0.0,0.0
47,116528.15,1,0,0.7997584009080315,47.0,116528.15,0,0.0,1.0,1.0
32,125540.05,1,0,1.4465404203261778,32.0,125540.05,0,0.0,0.0,1.0
35,86147.46,2,0,0.5270866270845469,17.5,43073.73,0,1.0,0.0,0.0
43,184926.61,1,0,1.504231863375858,43.0,184926.61,0,0.0,1.0,1.0
46,167795.6,1,1,3.7799991800025143,46.0,167795.6,46,0.0,0.0,0.0
21,151701.45,3,1,0.891634106953222,7.0,50567.15,21,1.0,0.0,0.0
57,0.0,2,1,0.0,28.5,0.0,57,0.0,0.0,0.0
56,116251.24,1,1,2.739843713911046,56.0,116251.24,56,1.0,0.0,0.0
34,0.0,2,1,0.0,17.0,0.0,34,0.0,0.0,1.0
63,162278.32,1,1,4.667820498180228,63.0,162278.32,63,0.0,1.0,0.0
48,139480.18,1,1,0.8526638712026842,48.0,139480.18,48,1.0,0.0,0.0
43,0.0,2,0,0.0,21.5,0.0,0,0.0,0.0,0.0
39,0.0,3,0,0.0,13.0,0.0,0,0.0,0.0,0.0
24,0.0,2,0,0.0,12.0,0.0,0,0.0,0.0,0.0
32,105397.8,1,0,1.3493191301088288,32.0,105397.8,0,1.0,0.0,1.0
31,117852.26,2,0,0.7980859036827317,15.5,58926.13,0,0.0,0.0,0.0
29,88814.4,2,1,1.4213039725886438,14.5,44407.2,29,0.0,0.0,0.0
27,0.0,3,0,0.0,9.0,0.0,0,0.0,1.0,1.0
40,141267.67,1,1,0.796334096948046,40.0,141267.67,40,0.0,0.0,0.0
43,0.0,1,0,0.0,43.0,0.0,0,0.0,0.0,0.0
26,89928.99,1,0,1.9463754869510432,26.0,89928.99,0,0.0,0.0,0.0
32,0.0,3,1,0.0,10.666666666666666,0.0,32,0.0,1.0,1.0
41,130931.83,1,1,0.9041730806030066,41.0,130931.83,41,0.0,0.0,0.0
53,123835.52,2,1,0.7734371198917749,26.5,61917.76,53,0.0,0.0,0.0
27,62092.9,1,1,0.586406986161857,27.0,62092.9,27,0.0,0.0,1.0
56,168883.08,1,1,8.936662401615427,56.0,168883.08,56,0.0,1.0,1.0
27,137275.36,1,1,1.1861367995136396,27.0,137275.36,27,0.0,1.0,1.0
45,113939.36,2,0,35.39907602735257,22.5,56969.68,0,1.0,0.0,1.0
57,0.0,2,1,0.0,28.5,0.0,57,0.0,1.0,0.0
27,0.0,2,0,0.0,13.5,0.0,0,0.0,0.0,1.0
41,70349.48,2,1,0.3950574716000153,20.5,35174.74,41,1.0,0.0,1.0
37,0.0,2,1,0.0,18.5,0.0,37,0.0,1.0,1.0
26,91547.84,2,1,3.251295754499537,13.0,45773.92,26,0.0,0.0,0.0
57,0.0,2,1,0.0,28.5,0.0,57,0.0,0.0,1.0
39,115730.71,3,1,0.6235513014216538,13.0,38576.903333333335,39,1.0,0.0,1.0
41,135203.81,2,1,1.1085198004589405,20.5,67601.905,41,0.0,0.0,0.0
41,107525.07,1,0,5.808897263755909,41.0,107525.07,0,0.0,1.0,1.0
34,0.0,2,0,0.0,17.0,0.0,0,0.0,1.0,0.0
46,183276.32,1,1,13.616095368072111,46.0,183276.32,46,0.0,1.0,1.0
41,181461.48,3,1,0.9655830914827976,13.666666666666666,60487.16,41,1.0,0.0,0.0
51,0.0,2,1,0.0,25.5,0.0,51,0.0,0.0,0.0
31,132862.59,1,0,0.8406125634267018,31.0,132862.59,0,0.0,1.0,1.0
32,111589.33,1,1,0.6549323380227099,32.0,111589.33,32,0.0,0.0,1.0
45,0.0,2,0,0.0,22.5,0.0,0,0.0,0.0,1.0
67,0.0,2,1,0.0,33.5,0.0,67,0.0,0.0,0.0
34,105057.33,1,0,11.397075479066862,34.0,105057.33,0,0.0,0.0,1.0
34,0.0,1,0,0.0,34.0,0.0,0,0.0,0.0,1.0
35,0.0,2,1,0.0,17.5,0.0,35,0.0,0.0,0.0
39,131468.44,1,0,0.7968952056125558,39.0,131468.44,0,0.0,1.0,1.0
33,0.0,2,0,0.0,16.5,0.0,0,0.0,0.0,1.0
39,79896.0,1,0,2.0770340029308705,39.0,79896.0,0,1.0,0.0,1.0
25,81732.88,2,0,0.5987876095406444,12.5,40866.44,0,1.0,0.0,0.0
40,140306.38,1,0,0.8735375060212514,40.0,140306.38,0,1.0,0.0,0.0
34,117593.48,2,0,1.0378188568550457,17.0,58796.74,0,0.0,0.0,1.0
38,104339.56,1,0,0.8703459360245492,38.0,104339.56,0,0.0,0.0,0.0
58,132602.88,1,0,26.01244882465911,58.0,132602.88,0,1.0,0.0,1.0
36,116085.06,1,0,1.980919295562016,36.0,116085.06,0,0.0,0.0,0.0
29,159035.45,1,0,58.78640525485065,29.0,159035.45,0,0.0,1.0,1.0
58,53772.73,1,1,0.27996117083116184,58.0,53772.73,58,0.0,0.0,0.0
37,152958.29,2,1,0.958471694283714,18.5,76479.145,37,1.0,0.0,1.0
44,0.0,1,1,0.0,44.0,0.0,44,0.0,1.0,0.0
39,0.0,2,1,0.0,19.5,0.0,39,0.0,1.0,1.0
45,0.0,2,0,0.0,22.5,0.0,0,0.0,0.0,0.0
50,127552.85,2,0,30.18923767665221,25.0,63776.425,0,1.0,0.0,1.0
54,125889.3,3,0,1.3111624927744536,18.0,41963.1,0,1.0,0.0,0.0
34,132352.69,1,0,1.647811200904379,34.0,132352.69,0,0.0,0.0,0.0
35,181821.96,2,1,4.924265653982933,17.5,90910.98,35,0.0,0.0,1.0
21,133974.36,2,0,2.6638191485321636,10.5,66987.18,0,1.0,0.0,1.0
34,61687.33,2,0,0.582146788687801,17.0,30843.665,0,0.0,0.0,1.0
39,0.0,2,0,0.0,19.5,0.0,0,0.0,0.0,1.0
35,0.0,2,0,0.0,17.5,0.0,0,0.0,0.0,0.0
53,45472.28,1,1,1.107575048635135,53.0,45472.28,53,0.0,0.0,0.0
36,115725.24,2,0,61.84381563126253,18.0,57862.62,0,1.0,0.0,1.0
49,150777.72,2,1,1.1106419567806571,24.5,75388.86,49,0.0,1.0,1.0
33,127837.54,1,1,2.130158096964383,33.0,127837.54,33,0.0,0.0,0.0
53,117438.17,1,0,1.5679579646135853,53.0,117438.17,0,1.0,0.0,1.0
32,0.0,1,1,0.0,32.0,0.0,32,0.0,1.0,0.0
42,147249.29,2,1,2.3364365909472444,21.0,73624.645,42,0.0,0.0,1.0
40,139290.41,1,0,0.7617516068159205,40.0,139290.41,0,0.0,0.0,1.0
23,110741.56,1,0,1.370928650569149,23.0,110741.56,0,1.0,0.0,0.0
42,120822.86,2,0,0.9577467847833318,21.0,60411.43,0,1.0,0.0,1.0
34,0.0,1,1,0.0,34.0,0.0,34,0.0,1.0,1.0
41,84622.13,1,1,0.42722879378909184,41.0,84622.13,41,1.0,0.0,1.0
22,115743.6,1,0,2.639411384416464,22.0,115743.6,0,1.0,0.0,0.0
36,119540.15,1,1,1.4830549951683532,36.0,119540.15,36,0.0,0.0,0.0
35,155470.55,1,1,2.8941833208360355,35.0,155470.55,35,0.0,0.0,0.0
40,221532.8,1,0,1.2889775051743475,40.0,221532.8,0,0.0,1.0,1.0
36,66392.64,1,0,2.134353821865214,36.0,66392.64,0,0.0,0.0,0.0
51,58137.08,1,1,0.4078698561811207,51.0,58137.08,51,0.0,0.0,1.0
24,0.0,2,0,0.0,12.0,0.0,0,0.0,1.0,1.0
47,118560.0,1,0,1.436697166994597,47.0,118560.0,0,0.0,1.0,0.0
48,169023.33,2,1,0.9622320816839356,24.0,84511.665,48,1.0,0.0,1.0
37,0.0,1,1,0.0,37.0,0.0,37,0.0,0.0,1.0
35,133489.12,2,1,1.7091794514533627,17.5,66744.56,35,0.0,0.0,0.0
45,0.0,1,0,0.0,45.0,0.0,0,0.0,0.0,1.0
40,0.0,2,0,0.0,20.0,0.0,0,0.0,0.0,1.0
39,97854.37,2,0,1.0461637493347506,19.5,48927.185,0,0.0,1.0,0.0
36,0.0,1,1,0.0,36.0,0.0,36,0.0,0.0,1.0
40,143566.12,1,1,0.7571744840966647,40.0,143566.12,40,0.0,0.0,0.0
47,0.0,1,0,0.0,47.0,0.0,0,0.0,0.0,1.0
40,0.0,2,0,0.0,20.0,0.0,0,0.0,0.0,0.0
48,0.0,1,0,0.0,48.0,0.0,0,0.0,0.0,0.0
40,94773.11,1,0,0.8293088628305849,40.0,94773.11,0,0.0,0.0,1.0
29,0.0,2,0,0.0,14.5,0.0,0,0.0,0.0,1.0
37,0.0,2,1,0.0,18.5,0.0,37,0.0,1.0,1.0
47,136911.07,1,1,0.8140522599509992,47.0,136911.07,47,1.0,0.0,1.0
52,0.0,2,1,0.0,26.0,0.0,52,0.0,1.0,1.0
43,0.0,2,1,0.0,21.5,0.0,43,0.0,0.0,1.0
26,90402.77,1,1,27.40599032937717,26.0,90402.77,26,1.0,0.0,1.0
37,98431.37,1,0,1.3003090948769882,37.0,98431.37,0,0.0,0.0,1.0
43,125338.8,2,0,5.228957873820459,21.5,62669.4,0,1.0,0.0,0.0
33,167298.42,1,1,1.1507533447309204,33.0,167298.42,33,0.0,0.0,0.0
36,0.0,2,0,0.0,18.0,0.0,0,0.0,0.0,1.0
57,0.0,2,1,0.0,28.5,0.0,57,0.0,0.0,0.0
31,0.0,2,1,0.0,15.5,0.0,31,0.0,0.0,1.0
42,99824.45,1,1,2.718427129684598,42.0,99824.45,42,0.0,0.0,1.0
42,150507.21,1,1,0.8855234269444633,42.0,150507.21,42,0.0,0.0,1.0
40,126212.64,1,0,1.7979887051461345,40.0,126212.64,0,0.0,0.0,1.0
36,0.0,2,0,0.0,18.0,0.0,0,0.0,1.0,1.0
72,121215.9,2,1,1.152171425182175,36.0,60607.95,72,0.0,0.0,0.0
37,0.0,1,0,0.0,37.0,0.0,0,0.0,1.0,0.0
24,109558.36,1,0,0.5969990594236018,24.0,109558.36,0,0.0,0.0,1.0
39,75339.64,1,1,1.066149712248582,39.0,75339.64,39,0.0,0.0,0.0
46,137933.39,1,1,2.029131360996885,46.0,137933.39,46,0.0,1.0,0.0
37,98400.61,2,0,3.9333056991007815,18.5,49200.305,0,0.0,0.0,1.0
29,0.0,2,0,0.0,14.5,0.0,0,0.0,0.0,0.0
31,134237.07,1,1,0.8065984728373358,31.0,134237.07,31,1.0,0.0,1.0
44,108122.39,2,0,0.9966269183054066,22.0,54061.195,0,1.0,0.0,1.0
41,102768.42,1,0,1.846232698600618,41.0,102768.42,0,0.0,0.0,1.0
41,157777.58,1,0,2.337979035216923,41.0,157777.58,0,1.0,0.0,1.0
26,120923.52,1,1,1.533500468013458,26.0,120923.52,26,0.0,0.0,0.0
36,147733.64,1,1,0.8564200471903471,36.0,147733.64,36,0.0,0.0,1.0
38,178787.54,1,1,0.9132971799780069,38.0,178787.54,38,1.0,0.0,1.0
63,129968.67,1,1,10.985870455507909,63.0,129968.67,63,0.0,1.0,0.0
37,0.0,1,0,0.0,37.0,0.0,0,0.0,1.0,1.0
36,154872.08,2,1,4.8330104504216616,18.0,77436.04,36,0.0,0.0,1.0
33,0.0,2,1,0.0,16.5,0.0,33,0.0,1.0,0.0
36,114391.62,1,1,2.141662238867502,36.0,114391.62,36,1.0,0.0,0.0
39,0.0,2,1,0.0,19.5,0.0,39,0.0,0.0,0.0
37,140211.88,1,1,1.4942811289030125,37.0,140211.88,37,0.0,0.0,0.0
33,0.0,2,0,0.0,16.5,0.0,0,0.0,1.0,1.0
30,0.0,2,1,0.0,15.0,0.0,30,0.0,0.0,1.0
46,0.0,2,1,0.0,23.0,0.0,46,0.0,0.0,1.0
32,99883.16,1,1,0.8282539428507933,32.0,99883.16,32,0.0,1.0,1.0
45,0.0,1,0,0.0,45.0,0.0,0,0.0,0.0,0.0
28,108116.66,1,1,3.9442526938815865,28.0,108116.66,28,0.0,0.0,1.0
42,88324.31,2,0,1.1737644811375605,21.0,44162.155,0,1.0,0.0,0.0
27,87739.08,1,1,0.7127663031363346,27.0,87739.08,27,0.0,0.0,0.0
33,135310.41,2,1,0.7882089402696597,16.5,67655.205,33,1.0,0.0,1.0
30,44928.88,1,1,4.17110401004135,30.0,44928.88,30,0.0,0.0,1.0
38,0.0,1,0,0.0,38.0,0.0,0,0.0,0.0,1.0
44,123863.64,1,0,0.8572178375242759,44.0,123863.64,0,0.0,0.0,1.0
34,127095.14,2,0,265.03553405346787,17.0,63547.57,0,0.0,1.0,0.0
40,137430.82,2,0,0.7774617651246752,20.0,68715.41,0,1.0,0.0,1.0
51,122822.0,2,0,3.764519384874921,25.5,61411.0,0,0.0,0.0,0.0
20,83459.86,1,1,0.5687110156155932,20.0,83459.86,20,0.0,0.0,1.0
39,151553.19,1,1,3.371873184638821,39.0,151553.19,39,0.0,0.0,0.0
53,0.0,1,1,0.0,53.0,0.0,53,0.0,0.0,0.0
29,151352.74,1,0,0.7677194792140987,29.0,151352.74,0,0.0,0.0,1.0
63,116270.72,1,1,0.6310718031732506,63.0,116270.72,63,0.0,0.0,0.0
40,148790.61,1,1,1.8755977899828185,40.0,148790.61,40,0.0,0.0,1.0
27,125547.53,1,0,15.891167096599439,27.0,125547.53,0,0.0,0.0,1.0
66,121411.9,1,0,12.056313552589767,66.0,121411.9,0,1.0,0.0,1.0
27,117578.35,2,1,1.3375157735910528,13.5,58789.175,27,1.0,0.0,1.0
34,129433.34,2,0,3.394370101361673,17.0,64716.67,0,0.0,0.0,1.0
65,102541.1,1,0,0.5649945600434447,65.0,102541.1,0,0.0,1.0,0.0
38,82697.28,1,0,1.104889235553165,38.0,82697.28,0,0.0,0.0,1.0
31,75499.24,1,0,3.4032980318371595,31.0,75499.24,0,0.0,0.0,0.0
42,132193.94,2,1,0.8116754239939798,21.0,66096.97,42,1.0,0.0,1.0
39,127771.35,2,1,0.8420494226450314,19.5,63885.675,39,0.0,0.0,1.0
36,92140.15,1,1,1.3656731339153416,36.0,92140.15,36,0.0,1.0,1.0
65,136186.44,1,1,1.1206031387088529,65.0,136186.44,65,1.0,0.0,1.0
64,69311.16,1,1,1.1700511093269625,64.0,69311.16,64,0.0,0.0,0.0
41,100520.92,1,1,5.178074260281876,41.0,100520.92,41,1.0,0.0,1.0
37,0.0,2,0,0.0,18.5,0.0,0,0.0,1.0,1.0
29,129177.01,2,1,1.2347494919372852,14.5,64588.505,29,1.0,0.0,0.0
39,138160.0,1,1,1.2506731556350312,39.0,138160.0,39,0.0,1.0,1.0
43,136487.86,2,0,1.6480870286670692,21.5,68243.93,0,0.0,1.0,1.0
24,101195.23,1,0,0.7603443259860972,24.0,101195.23,0,1.0,0.0,1.0
21,76467.16,1,1,0.4407031409751457,21.0,76467.16,21,0.0,0.0,1.0
29,0.0,2,0,0.0,14.5,0.0,0,0.0,0.0,1.0
36,0.0,2,0,0.0,18.0,0.0,0,0.0,1.0,1.0
45,143734.01,2,1,1.4909489589580889,22.5,71867.005,45,1.0,0.0,0.0
56,111642.08,1,1,1.3859306821633772,56.0,111642.08,56,1.0,0.0,0.0
50,0.0,2,0,0.0,25.0,0.0,0,0.0,0.0,1.0
25,104833.79,1,0,1.457820815365596,25.0,104833.79,0,0.0,1.0,0.0
34,116114.93,1,1,2.3461282243749766,34.0,116114.93,34,0.0,1.0,1.0
46,124547.13,2,0,1.3179721576066472,23.0,62273.565,0,0.0,0.0,1.0
40,0.0,2,1,0.0,20.0,0.0,40,0.0,1.0,1.0
34,147833.3,2,1,94.66905313848794,17.0,73916.65,34,1.0,0.0,1.0
43,143061.88,1,0,2.3097743535429207,43.0,143061.88,0,0.0,0.0,0.0
60,78539.84,1,1,1.6192819890282804,60.0,78539.84,60,1.0,0.0,0.0
30,143964.36,2,0,3.4375452334157672,15.0,71982.18,0,1.0,0.0,0.0
37,105563.0,1,0,0.5780317068430909,37.0,105563.0,0,0.0,0.0,1.0
37,115217.99,2,0,0.794632420230362,18.5,57608.995,0,1.0,0.0,1.0
66,0.0,2,1,0.0,33.0,0.0,66,0.0,0.0,1.0
26,0.0,2,1,0.0,13.0,0.0,26,0.0,0.0,1.0
33,0.0,1,0,0.0,33.0,0.0,0,0.0,1.0,1.0
34,0.0,2,0,0.0,17.0,0.0,0,0.0,1.0,1.0
30,0.0,2,1,0.0,15.0,0.0,30,0.0,0.0,1.0
51,123981.31,2,1,3.057782551487626,25.5,61990.655,51,0.0,0.0,0.0
37,134006.39,1,1,1.429604459043732,37.0,134006.39,37,0.0,1.0,1.0
35,126803.34,2,1,0.7869463438368457,17.5,63401.67,35,1.0,0.0,1.0
28,0.0,2,1,0.0,14.0,0.0,28,0.0,1.0,0.0
38,85626.6,1,1,0.684576587798255,38.0,85626.6,38,1.0,0.0,0.0
48,167997.6,1,1,0.9682945294323955,48.0,167997.6,48,0.0,1.0,1.0
39,0.0,1,1,0.0,39.0,0.0,39,0.0,1.0,1.0
38,83727.68,1,0,1.843486256146225,38.0,83727.68,0,1.0,0.0,0.0
43,147167.25,1,0,1.0387318637606098,43.0,147167.25,0,0.0,1.0,1.0
41,138306.34,1,0,1.2954705475673949,41.0,138306.34,0,1.0,0.0,0.0
38,0.0,2,0,0.0,19.0,0.0,0,0.0,0.0,0.0
32,0.0,2,0,0.0,16.0,0.0,0,0.0,0.0,1.0
36,148159.71,1,0,2.653496170726736,36.0,148159.71,0,0.0,0.0,1.0
42,64404.26,2,0,2.474957507713556,21.0,32202.13,0,1.0,0.0,0.0
31,0.0,2,1,0.0,15.5,0.0,31,0.0,0.0,1.0
32,106957.28,1,1,0.7934868327244785,32.0,106957.28,32,0.0,1.0,1.0
34,118028.35,1,0,2.3040567817481326,34.0,118028.35,0,1.0,0.0,1.0
46,0.0,2,0,0.0,23.0,0.0,0,0.0,0.0,0.0
42,0.0,2,0,0.0,21.0,0.0,0,0.0,0.0,1.0
47,86006.21,1,1,2.264922854660651,47.0,86006.21,47,0.0,1.0,1.0
30,142910.15,1,0,1.3496024904960828,30.0,142910.15,0,1.0,0.0,1.0
22,0.0,1,1,0.0,22.0,0.0,22,0.0,1.0,0.0
42,80380.24,1,0,0.6742377688450069,42.0,80380.24,0,1.0,0.0,0.0
48,128140.17,1,0,0.7290900809684926,48.0,128140.17,0,1.0,0.0,1.0
39,127278.31,1,1,7.880843994615593,39.0,127278.31,39,1.0,0.0,1.0
57,0.0,1,0,0.0,57.0,0.0,0,0.0,1.0,1.0
62,0.0,2,0,0.0,31.0,0.0,0,0.0,0.0,1.0
28,0.0,2,1,0.0,14.0,0.0,28,0.0,0.0,0.0
36,131307.11,1,0,1.5754887620220501,36.0,131307.11,0,0.0,0.0,1.0
39,0.0,2,0,0.0,19.5,0.0,0,0.0,1.0,0.0
60,140614.15,1,1,0.8063605813538532,60.0,140614.15,60,0.0,0.0,1.0
30,85859.76,1,0,0.6015525648483675,30.0,85859.76,0,0.0,0.0,0.0
36,0.0,2,1,0.0,18.0,0.0,36,0.0,1.0,1.0
46,0.0,2,0,0.0,23.0,0.0,0,0.0,1.0,0.0
41,0.0,2,1,0.0,20.5,0.0,41,0.0,0.0,1.0
31,123212.08,2,1,1.0985648639397647,15.5,61606.04,31,1.0,0.0,1.0
32,79368.87,2,1,0.5455957348200622,16.0,39684.435,32,0.0,0.0,0.0
39,0.0,1,0,0.0,39.0,0.0,0,0.0,1.0,0.0
34,42157.08,1,0,2.0466002770092517,34.0,42157.08,0,0.0,0.0,0.0
22,0.0,1,1,0.0,22.0,0.0,22,0.0,1.0,1.0
31,135020.21,2,1,5.784139521693273,15.5,67510.105,31,1.0,0.0,0.0
39,0.0,2,0,0.0,19.5,0.0,0,0.0,1.0,1.0
29,130575.26,1,1,0.7520326294256665,29.0,130575.26,29,1.0,0.0,1.0
27,77805.66,1,1,37.01699898662633,27.0,77805.66,27,0.0,0.0,1.0
36,126195.81,1,1,0.9476117738439652,36.0,126195.81,36,0.0,0.0,1.0
39,0.0,1,0,0.0,39.0,0.0,0,0.0,0.0,1.0
36,0.0,2,1,0.0,18.0,0.0,36,0.0,1.0,0.0
33,149564.61,1,0,0.997670461913323,33.0,149564.61,0,1.0,0.0,1.0
30,0.0,2,0,0.0,15.0,0.0,0,0.0,0.0,0.0
35,166518.63,2,0,1.1256547840113524,17.5,83259.315,0,1.0,0.0,0.0
39,120193.42,1,0,1.2003623255347122,39.0,120193.42,0,0.0,1.0,1.0
24,182705.05,1,1,1.0632459028337657,24.0,182705.05,24,0.0,0.0,1.0
26,51962.91,2,0,1.1418602842097214,13.0,25981.455,0,0.0,0.0,1.0
37,113308.84,1,1,3.5951475323284203,37.0,113308.84,37,0.0,0.0,1.0
38,0.0,2,1,0.0,19.0,0.0,38,0.0,0.0,1.0
40,122295.17,2,1,3.968967806927242,20.0,61147.585,40,1.0,0.0,0.0
69,0.0,2,0,0.0,34.5,0.0,0,0.0,0.0,1.0
49,80816.45,1,1,4.0370297105869035,49.0,80816.45,49,0.0,1.0,0.0
70,0.0,1,1,0.0,70.0,0.0,70,0.0,0.0,0.0
34,106434.94,1,1,0.7712919377319547,34.0,106434.94,34,1.0,0.0,0.0
54,108755.0,1,0,2.658115789288445,54.0,108755.0,0,1.0,0.0,0.0
40,156111.08,1,0,0.81781021266114,40.0,156111.08,0,0.0,1.0,1.0
29,131959.86,1,0,0.6972086948715955,29.0,131959.86,0,0.0,0.0,1.0
33,0.0,2,0,0.0,16.5,0.0,0,0.0,1.0,1.0
39,0.0,1,0,0.0,39.0,0.0,0,0.0,0.0,0.0
45,109032.23,1,1,0.7015905503998173,45.0,109032.23,45,1.0,0.0,0.0
38,105271.56,1,1,0.5853836424758575,38.0,105271.56,38,0.0,0.0,1.0
40,93183.19,1,0,1.2612351045558967,40.0,93183.19,0,0.0,0.0,1.0
41,0.0,2,1,0.0,20.5,0.0,41,0.0,0.0,1.0
23,0.0,2,0,0.0,11.5,0.0,0,0.0,0.0,1.0
44,118569.03,2,0,1.4439000599143663,22.0,59284.515,0,0.0,0.0,1.0
21,165878.76,2,1,1.008153719916296,10.5,82939.38,21,1.0,0.0,0.0
47,140187.1,2,1,0.8042341489048617,23.5,70093.55,47,1.0,0.0,1.0
40,162485.8,2,0,1.0877250247889092,20.0,81242.9,0,1.0,0.0,0.0
30,143396.54,2,1,159.59370513405528,15.0,71698.27,30,0.0,0.0,1.0
24,101827.07,1,0,0.6088083950175883,24.0,101827.07,0,0.0,0.0,1.0
49,124829.16,1,1,1.3343382715120335,49.0,124829.16,49,1.0,0.0,0.0
47,142669.93,2,0,0.8765611237485943,23.5,71334.965,0,0.0,0.0,1.0
24,0.0,2,1,0.0,12.0,0.0,24,0.0,1.0,1.0
31,122647.32,1,0,1.9888689015674057,31.0,122647.32,0,0.0,0.0,1.0
28,103033.83,1,1,2.5552840183255388,28.0,103033.83,28,1.0,0.0,1.0
37,0.0,2,1,0.0,18.5,0.0,37,0.0,0.0,1.0
42,161651.37,2,1,1.226918399498702,21.0,80825.685,42,0.0,0.0,1.0
38,113599.42,1,0,9.505996925597621,38.0,113599.42,0,1.0,0.0,1.0
35,95478.17,1,0,0.5640026501780352,35.0,95478.17,0,0.0,0.0,1.0
31,0.0,2,1,0.0,15.5,0.0,31,0.0,0.0,1.0
71,0.0,2,1,0.0,35.5,0.0,71,0.0,0.0,0.0
41,127913.71,2,1,2.8935858181986815,20.5,63956.855,41,1.0,0.0,1.0
58,0.0,2,1,0.0,29.0,0.0,58,0.0,1.0,1.0
47,94722.88,1,1,1.5414385715048229,47.0,94722.88,47,0.0,0.0,0.0
29,0.0,2,0,0.0,14.5,0.0,0,0.0,0.0,1.0
29,93833.86,1,1,9.00701007019669,29.0,93833.86,29,0.0,1.0,1.0
32,57017.06,2,1,9.652276663207559,16.0,28508.53,32,1.0,0.0,1.0
33,174912.72,1,1,3.9813932907134437,33.0,174912.72,33,0.0,0.0,1.0
37,105617.73,2,1,0.7899616469191955,18.5,52808.865,37,1.0,0.0,0.0
43,112751.13,1,1,3.9796389241846675,43.0,112751.13,43,0.0,0.0,1.0
35,166492.48,1,0,1.2306546032922128,35.0,166492.48,0,0.0,1.0,0.0
42,0.0,2,0,0.0,21.0,0.0,0,0.0,0.0,1.0
35,74623.5,3,0,0.5764600723561736,11.666666666666666,24874.5,0,0.0,0.0,1.0
29,103417.74,1,1,6.743286560079289,29.0,103417.74,29,0.0,0.0,0.0
46,0.0,2,0,0.0,23.0,0.0,0,0.0,0.0,1.0
55,119618.42,1,1,4.005823624223195,55.0,119618.42,55,0.0,1.0,1.0
38,86569.76,2,0,0.8825462012738998,19.0,43284.88,0,1.0,0.0,0.0
29,132954.64,1,1,0.906209839248279,29.0,132954.64,29,0.0,0.0,1.0
27,0.0,2,0,0.0,13.5,0.0,0,0.0,0.0,1.0
54,0.0,2,1,0.0,27.0,0.0,54,0.0,0.0,1.0
38,72286.84,2,1,2.765701657695311,19.0,36143.42,38,0.0,0.0,1.0
31,117052.82,1,0,0.9877200788570638,31.0,117052.82,0,1.0,0.0,0.0
43,79974.55,1,1,0.7756361682901857,43.0,79974.55,43,1.0,0.0,0.0
36,0.0,2,0,0.0,18.0,0.0,0,0.0,0.0,0.0
36,0.0,2,0,0.0,18.0,0.0,0,0.0,1.0,0.0
22,111543.26,2,0,1.04905027234163,11.0,55771.63,0,1.0,0.0,0.0
31,118899.45,2,0,2.8713182237059445,15.5,59449.725,0,0.0,1.0,1.0
45,150842.93,1,1,65.0196253383679,45.0,150842.93,45,1.0,0.0,0.0
34,91835.16,1,0,0.6641238581063358,34.0,91835.16,0,0.0,0.0,1.0
39,141789.15,1,0,1.5335858283230197,39.0,141789.15,0,0.0,1.0,0.0
22,141604.76,1,0,4.661179212366194,22.0,141604.76,0,0.0,1.0,0.0
56,110993.79,1,0,0.8258672984681759,56.0,110993.79,0,1.0,0.0,1.0
30,72392.41,1,0,0.9392202409170864,30.0,72392.41,0,1.0,0.0,0.0
38,0.0,2,0,0.0,19.0,0.0,0,0.0,0.0,1.0
44,112610.77,1,1,54.970964828781334,44.0,112610.77,44,0.0,0.0,1.0
29,0.0,1,0,0.0,29.0,0.0,0,0.0,0.0,1.0
39,0.0,2,0,0.0,19.5,0.0,0,0.0,0.0,1.0
57,119035.35,2,1,3.9848750275761846,28.5,59517.675,57,0.0,1.0,0.0
27,94667.29,2,1,21.175901237439938,13.5,47333.645,27,1.0,0.0,1.0
36,166939.88,1,1,2.3024678655580684,36.0,166939.88,36,0.0,0.0,0.0
35,105346.03,2,1,0.8079953520300354,17.5,52673.015,35,1.0,0.0,1.0
29,118560.55,1,1,0.7223251915347001,29.0,118560.55,29,0.0,0.0,0.0
45,81828.22,1,0,1.568552887911874,45.0,81828.22,0,0.0,0.0,0.0
35,0.0,2,1,0.0,17.5,0.0,35,0.0,0.0,1.0
47,89047.14,1,0,0.7657581184361866,47.0,89047.14,0,0.0,1.0,1.0
38,0.0,1,1,0.0,38.0,0.0,38,0.0,0.0,1.0
24,0.0,2,0,0.0,12.0,0.0,0,0.0,1.0,1.0
40,114005.78,1,1,1.676593804711725,40.0,114005.78,40,0.0,0.0,1.0
23,146584.19,2,0,1.1685061596322874,11.5,73292.095,0,0.0,1.0,0.0
20,124365.42,1,0,0.6901608199969655,20.0,124365.42,0,1.0,0.0,1.0
32,0.0,2,0,0.0,16.0,0.0,0,0.0,0.0,0.0
54,0.0,1,0,0.0,54.0,0.0,0,0.0,0.0,1.0
37,108432.88,2,1,7.294484714144924,18.5,54216.44,37,1.0,0.0,1.0
33,104552.72,1,1,0.8651171419226019,33.0,104552.72,33,1.0,0.0,0.0
32,0.0,2,0,0.0,16.0,0.0,0,0.0,0.0,0.0
41,109941.51,1,0,0.9455928615514184,41.0,109941.51,0,0.0,0.0,0.0
54,131039.97,2,1,0.656310655784916,27.0,65519.985,54,1.0,0.0,0.0
39,80293.81,1,0,0.8261295388668868,39.0,80293.81,0,0.0,0.0,0.0
24,107418.27,1,1,0.6694803951954941,24.0,107418.27,24,1.0,0.0,1.0
55,0.0,1,0,0.0,55.0,0.0,0,0.0,1.0,0.0
51,0.0,2,0,0.0,25.5,0.0,0,0.0,1.0,0.0
38,0.0,2,1,0.0,19.0,0.0,38,0.0,1.0,0.0
23,187861.18,2,1,1.8042726975954804,11.5,93930.59,23,1.0,0.0,1.0
40,0.0,1,0,0.0,40.0,0.0,0,0.0,1.0,1.0
35,0.0,2,0,0.0,17.5,0.0,0,0.0,0.0,0.0
42,139070.51,1,1,1.5995228017712348,42.0,139070.51,42,0.0,1.0,1.0
38,0.0,1,0,0.0,38.0,0.0,0,0.0,0.0,1.0
38,198338.77,2,1,13.891040034514202,19.0,99169.385,38,0.0,0.0,1.0
51,136294.97,1,0,3.5066600698887966,51.0,136294.97,0,0.0,0.0,0.0
32,110559.46,1,1,0.8676123499131599,32.0,110559.46,32,0.0,0.0,0.0
36,0.0,2,1,0.0,18.0,0.0,36,0.0,0.0,1.0
32,100433.8,1,1,2.525455390799624,32.0,100433.8,32,0.0,1.0,1.0
43,0.0,1,1,0.0,43.0,0.0,43,0.0,0.0,0.0
66,132044.6,2,1,0.8337944490445511,33.0,66022.3,66,0.0,1.0,1.0
28,69459.05,2,1,0.5407002374022556,14.0,34729.525,28,1.0,0.0,1.0
22,93547.23,2,1,97.28592822155433,11.0,46773.615,22,1.0,0.0,1.0
32,197436.82,1,1,3.7456687162189084,32.0,197436.82,32,0.0,1.0,1.0
38,0.0,2,1,0.0,19.0,0.0,38,0.0,1.0,0.0
25,0.0,2,0,0.0,12.5,0.0,0,0.0,1.0,1.0
40,138033.55,1,1,2.030727890490927,40.0,138033.55,40,0.0,0.0,1.0
32,99462.8,2,1,1.9457848319132596,16.0,49731.4,32,1.0,0.0,1.0
37,0.0,2,1,0.0,18.5,0.0,37,0.0,0.0,0.0
32,68138.37,1,1,0.400086278374056,32.0,68138.37,32,0.0,1.0,0.0
39,62052.28,1,1,1.0384425507161392,39.0,62052.28,39,0.0,1.0,0.0
46,142360.62,2,0,2.9400351910518903,23.0,71180.31,0,1.0,0.0,1.0
42,159660.8,3,0,1.4013745268322026,14.0,53220.26666666666,0,0.0,0.0,0.0
52,0.0,2,1,0.0,26.0,0.0,52,0.0,1.0,0.0
29,86616.35,1,0,0.9424665329762938,29.0,86616.35,0,0.0,0.0,0.0
28,124511.01,1,0,1.089733881635433,28.0,124511.01,0,1.0,0.0,0.0
32,80262.66,1,0,0.4118826621825322,32.0,80262.66,0,1.0,0.0,1.0
43,122717.53,2,1,1.4105399987287413,21.5,61358.765,43,1.0,0.0,0.0
48,118207.69,2,0,0.6338583040277841,24.0,59103.845,0,0.0,1.0,0.0
40,0.0,2,1,0.0,20.0,0.0,40,0.0,1.0,1.0
40,0.0,2,1,0.0,20.0,0.0,40,0.0,0.0,0.0
35,124268.64,2,1,1.4737561910711954,17.5,62134.32,35,0.0,1.0,1.0
57,162082.31,4,0,5.970821561991517,14.25,40520.5775,0,1.0,0.0,0.0
29,179539.2,1,0,1.602885170451715,29.0,179539.2,0,0.0,0.0,1.0
55,0.0,1,1,0.0,55.0,0.0,55,0.0,1.0,1.0
44,118715.86,1,0,0.8886508990006896,44.0,118715.86,0,1.0,0.0,0.0
35,144037.6,1,0,0.9911390527129065,35.0,144037.6,0,1.0,0.0,1.0
32,96408.98,1,1,0.6976461195493423,32.0,96408.98,32,1.0,0.0,0.0
45,152367.21,3,0,1.0101567797068072,15.0,50789.07,0,1.0,0.0,0.0
41,0.0,2,0,0.0,20.5,0.0,0,0.0,1.0,1.0
46,131414.76,1,0,2.3916417686624927,46.0,131414.76,0,0.0,1.0,0.0
53,111061.01,2,0,4.184322909543568,26.5,55530.505,0,0.0,1.0,1.0
23,184244.86,1,0,1.7870635684731657,23.0,184244.86,0,1.0,0.0,1.0
41,82596.8,1,1,1.483630307394603,41.0,82596.8,41,0.0,0.0,0.0
42,103210.27,1,0,3.3291455430499233,42.0,103210.27,0,0.0,1.0,0.0
30,143340.44,1,0,0.9831542583775509,30.0,143340.44,0,1.0,0.0,0.0
29,115046.74,4,0,0.9639693974404694,7.25,28761.685,0,1.0,0.0,0.0
55,136354.16,1,1,1.454135863868455,55.0,136354.16,55,0.0,0.0,0.0
37,153147.75,1,1,1.0059936821486213,37.0,153147.75,37,0.0,0.0,0.0
29,133434.57,2,0,1.3618073625502432,14.5,66717.285,0,0.0,1.0,1.0
39,0.0,2,0,0.0,19.5,0.0,0,0.0,0.0,1.0
39,0.0,2,0,0.0,19.5,0.0,0,0.0,0.0,1.0
35,0.0,1,1,0.0,35.0,0.0,35,0.0,0.0,0.0
41,153238.88,1,0,13.138789120207424,41.0,153238.88,0,0.0,0.0,1.0
37,122689.51,2,0,1.1468717776527464,18.5,61344.755,0,0.0,0.0,1.0
38,103895.31,1,1,0.6507715279176676,38.0,103895.31,38,0.0,1.0,0.0
34,101861.36,2,0,0.5446783189695461,17.0,50930.68,0,1.0,0.0,0.0
33,0.0,2,1,0.0,16.5,0.0,33,0.0,0.0,0.0
35,97585.32,2,0,1.7056357018086306,17.5,48792.66,0,0.0,1.0,1.0
47,137138.2,2,1,2.549785048477044,23.5,68569.1,47,1.0,0.0,0.0
46,66582.81,1,0,0.8454625035808105,46.0,66582.81,0,0.0,1.0,0.0
50,201009.64,1,0,1.2719512758451585,50.0,201009.64,0,0.0,0.0,1.0
43,172196.23,1,1,1.6435649111634671,43.0,172196.23,43,0.0,1.0,1.0
38,65942.26,1,1,0.9684113971388932,38.0,65942.26,38,0.0,0.0,1.0
32,127785.17,4,0,0.6927350869841221,8.0,31946.2925,0,0.0,0.0,1.0
64,81564.1,2,1,2.2722279780332624,32.0,40782.05,64,0.0,0.0,1.0
31,125837.86,2,0,0.6644283891466544,15.5,62918.93,0,1.0,0.0,0.0
48,122388.38,2,0,4.076882514342895,24.0,61194.19,0,1.0,0.0,0.0
56,156974.26,1,0,1.7557609026583,56.0,156974.26,0,0.0,0.0,0.0
33,81677.22,2,0,2.3386087438540715,16.5,40838.61,0,1.0,0.0,1.0
30,0.0,2,0,0.0,15.0,0.0,0,0.0,1.0,0.0
31,166833.86,2,1,1.2342375173483187,15.5,83416.93,31,0.0,1.0,1.0
30,0.0,2,1,0.0,15.0,0.0,30,0.0,0.0,1.0
34,171671.9,1,1,3.3808475638059727,34.0,171671.9,34,0.0,1.0,0.0
32,0.0,1,0,0.0,32.0,0.0,0,0.0,1.0,0.0
32,127772.1,2,1,0.8370622839573626,16.0,63886.05,32,1.0,0.0,0.0
49,88826.07,1,1,2.6311499519689474,49.0,88826.07,49,1.0,0.0,0.0
30,0.0,2,0,0.0,15.0,0.0,0,0.0,0.0,1.0
38,142316.14,1,1,17.748496287954467,38.0,142316.14,38,1.0,0.0,1.0
36,126598.99,2,1,0.9419011958595004,18.0,63299.495,36,0.0,0.0,0.0
56,104217.3,1,0,1.8657716030153884,56.0,104217.3,0,1.0,0.0,1.0
73,108555.07,1,1,0.6462798079290156,73.0,108555.07,73,0.0,1.0,1.0
30,115479.48,2,1,0.8570987699449111,15.0,57739.74,30,1.0,0.0,1.0
37,0.0,2,0,0.0,18.5,0.0,0,0.0,0.0,1.0
66,0.0,2,1,0.0,33.0,0.0,66,0.0,0.0,0.0
38,59360.77,1,1,0.31004743309021876,38.0,59360.77,38,0.0,0.0,1.0
37,88141.1,1,0,0.8037735484289862,37.0,88141.1,0,0.0,1.0,1.0
38,124483.53,1,0,0.9859823081074073,38.0,124483.53,0,0.0,1.0,1.0
37,0.0,2,0,0.0,18.5,0.0,0,0.0,0.0,0.0
37,170557.91,2,0,0.8603048288630157,18.5,85278.955,0,0.0,0.0,1.0
30,89571.59,1,1,0.5043070844006574,30.0,89571.59,30,0.0,0.0,0.0
42,165679.92,1,0,5.033371622379072,42.0,165679.92,0,0.0,0.0,0.0
37,116465.53,1,1,4.766190302167683,37.0,116465.53,37,0.0,0.0,0.0
49,111634.29,2,1,0.6707166268365742,24.5,55817.145,49,0.0,0.0,1.0
40,0.0,1,1,0.0,40.0,0.0,40,0.0,0.0,0.0
41,81877.38,1,1,2.4337693629520776,41.0,81877.38,41,1.0,0.0,0.0
40,124401.6,1,0,0.6257177554283838,40.0,124401.6,0,1.0,0.0,0.0
32,97041.16,1,1,4.194972231984725,32.0,97041.16,32,0.0,0.0,1.0
33,137811.75,1,1,0.7455050769273462,33.0,137811.75,33,0.0,0.0,0.0
43,95140.44,2,0,0.7723601867294294,21.5,47570.22,0,0.0,1.0,0.0
32,0.0,2,1,0.0,16.0,0.0,32,0.0,0.0,0.0
35,153137.74,1,0,1.7272653548023906,35.0,153137.74,0,0.0,1.0,1.0
18,93816.7,2,0,0.743561314778678,9.0,46908.35,0,1.0,0.0,0.0
59,122661.39,1,1,1.4464145221862805,59.0,122661.39,59,0.0,1.0,0.0
37,103195.2,2,0,0.5788755783695997,18.5,51597.6,0,0.0,1.0,1.0
30,136650.89,1,1,3.264028183439817,30.0,136650.89,30,1.0,0.0,0.0
42,126041.02,1,1,10.684258308757649,42.0,126041.02,42,1.0,0.0,1.0
46,113909.69,3,0,1.2338521823515223,15.333333333333334,37969.89666666667,0,1.0,0.0,0.0
31,186796.37,1,0,1.0479305130028096,31.0,186796.37,0,0.0,0.0,0.0
41,150219.41,2,0,1.3929966729114682,20.5,75109.705,0,0.0,0.0,0.0
38,0.0,2,0,0.0,19.0,0.0,0,0.0,0.0,1.0
25,0.0,2,1,0.0,12.5,0.0,25,0.0,0.0,1.0
42,115930.87,1,0,5.836588332549623,42.0,115930.87,0,1.0,0.0,1.0
40,111524.49,1,1,0.9264844421346033,40.0,111524.49,40,1.0,0.0,0.0
25,136202.78,1,0,0.7706239397418326,25.0,136202.78,0,1.0,0.0,1.0
29,0.0,2,1,0.0,14.5,0.0,29,0.0,0.0,0.0
28,0.0,2,0,0.0,14.0,0.0,0,0.0,0.0,0.0
23,186101.18,2,1,2.429160021109149,11.5,93050.59,23,1.0,0.0,1.0
29,138577.34,1,0,0.7166694102113337,29.0,138577.34,0,1.0,0.0,0.0
37,0.0,2,0,0.0,18.5,0.0,0,0.0,0.0,0.0
54,0.0,1,1,0.0,54.0,0.0,54,0.0,1.0,1.0
35,0.0,2,1,0.0,17.5,0.0,35,0.0,1.0,0.0
66,0.0,2,1,0.0,33.0,0.0,66,0.0,1.0,1.0
38,80293.98,1,0,0.6344554581246176,38.0,80293.98,0,0.0,0.0,1.0
38,0.0,1,1,0.0,38.0,0.0,38,0.0,1.0,1.0
43,0.0,1,1,0.0,43.0,0.0,43,0.0,1.0,0.0
30,133844.22,1,1,4.261614236093754,30.0,133844.22,30,0.0,0.0,1.0
41,144260.5,1,0,0.8381650442696139,41.0,144260.5,0,0.0,0.0,0.0
31,0.0,2,0,0.0,15.5,0.0,0,0.0,1.0,0.0
32,144581.96,1,1,1.6503000245407176,32.0,144581.96,32,0.0,0.0,0.0
35,117707.18,2,0,1.2354187756455772,17.5,58853.59,0,0.0,0.0,0.0
32,0.0,2,0,0.0,16.0,0.0,0,0.0,0.0,1.0
21,82844.33,2,1,58.80990004827214,10.5,41422.165,21,0.0,0.0,0.0
36,114435.47,1,0,4.245313054149546,36.0,114435.47,0,0.0,0.0,1.0
36,85311.7,1,1,0.5443160872600863,36.0,85311.7,36,0.0,0.0,1.0
30,0.0,2,0,0.0,15.0,0.0,0,0.0,0.0,0.0
34,168094.01,1,0,8.380142492425946,34.0,168094.01,0,0.0,1.0,1.0
26,146286.22,1,0,1.3918056502356921,26.0,146286.22,0,0.0,0.0,0.0
55,131778.66,1,1,13.214019557509348,55.0,131778.66,55,1.0,0.0,0.0
34,63095.01,1,1,1.5523127722144054,34.0,63095.01,34,0.0,0.0,0.0
81,0.0,2,1,0.0,40.5,0.0,81,0.0,0.0,1.0
38,98205.77,1,0,0.5569801132917196,38.0,98205.77,0,1.0,0.0,1.0
33,141918.09,2,1,0.7711411221917047,16.5,70959.045,33,1.0,0.0,1.0
45,0.0,1,0,0.0,45.0,0.0,0,0.0,1.0,0.0
40,99282.63,1,0,0.73760725593744,40.0,99282.63,0,1.0,0.0,1.0
32,132187.73,2,1,0.7412478096953896,16.0,66093.865,32,0.0,1.0,1.0
30,0.0,1,0,0.0,30.0,0.0,0,0.0,0.0,0.0
36,112518.71,2,1,1.0189945219813097,18.0,56259.355,36,0.0,0.0,0.0
30,158584.82,3,0,1.1141069202427525,10.0,52861.60666666667,0,0.0,0.0,0.0
45,0.0,1,0,0.0,45.0,0.0,0,0.0,1.0,0.0
48,0.0,2,1,0.0,24.0,0.0,48,0.0,0.0,0.0
39,141829.67,1,1,1.529191199049124,39.0,141829.67,39,0.0,1.0,1.0
31,106596.29,1,0,1.1674649915333937,31.0,106596.29,0,0.0,0.0,0.0
36,0.0,1,0,0.0,36.0,0.0,0,0.0,1.0,1.0
28,0.0,1,1,0.0,28.0,0.0,28,0.0,0.0,0.0
33,0.0,2,0,0.0,16.5,0.0,0,0.0,0.0,0.0
35,0.0,2,0,0.0,17.5,0.0,0,0.0,1.0,1.0
37,127480.58,2,0,0.7096657110049289,18.5,63740.29,0,1.0,0.0,0.0
51,0.0,1,0,0.0,51.0,0.0,0,0.0,0.0,1.0
47,71026.77,1,0,1.2253936646181551,47.0,71026.77,0,0.0,0.0,1.0
49,0.0,3,1,0.0,16.333333333333332,0.0,49,0.0,0.0,0.0
28,0.0,2,0,0.0,14.0,0.0,0,0.0,0.0,1.0
34,105588.66,1,1,1.4136085953420074,34.0,105588.66,34,0.0,0.0,0.0
39,0.0,1,1,0.0,39.0,0.0,39,0.0,0.0,0.0
28,0.0,2,0,0.0,14.0,0.0,0,0.0,0.0,0.0
42,106920.91,1,1,0.8928894967626768,42.0,106920.91,42,0.0,1.0,1.0
33,131647.01,2,0,1.6502249634253456,16.5,65823.505,0,1.0,0.0,0.0
60,124447.73,1,1,0.8803315143492056,60.0,124447.73,60,0.0,1.0,1.0
58,92930.92,1,1,1.0913946154014185,58.0,92930.92,58,0.0,1.0,1.0
41,57745.76,1,0,14.309585524326843,41.0,57745.76,0,1.0,0.0,0.0
34,144318.97,1,0,1.280921762565185,34.0,144318.97,0,0.0,0.0,1.0
36,0.0,1,1,0.0,36.0,0.0,36,0.0,0.0,0.0
43,102365.49,1,0,0.5257850179543694,43.0,102365.49,0,1.0,0.0,0.0
31,67238.98,2,1,0.41553963837985775,15.5,33619.49,31,1.0,0.0,0.0
36,0.0,2,1,0.0,18.0,0.0,36,0.0,1.0,1.0
48,129250.0,2,1,0.8183624709418006,24.0,64625.0,48,1.0,0.0,1.0
28,0.0,1,0,0.0,28.0,0.0,0,0.0,1.0,0.0
52,144772.69,1,0,1.472725382459482,52.0,144772.69,0,0.0,1.0,0.0
48,115713.84,2,0,1.390610165694758,24.0,57856.92,0,0.0,0.0,0.0
37,185063.7,2,1,1.3756634641094379,18.5,92531.85,37,0.0,0.0,1.0
29,0.0,2,0,0.0,14.5,0.0,0,0.0,0.0,0.0
29,0.0,2,0,0.0,14.5,0.0,0,0.0,1.0,0.0
51,132508.3,1,1,0.8214783352845063,51.0,132508.3,51,1.0,0.0,0.0
48,0.0,2,1,0.0,24.0,0.0,48,0.0,1.0,0.0
32,122889.88,1,1,4.641526081179385,32.0,122889.88,32,0.0,0.0,1.0
29,0.0,2,1,0.0,14.5,0.0,29,0.0,0.0,1.0
33,0.0,2,1,0.0,16.5,0.0,33,0.0,0.0,0.0
53,0.0,1,0,0.0,53.0,0.0,0,0.0,0.0,0.0
20,119714.25,2,1,0.7973753421745094,10.0,59857.125,20,1.0,0.0,1.0
29,77919.78,1,0,0.6358328740559381,29.0,77919.78,0,0.0,1.0,0.0
36,68806.84,1,0,2.0803126447457374,36.0,68806.84,0,1.0,0.0,0.0
33,0.0,2,0,0.0,16.5,0.0,0,0.0,0.0,0.0
79,61811.23,1,1,0.5930682154000853,79.0,61811.23,79,0.0,0.0,1.0
33,0.0,2,0,0.0,16.5,0.0,0,0.0,0.0,0.0
43,76408.85,2,0,0.9816440968205224,21.5,38204.425,0,0.0,0.0,1.0
40,130334.35,2,1,1.1144345799227198,20.0,65167.175,40,0.0,1.0,0.0
46,107362.8,1,0,220.32177303509133,46.0,107362.8,0,1.0,0.0,0.0
43,81844.91,2,1,2.279265387599468,21.5,40922.455,43,1.0,0.0,1.0
37,105489.31,1,0,0.7371900596583466,37.0,105489.31,0,1.0,0.0,0.0
34,147487.23,2,0,2.211840535134792,17.0,73743.615,0,1.0,0.0,1.0
32,158537.42,1,0,0.9501760767134328,32.0,158537.42,0,0.0,1.0,1.0
23,0.0,1,0,0.0,23.0,0.0,0,0.0,0.0,1.0
35,95772.97,1,1,0.8491904257347171,35.0,95772.97,35,0.0,1.0,1.0
46,161806.09,1,1,0.9350132465818548,46.0,161806.09,46,1.0,0.0,0.0
42,100047.33,1,0,1.0708271812197268,42.0,100047.33,0,1.0,0.0,1.0
38,137657.71,2,0,1.886093847814658,19.0,68828.855,0,1.0,0.0,0.0
31,121237.65,1,1,3.9080478851519667,31.0,121237.65,31,0.0,1.0,0.0
46,0.0,3,1,0.0,15.333333333333334,0.0,46,0.0,1.0,0.0
42,147531.82,1,1,3.80046136666027,42.0,147531.82,42,0.0,0.0,0.0
40,133871.05,1,1,2.6473460894850143,40.0,133871.05,40,0.0,0.0,0.0
21,125712.2,1,0,0.718058070466476,21.0,125712.2,0,0.0,0.0,0.0
32,104857.19,2,0,0.9185928490457276,16.0,52428.595,0,1.0,0.0,0.0
46,0.0,2,1,0.0,23.0,0.0,46,0.0,0.0,1.0
29,0.0,2,0,0.0,14.5,0.0,0,0.0,0.0,1.0
39,154439.86,1,0,0.9004238945805789,39.0,154439.86,0,1.0,0.0,1.0
41,0.0,2,0,0.0,20.5,0.0,0,0.0,0.0,0.0
35,112668.7,1,1,0.9191120656651843,35.0,112668.7,35,0.0,0.0,0.0
33,150412.14,2,0,0.8808183781975696,16.5,75206.07,0,1.0,0.0,0.0
56,0.0,2,1,0.0,28.0,0.0,56,0.0,1.0,1.0
35,0.0,1,1,0.0,35.0,0.0,35,0.0,0.0,0.0
53,134729.99,2,1,1.0152773901107015,26.5,67364.995,53,1.0,0.0,1.0
28,124923.35,2,1,2.4836080696409524,14.0,62461.675,28,1.0,0.0,0.0
43,141859.12,2,1,1.275142512846336,21.5,70929.56,43,1.0,0.0,1.0
28,0.0,2,1,0.0,14.0,0.0,28,0.0,0.0,0.0
28,0.0,2,0,0.0,14.0,0.0,0,0.0,0.0,0.0
44,0.0,2,1,0.0,22.0,0.0,44,0.0,0.0,1.0
25,153611.83,2,0,4.348942645657832,12.5,76805.915,0,1.0,0.0,1.0
31,130240.33,1,0,1.3489899949816953,31.0,130240.33,0,1.0,0.0,1.0
36,143644.16,1,0,6.499074076168716,36.0,143644.16,0,1.0,0.0,0.0
26,0.0,2,1,0.0,13.0,0.0,26,0.0,0.0,0.0
41,115465.28,1,0,1.1191261406646023,41.0,115465.28,0,0.0,0.0,0.0
46,98752.51,1,0,0.6784298721946177,46.0,98752.51,0,0.0,0.0,0.0
30,132351.29,2,1,1.7844525073976194,15.0,66175.645,30,1.0,0.0,0.0
48,129120.64,1,1,4.876932473025356,48.0,129120.64,48,0.0,1.0,0.0
29,103607.24,2,1,1.2000656978473532,14.5,51803.62,29,1.0,0.0,1.0
41,0.0,2,1,0.0,20.5,0.0,41,0.0,0.0,0.0
39,107042.74,1,1,1.0465227278504403,39.0,107042.74,39,0.0,1.0,1.0
27,0.0,2,0,0.0,13.5,0.0,0,0.0,0.0,0.0
49,82321.88,1,1,7.386838232654966,49.0,82321.88,49,0.0,1.0,0.0
48,126111.61,1,1,0.9414040738216792,48.0,126111.61,48,1.0,0.0,1.0
56,139603.22,1,1,1.6160845790075224,56.0,139603.22,56,1.0,0.0,0.0
30,0.0,2,1,0.0,15.0,0.0,30,0.0,0.0,1.0
57,0.0,3,0,0.0,19.0,0.0,0,0.0,1.0,0.0
57,0.0,3,0,0.0,19.0,0.0,0,0.0,1.0,0.0
38,125877.65,2,1,1.1672439167124202,19.0,62938.825,38,0.0,0.0,0.0
31,155271.83,1,1,0.8652829361606822,31.0,155271.83,31,0.0,0.0,1.0
47,0.0,2,1,0.0,23.5,0.0,47,0.0,0.0,1.0
26,114035.39,1,0,1.1770157028127828,26.0,114035.39,0,1.0,0.0,0.0
30,114835.43,1,1,3.0490663256731034,30.0,114835.43,30,0.0,0.0,1.0
67,0.0,2,1,0.0,33.5,0.0,67,0.0,1.0,1.0
37,0.0,1,1,0.0,37.0,0.0,37,0.0,0.0,1.0
35,40169.88,2,1,0.20099263740304527,17.5,20084.94,35,0.0,1.0,0.0
51,117808.74,2,1,1.7502121491961509,25.5,58904.37,51,1.0,0.0,1.0
36,148795.17,2,1,0.7603949439658123,18.0,74397.585,36,0.0,0.0,1.0
33,113913.53,1,1,1.7440237918443273,33.0,113913.53,33,0.0,0.0,0.0
27,125406.58,1,1,1.1319875123234837,27.0,125406.58,27,0.0,0.0,0.0
27,166527.88,2,1,1.1405417659479602,13.5,83263.94,27,1.0,0.0,1.0
36,0.0,2,1,0.0,18.0,0.0,36,0.0,0.0,1.0
59,166968.28,1,0,1.0469296685756593,59.0,166968.28,0,0.0,0.0,0.0
54,99774.5,1,0,20.378320748512596,54.0,99774.5,0,1.0,0.0,1.0
41,0.0,2,1,0.0,20.5,0.0,41,0.0,0.0,1.0
31,0.0,2,1,0.0,15.5,0.0,31,0.0,1.0,0.0
50,0.0,3,1,0.0,16.666666666666668,0.0,50,0.0,0.0,1.0
28,149594.02,2,0,1.4619471510387616,14.0,74797.01,0,0.0,1.0,1.0
44,0.0,2,0,0.0,22.0,0.0,0,0.0,0.0,0.0
47,0.0,2,1,0.0,23.5,0.0,47,0.0,0.0,1.0
43,134022.06,1,0,0.6881224911088928,43.0,134022.06,0,0.0,0.0,0.0
40,0.0,2,0,0.0,20.0,0.0,0,0.0,1.0,1.0
34,0.0,1,1,0.0,34.0,0.0,34,0.0,1.0,1.0
67,123276.69,2,1,1.4250342280957526,33.5,61638.345,67,1.0,0.0,1.0
58,0.0,2,0,0.0,29.0,0.0,0,0.0,1.0,0.0
54,126113.28,1,0,1.1182497766839414,54.0,126113.28,0,0.0,0.0,1.0
19,0.0,1,1,0.0,19.0,0.0,19,0.0,0.0,1.0
29,133702.89,1,0,2.405483628491969,29.0,133702.89,0,0.0,1.0,1.0
47,142643.54,1,0,0.7534907641302293,47.0,142643.54,0,0.0,1.0,1.0
40,0.0,2,0,0.0,20.0,0.0,0,0.0,0.0,0.0
36,0.0,2,0,0.0,18.0,0.0,0,0.0,1.0,1.0
33,127305.5,1,1,1.0605489824168075,33.0,127305.5,33,0.0,0.0,0.0
60,96956.1,1,0,3.038667470658881,60.0,96956.1,0,0.0,0.0,0.0
44,0.0,2,0,0.0,22.0,0.0,0,0.0,1.0,1.0
45,0.0,2,1,0.0,22.5,0.0,45,0.0,0.0,0.0
26,72835.56,2,0,0.7524944946465184,13.0,36417.78,0,1.0,0.0,0.0
59,0.0,1,1,0.0,59.0,0.0,59,0.0,1.0,0.0
34,164757.56,1,0,1.4876679565517954,34.0,164757.56,0,0.0,0.0,0.0
40,103499.09,2,0,2.7127244143936586,20.0,51749.545,0,1.0,0.0,0.0
57,175575.95,2,0,1.772388939222253,28.5,87787.975,0,0.0,1.0,0.0
46,106344.95,1,0,0.9298217481601376,46.0,106344.95,0,1.0,0.0,1.0
43,0.0,2,1,0.0,21.5,0.0,43,0.0,1.0,1.0
71,0.0,2,1,0.0,35.5,0.0,71,0.0,0.0,0.0
38,0.0,2,0,0.0,19.0,0.0,0,0.0,1.0,1.0
31,0.0,2,1,0.0,15.5,0.0,31,0.0,0.0,1.0
34,0.0,2,0,0.0,17.0,0.0,0,0.0,1.0,0.0
36,128960.21,2,1,3.1985503863875313,18.0,64480.105,36,1.0,0.0,1.0
38,69434.4,2,1,1.042869697010204,19.0,34717.2,38,0.0,1.0,1.0
53,0.0,2,1,0.0,26.5,0.0,53,0.0,0.0,0.0
46,91897.8,1,0,1.6894754374908538,46.0,91897.8,0,0.0,1.0,1.0
35,92474.05,1,0,0.5176962690832306,35.0,92474.05,0,0.0,0.0,1.0
70,0.0,2,0,0.0,35.0,0.0,0,0.0,1.0,1.0
46,0.0,1,0,0.0,46.0,0.0,0,0.0,0.0,0.0
42,192390.52,2,0,233.66512825495528,21.0,96195.26,0,1.0,0.0,0.0
47,0.0,2,1,0.0,23.5,0.0,47,0.0,1.0,0.0
34,131283.11,1,0,1.0059958322046672,34.0,131283.11,0,0.0,0.0,0.0
38,111484.88,1,1,1.4654370223539033,38.0,111484.88,38,0.0,1.0,1.0
27,0.0,3,1,0.0,9.0,0.0,27,0.0,1.0,1.0
40,0.0,2,1,0.0,20.0,0.0,40,0.0,1.0,1.0
31,0.0,2,0,0.0,15.5,0.0,0,0.0,0.0,1.0
29,0.0,2,0,0.0,14.5,0.0,0,0.0,1.0,1.0
18,132694.73,1,0,0.7913118145220251,18.0,132694.73,0,1.0,0.0,1.0
59,129321.44,1,1,1.3812770261646117,59.0,129321.44,59,0.0,1.0,1.0
62,148214.36,1,0,3.0514902470891148,62.0,148214.36,0,1.0,0.0,0.0
35,0.0,2,0,0.0,17.5,0.0,0,0.0,1.0,1.0
44,116822.7,1,0,0.591078652626824,44.0,116822.7,0,1.0,0.0,1.0
65,134714.7,2,1,0.7074615818595765,32.5,67357.35,65,0.0,1.0,1.0
28,0.0,1,0,0.0,28.0,0.0,0,0.0,0.0,0.0
48,0.0,1,0,0.0,48.0,0.0,0,0.0,0.0,0.0
45,133618.01,1,0,0.9879710040018524,45.0,133618.01,0,0.0,1.0,1.0
60,76705.87,2,1,5.522488198114722,30.0,38352.935,60,0.0,0.0,1.0
34,136729.51,2,0,2.9055399684773393,17.0,68364.755,0,1.0,0.0,0.0
31,0.0,2,1,0.0,15.5,0.0,31,0.0,0.0,0.0
31,134644.19,1,1,1.9130625111801411,31.0,134644.19,31,1.0,0.0,1.0
38,112281.7,1,1,1.2490511004120426,38.0,112281.7,38,1.0,0.0,1.0
34,0.0,2,0,0.0,17.0,0.0,0,0.0,1.0,0.0
43,128284.45,1,0,3.887773969001321,43.0,128284.45,0,0.0,0.0,1.0
51,122874.74,1,1,0.8210892929395527,51.0,122874.74,51,0.0,1.0,1.0
24,0.0,2,1,0.0,12.0,0.0,24,0.0,0.0,0.0
43,145860.98,1,1,1.0216965105439058,43.0,145860.98,43,0.0,0.0,0.0
52,79468.96,1,1,0.939282460127251,52.0,79468.96,52,0.0,0.0,0.0
31,0.0,2,0,0.0,15.5,0.0,0,0.0,0.0,1.0
56,94231.13,1,0,0.7777117243815438,56.0,94231.13,0,0.0,1.0,1.0
37,0.0,2,0,0.0,18.5,0.0,0,0.0,0.0,1.0
31,105864.6,2,0,0.7272551658909203,15.5,52932.3,0,1.0,0.0,0.0
40,101514.89,1,1,0.8336951504948056,40.0,101514.89,40,0.0,0.0,1.0
41,0.0,2,0,0.0,20.5,0.0,0,0.0,0.0,1.0
25,160599.06,2,1,5.656585487497675,12.5,80299.53,25,0.0,1.0,1.0
44,96418.09,1,0,0.7326074838985762,44.0,96418.09,0,0.0,0.0,0.0
20,80569.73,1,0,1.1741096657368382,20.0,80569.73,0,0.0,0.0,1.0
35,138782.76,1,1,0.7456670850192402,35.0,138782.76,35,1.0,0.0,1.0
39,94968.97,1,0,1.1240578205422287,39.0,94968.97,0,0.0,0.0,0.0
42,77002.2,2,1,0.9574003816064023,21.0,38501.1,42,0.0,0.0,1.0
72,0.0,2,1,0.0,36.0,0.0,72,0.0,0.0,1.0
65,92113.61,1,1,0.6461921370808063,65.0,92113.61,65,0.0,0.0,1.0
40,0.0,2,1,0.0,20.0,0.0,40,0.0,0.0,1.0
30,135370.12,1,1,0.7533576475583793,30.0,135370.12,30,0.0,1.0,1.0
45,122793.96,1,1,1.9804825776700252,45.0,122793.96,45,1.0,0.0,0.0
36,169831.46,2,1,6.1182094331221295,18.0,84915.73,36,1.0,0.0,0.0
37,0.0,3,0,0.0,12.333333333333334,0.0,0,0.0,0.0,0.0
44,0.0,2,1,0.0,22.0,0.0,44,0.0,0.0,1.0
18,0.0,2,1,0.0,9.0,0.0,18,0.0,0.0,1.0
40,0.0,2,0,0.0,20.0,0.0,0,0.0,0.0,1.0
23,115563.71,1,1,1.261150912771777,23.0,115563.71,23,1.0,0.0,1.0
28,141038.57,2,0,8.659377382979953,14.0,70519.285,0,0.0,1.0,1.0
39,0.0,2,1,0.0,19.5,0.0,39,0.0,1.0,1.0
36,72373.62,2,0,1.961557882035419,18.0,36186.81,0,1.0,0.0,1.0
58,151933.63,1,0,0.9323366677906642,58.0,151933.63,0,0.0,0.0,1.0
51,148074.79,1,0,1.0113609998018598,51.0,148074.79,0,1.0,0.0,0.0
40,117304.29,1,0,0.5976426229855645,40.0,117304.29,0,1.0,0.0,0.0
30,141581.08,1,0,0.9061243632441692,30.0,141581.08,0,0.0,0.0,0.0
25,0.0,2,1,0.0,12.5,0.0,25,0.0,1.0,1.0
35,136857.0,1,0,1.619426060267494,35.0,136857.0,0,1.0,0.0,1.0
41,0.0,2,0,0.0,20.5,0.0,0,0.0,0.0,0.0
38,138515.02,1,1,0.8064040282994416,38.0,138515.02,38,1.0,0.0,1.0
36,0.0,2,0,0.0,18.0,0.0,0,0.0,1.0,1.0
36,0.0,2,0,0.0,18.0,0.0,0,0.0,0.0,0.0
32,125445.04,2,1,0.9611558169886966,16.0,62722.52,32,1.0,0.0,0.0
34,87967.42,2,1,0.562777110440874,17.0,43983.71,34,1.0,0.0,1.0
59,121669.93,2,0,1326.1027792915531,29.5,60834.965,0,1.0,0.0,0.0
38,146282.79,2,0,0.73688086916836,19.0,73141.395,0,0.0,1.0,1.0
33,0.0,2,1,0.0,16.5,0.0,33,0.0,1.0,1.0
62,137727.34,2,1,1.1372753253638022,31.0,68863.67,62,1.0,0.0,0.0
39,0.0,1,1,0.0,39.0,0.0,39,0.0,1.0,1.0
38,81550.94,2,1,0.6854473431635968,19.0,40775.47,38,0.0,0.0,0.0
34,101266.51,1,0,3.0227022402854993,34.0,101266.51,0,0.0,0.0,0.0
33,129731.64,2,0,0.7283226402122658,16.5,64865.82,0,0.0,0.0,0.0
49,129164.88,1,1,0.6683244792481603,49.0,129164.88,49,1.0,0.0,1.0
35,0.0,1,1,0.0,35.0,0.0,35,0.0,0.0,1.0
24,95675.62,2,0,0.5880503774745742,12.0,47837.81,0,1.0,0.0,0.0
40,0.0,2,1,0.0,20.0,0.0,40,0.0,1.0,0.0
38,87202.38,1,1,1.119890079110626,38.0,87202.38,38,0.0,1.0,1.0
20,125023.1,2,1,1.154399133160267,10.0,62511.55,20,0.0,0.0,1.0
41,120549.29,2,0,0.6860215416016326,20.5,60274.645,0,0.0,0.0,0.0
31,84102.11,2,1,0.7226183491996064,15.5,42051.055,31,0.0,0.0,0.0
25,0.0,2,0,0.0,12.5,0.0,0,0.0,0.0,1.0
32,175406.13,2,1,1.015126241352124,16.0,87703.065,32,0.0,1.0,0.0
40,0.0,2,1,0.0,20.0,0.0,40,0.0,0.0,0.0
39,92636.96,2,1,0.7371370183277343,19.5,46318.48,39,0.0,1.0,0.0
35,141665.63,1,1,0.7348692766924457,35.0,141665.63,35,1.0,0.0,0.0
33,130862.43,1,1,1.138575637526568,33.0,130862.43,33,1.0,0.0,0.0
52,133723.43,1,0,27.517430482818508,52.0,133723.43,0,1.0,0.0,0.0
34,68999.66,2,1,1.0317047419925487,17.0,34499.83,34,0.0,0.0,0.0
35,95853.39,2,0,0.49682120827516774,17.5,47926.695,0,1.0,0.0,1.0
41,152243.57,1,1,1.7147715022562167,41.0,152243.57,41,0.0,0.0,0.0
31,138008.06,2,0,1.0623135190590236,15.5,69004.03,0,1.0,0.0,1.0
38,128289.7,3,0,14.020793533523644,12.666666666666666,42763.23333333333,0,0.0,0.0,1.0
29,0.0,2,0,0.0,14.5,0.0,0,0.0,1.0,0.0
43,0.0,2,1,0.0,21.5,0.0,43,0.0,0.0,0.0
40,0.0,1,1,0.0,40.0,0.0,40,0.0,0.0,0.0
26,121581.56,2,1,0.9568902771498983,13.0,60790.78,26,1.0,0.0,1.0
33,101084.36,1,0,2.3645547294317995,33.0,101084.36,0,1.0,0.0,0.0
33,0.0,2,1,0.0,16.5,0.0,33,0.0,1.0,1.0
50,0.0,2,1,0.0,25.0,0.0,50,0.0,1.0,1.0
36,0.0,2,0,0.0,18.0,0.0,0,0.0,0.0,1.0
40,0.0,2,0,0.0,20.0,0.0,0,0.0,0.0,0.0
35,0.0,2,1,0.0,17.5,0.0,35,0.0,0.0,0.0
42,0.0,2,1,0.0,21.0,0.0,42,0.0,0.0,1.0
52,140900.97,1,1,2.093970787748171,52.0,140900.97,52,0.0,0.0,0.0
63,0.0,2,1,0.0,31.5,0.0,63,0.0,0.0,0.0
34,0.0,2,1,0.0,17.0,0.0,34,0.0,1.0,1.0
35,0.0,2,1,0.0,17.5,0.0,35,0.0,0.0,0.0
41,0.0,1,1,0.0,41.0,0.0,41,0.0,0.0,0.0
39,0.0,2,0,0.0,19.5,0.0,0,0.0,0.0,0.0
35,0.0,2,1,0.0,17.5,0.0,35,0.0,1.0,1.0
39,0.0,2,0,0.0,19.5,0.0,0,0.0,0.0,1.0
24,57929.81,2,0,1.0902526240112318,12.0,28964.905,0,1.0,0.0,1.0
64,91869.69,1,1,0.9627827207847329,64.0,91869.69,64,1.0,0.0,1.0
34,0.0,2,0,0.0,17.0,0.0,0,0.0,0.0,0.0
55,133295.98,1,0,5.837939517472959,55.0,133295.98,0,0.0,1.0,0.0
32,0.0,2,0,0.0,16.0,0.0,0,0.0,1.0,0.0
39,146200.01,1,0,0.8216038988305576,39.0,146200.01,0,0.0,0.0,1.0
45,0.0,2,0,0.0,22.5,0.0,0,0.0,0.0,0.0
24,0.0,2,0,0.0,12.0,0.0,0,0.0,1.0,1.0
46,0.0,2,1,0.0,23.0,0.0,46,0.0,0.0,0.0
49,66079.45,2,0,0.7217335686559686,24.5,33039.725,0,0.0,1.0,0.0
31,0.0,2,1,0.0,15.5,0.0,31,0.0,0.0,1.0
42,0.0,2,1,0.0,21.0,0.0,42,0.0,0.0,0.0
31,124593.23,1,0,1.4474176074327423,31.0,124593.23,0,1.0,0.0,1.0
38,70362.52,2,1,0.6753324184615219,19.0,35181.26,38,1.0,0.0,1.0
43,98807.45,1,0,0.535338508893426,43.0,98807.45,0,1.0,0.0,0.0
31,79589.43,1,0,19.64894570393796,31.0,79589.43,0,0.0,0.0,0.0
40,152092.44,2,1,1.8212715693998236,20.0,76046.22,40,1.0,0.0,1.0
30,0.0,2,0,0.0,15.0,0.0,0,0.0,0.0,1.0
33,153663.27,1,0,1.3736095583169592,33.0,153663.27,0,1.0,0.0,1.0
33,0.0,1,1,0.0,33.0,0.0,33,0.0,0.0,0.0
34,146422.22,1,0,2.180752802564438,34.0,146422.22,0,1.0,0.0,1.0
36,0.0,1,0,0.0,36.0,0.0,0,0.0,1.0,0.0
40,203715.15,1,0,1.1318848988113481,40.0,203715.15,0,0.0,1.0,0.0
30,87609.68,2,0,0.636353487263986,15.0,43804.84,0,0.0,1.0,1.0
21,113157.22,1,1,2.090027428128146,21.0,113157.22,21,0.0,1.0,0.0
44,160838.13,2,0,0.8195087435323581,22.0,80419.065,0,1.0,0.0,1.0
26,0.0,2,0,0.0,13.0,0.0,0,0.0,1.0,0.0
34,122726.56,1,1,2.623912071146292,34.0,122726.56,34,1.0,0.0,1.0
28,145605.44,1,1,1.5509156930933468,28.0,145605.44,28,1.0,0.0,1.0
70,94416.78,1,1,0.6498080172333697,70.0,94416.78,70,0.0,0.0,1.0
21,0.0,2,0,0.0,10.5,0.0,0,0.0,0.0,0.0
37,0.0,2,1,0.0,18.5,0.0,37,0.0,0.0,0.0
28,0.0,2,1,0.0,14.0,0.0,28,0.0,1.0,0.0
57,0.0,1,1,0.0,57.0,0.0,57,0.0,1.0,1.0
32,116968.91,1,0,0.6680325757581815,32.0,116968.91,0,1.0,0.0,0.0
37,151242.48,1,1,3.0469307068324145,37.0,151242.48,37,1.0,0.0,0.0
41,98635.77,1,0,0.4932510126231468,41.0,98635.77,0,1.0,0.0,0.0
39,0.0,2,1,0.0,19.5,0.0,39,0.0,1.0,1.0
42,146766.72,2,1,0.8929746265905154,21.0,73383.36,42,0.0,0.0,1.0
42,115961.58,2,1,3.933051529531232,21.0,57980.79,42,0.0,0.0,0.0
35,211774.31,1,0,1.1230295546387807,35.0,211774.31,0,0.0,0.0,0.0
40,110054.45,1,1,1.2657106232127806,40.0,110054.45,40,0.0,0.0,0.0
74,106545.53,1,1,0.7916328292279388,74.0,106545.53,74,1.0,0.0,1.0
72,160541.0,2,1,1.128790272579989,36.0,80270.5,72,0.0,0.0,1.0
35,59408.63,1,0,0.7738165745407304,35.0,59408.63,0,0.0,1.0,1.0
39,0.0,2,1,0.0,19.5,0.0,39,0.0,1.0,1.0
43,152341.55,1,0,16.4840052457427,43.0,152341.55,0,0.0,0.0,0.0
29,0.0,2,0,0.0,14.5,0.0,0,0.0,0.0,1.0
58,72309.3,1,1,0.8438762478688447,58.0,72309.3,58,1.0,0.0,1.0
33,0.0,2,0,0.0,16.5,0.0,0,0.0,0.0,1.0
48,119769.77,1,1,1.8137962053620447,48.0,119769.77,48,0.0,0.0,0.0
30,114779.35,1,0,0.6266224210571657,30.0,114779.35,0,0.0,0.0,1.0
35,100107.99,1,0,1.1924761357041505,35.0,100107.99,0,0.0,0.0,1.0
28,0.0,2,0,0.0,14.0,0.0,0,0.0,1.0,1.0
42,0.0,3,1,0.0,14.0,0.0,42,0.0,1.0,0.0
38,0.0,2,1,0.0,19.0,0.0,38,0.0,1.0,1.0
29,0.0,2,0,0.0,14.5,0.0,0,0.0,0.0,1.0
28,141792.61,1,1,6.444559131457223,28.0,141792.61,28,0.0,0.0,0.0
32,0.0,2,1,0.0,16.0,0.0,32,0.0,0.0,1.0
36,146053.66,1,1,1.055722843014586,36.0,146053.66,36,0.0,0.0,0.0
37,0.0,2,0,0.0,18.5,0.0,0,0.0,1.0,1.0
68,153545.11,1,1,0.8229686364730734,68.0,153545.11,68,1.0,0.0,1.0
27,0.0,2,1,0.0,13.5,0.0,27,0.0,0.0,0.0
32,121240.76,1,0,1.0365139767356906,32.0,121240.76,0,0.0,0.0,1.0
70,148745.92,2,1,8.347915882128124,35.0,74372.96,70,1.0,0.0,1.0
40,0.0,1,0,0.0,40.0,0.0,0,0.0,0.0,1.0
35,105387.89,1,1,4.205580337011843,35.0,105387.89,35,0.0,0.0,1.0
43,103960.38,1,1,0.5368463418775383,43.0,103960.38,43,0.0,1.0,0.0
55,98710.89,1,1,1.1805098163451357,55.0,98710.89,55,1.0,0.0,1.0
38,109869.32,1,1,0.710475704807319,38.0,109869.32,38,0.0,1.0,1.0
44,113755.78,2,0,0.7596038935417319,22.0,56877.89,0,0.0,1.0,1.0
50,78737.61,1,1,6.047918574141099,50.0,78737.61,50,0.0,1.0,1.0
26,0.0,2,0,0.0,13.0,0.0,0,0.0,0.0,0.0
72,98903.06,1,1,1.2172498536637717,72.0,98903.06,72,0.0,1.0,1.0
33,134348.57,1,0,2.126980420331268,33.0,134348.57,0,0.0,0.0,0.0
41,0.0,1,0,0.0,41.0,0.0,0,0.0,0.0,0.0
40,113228.38,2,1,2.439473455723128,20.0,56614.19,40,1.0,0.0,1.0
33,0.0,2,0,0.0,16.5,0.0,0,0.0,0.0,0.0
38,0.0,2,0,0.0,19.0,0.0,0,0.0,0.0,0.0
31,127237.25,2,1,0.8878003106670493,15.5,63618.625,31,1.0,0.0,1.0
38,122334.26,2,1,0.6739903333990055,19.0,61167.13,38,0.0,0.0,1.0
53,0.0,1,0,0.0,53.0,0.0,0,0.0,1.0,0.0
26,142721.52,1,1,0.9291417801742448,26.0,142721.52,26,1.0,0.0,1.0
25,0.0,2,1,0.0,12.5,0.0,25,0.0,0.0,1.0
34,162691.16,2,0,1.7141122618049962,17.0,81345.58,0,1.0,0.0,1.0
54,92316.31,2,0,0.5821043307342311,27.0,46158.155,0,0.0,1.0,0.0
40,166776.6,2,1,0.9659983429761372,20.0,83388.3,40,1.0,0.0,1.0
46,0.0,1,0,0.0,46.0,0.0,0,0.0,0.0,0.0
40,95001.33,1,1,0.771095977459638,40.0,95001.33,40,1.0,0.0,1.0
47,0.0,1,0,0.0,47.0,0.0,0,0.0,0.0,0.0
59,0.0,2,0,0.0,29.5,0.0,0,0.0,0.0,1.0
61,97361.66,1,1,0.6494137833190748,61.0,97361.66,61,1.0,0.0,0.0
34,0.0,2,0,0.0,17.0,0.0,0,0.0,0.0,1.0
52,0.0,3,1,0.0,17.333333333333332,0.0,52,0.0,0.0,1.0
45,142765.24,2,0,4.108393609719809,22.5,71382.62,0,1.0,0.0,0.0
74,186445.31,2,1,0.94753959526819,37.0,93222.655,74,1.0,0.0,0.0
30,0.0,3,0,0.0,10.0,0.0,0,0.0,1.0,1.0
31,0.0,1,1,0.0,31.0,0.0,31,0.0,0.0,1.0
45,187841.99,2,1,1.2758901096945496,22.5,93920.995,45,0.0,0.0,0.0
37,0.0,1,0,0.0,37.0,0.0,0,0.0,0.0,1.0
21,125682.79,1,0,2.175873238461272,21.0,125682.79,0,0.0,0.0,0.0
35,118273.83,1,1,38.31488326438584,35.0,118273.83,35,0.0,0.0,0.0
35,129490.36,2,1,15.073090725808798,17.5,64745.18,35,0.0,1.0,0.0
41,139706.31,1,0,2.2057547864059015,41.0,139706.31,0,1.0,0.0,1.0
47,0.0,2,1,0.0,23.5,0.0,47,0.0,0.0,0.0
35,121309.17,2,1,4.219351062079597,17.5,60654.585,35,1.0,0.0,1.0
26,74681.9,2,0,2.391247896744777,13.0,37340.95,0,0.0,0.0,1.0
38,130878.75,3,0,1.8201425282004489,12.666666666666666,43626.25,0,1.0,0.0,0.0
34,0.0,2,0,0.0,17.0,0.0,0,0.0,0.0,1.0
43,0.0,2,1,0.0,21.5,0.0,43,0.0,0.0,0.0
53,127642.44,1,0,0.902057470082462,53.0,127642.44,0,0.0,0.0,0.0
26,180530.51,1,0,1.4623228357108062,26.0,180530.51,0,0.0,0.0,0.0
51,109799.55,2,1,8.813747415265667,25.5,54899.775,51,0.0,1.0,1.0
26,155739.76,1,0,0.9078281911224363,26.0,155739.76,0,0.0,0.0,1.0
44,0.0,2,1,0.0,22.0,0.0,44,0.0,0.0,0.0
27,0.0,2,0,0.0,13.5,0.0,0,0.0,0.0,1.0
34,67816.72,1,1,2.2878915361461836,34.0,67816.72,34,0.0,0.0,0.0
40,125832.2,1,1,1.2528866020543077,40.0,125832.2,40,0.0,0.0,1.0
29,0.0,2,0,0.0,14.5,0.0,0,0.0,0.0,0.0
38,144450.58,1,1,1.052257544117241,38.0,144450.58,38,0.0,0.0,1.0
39,152182.83,1,0,0.9440411380391007,39.0,152182.83,0,1.0,0.0,1.0
71,0.0,2,1,0.0,35.5,0.0,71,0.0,1.0,0.0
37,101470.29,1,1,1.142192868963713,37.0,101470.29,37,0.0,1.0,1.0
28,0.0,2,1,0.0,14.0,0.0,28,0.0,0.0,1.0
35,0.0,2,0,0.0,17.5,0.0,0,0.0,0.0,1.0
34,0.0,2,0,0.0,17.0,0.0,0,0.0,1.0,1.0
29,112564.62,1,0,2.658941030906795,29.0,112564.62,0,0.0,0.0,0.0
42,166031.45,1,0,1.6891458549396225,42.0,166031.45,0,1.0,0.0,0.0
66,103291.25,2,1,0.7905056136392979,33.0,51645.625,66,1.0,0.0,1.0
39,95161.75,1,0,4.902775767049275,39.0,95161.75,0,0.0,1.0,1.0
36,91760.11,1,1,0.6757753105756794,36.0,91760.11,36,0.0,1.0,0.0
26,56738.47,2,1,0.5648866582200195,13.0,28369.235,26,0.0,0.0,1.0
28,0.0,2,0,0.0,14.0,0.0,0,0.0,0.0,0.0
35,0.0,2,1,0.0,17.5,0.0,35,0.0,0.0,0.0
42,133636.16,1,1,1.293473385565452,42.0,133636.16,42,1.0,0.0,0.0
41,89015.61,1,1,0.6582669037885343,41.0,89015.61,41,0.0,1.0,1.0
37,0.0,2,1,0.0,18.5,0.0,37,0.0,1.0,1.0
29,0.0,1,0,0.0,29.0,0.0,0,0.0,0.0,1.0
39,150500.64,1,0,10.081228229998393,39.0,150500.64,0,0.0,0.0,0.0
25,157780.84,2,1,2.7004869853411475,12.5,78890.42,25,1.0,0.0,0.0
22,130056.23,1,0,1.0669589909487982,22.0,130056.23,0,0.0,0.0,1.0
36,121542.57,2,1,0.6505109057287048,18.0,60771.285,36,0.0,1.0,0.0
36,0.0,2,0,0.0,18.0,0.0,0,0.0,1.0,1.0
29,59385.98,2,1,0.5627191474668438,14.5,29692.99,29,1.0,0.0,1.0
29,148051.52,1,0,1.2480745454922504,29.0,148051.52,0,1.0,0.0,0.0
40,76914.21,1,0,0.4415701630419057,40.0,76914.21,0,0.0,0.0,1.0
30,0.0,1,0,0.0,30.0,0.0,0,0.0,0.0,0.0
36,0.0,2,0,0.0,18.0,0.0,0,0.0,0.0,1.0
33,190566.65,1,1,2.382168287516279,33.0,190566.65,33,0.0,0.0,0.0
25,78247.31,2,1,7.471829042493968,12.5,39123.655,25,0.0,0.0,1.0
45,97652.96,1,0,0.7669141057891582,45.0,97652.96,0,1.0,0.0,0.0
42,0.0,1,0,0.0,42.0,0.0,0,0.0,0.0,1.0
28,0.0,2,1,0.0,14.0,0.0,28,0.0,1.0,0.0
53,102520.37,1,1,0.6023686304095175,53.0,102520.37,53,0.0,0.0,1.0
52,65971.61,2,0,4.516128833515881,26.0,32985.805,0,0.0,0.0,0.0
41,138878.81,1,1,1.237010939820167,41.0,138878.81,41,1.0,0.0,0.0
48,75990.97,1,0,0.4799718374639923,48.0,75990.97,0,0.0,1.0,0.0
35,98556.89,2,0,0.8377527830488432,17.5,49278.445,0,1.0,0.0,1.0
28,90371.09,1,1,0.6153900263892021,28.0,90371.09,28,1.0,0.0,0.0
42,75681.52,1,1,1.3254670916669586,42.0,75681.52,42,1.0,0.0,1.0
52,121016.23,1,1,2.8999558355221864,52.0,121016.23,52,1.0,0.0,1.0
31,128663.81,2,0,1.0286250865323419,15.5,64331.905,0,1.0,0.0,0.0
36,0.0,2,1,0.0,18.0,0.0,36,0.0,0.0,1.0
40,0.0,2,0,0.0,20.0,0.0,0,0.0,0.0,0.0
56,169743.83,1,0,1.0891459373861088,56.0,169743.83,0,1.0,0.0,1.0
34,0.0,2,1,0.0,17.0,0.0,34,0.0,0.0,1.0
51,117306.69,4,1,4.358782389888499,12.75,29326.6725,51,1.0,0.0,0.0
41,0.0,1,0,0.0,41.0,0.0,0,0.0,1.0,1.0
41,0.0,2,1,0.0,20.5,0.0,41,0.0,1.0,0.0
54,108185.81,2,0,4.490267459138187,27.0,54092.905,0,0.0,1.0,1.0
65,106804.26,3,0,0.9899302710919727,21.666666666666668,35601.42,0,0.0,0.0,0.0
43,0.0,2,0,0.0,21.5,0.0,0,0.0,1.0,0.0
35,113948.58,1,0,0.6032473801425958,35.0,113948.58,0,1.0,0.0,1.0
36,0.0,1,0,0.0,36.0,0.0,0,0.0,0.0,1.0
54,95507.12,1,1,1.5108704163727544,54.0,95507.12,54,0.0,0.0,0.0
34,117451.47,1,0,1.7965846504298442,34.0,117451.47,0,0.0,1.0,0.0
45,0.0,1,1,0.0,45.0,0.0,45,0.0,0.0,0.0
30,107879.04,1,1,0.5479024261810709,30.0,107879.04,30,0.0,0.0,0.0
43,165048.5,3,0,9.74921748601989,14.333333333333334,55016.166666666664,0,1.0,0.0,1.0
34,0.0,2,1,0.0,17.0,0.0,34,0.0,1.0,1.0
30,0.0,2,0,0.0,15.0,0.0,0,0.0,1.0,0.0
34,107980.37,1,1,0.9045495722126807,34.0,107980.37,34,0.0,1.0,0.0
33,0.0,2,1,0.0,16.5,0.0,33,0.0,0.0,0.0
31,152622.34,1,0,1.5370008499599188,31.0,152622.34,0,1.0,0.0,0.0
34,0.0,2,0,0.0,17.0,0.0,0,0.0,0.0,1.0
33,144427.96,2,0,1.2686347135087568,16.5,72213.98,0,0.0,0.0,1.0
37,129312.79,1,1,4.826217015714818,37.0,129312.79,37,0.0,1.0,1.0
45,0.0,2,0,0.0,22.5,0.0,0,0.0,0.0,0.0
39,0.0,2,1,0.0,19.5,0.0,39,0.0,1.0,1.0
35,0.0,2,0,0.0,17.5,0.0,0,0.0,1.0,0.0
57,145965.33,1,1,2.264841649965957,57.0,145965.33,57,0.0,1.0,0.0
41,0.0,2,1,0.0,20.5,0.0,41,0.0,0.0,1.0
38,181110.13,2,0,0.9813895384307934,19.0,90555.065,0,0.0,1.0,1.0
34,127900.03,1,0,1.2571534867079885,34.0,127900.03,0,0.0,0.0,1.0
30,103804.97,1,1,0.8257460214351177,30.0,103804.97,30,0.0,0.0,1.0
39,135096.77,1,1,9.412159323590249,39.0,135096.77,39,0.0,0.0,1.0
33,183768.47,1,0,1.1197245784851084,33.0,183768.47,0,0.0,0.0,1.0
27,0.0,1,0,0.0,27.0,0.0,0,0.0,0.0,1.0
32,0.0,2,0,0.0,16.0,0.0,0,0.0,0.0,1.0
29,71996.29,1,1,2.0654485438698056,29.0,71996.29,29,0.0,0.0,0.0
18,90544.0,1,1,18.9532427787651,18.0,90544.0,18,1.0,0.0,1.0
35,0.0,2,0,0.0,17.5,0.0,0,0.0,0.0,1.0
28,71097.23,1,1,0.5447876161195679,28.0,71097.23,28,1.0,0.0,1.0
59,0.0,1,1,0.0,59.0,0.0,59,0.0,1.0,0.0
44,163714.52,1,0,1.7031646299165282,44.0,163714.52,0,1.0,0.0,1.0
30,132174.41,2,0,1.4096043140110122,15.0,66087.205,0,1.0,0.0,1.0
29,109676.52,1,1,4.292880160729782,29.0,109676.52,29,1.0,0.0,1.0
38,0.0,2,0,0.0,19.0,0.0,0,0.0,0.0,1.0
38,114756.14,1,0,0.5939326876073454,38.0,114756.14,0,0.0,0.0,1.0
29,95984.69,2,1,1.3026044709530546,14.5,47992.345,29,0.0,0.0,1.0
42,117280.23,3,0,2.7976446683361536,14.0,39093.409999999996,0,0.0,0.0,0.0
36,0.0,2,0,0.0,18.0,0.0,0,0.0,1.0,1.0
28,99986.98,1,0,0.5086259182211239,28.0,99986.98,0,0.0,0.0,1.0
31,102088.68,4,0,0.5434116119125414,7.75,25522.17,0,1.0,0.0,0.0
37,105261.76,2,1,0.7040753683825813,18.5,52630.88,37,0.0,0.0,1.0
32,0.0,2,1,0.0,16.0,0.0,32,0.0,1.0,0.0
31,0.0,1,1,0.0,31.0,0.0,31,0.0,0.0,0.0
64,0.0,2,1,0.0,32.0,0.0,64,0.0,0.0,1.0
42,0.0,3,0,0.0,14.0,0.0,0,0.0,0.0,1.0
60,163894.35,1,1,2.87222990688502,60.0,163894.35,60,1.0,0.0,1.0
33,171490.78,1,0,2.1680348987681866,33.0,171490.78,0,0.0,0.0,1.0
51,81710.46,1,1,0.7012565303127607,51.0,81710.46,51,0.0,0.0,1.0
45,102486.21,2,1,0.6470936691517355,22.5,51243.105,45,0.0,1.0,1.0
32,0.0,2,1,0.0,16.0,0.0,32,0.0,0.0,0.0
29,0.0,2,1,0.0,14.5,0.0,29,0.0,0.0,1.0
44,0.0,2,1,0.0,22.0,0.0,44,0.0,0.0,1.0
81,122029.15,1,1,2.4029111206154394,81.0,122029.15,81,1.0,0.0,1.0
48,0.0,2,1,0.0,24.0,0.0,48,0.0,0.0,1.0
22,105229.34,1,1,3.059252122563892,22.0,105229.34,22,0.0,1.0,0.0
35,0.0,2,0,0.0,17.5,0.0,0,0.0,1.0,1.0
35,167924.95,1,0,3.902994888510398,35.0,167924.95,0,0.0,0.0,0.0
36,123187.51,1,1,0.8431070549960697,36.0,123187.51,36,1.0,0.0,1.0
29,0.0,1,1,0.0,29.0,0.0,29,0.0,0.0,1.0
28,0.0,2,1,0.0,14.0,0.0,28,0.0,0.0,0.0
39,140094.59,1,0,0.8123778341831639,39.0,140094.59,0,0.0,1.0,0.0
28,85146.36,1,0,30.36722553309866,28.0,85146.36,0,0.0,0.0,0.0
41,0.0,2,0,0.0,20.5,0.0,0,0.0,0.0,1.0
28,105795.9,1,1,2.56667238408223,28.0,105795.9,28,0.0,0.0,0.0
28,0.0,2,1,0.0,14.0,0.0,28,0.0,1.0,0.0
47,0.0,1,1,0.0,47.0,0.0,47,0.0,0.0,1.0
38,122570.87,1,1,3.442143364239482,38.0,122570.87,38,0.0,0.0,1.0
76,121313.88,1,1,1.8700404317218142,76.0,121313.88,76,0.0,0.0,1.0
34,0.0,2,0,0.0,17.0,0.0,0,0.0,0.0,1.0
40,0.0,2,0,0.0,20.0,0.0,0,0.0,0.0,1.0
40,129596.77,1,1,1.2553860892779993,40.0,129596.77,40,0.0,0.0,0.0
35,125884.95,2,0,2.315806098049597,17.5,62942.475,0,1.0,0.0,0.0
28,81173.83,2,1,0.49857350949707935,14.0,40586.915,28,0.0,0.0,1.0
29,0.0,2,1,0.0,14.5,0.0,29,0.0,0.0,1.0
40,78119.59,4,0,0.655039596898658,10.0,19529.8975,0,1.0,0.0,0.0
53,113781.5,2,1,1.0699275612734207,26.5,56890.75,53,1.0,0.0,0.0
50,98173.02,1,0,4.3715512807667904,50.0,98173.02,0,1.0,0.0,0.0
34,0.0,1,1,0.0,34.0,0.0,34,0.0,0.0,1.0
36,144773.29,2,0,2.7204177964684417,18.0,72386.645,0,1.0,0.0,0.0
53,0.0,2,0,0.0,26.5,0.0,0,0.0,0.0,0.0
46,135555.66,1,0,1.018097648123643,46.0,135555.66,0,1.0,0.0,0.0
31,119825.75,2,1,1.184759534622051,15.5,59912.875,31,0.0,1.0,0.0
41,0.0,2,1,0.0,20.5,0.0,41,0.0,0.0,0.0
51,96891.46,1,0,0.5492609464912029,51.0,96891.46,0,1.0,0.0,1.0
34,130929.02,4,1,4.636584065938931,8.5,32732.255,34,0.0,1.0,0.0
47,0.0,1,0,0.0,47.0,0.0,0,0.0,0.0,0.0
30,0.0,1,1,0.0,30.0,0.0,30,0.0,0.0,0.0
25,148045.45,2,1,1.2904665888324185,12.5,74022.725,25,1.0,0.0,1.0
38,88293.13,2,1,3.633021094147007,19.0,44146.565,38,0.0,0.0,1.0
57,0.0,2,1,0.0,28.5,0.0,57,0.0,0.0,1.0
30,101802.67,1,0,11.709801237663623,30.0,101802.67,0,1.0,0.0,1.0
36,0.0,2,1,0.0,18.0,0.0,36,0.0,1.0,0.0
49,160133.88,1,1,1.811633794336748,49.0,160133.88,49,1.0,0.0,1.0
50,126345.55,1,1,7.293514402817064,50.0,126345.55,50,1.0,0.0,1.0
30,100954.88,2,0,0.7524111581019288,15.0,50477.44,0,1.0,0.0,0.0
42,107104.5,1,1,2.593050529192503,42.0,107104.5,42,1.0,0.0,1.0
57,72092.95,4,1,0.6367014157702958,14.25,18023.2375,57,0.0,0.0,0.0
55,108477.27,1,1,0.7748210395491526,55.0,108477.27,55,1.0,0.0,0.0
38,0.0,2,0,0.0,19.0,0.0,0,0.0,0.0,1.0
61,104267.7,1,0,1.659107934933911,61.0,104267.7,0,0.0,0.0,0.0
27,133009.51,1,0,1.0488952098488162,27.0,133009.51,0,0.0,0.0,0.0
47,146034.74,1,1,1.8929623698606306,47.0,146034.74,47,0.0,0.0,1.0
44,143391.07,1,0,0.9761728197636521,44.0,143391.07,0,1.0,0.0,1.0
35,110080.3,1,1,1.0026047797923225,35.0,110080.3,35,0.0,1.0,1.0
49,128663.9,1,0,1.9562911571204191,49.0,128663.9,0,0.0,0.0,1.0
40,0.0,1,1,0.0,40.0,0.0,40,0.0,0.0,1.0
51,110610.41,2,1,99.40185664473921,25.5,55305.205,51,1.0,0.0,0.0
33,90791.69,1,1,1.5218304602801933,33.0,90791.69,33,0.0,0.0,0.0
40,0.0,1,1,0.0,40.0,0.0,40,0.0,0.0,1.0
28,0.0,2,0,0.0,14.0,0.0,0,0.0,1.0,1.0
49,106770.82,1,0,0.8645461629044447,49.0,106770.82,0,0.0,0.0,1.0
29,0.0,2,1,0.0,14.5,0.0,29,0.0,0.0,1.0
41,176845.41,3,0,1.0619671035667286,13.666666666666666,58948.47,0,0.0,0.0,0.0
47,0.0,1,0,0.0,47.0,0.0,0,0.0,1.0,0.0
24,117154.9,1,1,0.9171067264048837,24.0,117154.9,24,1.0,0.0,1.0
26,101440.36,2,1,5.249313565680872,13.0,50720.18,26,0.0,1.0,0.0
40,154309.67,1,1,1.231186054943042,40.0,154309.67,40,1.0,0.0,1.0
26,0.0,2,1,0.0,13.0,0.0,26,0.0,0.0,0.0
58,114713.57,1,1,3.1588455248419183,58.0,114713.57,58,0.0,0.0,0.0
32,64082.09,1,1,0.5870496203814635,32.0,64082.09,32,0.0,0.0,1.0
41,135071.12,1,1,2.094864777886774,41.0,135071.12,41,0.0,0.0,1.0
33,122017.19,1,0,0.7508049248571687,33.0,122017.19,0,0.0,1.0,1.0
56,152759.0,2,0,1.1471225890537087,28.0,76379.5,0,0.0,0.0,1.0
44,84386.57,1,0,0.47237617786069436,44.0,84386.57,0,1.0,0.0,1.0
39,118201.41,1,0,5.069629805636486,39.0,118201.41,0,0.0,1.0,1.0
43,118588.83,1,1,0.7354726895935387,43.0,118588.83,43,1.0,0.0,0.0
52,0.0,2,1,0.0,26.0,0.0,52,0.0,0.0,1.0
45,0.0,2,0,0.0,22.5,0.0,0,0.0,0.0,0.0
42,0.0,2,0,0.0,21.0,0.0,0,0.0,0.0,0.0
42,85679.25,1,1,0.5221010069544609,42.0,85679.25,42,1.0,0.0,0.0
42,141642.92,2,0,0.8227889484132885,21.0,70821.46,0,0.0,0.0,1.0
33,101286.11,1,1,0.6336698375149078,33.0,101286.11,33,0.0,0.0,1.0
38,134168.5,3,0,33.825412832471955,12.666666666666666,44722.833333333336,0,0.0,1.0,0.0
21,178718.19,2,0,7.982767107378953,10.5,89359.095,0,0.0,0.0,0.0
39,111525.02,1,0,0.559064803682443,39.0,111525.02,0,0.0,0.0,1.0
38,96858.35,1,0,1.2496005428875347,38.0,96858.35,0,0.0,1.0,0.0
28,0.0,2,0,0.0,14.0,0.0,0,0.0,1.0,0.0
37,168066.87,1,0,4.740884550950296,37.0,168066.87,0,0.0,1.0,0.0
71,69608.14,1,0,0.7110606026555417,71.0,69608.14,0,0.0,1.0,1.0
22,123374.46,1,1,0.9877337937093632,22.0,123374.46,22,0.0,0.0,1.0
30,98415.37,1,1,0.8904717931011519,30.0,98415.37,30,0.0,0.0,1.0
29,130181.47,2,0,4.0922847252434975,14.5,65090.735,0,0.0,0.0,0.0
27,0.0,2,0,0.0,13.5,0.0,0,0.0,0.0,0.0
31,0.0,2,1,0.0,15.5,0.0,31,0.0,1.0,1.0
92,126076.24,2,1,3.661087271970155,46.0,63038.12,92,0.0,0.0,1.0
25,135161.67,1,1,0.9933168737949771,25.0,135161.67,25,1.0,0.0,0.0
19,0.0,2,0,0.0,9.5,0.0,0,0.0,1.0,1.0
30,0.0,2,0,0.0,15.0,0.0,0,0.0,0.0,0.0
24,109483.54,2,1,0.8582853490144344,12.0,54741.77,24,1.0,0.0,0.0
48,0.0,1,0,0.0,48.0,0.0,0,0.0,0.0,0.0
26,0.0,2,0,0.0,13.0,0.0,0,0.0,0.0,1.0
48,123593.22,2,0,1.498661679907592,24.0,61796.61,0,1.0,0.0,1.0
46,0.0,1,0,0.0,46.0,0.0,0,0.0,1.0,1.0
27,111348.15,1,0,2.3985835735546974,27.0,111348.15,0,1.0,0.0,1.0
36,115617.24,1,1,1.616585709611658,36.0,115617.24,36,0.0,1.0,0.0
48,96048.55,1,0,1.2890580071439453,48.0,96048.55,0,1.0,0.0,1.0
29,122028.65,2,1,0.7021503253558822,14.5,61014.325,29,1.0,0.0,1.0
46,49512.55,1,0,0.37225426807272444,46.0,49512.55,0,0.0,0.0,1.0
26,0.0,2,1,0.0,13.0,0.0,26,0.0,0.0,1.0
76,112510.89,1,1,0.7860573628001558,76.0,112510.89,76,0.0,0.0,1.0
39,84719.98,1,0,0.44341301231172736,39.0,84719.98,0,0.0,0.0,1.0
21,0.0,2,0,0.0,10.5,0.0,0,0.0,1.0,0.0
66,0.0,1,1,0.0,66.0,0.0,66,0.0,0.0,1.0
36,103700.69,1,0,0.5343397850783232,36.0,103700.69,0,1.0,0.0,0.0
34,90425.15,2,1,7.796824195163001,17.0,45212.575,34,0.0,0.0,0.0
37,139592.98,3,0,1.3402729551288424,12.333333333333334,46530.99333333334,0,1.0,0.0,1.0
41,0.0,2,0,0.0,20.5,0.0,0,0.0,0.0,1.0
35,104088.59,2,0,0.8698259321778952,17.5,52044.295,0,0.0,0.0,1.0
37,131753.41,1,0,1.5162427108590206,37.0,131753.41,0,1.0,0.0,1.0
50,121175.56,1,0,1.0312368649284664,50.0,121175.56,0,1.0,0.0,1.0
30,99785.28,2,0,0.5059129823999966,15.0,49892.64,0,1.0,0.0,1.0
54,171137.62,1,1,1.024629222336078,54.0,171137.62,54,0.0,0.0,1.0
28,0.0,2,1,0.0,14.0,0.0,28,0.0,0.0,0.0
30,154970.54,1,1,0.9885314296339601,30.0,154970.54,30,0.0,1.0,0.0
30,77168.87,2,1,0.5260310448068858,15.0,38584.435,30,1.0,0.0,0.0
31,0.0,2,1,0.0,15.5,0.0,31,0.0,0.0,1.0
42,118199.97,2,0,12.504122553126667,21.0,59099.985,0,1.0,0.0,1.0
51,0.0,2,1,0.0,25.5,0.0,51,0.0,0.0,1.0
41,0.0,2,1,0.0,20.5,0.0,41,0.0,0.0,1.0
49,0.0,2,1,0.0,24.5,0.0,49,0.0,0.0,1.0
41,126145.54,2,1,0.9137591642636329,20.5,63072.77,41,1.0,0.0,1.0
34,0.0,2,1,0.0,17.0,0.0,34,0.0,1.0,0.0
38,123906.55,1,0,0.9171687881828123,38.0,123906.55,0,0.0,1.0,1.0
35,0.0,1,1,0.0,35.0,0.0,35,0.0,0.0,0.0
67,103267.8,1,1,1.3187044726321173,67.0,103267.8,67,0.0,1.0,0.0
44,77627.33,2,0,0.7172926229511227,22.0,38813.665,0,1.0,0.0,0.0
38,0.0,2,1,0.0,19.0,0.0,38,0.0,1.0,0.0
42,108825.34,3,0,1.9587519535711089,14.0,36275.113333333335,0,0.0,0.0,0.0
32,106301.85,2,1,1.79985777476772,16.0,53150.925,32,1.0,0.0,0.0
32,147511.26,1,1,0.9225737053542029,32.0,147511.26,32,0.0,1.0,1.0
44,139432.37,1,0,2.2408562069119027,44.0,139432.37,0,0.0,1.0,0.0
48,0.0,1,0,0.0,48.0,0.0,0,0.0,0.0,1.0
36,120026.98,2,1,1.193090615837322,18.0,60013.49,36,0.0,0.0,1.0
40,145536.9,1,1,1.0753886082339548,40.0,145536.9,40,0.0,0.0,1.0
31,0.0,2,1,0.0,15.5,0.0,31,0.0,0.0,1.0
44,0.0,2,1,0.0,22.0,0.0,44,0.0,0.0,0.0
30,115315.04,1,0,7.578274416046233,30.0,115315.04,0,1.0,0.0,1.0
33,0.0,2,1,0.0,16.5,0.0,33,0.0,0.0,0.0
23,168372.52,1,0,1.2501976585114338,23.0,168372.52,0,0.0,0.0,1.0
55,76296.81,1,0,1.8009503183660944,55.0,76296.81,0,1.0,0.0,0.0
49,0.0,2,1,0.0,24.5,0.0,49,0.0,1.0,0.0
37,85146.48,2,0,0.9844651566439577,18.5,42573.24,0,0.0,0.0,1.0
47,0.0,2,1,0.0,23.5,0.0,47,0.0,0.0,1.0
34,0.0,1,1,0.0,34.0,0.0,34,0.0,0.0,1.0
27,150795.81,1,1,1.7697183851504767,27.0,150795.81,27,1.0,0.0,1.0
35,150561.03,2,0,2.3262509036641137,17.5,75280.515,0,1.0,0.0,0.0
40,124788.18,1,0,1.9019074524645752,40.0,124788.18,0,0.0,0.0,1.0
52,0.0,1,1,0.0,52.0,0.0,52,0.0,0.0,0.0
35,174902.26,1,0,2.531885347174321,35.0,174902.26,0,1.0,0.0,0.0
24,159203.71,1,1,1.5529367915805474,24.0,159203.71,24,0.0,1.0,0.0
49,142946.18,1,0,0.763273124363021,49.0,142946.18,0,1.0,0.0,1.0
40,0.0,2,0,0.0,20.0,0.0,0,0.0,1.0,0.0
61,155973.13,1,1,1.0570560958389137,61.0,155973.13,61,0.0,0.0,1.0
39,133261.13,1,1,1.7070338009297275,39.0,133261.13,39,0.0,1.0,1.0
24,114739.92,1,0,1.3358779532481975,24.0,114739.92,0,0.0,1.0,1.0
37,0.0,1,1,0.0,37.0,0.0,37,0.0,0.0,0.0
54,118241.02,1,0,0.6851100915023152,54.0,118241.02,0,0.0,1.0,0.0
47,0.0,1,0,0.0,47.0,0.0,0,0.0,1.0,0.0
72,94216.05,1,1,1.1972201015354338,72.0,94216.05,72,1.0,0.0,1.0
58,93173.88,1,1,0.6666646155497322,58.0,93173.88,58,0.0,0.0,0.0
25,108738.71,2,0,1.017004585740611,12.5,54369.355,0,0.0,1.0,0.0
29,0.0,2,1,0.0,14.5,0.0,29,0.0,0.0,0.0
27,127471.56,1,1,0.8336048439650384,27.0,127471.56,27,0.0,0.0,0.0
50,94504.35,1,1,18.60724763236134,50.0,94504.35,50,1.0,0.0,1.0
37,128650.11,2,1,0.7861702955233919,18.5,64325.055,37,0.0,1.0,1.0
39,0.0,1,1,0.0,39.0,0.0,39,0.0,1.0,0.0
39,0.0,2,1,0.0,19.5,0.0,39,0.0,0.0,0.0
37,168178.21,2,1,1.6606383542817782,18.5,84089.105,37,0.0,0.0,1.0
40,0.0,4,1,0.0,10.0,0.0,40,0.0,0.0,1.0
42,0.0,2,0,0.0,21.0,0.0,0,0.0,0.0,1.0
63,97009.15,1,1,1.1399296130480252,63.0,97009.15,63,0.0,0.0,1.0
51,90373.28,2,0,0.5024595829942535,25.5,45186.64,0,1.0,0.0,1.0
31,106260.67,1,1,41.2113844471248,31.0,106260.67,31,0.0,0.0,1.0
28,0.0,2,0,0.0,14.0,0.0,0,0.0,1.0,1.0
38,142557.11,1,1,0.8264289043107986,38.0,142557.11,38,0.0,0.0,1.0
25,0.0,2,0,0.0,12.5,0.0,0,0.0,0.0,0.0
39,0.0,1,1,0.0,39.0,0.0,39,0.0,1.0,0.0
30,90536.81,1,1,1.435204131453732,30.0,90536.81,30,1.0,0.0,1.0
27,122552.34,2,0,1.8125998352939505,13.5,61276.17,0,1.0,0.0,1.0
32,87814.89,1,0,0.6336839580376071,32.0,87814.89,0,0.0,0.0,0.0
37,165896.22,2,1,2.476888121535413,18.5,82948.11,37,0.0,0.0,1.0
44,142989.69,1,1,1.2385152128784382,44.0,142989.69,44,0.0,0.0,0.0
35,166118.45,2,0,1.2995549929209111,17.5,83059.225,0,0.0,0.0,0.0
43,137824.03,2,0,0.7987123964339595,21.5,68912.015,0,0.0,0.0,0.0
23,85600.08,1,0,0.6384363217420703,23.0,85600.08,0,0.0,1.0,0.0
46,68799.72,1,1,1.7328097271468417,46.0,68799.72,46,0.0,1.0,1.0
28,0.0,2,0,0.0,14.0,0.0,0,0.0,0.0,1.0
35,56674.48,1,0,3.1507877736637866,35.0,56674.48,0,0.0,1.0,0.0
44,0.0,2,1,0.0,22.0,0.0,44,0.0,0.0,1.0
31,0.0,2,0,0.0,15.5,0.0,0,0.0,0.0,0.0
44,0.0,2,1,0.0,22.0,0.0,44,0.0,0.0,0.0
26,105522.06,1,0,9.732298758768767,26.0,105522.06,0,0.0,0.0,1.0
47,90450.0,2,0,0.8749332917776295,23.5,45225.0,0,1.0,0.0,0.0
39,136258.06,1,0,1.5275651177904452,39.0,136258.06,0,0.0,1.0,1.0
56,0.0,2,0,0.0,28.0,0.0,0,0.0,1.0,0.0
37,118636.92,1,1,1.6129788893324182,37.0,118636.92,37,0.0,0.0,1.0
39,135139.33,1,1,1.195012949427551,39.0,135139.33,39,0.0,0.0,0.0
36,0.0,2,1,0.0,18.0,0.0,36,0.0,0.0,0.0
35,121030.9,1,0,12.092593628730262,35.0,121030.9,0,0.0,0.0,1.0
39,144757.02,1,0,6.3273016711134105,39.0,144757.02,0,1.0,0.0,1.0
37,144235.73,2,0,0.9308073573129589,18.5,72117.865,0,0.0,0.0,1.0
46,97042.6,1,1,0.7268209751737819,46.0,97042.6,46,1.0,0.0,1.0
54,111729.47,2,1,1.3156950695880345,27.0,55864.735,54,0.0,0.0,1.0
44,0.0,2,0,0.0,22.0,0.0,0,0.0,1.0,1.0
43,97473.87,2,1,0.609885763740374,21.5,48736.935,43,0.0,1.0,1.0
26,102395.79,1,0,0.8578089669687243,26.0,102395.79,0,1.0,0.0,0.0
47,0.0,2,0,0.0,23.5,0.0,0,0.0,1.0,0.0
38,125212.65,2,1,7.9269182850211575,19.0,62606.325,38,1.0,0.0,0.0
34,89437.03,1,1,0.471861252146304,34.0,89437.03,34,1.0,0.0,0.0
47,0.0,2,0,0.0,23.5,0.0,0,0.0,0.0,1.0
29,0.0,2,1,0.0,14.5,0.0,29,0.0,0.0,0.0
40,150490.32,1,0,0.904018370834888,40.0,150490.32,0,0.0,0.0,0.0
33,54503.55,1,1,146.8900417733459,33.0,54503.55,33,0.0,0.0,1.0
29,0.0,2,1,0.0,14.5,0.0,29,0.0,0.0,1.0
33,0.0,2,1,0.0,16.5,0.0,33,0.0,0.0,1.0
45,0.0,2,1,0.0,22.5,0.0,45,0.0,1.0,0.0
33,0.0,1,1,0.0,33.0,0.0,33,0.0,1.0,0.0
38,0.0,2,0,0.0,19.0,0.0,0,0.0,0.0,1.0
29,174851.9,1,1,2.208330791601892,29.0,174851.9,29,0.0,0.0,1.0
39,83456.79,2,0,2.1463931954712603,19.5,41728.395,0,0.0,0.0,0.0
26,105082.07,2,0,0.7912712929523348,13.0,52541.035,0,1.0,0.0,0.0
31,99513.91,1,1,0.5247039317134499,31.0,99513.91,31,0.0,0.0,1.0
39,104386.53,1,0,0.9858316577226787,39.0,104386.53,0,0.0,0.0,0.0
49,59532.18,1,0,0.5710325863212729,49.0,59532.18,0,1.0,0.0,1.0
48,136596.85,1,1,0.7352142370038738,48.0,136596.85,48,0.0,0.0,1.0
46,100727.5,1,1,0.7151008222763161,46.0,100727.5,46,1.0,0.0,0.0
46,95502.21,1,0,4.813090597908093,46.0,95502.21,0,0.0,0.0,1.0
25,157993.15,2,0,1.0818377248377087,12.5,78996.575,0,0.0,0.0,1.0
33,137657.25,2,1,0.8019293876757081,16.5,68828.625,33,1.0,0.0,0.0
37,0.0,1,1,0.0,37.0,0.0,37,0.0,0.0,0.0
39,112889.91,1,1,16.789949224083312,39.0,112889.91,39,1.0,0.0,0.0
36,0.0,1,1,0.0,36.0,0.0,36,0.0,0.0,0.0
39,136000.45,2,0,4.289080887698042,19.5,68000.225,0,1.0,0.0,1.0
36,0.0,2,0,0.0,18.0,0.0,0,0.0,1.0,0.0
35,0.0,2,1,0.0,17.5,0.0,35,0.0,0.0,1.0
37,196853.62,1,1,1.4826651872172134,37.0,196853.62,37,0.0,0.0,0.0
60,73937.02,1,0,0.45657716841830825,60.0,73937.02,0,0.0,0.0,0.0
32,145303.52,1,0,1.4030720837133832,32.0,145303.52,0,0.0,0.0,1.0
48,97133.92,2,0,0.8571892756914974,24.0,48566.96,0,1.0,0.0,0.0
45,134562.8,1,1,0.8448792847959362,45.0,134562.8,45,1.0,0.0,0.0
36,129804.17,1,0,2.4481698726351304,36.0,129804.17,0,0.0,0.0,1.0
40,0.0,2,1,0.0,20.0,0.0,40,0.0,0.0,1.0
34,0.0,2,0,0.0,17.0,0.0,0,0.0,1.0,1.0
60,116563.58,1,0,0.9692816343568853,60.0,116563.58,0,0.0,0.0,1.0
32,111156.52,1,1,0.6641116249102471,32.0,111156.52,32,0.0,0.0,0.0
38,119278.01,2,1,6.157641451819317,19.0,59639.005,38,0.0,0.0,0.0
33,168560.46,2,0,1.8672888139336408,16.5,84280.23,0,1.0,0.0,0.0
65,129472.33,1,1,1.5199943695359495,65.0,129472.33,65,1.0,0.0,1.0
30,145241.63,1,1,1.8002892528127346,30.0,145241.63,30,0.0,1.0,1.0
24,0.0,2,1,0.0,12.0,0.0,24,0.0,0.0,0.0
61,152968.73,1,1,1.8436477989998639,61.0,152968.73,61,0.0,1.0,1.0
34,0.0,2,0,0.0,17.0,0.0,0,0.0,1.0,0.0
25,0.0,2,0,0.0,12.5,0.0,0,0.0,0.0,0.0
44,108724.98,1,1,1.5031700337589444,44.0,108724.98,44,0.0,0.0,1.0
46,0.0,2,1,0.0,23.0,0.0,46,0.0,1.0,1.0
37,0.0,2,0,0.0,18.5,0.0,0,0.0,0.0,0.0
41,38617.2,1,1,0.36821489595410994,41.0,38617.2,41,0.0,0.0,0.0
47,126589.12,2,1,0.9537335435745644,23.5,63294.56,47,0.0,0.0,0.0
34,0.0,2,1,0.0,17.0,0.0,34,0.0,0.0,1.0
36,131142.53,2,0,0.749735219484553,18.0,65571.265,0,1.0,0.0,1.0
33,0.0,2,0,0.0,16.5,0.0,0,0.0,0.0,1.0
33,0.0,1,1,0.0,33.0,0.0,33,0.0,0.0,0.0
37,112146.12,1,0,1.477018755428709,37.0,112146.12,0,1.0,0.0,1.0
55,115796.7,1,0,0.7213562931346603,55.0,115796.7,0,1.0,0.0,0.0
33,65667.79,2,0,0.39893200237313897,16.5,32833.895,0,0.0,0.0,0.0
40,0.0,2,0,0.0,20.0,0.0,0,0.0,1.0,0.0
30,85755.86,1,0,0.590947170176676,30.0,85755.86,0,0.0,0.0,0.0
28,120047.77,1,1,0.8751534827563858,28.0,120047.77,28,0.0,1.0,1.0
58,0.0,3,1,0.0,19.333333333333332,0.0,58,0.0,0.0,1.0
32,132835.56,1,0,0.970472227522998,32.0,132835.56,0,0.0,1.0,0.0
46,62212.29,1,1,0.36236961785013283,46.0,62212.29,46,0.0,0.0,0.0
31,120718.28,1,1,2.047408910460031,31.0,120718.28,31,0.0,0.0,1.0
50,115625.07,1,0,0.6221244483810813,50.0,115625.07,0,0.0,0.0,1.0
37,132623.6,1,1,2.2488486451656664,37.0,132623.6,37,0.0,0.0,1.0
41,0.0,1,1,0.0,41.0,0.0,41,0.0,0.0,0.0
76,130334.84,2,1,2.5223455297328847,38.0,65167.42,76,1.0,0.0,1.0
34,0.0,1,1,0.0,34.0,0.0,34,0.0,0.0,1.0
72,148666.99,1,0,57.05562527584287,72.0,148666.99,0,1.0,0.0,0.0
32,124993.29,2,1,4.537281028137734,16.0,62496.645,32,0.0,0.0,1.0
60,108028.08,2,0,4.158057490987444,30.0,54014.04,0,0.0,0.0,0.0
39,178585.46,1,0,2.660241347925632,39.0,178585.46,0,0.0,0.0,1.0
32,147107.91,1,1,3.6715524890215008,32.0,147107.91,32,0.0,0.0,1.0
31,0.0,1,0,0.0,31.0,0.0,0,0.0,1.0,1.0
46,0.0,2,0,0.0,23.0,0.0,0,0.0,0.0,1.0
30,0.0,2,1,0.0,15.0,0.0,30,0.0,0.0,1.0
42,115766.26,1,0,1.6043918822936738,42.0,115766.26,0,1.0,0.0,1.0
35,133161.95,1,1,1.089216003355613,35.0,133161.95,35,0.0,0.0,1.0
29,185379.02,1,0,2.8661361395579745,29.0,185379.02,0,1.0,0.0,1.0
60,0.0,3,1,0.0,20.0,0.0,60,0.0,0.0,1.0
35,144848.74,1,1,0.8091552368189225,35.0,144848.74,35,1.0,0.0,1.0
25,158266.42,3,1,0.7938834827368197,8.333333333333334,52755.473333333335,25,1.0,0.0,0.0
42,0.0,2,0,0.0,21.0,0.0,0,0.0,1.0,1.0
30,125739.26,1,1,0.6500127196254903,30.0,125739.26,30,0.0,0.0,1.0
39,73493.17,1,1,0.6703982891670078,39.0,73493.17,39,0.0,0.0,0.0
46,99786.07,1,1,3.0530668329463944,46.0,99786.07,46,0.0,0.0,1.0
69,93320.8,1,1,3.8106547148485226,69.0,93320.8,69,0.0,0.0,1.0
38,0.0,2,1,0.0,19.0,0.0,38,0.0,0.0,1.0
48,0.0,1,1,0.0,48.0,0.0,48,0.0,0.0,0.0
25,0.0,1,1,0.0,25.0,0.0,25,0.0,1.0,1.0
45,83195.12,1,1,1.7089468202891822,45.0,83195.12,45,0.0,0.0,1.0
35,128548.49,4,0,1.7031038455092449,8.75,32137.1225,0,0.0,0.0,0.0
38,116980.78,2,1,1.5384438753166492,19.0,58490.39,38,0.0,1.0,1.0
50,126547.8,1,1,1.590197228095422,50.0,126547.8,50,0.0,0.0,0.0
31,0.0,2,0,0.0,15.5,0.0,0,0.0,1.0,1.0
42,181627.14,2,0,1.0518841346699301,21.0,90813.57,0,1.0,0.0,1.0
41,127205.32,4,0,1.3550518898188622,10.25,31801.33,0,1.0,0.0,1.0
33,88046.88,1,1,0.47098377688239845,33.0,88046.88,33,1.0,0.0,1.0
25,74237.2,2,1,0.37980112384239806,12.5,37118.6,25,0.0,1.0,1.0
40,0.0,1,0,0.0,40.0,0.0,0,0.0,1.0,0.0
36,124495.98,3,1,2.1500329336963695,12.0,41498.659999999996,36,1.0,0.0,0.0
41,99208.46,2,0,1.589818529357374,20.5,49604.23,0,0.0,1.0,1.0
40,0.0,2,0,0.0,20.0,0.0,0,0.0,0.0,1.0
28,119706.22,1,0,3.8379162576201287,28.0,119706.22,0,0.0,0.0,1.0
25,167385.81,1,1,2.9727084362281335,25.0,167385.81,25,0.0,1.0,1.0
40,154251.67,1,1,1.3036876423581913,40.0,154251.67,40,0.0,1.0,0.0
63,0.0,1,1,0.0,63.0,0.0,63,0.0,1.0,0.0
33,94493.03,1,1,0.9276173426779922,33.0,94493.03,33,0.0,0.0,0.0
31,157791.07,2,0,0.8864925331249828,15.5,78895.535,0,1.0,0.0,1.0
36,0.0,2,1,0.0,18.0,0.0,36,0.0,0.0,1.0
33,135658.73,2,1,3.412369010187398,16.5,67829.365,33,0.0,0.0,1.0
49,0.0,1,1,0.0,49.0,0.0,49,0.0,0.0,0.0
38,125487.89,1,0,0.7936660099368984,38.0,125487.89,0,0.0,0.0,1.0
49,0.0,1,0,0.0,49.0,0.0,0,0.0,0.0,0.0
32,175464.85,3,0,1.5068808257334398,10.666666666666666,58488.28333333333,0,0.0,0.0,1.0
37,116509.99,1,1,0.7792387269708719,37.0,116509.99,37,1.0,0.0,1.0
29,46057.96,2,1,0.2426943192365213,14.5,23028.98,29,0.0,1.0,1.0
44,0.0,2,1,0.0,22.0,0.0,44,0.0,0.0,0.0
38,104016.88,1,0,4.713293817569848,38.0,104016.88,0,0.0,0.0,0.0
52,115532.52,1,0,0.5886777316779517,52.0,115532.52,0,0.0,1.0,1.0
26,144258.52,1,0,2.8979916948563833,26.0,144258.52,0,0.0,0.0,0.0
44,115049.15,2,0,0.6971052980939406,22.0,57524.575,0,0.0,0.0,1.0
51,0.0,1,0,0.0,51.0,0.0,0,0.0,0.0,1.0
25,54817.55,1,0,0.41635592381637265,25.0,54817.55,0,1.0,0.0,1.0
34,97435.85,2,1,0.9339040192554982,17.0,48717.925,34,0.0,0.0,0.0
51,124662.54,1,1,1.9064331402470636,51.0,124662.54,51,0.0,0.0,0.0
43,189026.53,2,1,3.369465271392834,21.5,94513.265,43,0.0,0.0,1.0
48,148116.48,1,0,1.2662398348753925,48.0,148116.48,0,0.0,0.0,1.0
32,133950.37,1,1,2.749071331585316,32.0,133950.37,32,0.0,0.0,0.0
54,152508.99,1,0,0.8129564614714934,54.0,152508.99,0,1.0,0.0,0.0
38,0.0,2,1,0.0,19.0,0.0,38,0.0,0.0,0.0
36,158261.68,1,1,2.0621833006883077,36.0,158261.68,36,0.0,1.0,1.0
38,0.0,2,1,0.0,19.0,0.0,38,0.0,0.0,0.0
42,105722.69,1,1,1.1674552199777735,42.0,105722.69,42,1.0,0.0,0.0
33,72535.45,1,1,0.697916002166427,33.0,72535.45,33,0.0,1.0,0.0
30,0.0,2,1,0.0,15.0,0.0,30,0.0,0.0,1.0
44,89118.26,1,0,0.8549271076950026,44.0,89118.26,0,0.0,1.0,1.0
28,0.0,1,0,0.0,28.0,0.0,0,0.0,1.0,1.0
40,95053.1,1,1,0.8136955605772951,40.0,95053.1,40,0.0,1.0,1.0
52,0.0,2,1,0.0,26.0,0.0,52,0.0,0.0,1.0
46,0.0,1,0,0.0,46.0,0.0,0,0.0,0.0,1.0
31,0.0,2,1,0.0,15.5,0.0,31,0.0,0.0,1.0
39,130565.02,1,0,13.248983228341345,39.0,130565.02,0,1.0,0.0,0.0
44,0.0,1,1,0.0,44.0,0.0,44,0.0,1.0,1.0
38,68065.8,1,0,0.49046888173112263,38.0,68065.8,0,0.0,0.0,0.0
37,138207.08,1,0,2.2739614640863297,37.0,138207.08,0,0.0,1.0,1.0
34,70731.07,1,1,3.4939327612123514,34.0,70731.07,34,0.0,1.0,0.0
36,118214.32,3,0,0.992479978386371,12.0,39404.77333333334,0,1.0,0.0,1.0
39,60374.98,1,0,1.5009787752208026,39.0,60374.98,0,0.0,1.0,1.0
43,100013.51,1,0,4.119966698688215,43.0,100013.51,0,0.0,0.0,1.0
36,84327.77,2,0,4.77092234613609,18.0,42163.885,0,0.0,0.0,0.0
31,136556.44,1,0,1.662224417588536,31.0,136556.44,0,0.0,1.0,1.0
43,178074.33,1,0,1.612905922600151,43.0,178074.33,0,0.0,0.0,0.0
34,118838.75,1,1,2.249876136238211,34.0,118838.75,34,0.0,0.0,1.0
72,135290.42,2,1,2.1228779916183536,36.0,67645.21,72,1.0,0.0,0.0
45,102882.4,2,1,2.887266492016563,22.5,51441.2,45,0.0,0.0,0.0
46,0.0,3,1,0.0,15.333333333333334,0.0,46,0.0,0.0,0.0
32,73494.21,1,0,0.5392048193301449,32.0,73494.21,0,0.0,0.0,1.0
32,0.0,2,0,0.0,16.0,0.0,0,0.0,0.0,1.0
45,123859.6,1,1,1.0956026528424152,45.0,123859.6,45,0.0,0.0,1.0
59,185966.64,1,0,19.688551700189088,59.0,185966.64,0,0.0,0.0,1.0
37,0.0,2,1,0.0,18.5,0.0,37,0.0,0.0,1.0
58,131852.81,1,0,1.619083808426375,58.0,131852.81,0,0.0,0.0,0.0
45,164649.52,3,0,3.2985636531483595,15.0,54883.17333333333,0,0.0,0.0,0.0
41,0.0,2,1,0.0,20.5,0.0,41,0.0,1.0,0.0
30,84958.6,2,1,0.4371563948657564,15.0,42479.3,30,1.0,0.0,0.0
60,117738.81,1,0,0.7982846402353627,60.0,117738.81,0,0.0,0.0,0.0
29,154640.41,1,1,0.9427022185082118,29.0,154640.41,29,1.0,0.0,1.0
33,133040.32,1,1,1.2061703114911018,33.0,133040.32,33,0.0,0.0,1.0
32,170661.47,1,1,7.884130701924587,32.0,170661.47,32,1.0,0.0,1.0
41,40488.76,1,0,0.3150169498936542,41.0,40488.76,0,0.0,0.0,1.0
29,0.0,2,0,0.0,14.5,0.0,0,0.0,0.0,0.0
41,109153.96,3,1,0.7333212584370874,13.666666666666666,36384.653333333335,41,1.0,0.0,0.0
27,0.0,2,0,0.0,13.5,0.0,0,0.0,0.0,0.0
61,0.0,1,0,0.0,61.0,0.0,0,0.0,0.0,0.0
31,0.0,2,0,0.0,15.5,0.0,0,0.0,0.0,1.0
41,0.0,2,0,0.0,20.5,0.0,0,0.0,1.0,1.0
20,0.0,1,1,0.0,20.0,0.0,20,0.0,0.0,1.0
27,0.0,2,1,0.0,13.5,0.0,27,0.0,0.0,1.0
58,0.0,1,0,0.0,58.0,0.0,0,0.0,1.0,0.0
67,0.0,2,1,0.0,33.5,0.0,67,0.0,0.0,0.0
31,0.0,2,1,0.0,15.5,0.0,31,0.0,0.0,1.0
39,47685.47,2,1,0.5543566410771142,19.5,23842.735,39,1.0,0.0,0.0
42,0.0,2,1,0.0,21.0,0.0,42,0.0,0.0,1.0
41,159434.03,1,0,0.8938191248014775,41.0,159434.03,0,1.0,0.0,1.0
40,89025.88,2,0,0.4713052456006784,20.0,44512.94,0,1.0,0.0,1.0
24,173962.32,1,0,1.6341071066084736,24.0,173962.32,0,0.0,1.0,0.0
32,114668.89,1,0,1.3553441285976007,32.0,114668.89,0,0.0,0.0,0.0
45,105525.65,2,1,1.4373209999851535,22.5,52762.825,45,0.0,0.0,0.0
41,95696.52,2,1,0.5190569157655521,20.5,47848.26,41,0.0,0.0,1.0
37,109093.41,2,0,61.44307583130576,18.5,54546.705,0,0.0,0.0,1.0
33,128152.82,1,0,0.8669353532110505,33.0,128152.82,0,0.0,0.0,1.0
50,158633.61,1,0,0.8186025637472948,50.0,158633.61,0,0.0,1.0,0.0
31,155047.56,2,1,0.8333007818693254,15.5,77523.78,31,0.0,0.0,1.0
41,0.0,4,1,0.0,10.25,0.0,41,0.0,0.0,1.0
53,0.0,2,1,0.0,26.5,0.0,53,0.0,0.0,1.0
35,116662.96,2,1,4.888616048886597,17.5,58331.48,35,0.0,1.0,1.0
54,0.0,2,1,0.0,27.0,0.0,54,0.0,1.0,0.0
47,63488.7,1,1,2.216713010615581,47.0,63488.7,47,0.0,1.0,0.0
39,0.0,2,1,0.0,19.5,0.0,39,0.0,0.0,1.0
43,0.0,2,1,0.0,21.5,0.0,43,0.0,1.0,1.0
23,92366.72,2,0,0.7655015000201804,11.5,46183.36,0,1.0,0.0,1.0
33,0.0,2,0,0.0,16.5,0.0,0,0.0,0.0,0.0
31,90547.48,2,1,4.816322014794578,15.5,45273.74,31,1.0,0.0,1.0
31,115406.97,1,0,0.7930212435773625,31.0,115406.97,0,0.0,1.0,1.0
57,0.0,2,1,0.0,28.5,0.0,57,0.0,0.0,1.0
27,113174.21,2,0,0.7685250287277918,13.5,56587.105,0,1.0,0.0,1.0
30,90963.49,1,1,3.2718326019710813,30.0,90963.49,30,0.0,0.0,1.0
41,119703.1,2,1,1.0903581045895054,20.5,59851.55,41,1.0,0.0,0.0
35,144428.87,1,0,1.0767614745552259,35.0,144428.87,0,0.0,0.0,1.0
31,0.0,2,0,0.0,15.5,0.0,0,0.0,0.0,0.0
48,76595.08,2,0,0.6026593935849947,24.0,38297.54,0,1.0,0.0,0.0
62,112181.08,1,1,1.8236713118521075,62.0,112181.08,62,0.0,1.0,1.0
39,133102.92,1,0,4.921269548769045,39.0,133102.92,0,0.0,0.0,0.0
31,0.0,2,1,0.0,15.5,0.0,31,0.0,0.0,1.0
36,136815.64,1,1,0.8045993356345302,36.0,136815.64,36,1.0,0.0,1.0
38,0.0,3,0,0.0,12.666666666666666,0.0,0,0.0,0.0,1.0
53,141616.55,2,1,1.8661097542254341,26.5,70808.275,53,1.0,0.0,0.0
39,0.0,2,0,0.0,19.5,0.0,0,0.0,0.0,1.0
37,62974.64,2,1,1.614054386831394,18.5,31487.32,37,1.0,0.0,0.0
39,121626.9,1,1,1.475371894049513,39.0,121626.9,39,0.0,1.0,1.0
41,0.0,1,1,0.0,41.0,0.0,41,0.0,0.0,1.0
36,0.0,2,1,0.0,18.0,0.0,36,0.0,0.0,1.0
39,0.0,2,0,0.0,19.5,0.0,0,0.0,1.0,1.0
41,144974.55,1,1,7.49419227373388,41.0,144974.55,41,0.0,1.0,1.0
31,122449.31,2,1,0.6773779654814652,15.5,61224.655,31,0.0,1.0,1.0
29,0.0,2,0,0.0,14.5,0.0,0,0.0,1.0,1.0
48,75801.74,1,0,0.6027350662496388,48.0,75801.74,0,0.0,1.0,1.0
30,110824.52,1,1,1.9141910178324097,30.0,110824.52,30,1.0,0.0,1.0
35,142296.13,1,1,0.8034213808495946,35.0,142296.13,35,1.0,0.0,1.0
39,119787.76,1,1,0.7293088459407776,39.0,119787.76,39,1.0,0.0,0.0
35,155621.08,1,1,4.4239050683522985,35.0,155621.08,35,0.0,1.0,0.0
27,0.0,2,0,0.0,13.5,0.0,0,0.0,0.0,0.0
36,140355.56,2,0,1.029528358990203,18.0,70177.78,0,1.0,0.0,0.0
54,156367.6,2,1,1.345909000453779,27.0,78183.8,54,1.0,0.0,1.0
37,0.0,2,0,0.0,18.5,0.0,0,0.0,0.0,1.0
53,138053.67,1,1,1.2098194415488714,53.0,138053.67,53,0.0,0.0,1.0
35,0.0,2,0,0.0,17.5,0.0,0,0.0,0.0,0.0
41,102749.72,1,1,0.527154508150421,41.0,102749.72,41,0.0,1.0,1.0
39,166733.92,2,0,11.676502719994621,19.5,83366.96,0,0.0,1.0,0.0
27,123599.49,2,0,73.70625313073968,13.5,61799.745,0,1.0,0.0,0.0
34,114088.32,1,0,1.2294714100312507,34.0,114088.32,0,0.0,0.0,1.0
48,0.0,2,1,0.0,24.0,0.0,48,0.0,0.0,1.0
29,182123.79,1,0,1.5588985085917815,29.0,182123.79,0,0.0,0.0,1.0
39,170288.38,1,1,2.8571324546590127,39.0,170288.38,39,0.0,1.0,1.0
35,0.0,2,1,0.0,17.5,0.0,35,0.0,0.0,1.0
47,120621.89,1,1,0.8566670478119537,47.0,120621.89,47,1.0,0.0,0.0
32,88938.62,1,1,8.845626797075546,32.0,88938.62,32,1.0,0.0,1.0
39,167557.12,1,1,4.068597203410532,39.0,167557.12,39,0.0,1.0,1.0
36,84438.57,1,1,0.465355734496059,36.0,84438.57,36,0.0,1.0,0.0
35,79388.33,1,1,0.4105711972790333,35.0,79388.33,35,0.0,1.0,1.0
46,67563.31,1,0,1.5180688755179348,46.0,67563.31,0,0.0,1.0,0.0
39,129709.62,1,0,0.7489132613752468,39.0,129709.62,0,0.0,0.0,1.0
32,121394.42,1,0,0.7398425732785588,32.0,121394.42,0,0.0,0.0,1.0
26,0.0,1,0,0.0,26.0,0.0,0,0.0,0.0,1.0
46,110031.09,2,1,0.8211545618777454,23.0,55015.545,46,1.0,0.0,0.0
25,141825.88,1,1,1.9202523113967165,25.0,141825.88,25,1.0,0.0,0.0
39,0.0,2,1,0.0,19.5,0.0,39,0.0,0.0,1.0
54,78126.28,1,1,0.5090226657808351,54.0,78126.28,54,0.0,1.0,0.0
42,133970.22,2,1,0.7132149239857986,21.0,66985.11,42,0.0,0.0,1.0
40,107648.94,2,1,0.7995377564162887,20.0,53824.47,40,1.0,0.0,0.0
47,114603.76,2,0,0.7480940546620788,23.5,57301.88,0,1.0,0.0,0.0
62,0.0,1,1,0.0,62.0,0.0,62,0.0,0.0,0.0
50,146777.44,2,1,0.9740646612892866,25.0,73388.72,50,0.0,1.0,0.0
26,110654.02,1,1,0.9890489931060471,26.0,110654.02,26,0.0,0.0,0.0
37,0.0,2,0,0.0,18.5,0.0,0,0.0,1.0,1.0
26,98723.67,1,1,0.6531647041909688,26.0,98723.67,26,1.0,0.0,0.0
24,0.0,3,0,0.0,8.0,0.0,0,0.0,0.0,0.0
43,137780.74,2,1,1.156848716688196,21.5,68890.37,43,0.0,0.0,1.0
29,0.0,1,1,0.0,29.0,0.0,29,0.0,0.0,0.0
51,148222.65,1,0,0.9443727742617337,51.0,148222.65,0,0.0,0.0,1.0
28,165969.26,3,0,1.0630732491287431,9.333333333333334,55323.08666666667,0,0.0,1.0,0.0
34,131244.65,2,0,0.7162874636343086,17.0,65622.325,0,0.0,0.0,0.0
54,123544.0,1,1,1.0268400175373344,54.0,123544.0,54,1.0,0.0,1.0
28,118890.81,1,1,0.8190443142736151,28.0,118890.81,28,0.0,0.0,0.0
33,94598.48,1,0,0.4789319706200385,33.0,94598.48,0,0.0,0.0,1.0
40,0.0,2,0,0.0,20.0,0.0,0,0.0,0.0,1.0
34,0.0,1,1,0.0,34.0,0.0,34,0.0,0.0,0.0
31,0.0,2,0,0.0,15.5,0.0,0,0.0,0.0,1.0
27,0.0,1,1,0.0,27.0,0.0,27,0.0,1.0,1.0
40,0.0,2,0,0.0,20.0,0.0,0,0.0,0.0,1.0
37,82500.28,1,1,0.715770992928033,37.0,82500.28,37,0.0,0.0,1.0
34,0.0,1,0,0.0,34.0,0.0,0,0.0,0.0,0.0
39,124548.99,2,1,1.0346308842357028,19.5,62274.495,39,1.0,0.0,1.0
40,113574.61,2,0,1.098442126626077,20.0,56787.305,0,1.0,0.0,1.0
32,0.0,2,1,0.0,16.0,0.0,32,0.0,1.0,0.0
32,123906.22,3,1,0.9722418866603338,10.666666666666666,41302.073333333334,32,1.0,0.0,1.0
38,106922.92,2,1,1.2688122203263341,19.0,53461.46,38,1.0,0.0,1.0
37,100431.84,1,0,2.858009094352412,37.0,100431.84,0,1.0,0.0,0.0
28,124540.28,1,1,0.6594635587896884,28.0,124540.28,28,0.0,0.0,0.0
42,88120.97,2,1,4.130692413053445,21.0,44060.485,42,1.0,0.0,1.0
33,70541.06,1,0,0.7962391977677644,33.0,70541.06,0,1.0,0.0,0.0
36,113546.3,1,1,0.8418608972119965,36.0,113546.3,36,1.0,0.0,1.0
46,0.0,1,0,0.0,46.0,0.0,0,0.0,1.0,1.0
42,0.0,1,0,0.0,42.0,0.0,0,0.0,0.0,0.0
27,131899.0,1,0,1.413673769421951,27.0,131899.0,0,1.0,0.0,1.0
50,132088.59,1,1,1.0298330434842269,50.0,132088.59,50,0.0,1.0,0.0
43,102338.19,1,1,1.2848547174487464,43.0,102338.19,43,0.0,0.0,1.0
29,144553.5,2,0,1.0076578047672806,14.5,72276.75,0,1.0,0.0,1.0
26,0.0,2,0,0.0,13.0,0.0,0,0.0,1.0,0.0
35,113635.16,1,0,1.2503439582619964,35.0,113635.16,0,0.0,1.0,1.0
25,121166.89,1,1,1.0509908903111018,25.0,121166.89,25,0.0,1.0,0.0
53,117005.55,1,1,0.9462903014616579,53.0,117005.55,53,1.0,0.0,1.0
50,105229.72,1,1,6.46307506350696,50.0,105229.72,50,0.0,0.0,1.0
29,116536.43,1,0,2.241602916365876,29.0,116536.43,0,0.0,0.0,0.0
32,141528.88,1,1,0.8470353289483213,32.0,141528.88,32,1.0,0.0,0.0
48,132876.23,1,0,1.6764649960503293,48.0,132876.23,0,0.0,1.0,1.0
29,127269.75,1,1,1.6009778475403678,29.0,127269.75,29,1.0,0.0,1.0
43,0.0,2,1,0.0,21.5,0.0,43,0.0,1.0,0.0
40,115465.98,1,1,1.904668571676475,40.0,115465.98,40,0.0,0.0,0.0
29,119670.18,1,0,0.6364675407892803,29.0,119670.18,0,0.0,1.0,0.0
22,0.0,2,0,0.0,11.0,0.0,0,0.0,0.0,0.0
43,84673.17,2,1,1.0315762350399937,21.5,42336.585,43,1.0,0.0,1.0
47,0.0,2,1,0.0,23.5,0.0,47,0.0,0.0,1.0
28,111071.36,1,0,1.5157953577134984,28.0,111071.36,0,1.0,0.0,0.0
30,205770.78,2,0,3.1432345329525884,15.0,102885.39,0,1.0,0.0,0.0
53,115029.4,1,0,0.60060885127567,53.0,115029.4,0,0.0,0.0,1.0
45,92786.66,1,0,0.5352070966666456,45.0,92786.66,0,0.0,0.0,0.0
21,0.0,2,0,0.0,10.5,0.0,0,0.0,1.0,1.0
41,0.0,2,0,0.0,20.5,0.0,0,0.0,0.0,1.0
33,131698.57,2,0,0.8685870849788797,16.5,65849.285,0,0.0,0.0,0.0
33,0.0,2,0,0.0,16.5,0.0,0,0.0,1.0,0.0
38,123345.85,1,0,0.8696872116001494,38.0,123345.85,0,0.0,0.0,1.0
47,105603.21,2,1,0.6710892604198375,23.5,52801.605,47,0.0,1.0,1.0
29,0.0,2,1,0.0,14.5,0.0,29,0.0,1.0,1.0
23,0.0,2,0,0.0,11.5,0.0,0,0.0,0.0,1.0
30,109786.82,2,1,0.7858035351232289,15.0,54893.41,30,1.0,0.0,1.0
29,0.0,1,1,0.0,29.0,0.0,29,0.0,0.0,1.0
33,103377.81,1,0,1.2245685785961535,33.0,103377.81,0,0.0,0.0,0.0
47,99835.17,1,1,1.1204461575669968,47.0,99835.17,47,0.0,1.0,1.0
67,0.0,2,1,0.0,33.5,0.0,67,0.0,1.0,0.0
27,0.0,2,0,0.0,13.5,0.0,0,0.0,0.0,0.0
40,95312.8,1,1,1.514229542575036,40.0,95312.8,40,0.0,1.0,1.0
26,0.0,2,1,0.0,13.0,0.0,26,0.0,1.0,1.0
34,105302.66,1,1,0.8549724812176709,34.0,105302.66,34,0.0,0.0,1.0
42,132796.04,3,1,0.692290196060032,14.0,44265.34666666667,42,1.0,0.0,0.0
36,140137.15,1,0,0.7220835031789273,36.0,140137.15,0,0.0,1.0,0.0
57,89079.41,1,1,1.6750796034766218,57.0,89079.41,57,0.0,0.0,1.0
41,101960.74,1,1,0.825277092300211,41.0,101960.74,41,0.0,0.0,1.0
26,147527.03,1,0,2.8870508865438373,26.0,147527.03,0,1.0,0.0,1.0
36,110414.48,1,1,2.254049049759161,36.0,110414.48,36,0.0,0.0,0.0
39,101928.51,1,0,1.1426253347045487,39.0,101928.51,0,0.0,0.0,0.0
49,102286.6,3,0,1.4736713501361562,16.333333333333332,34095.53333333333,0,1.0,0.0,0.0
47,121797.09,1,1,20.956501316264905,47.0,121797.09,47,0.0,0.0,1.0
71,142550.25,2,1,1.1636111078913347,35.5,71275.125,71,1.0,0.0,1.0
50,0.0,1,0,0.0,50.0,0.0,0,0.0,0.0,0.0
32,0.0,2,0,0.0,16.0,0.0,0,0.0,0.0,1.0
47,116393.59,1,0,1.8460135331028755,47.0,116393.59,0,0.0,1.0,0.0
48,129387.94,1,1,0.8745033571149675,48.0,129387.94,48,0.0,0.0,1.0
34,0.0,2,0,0.0,17.0,0.0,0,0.0,1.0,1.0
29,0.0,2,1,0.0,14.5,0.0,29,0.0,0.0,1.0
40,0.0,1,0,0.0,40.0,0.0,0,0.0,1.0,0.0
45,0.0,2,1,0.0,22.5,0.0,45,0.0,1.0,0.0
26,0.0,2,1,0.0,13.0,0.0,26,0.0,1.0,0.0
40,0.0,2,0,0.0,20.0,0.0,0,0.0,0.0,0.0
23,0.0,2,0,0.0,11.5,0.0,0,0.0,1.0,1.0
46,127209.0,2,0,1.6434007980006706,23.0,63604.5,0,0.0,1.0,1.0
30,0.0,2,1,0.0,15.0,0.0,30,0.0,0.0,1.0
29,114590.58,1,0,1.5160395885558973,29.0,114590.58,0,0.0,0.0,1.0
34,0.0,1,1,0.0,34.0,0.0,34,0.0,1.0,0.0
37,124140.57,2,0,1.3373419293120972,18.5,62070.285,0,0.0,1.0,0.0
47,0.0,2,0,0.0,23.5,0.0,0,0.0,0.0,0.0
31,0.0,2,1,0.0,15.5,0.0,31,0.0,0.0,0.0
31,0.0,1,1,0.0,31.0,0.0,31,0.0,1.0,0.0
41,0.0,2,1,0.0,20.5,0.0,41,0.0,0.0,0.0
23,72012.76,1,0,0.44636064520659824,23.0,72012.76,0,1.0,0.0,1.0
42,120233.83,1,0,0.6169307117495261,42.0,120233.83,0,0.0,1.0,1.0
51,0.0,1,1,0.0,51.0,0.0,51,0.0,1.0,1.0
33,0.0,2,1,0.0,16.5,0.0,33,0.0,1.0,1.0
35,0.0,2,0,0.0,17.5,0.0,0,0.0,1.0,1.0
42,0.0,2,0,0.0,21.0,0.0,0,0.0,1.0,1.0
35,128653.59,1,0,1.0085868998213052,35.0,128653.59,0,0.0,0.0,1.0
27,0.0,2,1,0.0,13.5,0.0,27,0.0,0.0,1.0
34,0.0,2,0,0.0,17.0,0.0,0,0.0,1.0,1.0
31,133003.03,1,1,0.9088676607447885,31.0,133003.03,31,1.0,0.0,0.0
30,0.0,1,0,0.0,30.0,0.0,0,0.0,1.0,0.0
35,0.0,2,0,0.0,17.5,0.0,0,0.0,1.0,1.0
35,149995.72,2,0,3.559161959540665,17.5,74997.86,0,1.0,0.0,1.0
28,0.0,2,0,0.0,14.0,0.0,0,0.0,1.0,1.0
42,147187.84,1,1,9.899013648585575,42.0,147187.84,42,0.0,1.0,0.0
25,0.0,2,0,0.0,12.5,0.0,0,0.0,0.0,0.0
50,0.0,2,0,0.0,25.0,0.0,0,0.0,1.0,1.0
41,139659.04,1,1,0.7923731938861912,41.0,139659.04,41,1.0,0.0,0.0
47,105245.21,1,0,1.0532728101736875,47.0,105245.21,0,1.0,0.0,1.0
39,0.0,2,0,0.0,19.5,0.0,0,0.0,1.0,1.0
45,0.0,2,0,0.0,22.5,0.0,0,0.0,0.0,1.0
35,0.0,1,0,0.0,35.0,0.0,0,0.0,0.0,1.0
32,0.0,2,1,0.0,16.0,0.0,32,0.0,0.0,1.0
31,0.0,2,1,0.0,15.5,0.0,31,0.0,0.0,1.0
36,70784.27,1,0,2.314737954638059,36.0,70784.27,0,0.0,0.0,0.0
38,0.0,1,1,0.0,38.0,0.0,38,0.0,1.0,1.0
42,0.0,1,0,0.0,42.0,0.0,0,0.0,0.0,0.0
41,126670.37,1,0,1.2367006013899198,41.0,126670.37,0,0.0,0.0,0.0
43,0.0,2,1,0.0,21.5,0.0,43,0.0,0.0,1.0
41,153198.23,1,1,1.6635642427719906,41.0,153198.23,41,0.0,0.0,1.0
32,146602.25,2,1,2.0097104813840745,16.0,73301.125,32,1.0,0.0,0.0
26,83600.24,1,1,1.4122843041774609,26.0,83600.24,26,0.0,1.0,1.0
39,140004.96,1,1,1.5056598976746767,39.0,140004.96,39,0.0,0.0,1.0
36,0.0,2,0,0.0,18.0,0.0,0,0.0,1.0,1.0
36,0.0,2,0,0.0,18.0,0.0,0,0.0,0.0,0.0
33,88294.6,1,0,1.3182418505126827,33.0,88294.6,0,0.0,0.0,1.0
35,183027.25,1,1,3.2666643345323,35.0,183027.25,35,0.0,0.0,1.0
40,147754.68,1,1,1.3376977262846605,40.0,147754.68,40,0.0,0.0,1.0
40,98627.13,2,0,1.2648121533223158,20.0,49313.565,0,0.0,0.0,1.0
47,144900.58,1,0,2.363201592031492,47.0,144900.58,0,0.0,0.0,1.0
35,137948.51,1,0,1.2139118884924311,35.0,137948.51,0,0.0,1.0,1.0
40,169742.64,1,1,1.1055447999528456,40.0,169742.64,40,0.0,0.0,1.0
51,138214.5,1,0,0.6955404081427663,51.0,138214.5,0,1.0,0.0,0.0
51,104760.82,1,1,0.6327109228266616,51.0,104760.82,51,0.0,0.0,0.0
27,0.0,2,0,0.0,13.5,0.0,0,0.0,0.0,0.0
33,0.0,2,0,0.0,16.5,0.0,0,0.0,0.0,1.0
38,153058.64,1,0,1.5401775476424338,38.0,153058.64,0,1.0,0.0,0.0
38,0.0,2,1,0.0,19.0,0.0,38,0.0,0.0,0.0
41,141806.46,1,0,1.3778162451903724,41.0,141806.46,0,0.0,0.0,0.0
44,81553.93,1,0,4.064764451896291,44.0,81553.93,0,0.0,0.0,0.0
36,169312.72,1,0,3.728198010793567,36.0,169312.72,0,0.0,1.0,1.0
33,0.0,2,1,0.0,16.5,0.0,33,0.0,1.0,1.0
44,115282.3,1,0,4.850642082940622,44.0,115282.3,0,0.0,0.0,1.0
50,0.0,2,0,0.0,25.0,0.0,0,0.0,0.0,1.0
30,0.0,2,0,0.0,15.0,0.0,0,0.0,0.0,1.0
30,0.0,1,1,0.0,30.0,0.0,30,0.0,0.0,0.0
29,0.0,2,0,0.0,14.5,0.0,0,0.0,1.0,0.0
22,114991.45,1,1,3.0752494613901806,22.0,114991.45,22,0.0,0.0,1.0
37,70258.88,2,0,0.5032596718760532,18.5,35129.44,0,1.0,0.0,0.0
34,96019.5,1,0,10.569014859658779,34.0,96019.5,0,0.0,0.0,0.0
39,0.0,2,0,0.0,19.5,0.0,0,0.0,0.0,0.0
62,123681.32,3,0,0.7125048743673404,20.666666666666668,41227.10666666667,0,0.0,0.0,0.0
37,121854.45,1,0,0.8260123026260267,37.0,121854.45,0,0.0,0.0,1.0
34,103108.17,1,0,0.8206190176559979,34.0,103108.17,0,0.0,0.0,1.0
33,121685.31,2,1,1.4541401212232454,16.5,60842.655,33,0.0,0.0,0.0
62,111065.93,2,1,0.8838536923829742,31.0,55532.965,62,0.0,0.0,0.0
38,0.0,2,0,0.0,19.0,0.0,0,0.0,0.0,1.0
31,67996.23,2,0,1.3564014827886046,15.5,33998.115,0,0.0,0.0,1.0
42,0.0,1,0,0.0,42.0,0.0,0,0.0,1.0,0.0
47,97023.21,1,1,44.74971980462426,47.0,97023.21,47,0.0,0.0,1.0
35,71553.83,1,0,0.403382765512986,35.0,71553.83,0,1.0,0.0,1.0
28,113690.83,1,0,3.433291236640189,28.0,113690.83,0,1.0,0.0,1.0
35,0.0,2,0,0.0,17.5,0.0,0,0.0,0.0,0.0
33,99106.73,1,0,0.5096320341478613,33.0,99106.73,0,0.0,1.0,1.0
37,0.0,2,0,0.0,18.5,0.0,0,0.0,0.0,1.0
23,143054.85,1,1,2.27139837182539,23.0,143054.85,23,0.0,1.0,0.0
53,110240.04,1,0,0.5991939583182049,53.0,110240.04,0,0.0,0.0,0.0
41,134177.06,1,0,0.7558987364192419,41.0,134177.06,0,0.0,1.0,0.0
34,0.0,2,0,0.0,17.0,0.0,0,0.0,0.0,0.0
46,134593.79,1,1,2.9015805720516608,46.0,134593.79,46,0.0,1.0,0.0
49,0.0,1,0,0.0,49.0,0.0,0,0.0,0.0,0.0
39,0.0,2,0,0.0,19.5,0.0,0,0.0,0.0,1.0
49,0.0,1,1,0.0,49.0,0.0,49,0.0,0.0,0.0
40,102833.46,2,1,2.6483599546834835,20.0,51416.73,40,0.0,0.0,1.0
34,40105.51,2,1,0.7494653551641346,17.0,20052.755,34,1.0,0.0,1.0
18,82767.42,1,0,1.1525585592360041,18.0,82767.42,0,0.0,0.0,0.0
34,0.0,1,0,0.0,34.0,0.0,0,0.0,1.0,1.0
60,148846.39,1,0,0.7718980497342579,60.0,148846.39,0,1.0,0.0,1.0
35,147936.42,1,1,1.3853579645963834,35.0,147936.42,35,0.0,1.0,0.0
31,0.0,2,1,0.0,15.5,0.0,31,0.0,1.0,1.0
28,0.0,3,0,0.0,9.333333333333334,0.0,0,0.0,0.0,0.0
32,130627.66,1,0,2.7698091123538924,32.0,130627.66,0,1.0,0.0,1.0
33,123783.91,2,1,0.8662066497489493,16.5,61891.955,33,0.0,1.0,1.0
28,122724.37,1,1,1.830142652690752,28.0,122724.37,28,0.0,0.0,1.0
39,140553.46,1,0,11.298110034693305,39.0,140553.46,0,0.0,1.0,0.0
47,139914.27,1,1,2.776573704262151,47.0,139914.27,47,0.0,0.0,0.0
39,109724.38,1,1,0.609504073354431,39.0,109724.38,39,0.0,0.0,1.0
40,94607.08,1,0,2.5785177575987674,40.0,94607.08,0,1.0,0.0,1.0
60,101070.69,1,0,0.5698753015125528,60.0,101070.69,0,0.0,0.0,0.0
53,123845.36,2,1,0.7265578062189225,26.5,61922.68,53,0.0,0.0,0.0
35,0.0,2,1,0.0,17.5,0.0,35,0.0,1.0,1.0
34,158741.43,2,1,1.2579303816216079,17.0,79370.715,34,0.0,0.0,1.0
37,114754.08,1,0,0.8434671729102824,37.0,114754.08,0,1.0,0.0,0.0
44,0.0,1,0,0.0,44.0,0.0,0,0.0,1.0,1.0
34,84055.43,1,0,2.2420257854985377,34.0,84055.43,0,0.0,0.0,1.0
39,112290.22,1,0,2.274279747000292,39.0,112290.22,0,1.0,0.0,1.0
22,97975.82,2,1,1.5781424866710694,11.0,48987.91,22,1.0,0.0,0.0
67,0.0,1,1,0.0,67.0,0.0,67,0.0,0.0,0.0
33,144962.74,1,0,2.4634741125984876,33.0,144962.74,0,1.0,0.0,1.0
41,165445.04,2,0,1.9285491059225428,20.5,82722.52,0,0.0,1.0,1.0
25,0.0,2,0,0.0,12.5,0.0,0,0.0,0.0,0.0
32,148884.47,2,1,1.6366799435885637,16.0,74442.235,32,0.0,0.0,1.0
40,121629.22,1,1,37.325606088504266,40.0,121629.22,40,0.0,1.0,1.0
30,0.0,2,1,0.0,15.0,0.0,30,0.0,0.0,1.0
30,105128.85,2,1,1.6694504378365478,15.0,52564.425,30,1.0,0.0,1.0
59,0.0,2,1,0.0,29.5,0.0,59,0.0,1.0,1.0
40,115409.18,2,0,0.6395391029875295,20.0,57704.59,0,1.0,0.0,0.0
27,107812.67,1,1,0.6634551130901111,27.0,107812.67,27,0.0,1.0,0.0
41,119276.31,1,0,0.9754010283243043,41.0,119276.31,0,1.0,0.0,1.0
32,0.0,2,0,0.0,16.0,0.0,0,0.0,1.0,1.0
22,65763.57,1,1,0.4510780117511241,22.0,65763.57,22,0.0,0.0,0.0
37,158411.95,4,1,1.3460036478705433,9.25,39602.9875,37,1.0,0.0,0.0
59,148021.12,1,1,1.9768247696059014,59.0,148021.12,59,0.0,1.0,0.0
53,98268.84,1,1,2.1818954494053835,53.0,98268.84,53,1.0,0.0,0.0
24,0.0,1,1,0.0,24.0,0.0,24,0.0,0.0,1.0
31,110941.93,2,0,0.6786070019965159,15.5,55470.965,0,1.0,0.0,0.0
48,131834.8,1,0,0.7919102314164211,48.0,131834.8,0,1.0,0.0,1.0
46,106968.96,1,1,1.3477766194455176,46.0,106968.96,46,1.0,0.0,1.0
43,0.0,3,0,0.0,14.333333333333334,0.0,0,0.0,0.0,0.0
37,128645.67,1,0,1.3960517914123158,37.0,128645.67,0,0.0,0.0,0.0
39,0.0,2,1,0.0,19.5,0.0,39,0.0,0.0,1.0
31,127070.73,1,1,0.7895447036810453,31.0,127070.73,31,0.0,0.0,0.0
30,112372.96,1,1,0.9520785087811827,30.0,112372.96,30,1.0,0.0,1.0
56,127585.98,3,1,1.5830804696508365,18.666666666666668,42528.659999999996,56,1.0,0.0,0.0
41,89086.31,1,0,3.636180370833107,41.0,89086.31,0,0.0,0.0,1.0
36,155180.56,2,0,0.9159759488415289,18.0,77590.28,0,0.0,1.0,0.0
38,95139.41,1,1,1.0989189084297097,38.0,95139.41,38,0.0,0.0,0.0
49,0.0,2,0,0.0,24.5,0.0,0,0.0,1.0,0.0
66,0.0,2,1,0.0,33.0,0.0,66,0.0,0.0,0.0
27,0.0,2,1,0.0,13.5,0.0,27,0.0,1.0,1.0
39,132906.88,1,1,0.8896970052367573,39.0,132906.88,39,1.0,0.0,1.0
35,0.0,2,1,0.0,17.5,0.0,35,0.0,0.0,1.0
28,0.0,2,1,0.0,14.0,0.0,28,0.0,0.0,1.0
20,204223.03,1,0,1.5921539983467479,20.0,204223.03,0,0.0,1.0,1.0
34,0.0,2,1,0.0,17.0,0.0,34,0.0,0.0,1.0
35,137852.96,1,1,0.8002182165925066,35.0,137852.96,35,1.0,0.0,0.0
34,0.0,2,1,0.0,17.0,0.0,34,0.0,0.0,1.0
35,61172.04,1,0,0.7374468241055697,35.0,61172.04,0,0.0,1.0,1.0
38,97266.1,1,1,1.0481573641799438,38.0,97266.1,38,0.0,1.0,0.0
33,188285.68,1,0,3.2260618457218615,33.0,188285.68,0,0.0,0.0,0.0
59,135296.33,1,0,0.7400420079585389,59.0,135296.33,0,1.0,0.0,0.0
40,62389.03,3,0,0.41977923669235734,13.333333333333334,20796.343333333334,0,1.0,0.0,1.0
40,102967.41,1,0,0.8000445214180655,40.0,102967.41,0,0.0,0.0,0.0
37,152760.24,1,1,3.1181604596809582,37.0,152760.24,37,0.0,1.0,0.0
58,128137.42,2,0,0.8679319509767751,29.0,64068.71,0,1.0,0.0,1.0
44,0.0,2,1,0.0,22.0,0.0,44,0.0,0.0,0.0
36,120165.4,2,0,3.5655801670548786,18.0,60082.7,0,0.0,0.0,1.0
38,0.0,2,0,0.0,19.0,0.0,0,0.0,0.0,0.0
33,129574.98,1,1,1.0508887320541915,33.0,129574.98,33,0.0,0.0,1.0
28,109960.06,2,1,0.6436816933713057,14.0,54980.03,28,1.0,0.0,1.0
47,128486.11,1,0,0.7168898880928288,47.0,128486.11,0,0.0,1.0,0.0
40,161766.87,1,0,1.7511304032300143,40.0,161766.87,0,0.0,1.0,1.0
48,138232.24,1,0,2.4000827852801936,48.0,138232.24,0,1.0,0.0,0.0
31,137411.29,1,1,0.8489778318838259,31.0,137411.29,31,0.0,0.0,0.0
73,66573.17,1,1,1.0606092517301589,73.0,66573.17,73,0.0,0.0,1.0
59,69129.59,1,1,0.4049639750979362,59.0,69129.59,59,1.0,0.0,1.0
37,118050.79,1,1,2.25713564615692,37.0,118050.79,37,1.0,0.0,1.0
39,0.0,2,0,0.0,19.5,0.0,0,0.0,1.0,1.0
40,0.0,2,0,0.0,20.0,0.0,0,0.0,0.0,0.0
49,78653.84,1,0,10.216641986854752,49.0,78653.84,0,0.0,0.0,1.0
45,0.0,2,0,0.0,22.5,0.0,0,0.0,1.0,0.0
29,0.0,2,1,0.0,14.5,0.0,29,0.0,1.0,1.0
53,0.0,2,1,0.0,26.5,0.0,53,0.0,1.0,1.0
62,64119.38,1,1,0.8373995228396006,62.0,64119.38,62,0.0,1.0,1.0
49,154344.49,2,1,3.9785075591764514,24.5,77172.245,49,0.0,0.0,1.0
46,135369.71,1,1,0.966027955996929,46.0,135369.71,46,0.0,0.0,1.0
29,102787.42,1,0,1.8363894736992556,29.0,102787.42,0,0.0,0.0,1.0
49,0.0,2,0,0.0,24.5,0.0,0,0.0,1.0,1.0
49,108204.52,1,0,0.6401201056520837,49.0,108204.52,0,1.0,0.0,1.0
33,142871.27,2,0,1.8378595706133407,16.5,71435.635,0,1.0,0.0,1.0
52,106723.28,1,0,0.9705610383374379,52.0,106723.28,0,0.0,0.0,1.0
33,127818.52,1,0,0.7818735845887275,33.0,127818.52,0,0.0,0.0,1.0
23,122739.1,1,0,1.1979122950778074,23.0,122739.1,0,1.0,0.0,0.0
52,125095.94,1,0,0.7307439933785786,52.0,125095.94,0,0.0,0.0,0.0
33,132150.26,2,0,5.728733824432752,16.5,66075.13,0,0.0,0.0,1.0
71,113317.1,1,0,1.0467297541008895,71.0,113317.1,0,1.0,0.0,0.0
38,96798.79,2,1,21.252646185124277,19.0,48399.395,38,0.0,1.0,1.0
35,0.0,1,0,0.0,35.0,0.0,0,0.0,0.0,1.0
23,93522.2,1,1,1.148560016928335,23.0,93522.2,23,0.0,0.0,0.0
31,91292.7,1,1,0.5630171051859871,31.0,91292.7,31,0.0,1.0,0.0
47,104887.43,1,0,1.2108558093873005,47.0,104887.43,0,1.0,0.0,0.0
54,0.0,1,0,0.0,54.0,0.0,0,0.0,0.0,1.0
55,0.0,3,0,0.0,18.333333333333332,0.0,0,0.0,1.0,0.0
58,102346.86,1,1,0.8925133318636425,58.0,102346.86,58,0.0,0.0,0.0
36,0.0,2,0,0.0,18.0,0.0,0,0.0,0.0,1.0
37,89728.86,2,1,2.405929714749049,18.5,44864.43,37,1.0,0.0,1.0
53,83568.26,1,0,67.63977045544682,53.0,83568.26,0,0.0,0.0,1.0
34,106603.74,2,1,4.0399011509524705,17.0,53301.87,34,0.0,0.0,1.0
39,93148.74,2,1,0.4883381797337386,19.5,46574.37,39,1.0,0.0,0.0
40,0.0,2,0,0.0,20.0,0.0,0,0.0,0.0,1.0
39,52106.33,2,1,0.48262528486252315,19.5,26053.165,39,1.0,0.0,1.0
41,122552.48,2,1,1.0157988966102593,20.5,61276.24,41,1.0,0.0,1.0
40,0.0,1,0,0.0,40.0,0.0,0,0.0,0.0,0.0
26,0.0,2,0,0.0,13.0,0.0,0,0.0,0.0,1.0
30,111375.32,2,0,41.18772673986443,15.0,55687.66,0,1.0,0.0,1.0
54,120952.74,1,0,1.8062582181393798,54.0,120952.74,0,0.0,1.0,0.0
42,0.0,2,0,0.0,21.0,0.0,0,0.0,1.0,1.0
37,0.0,1,1,0.0,37.0,0.0,37,0.0,1.0,1.0
39,0.0,2,0,0.0,19.5,0.0,0,0.0,0.0,1.0
27,0.0,2,0,0.0,13.5,0.0,0,0.0,0.0,0.0
33,122325.58,1,0,3.5239796568021635,33.0,122325.58,0,1.0,0.0,0.0
37,96652.86,1,0,0.9793939185135947,37.0,96652.86,0,0.0,0.0,0.0
80,0.0,2,1,0.0,40.0,0.0,80,0.0,1.0,1.0
48,0.0,1,0,0.0,48.0,0.0,0,0.0,0.0,0.0
20,0.0,2,0,0.0,10.0,0.0,0,0.0,0.0,0.0
41,56214.85,2,0,0.6045738014882568,20.5,28107.425,0,0.0,0.0,0.0
57,173306.13,1,1,1.3132768272960351,57.0,173306.13,57,0.0,1.0,0.0
19,0.0,2,1,0.0,9.5,0.0,19,0.0,0.0,0.0
35,0.0,2,0,0.0,17.5,0.0,0,0.0,1.0,1.0
36,0.0,1,1,0.0,36.0,0.0,36,0.0,0.0,1.0
35,178317.6,1,0,0.9032002651692277,35.0,178317.6,0,1.0,0.0,0.0
22,118680.57,1,1,2.3817187706954472,22.0,118680.57,22,0.0,1.0,1.0
25,0.0,2,1,0.0,12.5,0.0,25,0.0,0.0,0.0
33,83134.3,1,0,0.44232948144033507,33.0,83134.3,0,0.0,0.0,1.0
37,0.0,2,0,0.0,18.5,0.0,0,0.0,1.0,0.0
28,0.0,2,1,0.0,14.0,0.0,28,0.0,0.0,1.0
28,106070.29,2,1,0.5768034193304803,14.0,53035.145,28,1.0,0.0,1.0
28,167268.98,1,1,0.9870164094617728,28.0,167268.98,28,0.0,0.0,1.0
39,143637.58,2,1,0.8244246636842851,19.5,71818.79,39,0.0,1.0,1.0
34,83074.0,1,0,0.6261549994791714,34.0,83074.0,0,0.0,0.0,1.0
42,190305.78,1,0,1.915551023777074,42.0,190305.78,0,0.0,1.0,0.0
36,107379.68,1,1,1.2713645649346237,36.0,107379.68,36,0.0,0.0,1.0
41,138881.04,1,0,1.0688375316779661,41.0,138881.04,0,1.0,0.0,0.0
40,166082.15,2,1,3.740069229118386,20.0,83041.075,40,1.0,0.0,1.0
36,153804.44,1,1,1.7635427978727565,36.0,153804.44,36,0.0,1.0,1.0
40,110086.69,1,0,0.6890187549671991,40.0,110086.69,0,1.0,0.0,0.0
37,212778.2,1,1,3.067166881351906,37.0,212778.2,37,0.0,0.0,0.0
35,121952.75,2,1,0.8537727784871193,17.5,60976.375,35,1.0,0.0,0.0
34,92899.27,2,0,0.9531464802712005,17.0,46449.635,0,0.0,0.0,0.0
38,162888.73,1,0,1.7880455233419206,38.0,162888.73,0,0.0,0.0,1.0
37,101455.7,1,0,3.931844367392289,37.0,101455.7,0,0.0,0.0,0.0
36,111629.29,1,1,5.1189283703150705,36.0,111629.29,36,0.0,1.0,1.0
23,94464.81,2,1,0.5081461152846614,11.5,47232.405,23,0.0,0.0,0.0
23,0.0,2,1,0.0,11.5,0.0,23,0.0,1.0,0.0
44,0.0,2,0,0.0,22.0,0.0,0,0.0,1.0,0.0
55,91893.32,1,0,0.6343145053630048,55.0,91893.32,0,0.0,1.0,0.0
27,0.0,2,1,0.0,13.5,0.0,27,0.0,1.0,0.0
29,82344.84,1,1,0.709958789633659,29.0,82344.84,29,0.0,0.0,0.0
34,106005.54,1,1,0.7413217439563755,34.0,106005.54,34,0.0,0.0,1.0
43,0.0,2,0,0.0,21.5,0.0,0,0.0,1.0,1.0
30,0.0,1,0,0.0,30.0,0.0,0,0.0,1.0,0.0
34,80242.37,2,0,1.41319125051932,17.0,40121.185,0,1.0,0.0,1.0
44,0.0,2,1,0.0,22.0,0.0,44,0.0,1.0,0.0
28,134571.5,1,1,1.1374157343827045,28.0,134571.5,28,0.0,0.0,0.0
31,156111.24,1,0,1.1581748123053557,31.0,156111.24,0,0.0,0.0,1.0
41,129553.76,2,0,0.6905858108590734,20.5,64776.88,0,0.0,0.0,0.0
59,110939.3,1,0,1.5229170676234904,59.0,110939.3,0,1.0,0.0,1.0
35,76989.97,1,1,4.465052929369318,35.0,76989.97,35,1.0,0.0,1.0
40,129248.11,2,0,1.7735241696114918,20.0,64624.055,0,1.0,0.0,0.0
33,115195.58,1,1,10.280271295346036,33.0,115195.58,33,0.0,0.0,1.0
26,0.0,2,0,0.0,13.0,0.0,0,0.0,0.0,1.0
34,141796.43,1,0,3.0920431527509953,34.0,141796.43,0,0.0,0.0,1.0
37,68598.56,1,0,0.43454538567092615,37.0,68598.56,0,0.0,0.0,0.0
32,0.0,3,1,0.0,10.666666666666666,0.0,32,0.0,1.0,0.0
41,0.0,2,1,0.0,20.5,0.0,41,0.0,0.0,0.0
45,127864.4,1,0,1.4678907929586371,45.0,127864.4,0,0.0,0.0,1.0
36,0.0,2,1,0.0,18.0,0.0,36,0.0,0.0,0.0
36,143421.74,1,0,1.4652960358614133,36.0,143421.74,0,1.0,0.0,1.0
57,138456.03,2,1,1.3371160787362413,28.5,69228.015,57,1.0,0.0,1.0
35,105492.53,1,1,0.7030154501083586,35.0,105492.53,35,0.0,1.0,1.0
40,0.0,2,1,0.0,20.0,0.0,40,0.0,0.0,1.0
33,0.0,1,0,0.0,33.0,0.0,0,0.0,0.0,0.0
49,90218.9,1,0,0.9876421709738695,49.0,90218.9,0,0.0,0.0,1.0
48,134542.73,1,1,2.311584991118258,48.0,134542.73,48,1.0,0.0,1.0
35,156687.1,1,0,0.7861052312812158,35.0,156687.1,0,0.0,0.0,1.0
29,99250.08,1,1,0.7656447715067128,29.0,99250.08,29,0.0,1.0,0.0
43,131433.33,2,1,37.57997443837332,21.5,65716.665,43,1.0,0.0,0.0
38,0.0,2,1,0.0,19.0,0.0,38,0.0,1.0,0.0
50,125437.64,1,1,7.309485377840608,50.0,125437.64,50,1.0,0.0,1.0
48,139714.4,2,0,1.9121482393078544,24.0,69857.2,0,1.0,0.0,1.0
76,160979.68,1,1,11.624273391206897,76.0,160979.68,76,0.0,0.0,0.0
37,128389.63,1,1,19.484976840750566,37.0,128389.63,37,1.0,0.0,0.0
34,94108.54,2,0,0.5309810618330296,17.0,47054.27,0,1.0,0.0,1.0
31,138166.3,1,0,10.693630165559505,31.0,138166.3,0,1.0,0.0,1.0
35,161613.94,2,1,1.0902316920285573,17.5,80806.97,35,0.0,0.0,1.0
40,0.0,1,1,0.0,40.0,0.0,40,0.0,0.0,1.0
45,143129.41,2,1,2.2250195329320728,22.5,71564.705,45,1.0,0.0,1.0
22,0.0,2,0,0.0,11.0,0.0,0,0.0,0.0,1.0
26,78892.23,1,1,3.328291747386042,26.0,78892.23,26,0.0,0.0,0.0
92,121513.31,1,1,0.621348081515416,92.0,121513.31,92,0.0,0.0,1.0
54,187997.15,1,0,1.6869398635406478,54.0,187997.15,0,0.0,1.0,0.0
21,137910.45,1,1,0.7781209751582685,21.0,137910.45,21,0.0,0.0,1.0
35,87619.29,1,0,611.2689409794892,35.0,87619.29,0,0.0,0.0,1.0
25,100913.57,1,0,9.53839704642467,25.0,100913.57,0,0.0,1.0,1.0
36,0.0,1,0,0.0,36.0,0.0,0,0.0,0.0,1.0
27,0.0,2,1,0.0,13.5,0.0,27,0.0,0.0,1.0
38,181804.34,2,1,3.1608410696462013,19.0,90902.17,38,1.0,0.0,1.0
28,0.0,1,1,0.0,28.0,0.0,28,0.0,0.0,0.0
36,0.0,1,0,0.0,36.0,0.0,0,0.0,1.0,0.0
43,0.0,4,0,0.0,10.75,0.0,0,0.0,0.0,1.0
28,82498.14,2,0,2.040130897749549,14.0,41249.07,0,1.0,0.0,0.0
29,0.0,2,0,0.0,14.5,0.0,0,0.0,0.0,1.0
42,121980.56,2,0,30.290527486826488,21.0,60990.28,0,1.0,0.0,0.0
46,123873.19,1,1,0.6965270023637562,46.0,123873.19,46,0.0,0.0,1.0
38,0.0,2,0,0.0,19.0,0.0,0,0.0,0.0,1.0
39,60263.23,1,0,0.35275626843441976,39.0,60263.23,0,1.0,0.0,1.0
25,131402.21,1,0,0.6784903935586011,25.0,131402.21,0,1.0,0.0,0.0
59,130854.59,1,1,4.2592401274374625,59.0,130854.59,59,1.0,0.0,1.0
45,0.0,2,1,0.0,22.5,0.0,45,0.0,0.0,0.0
26,0.0,1,0,0.0,26.0,0.0,0,0.0,0.0,1.0
27,0.0,2,0,0.0,13.5,0.0,0,0.0,1.0,0.0
41,91536.93,1,0,0.4780775748401384,41.0,91536.93,0,1.0,0.0,1.0
37,0.0,2,0,0.0,18.5,0.0,0,0.0,0.0,1.0
41,90350.77,1,0,1.1906330199849378,41.0,90350.77,0,0.0,1.0,0.0
36,0.0,2,0,0.0,18.0,0.0,0,0.0,0.0,1.0
43,0.0,1,0,0.0,43.0,0.0,0,0.0,1.0,1.0
42,77992.97,2,1,0.7966076368056912,21.0,38996.485,42,1.0,0.0,1.0
50,87116.71,1,1,0.8345942614112706,50.0,87116.71,50,0.0,1.0,0.0
40,112701.04,1,0,3.857823899323706,40.0,112701.04,0,0.0,0.0,1.0
38,0.0,2,0,0.0,19.0,0.0,0,0.0,0.0,0.0
40,63609.92,1,0,0.8485213419860119,40.0,63609.92,0,0.0,1.0,1.0
44,105934.96,1,0,1.2846255121496504,44.0,105934.96,0,1.0,0.0,1.0
31,130089.56,2,1,29.127506319675966,15.5,65044.78,31,1.0,0.0,0.0
74,0.0,2,1,0.0,37.0,0.0,74,0.0,1.0,0.0
39,0.0,2,1,0.0,19.5,0.0,39,0.0,1.0,0.0
64,0.0,2,1,0.0,32.0,0.0,64,0.0,0.0,1.0
33,112528.65,2,0,0.634455883982207,16.5,56264.325,0,0.0,0.0,0.0
37,163789.49,2,0,2.1598842871258546,18.5,81894.745,0,0.0,0.0,1.0
37,120825.7,1,0,4.275821726250616,37.0,120825.7,0,0.0,1.0,1.0
35,108269.2,2,0,0.6187875035891883,17.5,54134.6,0,1.0,0.0,0.0
40,0.0,1,1,0.0,40.0,0.0,40,0.0,0.0,0.0
34,0.0,2,0,0.0,17.0,0.0,0,0.0,0.0,1.0
23,107433.48,1,0,0.617990659514398,23.0,107433.48,0,0.0,0.0,1.0
39,0.0,2,1,0.0,19.5,0.0,39,0.0,1.0,1.0
47,107915.94,2,1,1.7007444031079784,23.5,53957.97,47,1.0,0.0,1.0
40,109628.44,1,0,0.5789234742894489,40.0,109628.44,0,1.0,0.0,0.0
45,109044.3,1,1,0.9415129717135896,45.0,109044.3,45,0.0,1.0,0.0
28,155519.59,1,0,84.37294655063909,28.0,155519.59,0,0.0,1.0,1.0
41,113980.21,1,1,0.9766586049779679,41.0,113980.21,41,0.0,0.0,1.0
34,0.0,2,0,0.0,17.0,0.0,0,0.0,0.0,0.0
28,103421.32,1,1,1.3553723340610735,28.0,103421.32,28,0.0,1.0,1.0
34,0.0,2,1,0.0,17.0,0.0,34,0.0,0.0,0.0
31,148913.72,2,0,2.7670268425186504,15.5,74456.86,0,1.0,0.0,0.0
27,0.0,2,1,0.0,13.5,0.0,27,0.0,0.0,1.0
28,0.0,1,1,0.0,28.0,0.0,28,0.0,0.0,0.0
25,0.0,2,1,0.0,12.5,0.0,25,0.0,1.0,1.0
37,98186.7,1,1,0.5662865630890905,37.0,98186.7,37,0.0,0.0,1.0
33,0.0,2,1,0.0,16.5,0.0,33,0.0,0.0,1.0
40,0.0,2,0,0.0,20.0,0.0,0,0.0,0.0,1.0
40,125608.72,1,0,1.028959934622983,40.0,125608.72,0,0.0,0.0,1.0
51,144953.31,1,1,0.8783176943435753,51.0,144953.31,51,0.0,0.0,1.0
42,0.0,1,0,0.0,42.0,0.0,0,0.0,1.0,0.0
31,114722.05,2,1,1.1685039820808145,15.5,57361.025,31,0.0,0.0,0.0
52,137755.76,1,0,0.8441330974639136,52.0,137755.76,0,1.0,0.0,1.0
34,0.0,2,1,0.0,17.0,0.0,34,0.0,0.0,0.0
37,93124.04,2,1,0.4749304516151932,18.5,46562.02,37,1.0,0.0,0.0
30,134497.27,1,0,3.1097246415882895,30.0,134497.27,0,1.0,0.0,1.0
47,157296.02,2,0,1.0680180390298837,23.5,78648.01,0,0.0,1.0,0.0
22,156834.34,1,0,3.5343395882855084,22.0,156834.34,0,0.0,0.0,0.0
36,146943.38,2,1,1.1299734046336765,18.0,73471.69,36,0.0,1.0,1.0
52,0.0,1,1,0.0,52.0,0.0,52,0.0,0.0,1.0
31,117551.23,1,0,0.7395070675501655,31.0,117551.23,0,0.0,1.0,1.0
44,0.0,2,1,0.0,22.0,0.0,44,0.0,0.0,1.0
54,144768.94,1,0,1.5510464845938825,54.0,144768.94,0,1.0,0.0,1.0
41,145809.53,2,1,2.786918813454166,20.5,72904.765,41,0.0,0.0,0.0
32,83772.95,1,1,3.5021184624999737,32.0,83772.95,32,0.0,0.0,0.0
28,0.0,2,0,0.0,14.0,0.0,0,0.0,0.0,1.0
34,185734.75,1,1,1.8202718391263075,34.0,185734.75,34,0.0,0.0,0.0
34,101633.04,1,0,0.9203264539260578,34.0,101633.04,0,1.0,0.0,0.0
29,130830.22,1,0,2.1430527483626554,29.0,130830.22,0,1.0,0.0,0.0
40,148571.07,1,0,0.7826658025814669,40.0,148571.07,0,1.0,0.0,0.0
28,0.0,2,0,0.0,14.0,0.0,0,0.0,0.0,1.0
64,153469.26,3,0,1.0470452876731058,21.333333333333332,51156.420000000006,0,1.0,0.0,0.0
33,89939.62,1,0,0.6587048536440836,33.0,89939.62,0,0.0,0.0,0.0
38,0.0,2,0,0.0,19.0,0.0,0,0.0,1.0,1.0
28,0.0,1,1,0.0,28.0,0.0,28,0.0,1.0,1.0
62,127706.33,2,1,0.8969546422617195,31.0,63853.165,62,0.0,0.0,1.0
32,71187.24,1,1,0.6436830623683356,32.0,71187.24,32,0.0,0.0,0.0
43,0.0,2,1,0.0,21.5,0.0,43,0.0,1.0,0.0
19,150348.37,1,1,0.8651448660072582,19.0,150348.37,19,1.0,0.0,1.0
42,0.0,1,0,0.0,42.0,0.0,0,0.0,1.0,0.0
41,0.0,2,0,0.0,20.5,0.0,0,0.0,0.0,0.0
50,162702.35,1,0,1.0807304622762766,50.0,162702.35,0,0.0,0.0,1.0
50,0.0,1,0,0.0,50.0,0.0,0,0.0,1.0,1.0
27,130274.26,2,0,0.883017226847211,13.5,65137.13,0,1.0,0.0,1.0
49,0.0,1,0,0.0,49.0,0.0,0,0.0,0.0,0.0
51,125268.03,2,0,0.7588219205880705,25.5,62634.015,0,0.0,0.0,1.0
36,136492.92,3,1,5.150619861141142,12.0,45497.64000000001,36,0.0,0.0,1.0
34,70302.48,1,1,1.0248121146886109,34.0,70302.48,34,0.0,0.0,0.0
30,133634.02,1,1,0.8246268896179739,30.0,133634.02,30,0.0,0.0,1.0
38,144432.04,1,1,1.9527562163709318,38.0,144432.04,38,0.0,0.0,0.0
43,160474.59,1,1,1.6722523877397093,43.0,160474.59,43,0.0,0.0,0.0
34,0.0,2,0,0.0,17.0,0.0,0,0.0,0.0,1.0
56,151802.29,1,0,3.244256331707597,56.0,151802.29,0,1.0,0.0,1.0
58,145984.92,1,1,5.942874124251467,58.0,145984.92,58,1.0,0.0,0.0
38,0.0,3,1,0.0,12.666666666666666,0.0,38,0.0,1.0,1.0
37,64345.21,1,1,1.0418702728802272,37.0,64345.21,37,0.0,1.0,0.0
38,127678.8,2,0,2.81089116082222,19.0,63839.4,0,0.0,0.0,1.0
38,0.0,1,1,0.0,38.0,0.0,38,0.0,0.0,1.0
63,0.0,1,0,0.0,63.0,0.0,0,0.0,0.0,0.0
29,0.0,2,0,0.0,14.5,0.0,0,0.0,0.0,0.0
31,129722.57,1,0,3.1503953701859797,31.0,129722.57,0,0.0,0.0,1.0
45,139859.23,1,1,1.2901840676426957,45.0,139859.23,45,0.0,0.0,0.0
28,132932.14,2,1,2.850757026467887,14.0,66466.07,28,1.0,0.0,0.0
46,104763.41,1,1,1.6797533299352412,46.0,104763.41,46,1.0,0.0,1.0
44,124655.59,2,1,1.562250868818169,22.0,62327.795,44,1.0,0.0,1.0
71,0.0,1,1,0.0,71.0,0.0,71,0.0,1.0,1.0
21,35741.69,1,0,1.2414645532432511,21.0,35741.69,0,1.0,0.0,0.0
20,133800.98,1,1,0.8905471640107635,20.0,133800.98,20,0.0,0.0,0.0
28,127289.28,1,0,2.790727165138799,28.0,127289.28,0,0.0,1.0,1.0
30,88594.14,1,0,0.4512455276751245,30.0,88594.14,0,0.0,0.0,0.0
33,88311.48,2,1,0.497105510804363,16.5,44155.74,33,1.0,0.0,1.0
31,134837.58,1,0,0.7021723103659396,31.0,134837.58,0,0.0,0.0,1.0
50,121159.65,1,0,30.03916060683445,50.0,121159.65,0,0.0,0.0,1.0
37,0.0,2,0,0.0,18.5,0.0,0,0.0,1.0,0.0
53,127997.83,1,0,0.7739682374981149,53.0,127997.83,0,1.0,0.0,1.0
26,71281.29,1,1,0.6554774967833631,26.0,71281.29,26,0.0,0.0,1.0
30,78133.15,1,1,0.44845892010991706,30.0,78133.15,30,0.0,0.0,1.0
48,111599.32,1,1,0.820609905116034,48.0,111599.32,48,1.0,0.0,1.0
41,103154.66,1,0,0.7203347565266783,41.0,103154.66,0,0.0,1.0,1.0
34,0.0,2,1,0.0,17.0,0.0,34,0.0,0.0,1.0
22,136444.25,1,0,2.624924851265625,22.0,136444.25,0,0.0,0.0,1.0
40,114940.67,2,1,0.5897551699097111,20.0,57470.335,40,1.0,0.0,0.0
27,115084.53,2,1,4.277053958702113,13.5,57542.265,27,1.0,0.0,1.0
31,127331.46,3,1,0.7216962075250972,10.333333333333334,42443.82,31,1.0,0.0,0.0
35,97440.02,2,1,0.6969155912659558,17.5,48720.01,35,0.0,0.0,0.0
39,0.0,2,1,0.0,19.5,0.0,39,0.0,0.0,0.0
34,117731.79,2,1,2.135887203358297,17.0,58865.895,34,0.0,0.0,1.0
47,109493.62,1,0,0.581410835506317,47.0,109493.62,0,1.0,0.0,0.0
35,165692.91,1,1,0.8368980553940111,35.0,165692.91,35,0.0,0.0,1.0
64,124043.8,1,1,1.1134694164796504,64.0,124043.8,64,0.0,0.0,0.0
55,140891.46,3,1,0.783450890527371,18.333333333333332,46963.82,55,1.0,0.0,0.0
49,0.0,2,0,0.0,24.5,0.0,0,0.0,1.0,0.0
58,149117.31,1,1,0.9170833909647083,58.0,149117.31,58,0.0,0.0,1.0
38,0.0,2,1,0.0,19.0,0.0,38,0.0,1.0,1.0
33,99046.31,2,1,1.7670098652954898,16.5,49523.155,33,1.0,0.0,0.0
55,0.0,1,1,0.0,55.0,0.0,55,0.0,0.0,1.0
38,0.0,2,0,0.0,19.0,0.0,0,0.0,0.0,1.0
40,111756.5,1,0,13.749028089445298,40.0,111756.5,0,1.0,0.0,1.0
33,51949.95,2,0,0.6108458818483002,16.5,25974.975,0,1.0,0.0,1.0
37,115345.86,2,0,0.6834022388669869,18.5,57672.93,0,0.0,0.0,1.0
40,0.0,2,1,0.0,20.0,0.0,40,0.0,0.0,0.0
42,177822.03,1,0,1.1780638170461675,42.0,177822.03,0,0.0,0.0,1.0
32,131081.66,2,1,1.8880015048512298,16.0,65540.83,32,1.0,0.0,1.0
23,84284.48,2,1,1.3410077070432573,11.5,42142.24,23,0.0,0.0,1.0
20,0.0,2,0,0.0,10.0,0.0,0,0.0,0.0,1.0
37,148580.12,1,0,4.223524254971264,37.0,148580.12,0,0.0,0.0,0.0
41,0.0,2,1,0.0,20.5,0.0,41,0.0,0.0,1.0
52,83693.34,2,1,0.5195648493672816,26.0,41846.67,52,1.0,0.0,1.0
37,108308.11,1,0,2.5918316751718486,37.0,108308.11,0,1.0,0.0,1.0
58,137318.42,1,1,1.0885763489877043,58.0,137318.42,58,1.0,0.0,1.0
32,120879.73,2,1,1.532128701633366,16.0,60439.865,32,0.0,0.0,1.0
32,0.0,2,1,0.0,16.0,0.0,32,0.0,0.0,1.0
40,54428.37,1,0,0.49643356119066634,40.0,54428.37,0,0.0,1.0,0.0
57,101134.87,2,1,1.4253500240506543,28.5,50567.435,57,1.0,0.0,1.0
23,73314.04,2,0,1.155525910267348,11.5,36657.02,0,1.0,0.0,1.0
37,74260.03,1,0,0.3815681880985508,37.0,74260.03,0,0.0,0.0,1.0
35,110934.54,1,0,0.6553007097550156,35.0,110934.54,0,0.0,0.0,1.0
36,0.0,2,1,0.0,18.0,0.0,36,0.0,1.0,1.0
34,129417.82,1,0,0.8418661042162187,34.0,129417.82,0,1.0,0.0,0.0
26,0.0,2,0,0.0,13.0,0.0,0,0.0,0.0,1.0
38,65095.41,2,1,0.4643124673763611,19.0,32547.705,38,1.0,0.0,1.0
30,85704.95,1,1,3.0733976043944535,30.0,85704.95,30,0.0,0.0,1.0
31,0.0,1,0,0.0,31.0,0.0,0,0.0,0.0,1.0
44,60603.4,1,1,0.3403806331589533,44.0,60603.4,44,0.0,1.0,0.0
31,125013.72,1,1,0.6661781541099561,31.0,125013.72,31,1.0,0.0,1.0
34,133598.4,1,1,10.192717917730963,34.0,133598.4,34,0.0,0.0,1.0
23,110203.77,1,0,1.1529586973477104,23.0,110203.77,0,0.0,0.0,1.0
45,0.0,1,0,0.0,45.0,0.0,0,0.0,0.0,0.0
43,128226.37,1,0,0.6802931280013352,43.0,128226.37,0,0.0,1.0,1.0
35,122964.88,1,1,0.8895563029319613,35.0,122964.88,35,0.0,1.0,1.0
70,0.0,1,1,0.0,70.0,0.0,70,0.0,1.0,0.0
40,121647.54,2,1,1.8758369732862459,20.0,60823.77,40,1.0,0.0,1.0
69,183744.98,1,1,0.9327455107826043,69.0,183744.98,69,0.0,1.0,0.0
39,0.0,1,0,0.0,39.0,0.0,0,0.0,0.0,0.0
67,157094.78,1,1,1.5790005448788276,67.0,157094.78,67,1.0,0.0,1.0
27,0.0,2,0,0.0,13.5,0.0,0,0.0,0.0,1.0
57,112044.72,1,1,2.7175710342997634,57.0,112044.72,57,1.0,0.0,0.0
42,153572.31,2,1,2.002779226808695,21.0,76786.155,42,1.0,0.0,1.0
38,88977.39,2,1,0.66698157696071,19.0,44488.695,38,1.0,0.0,1.0
46,0.0,2,0,0.0,23.0,0.0,0,0.0,0.0,1.0
51,92246.14,2,1,1.0098538491492186,25.5,46123.07,51,1.0,0.0,0.0
58,187911.55,1,1,5.245236730143435,58.0,187911.55,58,0.0,0.0,0.0
27,0.0,2,1,0.0,13.5,0.0,27,0.0,0.0,1.0
41,0.0,2,1,0.0,20.5,0.0,41,0.0,1.0,0.0
24,0.0,2,1,0.0,12.0,0.0,24,0.0,0.0,0.0
53,199689.49,1,1,8.248952612911674,53.0,199689.49,53,0.0,0.0,1.0
34,99441.21,2,1,20.707126004993473,17.0,49720.605,34,1.0,0.0,1.0
46,0.0,2,0,0.0,23.0,0.0,0,0.0,1.0,1.0
40,0.0,2,1,0.0,20.0,0.0,40,0.0,0.0,1.0
35,0.0,1,1,0.0,35.0,0.0,35,0.0,1.0,1.0
69,187013.13,2,1,1.7659626384424585,34.5,93506.565,69,1.0,0.0,1.0
39,105317.73,2,0,0.7630538490564069,19.5,52658.865,0,0.0,1.0,1.0
37,112541.54,2,0,2.3726707655500676,18.5,56270.77,0,0.0,0.0,1.0
33,108393.35,1,1,2.7752129095258375,33.0,108393.35,33,0.0,0.0,1.0
41,0.0,3,1,0.0,13.666666666666666,0.0,41,0.0,0.0,0.0
41,138937.35,1,1,1.367256216538782,41.0,138937.35,41,0.0,0.0,1.0
51,111018.98,1,0,1.2847890320457243,51.0,111018.98,0,1.0,0.0,0.0
35,135984.15,2,0,0.7280488175082311,17.5,67992.075,0,0.0,0.0,0.0
28,122034.4,3,1,0.8320710895688175,9.333333333333334,40678.13333333333,28,1.0,0.0,0.0
40,139180.97,1,1,6.973109775863028,40.0,139180.97,40,0.0,0.0,0.0
33,58036.33,1,1,0.6964155132405313,33.0,58036.33,33,0.0,0.0,0.0
33,0.0,2,0,0.0,16.5,0.0,0,0.0,0.0,0.0
60,0.0,2,1,0.0,30.0,0.0,60,0.0,0.0,1.0
31,0.0,2,1,0.0,15.5,0.0,31,0.0,1.0,0.0
38,129893.56,1,0,1.2725177497596645,38.0,129893.56,0,1.0,0.0,0.0
44,161887.81,2,0,1.907474623316091,22.0,80943.905,0,0.0,0.0,0.0
29,172693.54,1,0,1.217875756228994,29.0,172693.54,0,1.0,0.0,1.0
44,131593.85,1,1,0.7680051045545415,44.0,131593.85,44,1.0,0.0,0.0
24,95508.2,1,1,2.0873827996940224,24.0,95508.2,24,0.0,0.0,0.0
41,0.0,2,0,0.0,20.5,0.0,0,0.0,0.0,1.0
52,116497.31,3,0,2.165655260618927,17.333333333333332,38832.43666666667,0,1.0,0.0,1.0
21,0.0,2,1,0.0,10.5,0.0,21,0.0,1.0,0.0
35,92566.53,2,0,0.5730972128055903,17.5,46283.265,0,0.0,0.0,1.0
38,0.0,2,1,0.0,19.0,0.0,38,0.0,0.0,1.0
37,81070.34,2,0,1.0010428978483656,18.5,40535.17,0,0.0,0.0,0.0
24,0.0,2,1,0.0,12.0,0.0,24,0.0,0.0,1.0
28,0.0,2,0,0.0,14.0,0.0,0,0.0,0.0,1.0
31,0.0,2,1,0.0,15.5,0.0,31,0.0,1.0,0.0
32,0.0,2,0,0.0,16.0,0.0,0,0.0,0.0,1.0
27,0.0,3,0,0.0,9.0,0.0,0,0.0,0.0,0.0
39,0.0,2,0,0.0,19.5,0.0,0,0.0,0.0,0.0
40,0.0,2,0,0.0,20.0,0.0,0,0.0,0.0,1.0
31,0.0,2,0,0.0,15.5,0.0,0,0.0,0.0,1.0
37,135179.49,1,0,0.8413467274644354,37.0,135179.49,0,0.0,0.0,1.0
40,0.0,2,0,0.0,20.0,0.0,0,0.0,0.0,0.0
40,118633.08,1,1,1.9761489034432373,40.0,118633.08,40,0.0,0.0,0.0
35,130463.55,2,1,3.4938259834922154,17.5,65231.775,35,1.0,0.0,1.0
46,190678.02,1,1,12.948954728441272,46.0,190678.02,46,0.0,1.0,1.0
23,151097.28,1,1,8.803279003714223,23.0,151097.28,23,0.0,0.0,0.0
53,84903.33,2,1,3.2635294705525104,26.5,42451.665,53,0.0,1.0,1.0
27,95826.49,2,0,0.6142843424641096,13.5,47913.245,0,1.0,0.0,1.0
36,134997.49,2,0,3.020883645034649,18.0,67498.745,0,0.0,0.0,0.0
36,0.0,2,1,0.0,18.0,0.0,36,0.0,0.0,1.0
22,112949.71,1,0,0.7276208348109647,22.0,112949.71,0,1.0,0.0,1.0
38,82259.29,1,0,9.142999254193356,38.0,82259.29,0,0.0,0.0,1.0
43,0.0,2,1,0.0,21.5,0.0,43,0.0,1.0,0.0
37,113899.92,1,0,1.4199293899410586,37.0,113899.92,0,0.0,0.0,0.0
31,0.0,1,1,0.0,31.0,0.0,31,0.0,0.0,0.0
32,0.0,1,1,0.0,32.0,0.0,32,0.0,0.0,0.0
45,96877.21,1,1,0.850169165543884,45.0,96877.21,45,0.0,0.0,1.0
37,101191.83,1,1,2.928737372056374,37.0,101191.83,37,1.0,0.0,1.0
53,139687.66,2,1,10.8168286624046,26.5,69843.83,53,1.0,0.0,0.0
30,176166.56,2,1,1.1573853394512519,15.0,88083.28,30,0.0,0.0,1.0
26,97268.1,2,0,2.4714696829332374,13.0,48634.05,0,1.0,0.0,1.0
48,0.0,1,0,0.0,48.0,0.0,0,0.0,0.0,1.0
34,129398.01,2,0,2.877721423386494,17.0,64699.005,0,1.0,0.0,0.0
36,97665.61,1,0,0.8250697480116801,36.0,97665.61,0,0.0,0.0,0.0
20,122446.61,2,0,1.4108068840525443,10.0,61223.305,0,0.0,1.0,0.0
26,155143.52,1,1,1.1489170513891367,26.0,155143.52,26,1.0,0.0,0.0
46,135070.58,2,1,3.052822622658776,23.0,67535.29,46,1.0,0.0,0.0
41,92805.72,1,1,1.258485882570706,41.0,92805.72,41,1.0,0.0,0.0
54,79415.67,1,1,0.5683283579825147,54.0,79415.67,54,0.0,1.0,1.0
41,104817.41,1,0,0.8317945573802443,41.0,104817.41,0,0.0,0.0,1.0
36,90145.04,1,1,1.3034664282172703,36.0,90145.04,36,0.0,0.0,1.0
29,159597.45,1,0,3.996489493647208,29.0,159597.45,0,0.0,0.0,1.0
41,115171.71,1,1,3.0570226999875514,41.0,115171.71,41,0.0,0.0,0.0
63,81245.79,1,0,1.166598629502245,63.0,81245.79,0,1.0,0.0,0.0
40,97764.41,1,0,0.9911218707595235,40.0,97764.41,0,0.0,0.0,0.0
41,141162.08,1,0,2.77285984574672,41.0,141162.08,0,0.0,0.0,0.0
28,155060.41,1,0,5.314015103743996,28.0,155060.41,0,0.0,0.0,1.0
70,70416.75,1,1,1.9300974796291588,70.0,70416.75,70,0.0,0.0,1.0
36,0.0,2,1,0.0,18.0,0.0,36,0.0,0.0,1.0
74,0.0,2,1,0.0,37.0,0.0,74,0.0,0.0,1.0
46,98899.76,2,1,1.1474575921153112,23.0,49449.88,46,1.0,0.0,1.0
28,61581.97,1,1,0.8774871612118055,28.0,61581.97,28,0.0,0.0,1.0
42,80214.36,1,0,0.6960516811758495,42.0,80214.36,0,0.0,0.0,1.0
41,0.0,1,1,0.0,41.0,0.0,41,0.0,0.0,1.0
39,0.0,1,1,0.0,39.0,0.0,39,0.0,0.0,0.0
32,133050.97,2,0,1.4885003141434356,16.0,66525.485,0,0.0,0.0,1.0
69,154953.94,1,1,2.1870867911926513,69.0,154953.94,69,0.0,0.0,1.0
35,116932.59,1,0,1.283663897184455,35.0,116932.59,0,0.0,1.0,1.0
33,0.0,1,0,0.0,33.0,0.0,0,0.0,1.0,0.0
42,176099.13,1,1,20.952383955225216,42.0,176099.13,42,0.0,0.0,0.0
64,0.0,2,1,0.0,32.0,0.0,64,0.0,1.0,1.0
37,145018.64,2,0,1.5948729555531949,18.5,72509.32,0,1.0,0.0,1.0
32,157138.99,3,0,0.8227410027766247,10.666666666666666,52379.66333333333,0,1.0,0.0,0.0
57,0.0,1,0,0.0,57.0,0.0,0,0.0,0.0,1.0
22,149777.0,1,1,0.7563237083852671,22.0,149777.0,22,0.0,0.0,1.0
41,0.0,2,0,0.0,20.5,0.0,0,0.0,0.0,1.0
29,0.0,2,1,0.0,14.5,0.0,29,0.0,0.0,1.0
47,110022.74,1,1,0.8110464398402746,47.0,110022.74,47,1.0,0.0,1.0
40,137409.19,1,0,0.7812769327777199,40.0,137409.19,0,0.0,0.0,0.0
42,137479.13,1,0,5.355821980513536,42.0,137479.13,0,1.0,0.0,1.0
47,75408.33,1,0,2.9128805012691266,47.0,75408.33,0,0.0,1.0,1.0
34,126979.75,1,0,3.4483552252813983,34.0,126979.75,0,1.0,0.0,1.0
46,0.0,2,0,0.0,23.0,0.0,0,0.0,1.0,1.0
46,160736.63,1,1,1.7190528177592552,46.0,160736.63,46,0.0,1.0,1.0
47,137301.87,1,0,3.0957472497715424,47.0,137301.87,0,0.0,0.0,0.0
36,68881.59,2,1,0.6311588452148901,18.0,34440.795,36,0.0,0.0,1.0
40,165298.12,1,1,0.8270581686682486,40.0,165298.12,40,0.0,0.0,0.0
42,0.0,1,0,0.0,42.0,0.0,0,0.0,1.0,0.0
30,116377.48,1,1,0.8657923596298721,30.0,116377.48,30,1.0,0.0,0.0
76,128410.71,2,1,0.7066454294502278,38.0,64205.355,76,0.0,1.0,1.0
52,63349.75,1,0,0.5817911597517583,52.0,63349.75,0,0.0,0.0,1.0
38,71018.6,2,0,29.054899377733413,19.0,35509.3,0,0.0,0.0,1.0
25,90920.75,1,1,0.8099370041325866,25.0,90920.75,25,0.0,0.0,1.0
25,165413.43,1,1,4.688623839064574,25.0,165413.43,25,1.0,0.0,1.0
35,120171.58,1,0,0.9595242125569303,35.0,120171.58,0,0.0,1.0,0.0
33,0.0,2,0,0.0,16.5,0.0,0,0.0,0.0,0.0
31,0.0,2,1,0.0,15.5,0.0,31,0.0,1.0,1.0
46,157866.77,1,1,8.31485158631674,46.0,157866.77,46,0.0,0.0,0.0
44,140856.16,2,0,0.887366184290683,22.0,70428.08,0,0.0,1.0,1.0
30,104911.35,2,1,2.4435915185569415,15.0,52455.675,30,1.0,0.0,0.0
41,0.0,1,0,0.0,41.0,0.0,0,0.0,0.0,0.0
44,111100.98,1,1,3.947580431685964,44.0,111100.98,44,1.0,0.0,1.0
69,0.0,2,1,0.0,34.5,0.0,69,0.0,0.0,1.0
41,106640.5,1,0,0.6026727030105689,41.0,106640.5,0,1.0,0.0,0.0
60,0.0,1,1,0.0,60.0,0.0,60,0.0,1.0,1.0
58,0.0,2,1,0.0,29.0,0.0,58,0.0,0.0,1.0
61,0.0,2,1,0.0,30.5,0.0,61,0.0,1.0,1.0
37,131519.49,2,1,2.5413323651293527,18.5,65759.745,37,1.0,0.0,1.0
36,0.0,2,1,0.0,18.0,0.0,36,0.0,0.0,1.0
26,65848.36,2,0,2.184082435327493,13.0,32924.18,0,0.0,1.0,1.0
35,0.0,2,0,0.0,17.5,0.0,0,0.0,1.0,1.0
27,0.0,2,0,0.0,13.5,0.0,0,0.0,1.0,1.0
31,97588.6,1,0,0.7856709088995918,31.0,97588.6,0,0.0,0.0,0.0
66,0.0,2,1,0.0,33.0,0.0,66,0.0,1.0,1.0
40,0.0,2,0,0.0,20.0,0.0,0,0.0,0.0,1.0
41,0.0,2,0,0.0,20.5,0.0,0,0.0,1.0,1.0
39,107553.33,1,0,0.9151651573078079,39.0,107553.33,0,0.0,1.0,0.0
51,95560.04,1,0,1.3157313265639379,51.0,95560.04,0,1.0,0.0,0.0
32,0.0,2,0,0.0,16.0,0.0,0,0.0,1.0,1.0
64,0.0,2,1,0.0,32.0,0.0,64,0.0,0.0,1.0
37,0.0,2,0,0.0,18.5,0.0,0,0.0,1.0,0.0
22,98800.0,1,0,0.8041310196389467,22.0,98800.0,0,0.0,1.0,0.0
37,0.0,2,0,0.0,18.5,0.0,0,0.0,0.0,1.0
42,0.0,1,1,0.0,42.0,0.0,42,0.0,0.0,1.0
36,102603.3,2,1,0.5678302625090064,18.0,51301.65,36,1.0,0.0,1.0
49,0.0,2,0,0.0,24.5,0.0,0,0.0,0.0,1.0
39,170184.99,2,0,1.8995289377794713,19.5,85092.495,0,0.0,1.0,1.0
38,95010.92,1,1,0.9029065116405484,38.0,95010.92,38,0.0,1.0,1.0
23,0.0,2,1,0.0,11.5,0.0,23,0.0,0.0,1.0
34,148249.54,1,1,4.394106158970215,34.0,148249.54,34,1.0,0.0,0.0
64,169362.43,1,0,1.9981334426297586,64.0,169362.43,0,1.0,0.0,0.0
40,108407.34,1,1,1.295480227338996,40.0,108407.34,40,1.0,0.0,1.0
29,99713.87,1,0,0.8877826141498918,29.0,99713.87,0,0.0,0.0,0.0
35,0.0,2,0,0.0,17.5,0.0,0,0.0,0.0,1.0
64,145215.43,1,1,0.8850081531549869,64.0,145215.43,64,1.0,0.0,0.0
30,134152.29,1,1,0.9075231744246679,30.0,134152.29,30,0.0,1.0,1.0
26,106397.75,1,0,1.027369945877509,26.0,106397.75,0,0.0,0.0,1.0
35,110053.62,2,1,1.1848111028597526,17.5,55026.81,35,1.0,0.0,1.0
37,0.0,1,0,0.0,37.0,0.0,0,0.0,0.0,1.0
34,53299.96,2,1,1.2436997692503517,17.0,26649.98,34,0.0,1.0,0.0
36,133889.35,1,1,0.9345530488292205,36.0,133889.35,36,0.0,0.0,1.0
48,73309.38,1,0,3.4533731794384304,48.0,73309.38,0,0.0,0.0,0.0
37,130091.5,1,1,1.083813229033863,37.0,130091.5,37,0.0,0.0,1.0
22,0.0,3,1,0.0,7.333333333333333,0.0,22,0.0,0.0,1.0
26,122857.46,2,0,0.8491541148435913,13.0,61428.73,0,0.0,1.0,0.0
55,110123.59,1,1,2.1363251903948424,55.0,110123.59,55,0.0,0.0,0.0
39,155062.8,1,1,9.420142557122174,39.0,155062.8,39,0.0,0.0,0.0
31,0.0,2,1,0.0,15.5,0.0,31,0.0,0.0,0.0
32,0.0,1,0,0.0,32.0,0.0,0,0.0,1.0,0.0
36,0.0,2,1,0.0,18.0,0.0,36,0.0,0.0,1.0
32,0.0,1,0,0.0,32.0,0.0,0,0.0,1.0,0.0
33,75242.28,1,1,0.7398842043540729,33.0,75242.28,33,1.0,0.0,1.0
37,115569.21,1,1,0.9648223548455043,37.0,115569.21,37,1.0,0.0,1.0
24,0.0,2,0,0.0,12.0,0.0,0,0.0,0.0,1.0
28,147972.19,1,0,2.4374124507978427,28.0,147972.19,0,1.0,0.0,1.0
37,0.0,2,1,0.0,18.5,0.0,37,0.0,1.0,0.0
37,111723.08,1,1,1.33835165430175,37.0,111723.08,37,0.0,0.0,0.0
29,96674.55,2,0,0.5031970533517842,14.5,48337.275,0,0.0,1.0,1.0
32,136963.12,1,0,1.0235314198155832,32.0,136963.12,0,0.0,1.0,1.0
52,0.0,1,0,0.0,52.0,0.0,0,0.0,1.0,0.0
41,0.0,2,1,0.0,20.5,0.0,41,0.0,1.0,1.0
43,127806.91,1,1,1.749112181962428,43.0,127806.91,43,0.0,0.0,1.0
43,161807.18,2,1,1.7355911034415736,21.5,80903.59,43,0.0,1.0,1.0
49,195238.29,4,1,1.4894185815521033,12.25,48809.5725,49,0.0,0.0,0.0
45,109162.82,1,1,0.8653751696062978,45.0,109162.82,45,0.0,0.0,1.0
34,0.0,2,0,0.0,17.0,0.0,0,0.0,1.0,0.0
68,130169.27,2,1,1.3979829710821998,34.0,65084.635,68,1.0,0.0,0.0
32,146033.62,1,0,0.7635316061205243,32.0,146033.62,0,0.0,0.0,0.0
46,118022.06,3,0,0.7256503578539889,15.333333333333334,39340.68666666667,0,0.0,0.0,1.0
31,0.0,2,1,0.0,15.5,0.0,31,0.0,1.0,0.0
35,134498.54,2,1,1.1215239883660428,17.5,67249.27,35,1.0,0.0,1.0
41,0.0,1,0,0.0,41.0,0.0,0,0.0,1.0,0.0
35,88109.81,1,1,2.6841879026975977,35.0,88109.81,35,1.0,0.0,1.0
31,77082.65,2,0,5.717330451526002,15.5,38541.325,0,1.0,0.0,1.0
46,0.0,2,0,0.0,23.0,0.0,0,0.0,0.0,1.0
69,117866.92,1,1,1.8925047819628837,69.0,117866.92,69,0.0,0.0,0.0
39,74596.15,3,1,0.8699612532380322,13.0,24865.38333333333,39,1.0,0.0,0.0
51,108867.0,1,0,0.7731995006273408,51.0,108867.0,0,0.0,1.0,1.0
50,0.0,4,0,0.0,12.5,0.0,0,0.0,0.0,0.0
39,97819.36,1,1,0.8115680481693927,39.0,97819.36,39,0.0,0.0,0.0
44,163867.86,1,1,1.4587658040960634,44.0,163867.86,44,1.0,0.0,1.0
36,0.0,2,0,0.0,18.0,0.0,0,0.0,0.0,1.0
35,116269.01,1,0,0.8946182716661893,35.0,116269.01,0,1.0,0.0,1.0
37,95900.04,1,1,2.5107193797085787,37.0,95900.04,37,1.0,0.0,0.0
27,105907.42,2,1,0.5410837183324713,13.5,52953.71,27,1.0,0.0,1.0
41,0.0,1,1,0.0,41.0,0.0,41,0.0,0.0,0.0
40,130661.96,1,1,1.282018183859019,40.0,130661.96,40,0.0,0.0,1.0
36,130700.92,2,0,1.6844464950356217,18.0,65350.46,0,1.0,0.0,0.0
25,121702.73,1,1,0.9205224940925641,25.0,121702.73,25,1.0,0.0,1.0
66,0.0,2,1,0.0,33.0,0.0,66,0.0,0.0,0.0
31,89688.94,1,1,0.5888753700047674,31.0,89688.94,31,0.0,0.0,0.0
44,148595.55,1,0,1.9855458356806055,44.0,148595.55,0,0.0,0.0,1.0
36,145750.45,2,1,1.5078554110271845,18.0,72875.225,36,1.0,0.0,0.0
45,122917.71,1,1,10614.655440414508,45.0,122917.71,45,1.0,0.0,1.0
26,130483.95,1,0,1.0624817757890956,26.0,130483.95,0,1.0,0.0,1.0
35,122570.69,1,0,0.6159149166848739,35.0,122570.69,0,0.0,1.0,0.0
26,113674.2,1,0,0.5745149780785678,26.0,113674.2,0,1.0,0.0,0.0
36,132578.92,2,0,1.572313117002728,18.0,66289.46,0,1.0,0.0,1.0
30,0.0,1,1,0.0,30.0,0.0,30,0.0,0.0,1.0
38,0.0,2,1,0.0,19.0,0.0,38,0.0,1.0,0.0
46,113402.14,2,1,0.8167296199196451,23.0,56701.07,46,0.0,0.0,0.0
39,132287.92,3,1,2.5702985471338264,13.0,44095.973333333335,39,1.0,0.0,1.0
40,168286.81,3,0,8.22838315489104,13.333333333333334,56095.60333333333,0,1.0,0.0,1.0
26,0.0,2,1,0.0,13.0,0.0,26,0.0,0.0,0.0
35,0.0,1,0,0.0,35.0,0.0,0,0.0,0.0,0.0
39,0.0,1,0,0.0,39.0,0.0,0,0.0,1.0,0.0
25,173459.45,2,1,3.9084116062122,12.5,86729.725,25,1.0,0.0,1.0
30,0.0,2,0,0.0,15.0,0.0,0,0.0,0.0,0.0
44,71497.79,2,0,0.4732326695515998,22.0,35748.895,0,1.0,0.0,0.0
36,0.0,2,0,0.0,18.0,0.0,0,0.0,0.0,1.0
29,145512.84,1,0,7.201103378924749,29.0,145512.84,0,0.0,0.0,1.0
51,174397.21,2,1,1.0117453681596666,25.5,87198.605,51,0.0,1.0,1.0
41,0.0,2,1,0.0,20.5,0.0,41,0.0,1.0,1.0
59,0.0,2,1,0.0,29.5,0.0,59,0.0,0.0,1.0
31,167949.48,1,0,1.1731400869809756,31.0,167949.48,0,0.0,0.0,0.0
36,101609.01,2,1,226.94259933442027,18.0,50804.505,36,1.0,0.0,0.0
45,0.0,1,0,0.0,45.0,0.0,0,0.0,1.0,0.0
31,142631.54,2,1,0.8108937506992839,15.5,71315.77,31,1.0,0.0,1.0
42,120094.93,1,0,0.6524896573850033,42.0,120094.93,0,0.0,0.0,1.0
37,0.0,2,1,0.0,18.5,0.0,37,0.0,1.0,0.0
38,148912.44,1,0,1.851772579043814,38.0,148912.44,0,0.0,0.0,1.0
32,0.0,2,0,0.0,16.0,0.0,0,0.0,0.0,1.0
46,140355.6,1,1,1.6495582509997442,46.0,140355.6,46,0.0,1.0,0.0
29,154333.82,1,1,1.1141019158931262,29.0,154333.82,29,1.0,0.0,0.0
27,0.0,2,1,0.0,13.5,0.0,27,0.0,0.0,1.0
29,133681.78,1,1,0.869487829186161,29.0,133681.78,29,0.0,0.0,0.0
31,110581.29,1,1,1.1675131689472569,31.0,110581.29,31,0.0,0.0,0.0
26,114450.32,1,1,8.12762717978872,26.0,114450.32,26,1.0,0.0,1.0
45,135643.0,1,0,0.9444607529672847,45.0,135643.0,0,1.0,0.0,0.0
42,137227.04,3,0,0.9203853213248953,14.0,45742.34666666667,0,1.0,0.0,0.0
42,41473.33,1,0,0.36708689002262357,42.0,41473.33,0,0.0,1.0,1.0
31,0.0,2,1,0.0,15.5,0.0,31,0.0,1.0,1.0
37,106967.18,1,0,4.36689320241698,37.0,106967.18,0,0.0,0.0,1.0
33,103564.83,2,0,0.8553017647332816,16.5,51782.415,0,1.0,0.0,1.0
25,0.0,2,0,0.0,12.5,0.0,0,0.0,0.0,1.0
67,124577.15,1,1,0.7332622499623296,67.0,124577.15,67,0.0,1.0,0.0
38,140278.99,3,1,0.8181581440857553,12.666666666666666,46759.66333333333,38,0.0,0.0,1.0
34,0.0,2,0,0.0,17.0,0.0,0,0.0,0.0,0.0
29,0.0,2,0,0.0,14.5,0.0,0,0.0,0.0,1.0
32,0.0,2,1,0.0,16.0,0.0,32,0.0,0.0,1.0
39,0.0,2,1,0.0,19.5,0.0,39,0.0,0.0,1.0
34,0.0,2,0,0.0,17.0,0.0,0,0.0,0.0,0.0
29,146011.4,1,0,2.905748076186746,29.0,146011.4,0,0.0,0.0,0.0
36,0.0,1,1,0.0,36.0,0.0,36,0.0,1.0,1.0
30,128393.29,1,1,0.7109520860252683,30.0,128393.29,30,0.0,1.0,1.0
55,0.0,2,1,0.0,27.5,0.0,55,0.0,0.0,0.0
25,126442.59,1,0,1.0372271100215873,25.0,126442.59,0,0.0,0.0,0.0
42,132657.55,1,0,3.7508648552514345,42.0,132657.55,0,0.0,1.0,1.0
44,105007.31,2,1,0.5308435538037701,22.0,52503.655,44,1.0,0.0,1.0
71,119496.87,1,0,0.9495266862923213,71.0,119496.87,0,1.0,0.0,1.0
38,134006.77,1,0,1.495973244418962,38.0,134006.77,0,0.0,0.0,1.0
32,146605.27,1,1,1.9010155025742532,32.0,146605.27,32,0.0,0.0,1.0
33,0.0,2,1,0.0,16.5,0.0,33,0.0,0.0,1.0
65,126306.64,3,0,16.06611309541981,21.666666666666668,42102.21333333333,0,1.0,0.0,1.0
28,95059.02,2,0,2.1399962809695956,14.0,47529.51,0,0.0,0.0,0.0
36,112262.84,1,0,8.72053437361876,36.0,112262.84,0,0.0,0.0,1.0
24,0.0,3,1,0.0,8.0,0.0,24,0.0,0.0,1.0
26,135067.52,2,0,1.0293849961428791,13.0,67533.76,0,1.0,0.0,0.0
35,0.0,2,1,0.0,17.5,0.0,35,0.0,0.0,0.0
74,114888.74,2,1,1.721627635536019,37.0,57444.37,74,1.0,0.0,0.0
70,0.0,2,1,0.0,35.0,0.0,70,0.0,1.0,0.0
48,92347.96,1,1,0.566146395143356,48.0,92347.96,48,0.0,0.0,1.0
40,128398.38,1,0,0.7612929811340444,40.0,128398.38,0,0.0,1.0,0.0
30,83319.28,1,0,1.442278584435997,30.0,83319.28,0,0.0,1.0,0.0
34,0.0,2,1,0.0,17.0,0.0,34,0.0,1.0,0.0
59,170331.37,1,1,5.294432482619089,59.0,170331.37,59,1.0,0.0,1.0
48,141819.02,1,0,1.5159616947119379,48.0,141819.02,0,1.0,0.0,0.0
32,184715.86,2,0,1.6234191368950392,16.0,92357.93,0,1.0,0.0,1.0
37,0.0,2,1,0.0,18.5,0.0,37,0.0,0.0,1.0
42,0.0,2,1,0.0,21.0,0.0,42,0.0,0.0,1.0
35,132292.63,1,0,2.014109754239039,35.0,132292.63,0,0.0,0.0,0.0
45,24043.45,1,1,0.14161411626535172,45.0,24043.45,45,0.0,0.0,1.0
61,66101.89,1,1,0.4591006177400714,61.0,66101.89,61,1.0,0.0,0.0
37,0.0,2,0,0.0,18.5,0.0,0,0.0,1.0,1.0
35,0.0,2,1,0.0,17.5,0.0,35,0.0,0.0,1.0
35,127801.88,1,1,1.5171260594500486,35.0,127801.88,35,1.0,0.0,1.0
39,92126.26,2,0,0.8154690301269308,19.5,46063.13,0,0.0,1.0,0.0
45,110827.49,1,1,0.7225513898036257,45.0,110827.49,45,1.0,0.0,0.0
36,148667.81,2,0,2.6504039487624995,18.0,74333.905,0,0.0,0.0,0.0
49,121973.28,1,0,0.8196888854600767,49.0,121973.28,0,0.0,0.0,1.0
37,116880.53,1,0,0.6767117101338682,37.0,116880.53,0,1.0,0.0,1.0
52,107906.75,1,0,0.6389309997093312,52.0,107906.75,0,1.0,0.0,0.0
36,0.0,2,1,0.0,18.0,0.0,36,0.0,1.0,1.0
41,0.0,2,0,0.0,20.5,0.0,0,0.0,0.0,1.0
28,84121.04,1,1,1.0424109283761516,28.0,84121.04,28,0.0,1.0,0.0
29,178171.04,2,1,1.5383641181362118,14.5,89085.52,29,0.0,0.0,0.0
45,129855.32,1,0,5.361790190617561,45.0,129855.32,0,0.0,0.0,1.0
42,99836.47,1,1,4.3578519185876985,42.0,99836.47,42,0.0,1.0,0.0
31,0.0,2,0,0.0,15.5,0.0,0,0.0,1.0,0.0
41,146720.98,2,1,34.968201838010984,20.5,73360.49,41,1.0,0.0,0.0
30,0.0,1,1,0.0,30.0,0.0,30,0.0,1.0,1.0
37,0.0,2,0,0.0,18.5,0.0,0,0.0,0.0,1.0
43,105301.5,1,1,1.333916633804817,43.0,105301.5,43,1.0,0.0,1.0
36,0.0,2,1,0.0,18.0,0.0,36,0.0,1.0,1.0
33,155736.42,2,1,2.6966780436288698,16.5,77868.21,33,1.0,0.0,1.0
35,135871.5,1,1,1.5578126474370784,35.0,135871.5,35,0.0,0.0,1.0
41,145754.91,1,1,1.4366449108950394,41.0,145754.91,41,0.0,0.0,0.0
37,138292.64,2,0,0.9072956289838582,18.5,69146.32,0,1.0,0.0,1.0
43,113567.94,1,0,1.2683026358770761,43.0,113567.94,0,0.0,1.0,1.0
39,133707.09,1,1,1.236280076096077,39.0,133707.09,39,0.0,0.0,1.0
32,0.0,2,1,0.0,16.0,0.0,32,0.0,0.0,0.0
39,131607.28,4,1,18.85104914036236,9.75,32901.82,39,1.0,0.0,1.0
40,154863.15,1,1,1.1217698975556474,40.0,154863.15,40,0.0,0.0,1.0
50,0.0,1,1,0.0,50.0,0.0,50,0.0,1.0,0.0
26,109819.16,2,0,0.7108432385778909,13.0,54909.58,0,1.0,0.0,0.0
32,38550.06,1,1,0.21508681878051486,32.0,38550.06,32,0.0,0.0,0.0
64,0.0,1,1,0.0,64.0,0.0,64,0.0,0.0,0.0
34,0.0,2,1,0.0,17.0,0.0,34,0.0,0.0,1.0
50,165438.26,1,0,1.369853710438993,50.0,165438.26,0,0.0,0.0,1.0
37,108269.37,1,0,19.340930770962174,37.0,108269.37,0,0.0,1.0,0.0
34,0.0,2,0,0.0,17.0,0.0,0,0.0,0.0,1.0
38,98640.74,1,1,0.8930158877596813,38.0,98640.74,38,0.0,0.0,0.0
23,126873.52,1,1,1.8925013857373765,23.0,126873.52,23,0.0,1.0,1.0
37,0.0,3,0,0.0,12.333333333333334,0.0,0,0.0,1.0,0.0
72,0.0,2,1,0.0,36.0,0.0,72,0.0,1.0,0.0
25,75212.28,1,0,1.2755402184073816,25.0,75212.28,0,0.0,1.0,0.0
29,105599.67,1,1,2.449757656502538,29.0,105599.67,29,0.0,0.0,0.0
39,0.0,2,1,0.0,19.5,0.0,39,0.0,0.0,0.0
29,85646.81,1,0,1.3544633800504864,29.0,85646.81,0,0.0,0.0,0.0
45,0.0,1,0,0.0,45.0,0.0,0,0.0,1.0,1.0
39,0.0,2,0,0.0,19.5,0.0,0,0.0,1.0,0.0
45,0.0,2,0,0.0,22.5,0.0,0,0.0,1.0,1.0
56,129255.2,2,0,0.9071047056382938,28.0,64627.6,0,0.0,0.0,0.0
46,0.0,1,1,0.0,46.0,0.0,46,0.0,0.0,0.0
38,0.0,2,0,0.0,19.0,0.0,0,0.0,1.0,1.0
36,0.0,1,0,0.0,36.0,0.0,0,0.0,0.0,1.0
40,0.0,1,1,0.0,40.0,0.0,40,0.0,0.0,0.0
29,0.0,2,1,0.0,14.5,0.0,29,0.0,0.0,1.0
59,0.0,2,1,0.0,29.5,0.0,59,0.0,0.0,0.0
39,0.0,2,0,0.0,19.5,0.0,0,0.0,0.0,1.0
36,0.0,2,0,0.0,18.0,0.0,0,0.0,0.0,1.0
43,139972.18,1,0,0.9742713403306416,43.0,139972.18,0,0.0,0.0,0.0
69,107569.96,1,1,0.5899531333422363,69.0,107569.96,69,0.0,1.0,0.0
32,0.0,2,0,0.0,16.0,0.0,0,0.0,0.0,1.0
64,91216.0,1,1,2.182191559940651,64.0,91216.0,64,0.0,1.0,0.0
51,105229.53,1,0,3.0093308834568995,51.0,105229.53,0,0.0,0.0,0.0
67,158719.57,1,1,1.338192810903873,67.0,158719.57,67,0.0,1.0,1.0
52,144696.75,1,1,2.9514414760068117,52.0,144696.75,52,1.0,0.0,1.0
38,84651.79,1,1,0.45818586266968886,38.0,84651.79,38,1.0,0.0,1.0
28,0.0,2,0,0.0,14.0,0.0,0,0.0,0.0,1.0
43,0.0,2,0,0.0,21.5,0.0,0,0.0,0.0,0.0
33,136678.52,1,0,2.5175347048900893,33.0,136678.52,0,0.0,0.0,1.0
30,122924.75,1,0,1.9702450321434692,30.0,122924.75,0,0.0,1.0,0.0
36,65253.07,2,0,2.27063711949914,18.0,32626.535,0,1.0,0.0,0.0
72,0.0,2,1,0.0,36.0,0.0,72,0.0,0.0,0.0
32,172448.77,1,0,0.9168721469162384,32.0,172448.77,0,0.0,0.0,0.0
39,95252.72,1,0,6.849589467825466,39.0,95252.72,0,1.0,0.0,1.0
32,0.0,2,1,0.0,16.0,0.0,32,0.0,0.0,0.0
39,0.0,2,0,0.0,19.5,0.0,0,0.0,0.0,1.0
25,0.0,2,1,0.0,12.5,0.0,25,0.0,0.0,1.0
48,142055.41,2,1,1.7951071576871762,24.0,71027.705,48,1.0,0.0,1.0
38,110570.78,2,0,0.5644056180039682,19.0,55285.39,0,0.0,0.0,0.0
41,97925.11,1,0,1.152055780495885,41.0,97925.11,0,0.0,0.0,1.0
27,62339.81,2,0,1.1571265308910477,13.5,31169.905,0,0.0,0.0,0.0
45,0.0,2,0,0.0,22.5,0.0,0,0.0,0.0,0.0
35,0.0,2,1,0.0,17.5,0.0,35,0.0,0.0,1.0
39,0.0,2,0,0.0,19.5,0.0,0,0.0,0.0,1.0
29,157576.47,2,1,1.558583036464321,14.5,78788.235,29,0.0,1.0,0.0
31,146587.3,1,1,1.6310163402830735,31.0,146587.3,31,1.0,0.0,1.0
36,81210.72,2,1,0.751927578562819,18.0,40605.36,36,0.0,0.0,1.0
29,197200.04,2,0,1.3940968071372088,14.5,98600.02,0,0.0,1.0,1.0
40,134320.23,2,0,0.8909696940149187,20.0,67160.115,0,0.0,0.0,1.0
43,116220.5,3,0,2.0826568580437663,14.333333333333334,38740.166666666664,0,1.0,0.0,0.0
29,0.0,2,1,0.0,14.5,0.0,29,0.0,0.0,1.0
27,102000.17,1,1,0.8736107471072398,27.0,102000.17,27,0.0,0.0,0.0
38,138731.95,1,1,0.7146034920661739,38.0,138731.95,38,0.0,0.0,0.0
34,0.0,1,0,0.0,34.0,0.0,0,0.0,0.0,1.0
32,162657.64,2,1,1.407984912027366,16.0,81328.82,32,1.0,0.0,1.0
40,0.0,2,0,0.0,20.0,0.0,0,0.0,0.0,0.0
35,107749.03,1,1,27.365736519554932,35.0,107749.03,35,0.0,0.0,0.0
38,105069.98,2,1,0.5297059901808512,19.0,52534.99,38,0.0,0.0,1.0
27,0.0,2,0,0.0,13.5,0.0,0,0.0,0.0,0.0
30,0.0,2,0,0.0,15.0,0.0,0,0.0,0.0,0.0
39,0.0,2,1,0.0,19.5,0.0,39,0.0,0.0,1.0
31,0.0,2,0,0.0,15.5,0.0,0,0.0,0.0,0.0
46,180226.24,1,0,13.385151032630652,46.0,180226.24,0,0.0,0.0,1.0
37,0.0,1,1,0.0,37.0,0.0,37,0.0,0.0,1.0
26,0.0,2,0,0.0,13.0,0.0,0,0.0,1.0,0.0
25,106570.34,2,1,0.6020046005726057,12.5,53285.17,25,1.0,0.0,0.0
39,89039.9,2,1,0.6067916719793937,19.5,44519.95,39,0.0,1.0,1.0
49,169377.31,1,1,1.3710870720495925,49.0,169377.31,49,1.0,0.0,1.0
53,170491.84,1,0,4.790702052682261,53.0,170491.84,0,0.0,1.0,1.0
48,179380.74,2,1,2.5898456754029198,24.0,89690.37,48,0.0,0.0,0.0
37,129965.18,1,0,6.708198789310253,37.0,129965.18,0,1.0,0.0,1.0
37,124513.66,2,0,0.7850259209818443,18.5,62256.83,0,1.0,0.0,0.0
42,143145.87,2,0,3.2822542663657712,21.0,71572.935,0,0.0,1.0,1.0
31,0.0,2,0,0.0,15.5,0.0,0,0.0,0.0,0.0
38,158651.29,2,1,0.8841207191406762,19.0,79325.645,38,1.0,0.0,0.0
38,130015.24,1,1,3.125719492346491,38.0,130015.24,38,0.0,0.0,1.0
22,114440.24,1,1,1.062060134342344,22.0,114440.24,22,0.0,1.0,0.0
59,0.0,1,1,0.0,59.0,0.0,59,0.0,0.0,0.0
37,107720.64,1,1,0.6792350038261915,37.0,107720.64,37,1.0,0.0,1.0
25,91718.8,1,0,3.228258685034052,25.0,91718.8,0,0.0,0.0,0.0
40,0.0,3,1,0.0,13.333333333333334,0.0,40,0.0,0.0,0.0
29,45022.23,1,1,0.25950044776307807,29.0,45022.23,29,0.0,1.0,1.0
42,106036.52,1,0,0.5446518762085438,42.0,106036.52,0,0.0,0.0,1.0
30,101140.76,1,1,1.9867887594253402,30.0,101140.76,30,0.0,0.0,1.0
20,134397.61,1,0,4.794856069703605,20.0,134397.61,0,0.0,0.0,0.0
53,99141.86,1,1,1.3675484388459784,53.0,99141.86,53,1.0,0.0,1.0
59,0.0,2,0,0.0,29.5,0.0,0,0.0,0.0,1.0
59,95727.05,1,0,0.9774110317196144,59.0,95727.05,0,1.0,0.0,0.0
29,127570.93,2,0,0.7742983734632881,14.5,63785.465,0,0.0,1.0,0.0
53,0.0,2,0,0.0,26.5,0.0,0,0.0,0.0,0.0
48,78314.63,3,1,0.755102328105781,16.0,26104.876666666667,48,0.0,0.0,1.0
34,0.0,2,0,0.0,17.0,0.0,0,0.0,0.0,1.0
52,0.0,2,1,0.0,26.0,0.0,52,0.0,0.0,1.0
42,0.0,2,1,0.0,21.0,0.0,42,0.0,1.0,0.0
35,98270.34,1,0,0.7354604859560613,35.0,98270.34,0,1.0,0.0,1.0
33,83415.04,1,1,1.113423220485856,33.0,83415.04,33,1.0,0.0,0.0
25,0.0,2,1,0.0,12.5,0.0,25,0.0,0.0,1.0
35,102482.76,1,1,1.8980172846786272,35.0,102482.76,35,0.0,0.0,0.0
60,113715.36,1,0,6.1720516015857365,60.0,113715.36,0,1.0,0.0,1.0
35,104508.1,1,1,0.7078745995399782,35.0,104508.1,35,0.0,0.0,0.0
37,0.0,2,1,0.0,18.5,0.0,37,0.0,0.0,1.0
33,129834.67,1,0,0.6722607331318746,33.0,129834.67,0,1.0,0.0,1.0
19,130274.22,1,1,0.9755789649312926,19.0,130274.22,19,0.0,1.0,1.0
37,142987.46,2,0,0.900192450324063,18.5,71493.73,0,0.0,0.0,0.0
21,0.0,2,1,0.0,10.5,0.0,21,0.0,1.0,0.0
19,110928.51,1,1,40.09517355049284,19.0,110928.51,19,0.0,0.0,1.0
45,88656.37,2,0,0.7606899721666678,22.5,44328.185,0,0.0,1.0,1.0
42,0.0,2,1,0.0,21.0,0.0,42,0.0,0.0,1.0
39,129189.15,2,0,0.7554972744550358,19.5,64594.575,0,0.0,0.0,0.0
35,104832.49,1,0,0.5989910471735242,35.0,104832.49,0,0.0,1.0,1.0
34,150856.79,1,1,18.315019947115257,34.0,150856.79,34,0.0,0.0,1.0
56,0.0,2,1,0.0,28.0,0.0,56,0.0,0.0,0.0
42,0.0,2,0,0.0,21.0,0.0,0,0.0,0.0,1.0
39,0.0,2,1,0.0,19.5,0.0,39,0.0,0.0,1.0
54,0.0,1,0,0.0,54.0,0.0,0,0.0,1.0,0.0
40,104291.41,2,1,0.8875327629111124,20.0,52145.705,40,0.0,1.0,1.0
47,139756.12,1,0,0.8426683735958429,47.0,139756.12,0,1.0,0.0,0.0
67,145981.87,1,1,1.1139980556030378,67.0,145981.87,67,0.0,0.0,1.0
43,0.0,2,0,0.0,21.5,0.0,0,0.0,0.0,0.0
56,174506.1,2,1,1.0785108689700216,28.0,87253.05,56,0.0,1.0,0.0
71,0.0,2,1,0.0,35.5,0.0,71,0.0,0.0,1.0
24,98148.61,1,0,3.65629144352356,24.0,98148.61,0,0.0,0.0,1.0
38,133189.4,1,0,1.0455406888212286,38.0,133189.4,0,0.0,0.0,0.0
38,0.0,2,0,0.0,19.0,0.0,0,0.0,0.0,1.0
37,105961.68,2,1,1.4288483632421236,18.5,52980.84,37,0.0,0.0,1.0
31,0.0,2,0,0.0,15.5,0.0,0,0.0,1.0,0.0
41,190409.34,2,1,1.3761730504761873,20.5,95204.67,41,1.0,0.0,1.0
38,122447.76,1,0,1.8183688762022319,38.0,122447.76,0,0.0,1.0,1.0
34,122338.43,2,0,0.6507853117668164,17.0,61169.215,0,0.0,0.0,0.0
61,117419.35,1,1,1.2471011535059169,61.0,117419.35,61,0.0,0.0,0.0
39,91068.56,1,0,3.4263750395523633,39.0,91068.56,0,0.0,0.0,1.0
51,0.0,3,1,0.0,17.0,0.0,51,0.0,0.0,0.0
37,0.0,2,0,0.0,18.5,0.0,0,0.0,0.0,1.0
42,0.0,1,0,0.0,42.0,0.0,0,0.0,0.0,1.0
46,139859.54,1,0,3.5891523377684207,46.0,139859.54,0,0.0,0.0,1.0
36,113877.23,2,0,0.6510175311943484,18.0,56938.615,0,1.0,0.0,1.0
41,0.0,2,0,0.0,20.5,0.0,0,0.0,0.0,0.0
51,0.0,1,0,0.0,51.0,0.0,0,0.0,0.0,0.0
52,124099.13,1,0,5.191450403522012,52.0,124099.13,0,1.0,0.0,0.0
31,113292.17,1,1,0.923780327957343,31.0,113292.17,31,0.0,0.0,1.0
25,148042.97,2,0,2.8284240984388,12.5,74021.485,0,0.0,1.0,1.0
58,89685.92,1,1,0.7091414459568757,58.0,89685.92,58,0.0,0.0,1.0
43,132615.73,2,0,4.018768087614511,21.5,66307.865,0,1.0,0.0,1.0
40,141782.57,2,0,1.64226350727984,20.0,70891.285,0,1.0,0.0,0.0
28,135337.49,2,1,3.3511315045136123,14.0,67668.745,28,1.0,0.0,0.0
41,0.0,2,0,0.0,20.5,0.0,0,0.0,1.0,0.0
31,118100.59,2,0,1.144772144469329,15.5,59050.295,0,0.0,0.0,0.0
55,123378.2,1,0,1.5151072692685024,55.0,123378.2,0,1.0,0.0,0.0
44,0.0,2,0,0.0,22.0,0.0,0,0.0,0.0,0.0
33,80462.24,1,0,0.5349088084317257,33.0,80462.24,0,0.0,1.0,1.0
43,66338.68,1,1,3.533822346517512,43.0,66338.68,43,0.0,0.0,1.0
35,174894.53,1,1,7.83769020661407,35.0,174894.53,35,0.0,1.0,1.0
37,143258.85,2,0,0.7433446356248519,18.5,71629.425,0,1.0,0.0,0.0
48,91246.53,1,0,1.5203330830728259,48.0,91246.53,0,0.0,0.0,1.0
43,0.0,2,1,0.0,21.5,0.0,43,0.0,0.0,1.0
38,123948.85,1,0,1.6297678713035515,38.0,123948.85,0,1.0,0.0,0.0
39,98544.11,1,1,1.8832158649828379,39.0,98544.11,39,0.0,1.0,0.0
44,95488.82,2,0,0.892305547360854,22.0,47744.41,0,1.0,0.0,1.0
40,123177.01,1,0,0.8305375673302632,40.0,123177.01,0,0.0,1.0,1.0
39,0.0,2,0,0.0,19.5,0.0,0,0.0,0.0,1.0
39,0.0,2,1,0.0,19.5,0.0,39,0.0,1.0,1.0
19,143390.51,1,0,4.308241424109242,19.0,143390.51,0,0.0,0.0,1.0
32,123502.53,1,1,1.7686981216381101,32.0,123502.53,32,0.0,0.0,0.0
36,0.0,2,0,0.0,18.0,0.0,0,0.0,0.0,0.0
34,152992.91,1,1,1.1358790329286546,34.0,152992.91,34,0.0,0.0,0.0
34,175111.11,1,1,2.339234393514146,34.0,175111.11,34,0.0,0.0,1.0
31,0.0,2,1,0.0,15.5,0.0,31,0.0,0.0,0.0
35,119948.09,1,0,2.4876221458514323,35.0,119948.09,0,1.0,0.0,0.0
45,68375.27,1,0,0.35398209517744983,45.0,68375.27,0,0.0,0.0,1.0
19,75888.2,1,0,1.6637132443616234,19.0,75888.2,0,1.0,0.0,1.0
49,122451.46,2,1,1.6152820081231425,24.5,61225.73,49,0.0,0.0,1.0
32,0.0,2,0,0.0,16.0,0.0,0,0.0,0.0,0.0
58,104796.54,1,1,0.6796963395262762,58.0,104796.54,58,0.0,0.0,1.0
60,0.0,1,0,0.0,60.0,0.0,0,0.0,0.0,1.0
36,0.0,1,0,0.0,36.0,0.0,0,0.0,0.0,0.0
39,0.0,1,1,0.0,39.0,0.0,39,0.0,1.0,1.0
40,150578.0,1,1,4.343100873304255,40.0,150578.0,40,0.0,0.0,1.0
72,0.0,2,1,0.0,36.0,0.0,72,0.0,0.0,0.0
35,178032.53,1,1,4.220612597696441,35.0,178032.53,35,0.0,0.0,0.0
51,88827.53,1,0,1.041955750077096,51.0,88827.53,0,0.0,1.0,1.0
36,0.0,1,1,0.0,36.0,0.0,36,0.0,0.0,1.0
40,92055.36,1,1,0.5590903773910578,40.0,92055.36,40,0.0,0.0,0.0
24,137492.35,2,1,0.8081030978284093,12.0,68746.175,24,0.0,0.0,1.0
38,119658.49,1,1,13.838822979721463,38.0,119658.49,38,0.0,1.0,0.0
38,126473.99,1,0,1.375128475917092,38.0,126473.99,0,0.0,1.0,1.0
41,123049.21,1,1,24.285580923509304,41.0,123049.21,41,1.0,0.0,1.0
53,114421.55,1,0,0.6335694337731235,53.0,114421.55,0,1.0,0.0,1.0
23,104592.55,2,0,0.7939543282815972,11.5,52296.275,0,1.0,0.0,1.0
79,108078.56,1,1,0.6207168858664592,79.0,108078.56,79,0.0,1.0,0.0
42,148283.94,1,1,3.3178611328086984,42.0,148283.94,42,0.0,0.0,0.0
33,139451.67,1,0,2.2085363937732847,33.0,139451.67,0,0.0,0.0,1.0
33,0.0,2,0,0.0,16.5,0.0,0,0.0,0.0,0.0
25,0.0,2,1,0.0,12.5,0.0,25,0.0,0.0,1.0
78,151675.65,1,1,3.034807648943039,78.0,151675.65,78,0.0,1.0,1.0
43,0.0,2,0,0.0,21.5,0.0,0,0.0,0.0,0.0
43,145618.37,1,1,14.068401872716347,43.0,145618.37,43,0.0,0.0,0.0
46,0.0,2,1,0.0,23.0,0.0,46,0.0,0.0,0.0
33,0.0,1,1,0.0,33.0,0.0,33,0.0,0.0,0.0
42,138912.17,1,1,0.9958236421083948,42.0,138912.17,42,0.0,1.0,0.0
57,106138.33,2,1,0.8796675576749093,28.5,53069.165,57,1.0,0.0,0.0
44,81811.71,1,0,0.49820322357116376,44.0,81811.71,0,0.0,1.0,0.0
23,139542.82,1,1,4.976868053247204,23.0,139542.82,23,1.0,0.0,1.0
26,214346.96,2,0,1.663986421491914,13.0,107173.48,0,1.0,0.0,1.0
31,61297.05,2,1,8.61153101564761,15.5,30648.525,31,0.0,0.0,1.0
41,0.0,2,1,0.0,20.5,0.0,41,0.0,1.0,1.0
38,86131.71,2,0,0.9214020994670886,19.0,43065.855,0,0.0,1.0,1.0
38,143006.7,1,1,9.137288678151851,38.0,143006.7,38,0.0,1.0,1.0
29,101486.96,1,1,11.547896931733488,29.0,101486.96,29,0.0,0.0,1.0
30,115286.68,2,1,0.7706951203011579,15.0,57643.34,30,1.0,0.0,1.0
34,0.0,2,0,0.0,17.0,0.0,0,0.0,1.0,0.0
32,100262.88,2,1,0.6348916311136089,16.0,50131.44,32,0.0,1.0,1.0
30,74323.2,1,1,3.2414383830489486,30.0,74323.2,30,0.0,0.0,0.0
23,0.0,2,0,0.0,11.5,0.0,0,0.0,1.0,0.0
39,102556.18,2,0,0.5963565421545752,19.5,51278.09,0,1.0,0.0,0.0
46,0.0,2,1,0.0,23.0,0.0,46,0.0,1.0,0.0
41,57568.94,1,1,0.9417724592001511,41.0,57568.94,41,0.0,0.0,1.0
32,155619.36,1,1,0.9335740886951823,32.0,155619.36,32,0.0,1.0,1.0
52,135870.01,2,0,2.5143130968185345,26.0,67935.005,0,1.0,0.0,1.0
50,119655.77,1,1,9.243989379002285,50.0,119655.77,50,1.0,0.0,1.0
32,147256.86,1,0,1.305793328926209,32.0,147256.86,0,0.0,0.0,0.0
32,93694.42,1,1,1.1723653648381807,32.0,93694.42,32,0.0,0.0,1.0
22,89492.62,1,0,2.0844021919005327,22.0,89492.62,0,0.0,0.0,0.0
31,0.0,2,1,0.0,15.5,0.0,31,0.0,0.0,1.0
30,0.0,2,1,0.0,15.0,0.0,30,0.0,0.0,0.0
51,0.0,1,1,0.0,51.0,0.0,51,0.0,1.0,1.0
42,177728.55,1,0,1.6924331631998626,42.0,177728.55,0,1.0,0.0,1.0
48,0.0,2,1,0.0,24.0,0.0,48,0.0,0.0,0.0
52,0.0,1,0,0.0,52.0,0.0,0,0.0,0.0,0.0
51,84474.62,2,1,0.4424212184233037,25.5,42237.31,51,0.0,1.0,0.0
36,129944.39,2,0,0.6532665744328728,18.0,64972.195,0,0.0,0.0,0.0
44,0.0,1,0,0.0,44.0,0.0,0,0.0,1.0,1.0
34,108513.25,2,1,4.004501100088494,17.0,54256.625,34,1.0,0.0,1.0
40,0.0,2,0,0.0,20.0,0.0,0,0.0,0.0,1.0
46,0.0,1,0,0.0,46.0,0.0,0,0.0,0.0,0.0
50,148942.0,1,1,1.273614874773717,50.0,148942.0,50,0.0,0.0,1.0
42,133616.39,1,0,4.669322192634839,42.0,133616.39,0,0.0,0.0,0.0
54,0.0,1,1,0.0,54.0,0.0,54,0.0,1.0,0.0
41,95858.37,1,1,1.4043972475338387,41.0,95858.37,41,0.0,0.0,0.0
34,117715.84,1,0,47.11139926440866,34.0,117715.84,0,0.0,0.0,1.0
50,144895.05,2,1,4.146821677428069,25.0,72447.525,50,1.0,0.0,0.0
69,78833.15,2,1,2.119390044399756,34.5,39416.575,69,1.0,0.0,0.0
44,0.0,2,0,0.0,22.0,0.0,0,0.0,1.0,1.0
41,0.0,1,0,0.0,41.0,0.0,0,0.0,1.0,0.0
38,0.0,2,1,0.0,19.0,0.0,38,0.0,0.0,0.0
37,122506.38,1,1,0.6134710014089568,37.0,122506.38,37,1.0,0.0,1.0
23,0.0,2,1,0.0,11.5,0.0,23,0.0,1.0,0.0
61,125397.21,1,0,0.6882994557867266,61.0,125397.21,0,1.0,0.0,0.0
34,117300.02,1,0,0.8414027163602518,34.0,117300.02,0,0.0,1.0,1.0
37,0.0,2,1,0.0,18.5,0.0,37,0.0,0.0,1.0
45,0.0,4,0,0.0,11.25,0.0,0,0.0,0.0,0.0
47,117879.32,1,1,14.35022143877991,47.0,117879.32,47,0.0,0.0,1.0
34,144855.34,1,0,0.7369698261029006,34.0,144855.34,0,0.0,1.0,0.0
29,129514.99,1,1,1.2582766073327565,29.0,129514.99,29,1.0,0.0,1.0
39,138106.75,1,0,7.047438526733797,39.0,138106.75,0,0.0,0.0,0.0
31,108345.22,1,1,2.792256487611602,31.0,108345.22,31,0.0,0.0,1.0
42,101043.63,1,1,0.5257882481598073,42.0,101043.63,42,0.0,1.0,1.0
49,0.0,2,1,0.0,24.5,0.0,49,0.0,0.0,1.0
38,135979.01,4,1,1.7755781149720664,9.5,33994.7525,38,0.0,0.0,0.0
34,0.0,2,1,0.0,17.0,0.0,34,0.0,0.0,1.0
18,128743.8,1,0,0.6524549476533625,18.0,128743.8,0,1.0,0.0,0.0
47,123365.34,2,0,0.717259781573152,23.5,61682.67,0,0.0,0.0,0.0
35,0.0,1,0,0.0,35.0,0.0,0,0.0,0.0,0.0
30,0.0,2,0,0.0,15.0,0.0,0,0.0,0.0,1.0
47,0.0,1,0,0.0,47.0,0.0,0,0.0,1.0,1.0
37,0.0,2,1,0.0,18.5,0.0,37,0.0,0.0,1.0
32,145330.43,1,1,1.1006658277708838,32.0,145330.43,32,1.0,0.0,0.0
35,121418.62,1,1,4.9760974936035804,35.0,121418.62,35,0.0,0.0,0.0
45,174088.3,4,0,30.70714072788399,11.25,43522.075,0,0.0,1.0,0.0
33,153819.58,1,0,1.9427529194735431,33.0,153819.58,0,0.0,0.0,1.0
39,92224.56,1,1,1.6916583283272726,39.0,92224.56,39,0.0,0.0,0.0
39,96863.13,1,1,0.7960402918479019,39.0,96863.13,39,0.0,0.0,1.0
49,0.0,1,0,0.0,49.0,0.0,0,0.0,1.0,0.0
59,138772.15,1,1,1.1202866668819427,59.0,138772.15,59,0.0,0.0,1.0
31,0.0,2,0,0.0,15.5,0.0,0,0.0,0.0,1.0
42,99948.45,1,1,1.0268118656294902,42.0,99948.45,42,1.0,0.0,0.0
27,154483.98,1,0,0.9877824535531056,27.0,154483.98,0,0.0,0.0,1.0
43,157960.49,2,0,1.156348844972431,21.5,78980.245,0,0.0,0.0,1.0
46,117837.43,1,0,1.1328712789236257,46.0,117837.43,0,1.0,0.0,1.0
32,106045.92,2,1,5.9118028765748685,16.0,53022.96,32,0.0,0.0,0.0
33,0.0,2,0,0.0,16.5,0.0,0,0.0,0.0,1.0
41,131762.94,1,1,2.763757493661811,41.0,131762.94,41,0.0,0.0,1.0
39,132865.56,1,1,2.227926118313923,39.0,132865.56,39,0.0,0.0,0.0
45,0.0,1,0,0.0,45.0,0.0,0,0.0,0.0,0.0
38,0.0,2,1,0.0,19.0,0.0,38,0.0,1.0,1.0
58,125850.53,2,1,1.446421985429644,29.0,62925.265,58,1.0,0.0,1.0
29,132144.35,1,0,0.8358999162040135,29.0,132144.35,0,0.0,0.0,0.0
41,0.0,2,0,0.0,20.5,0.0,0,0.0,0.0,1.0
46,127559.97,2,1,1.0047850180185502,23.0,63779.985,46,1.0,0.0,1.0
35,140691.08,2,0,0.8383937907014742,17.5,70345.54,0,1.0,0.0,1.0
48,0.0,2,1,0.0,24.0,0.0,48,0.0,1.0,1.0
26,147037.32,1,0,1.037203292305778,26.0,147037.32,0,1.0,0.0,1.0
36,174060.46,1,1,1.8336510206622827,36.0,174060.46,36,0.0,0.0,1.0
46,0.0,1,1,0.0,46.0,0.0,46,0.0,0.0,1.0
39,139723.9,1,1,1.1584566425378016,39.0,139723.9,39,0.0,1.0,0.0
51,93656.95,1,1,0.6623522786445395,51.0,93656.95,51,0.0,1.0,0.0
30,139762.13,2,1,5.993775163093729,15.0,69881.065,30,1.0,0.0,1.0
43,132412.38,1,0,1.902905971605664,43.0,132412.38,0,0.0,0.0,1.0
73,137732.23,2,1,1.0339447118409038,36.5,68866.115,73,0.0,0.0,0.0
33,140700.61,1,0,1.3586657245852636,33.0,140700.61,0,0.0,0.0,1.0
26,137998.2,2,1,0.8166068277387443,13.0,68999.1,26,0.0,0.0,1.0
73,0.0,2,0,0.0,36.5,0.0,0,0.0,0.0,0.0
34,137361.96,1,0,0.7478244612743681,34.0,137361.96,0,0.0,0.0,1.0
25,0.0,1,0,0.0,25.0,0.0,0,0.0,0.0,1.0
38,63176.44,2,1,4.367212126574718,19.0,31588.22,38,1.0,0.0,1.0
30,169462.09,1,0,1.5105308444080607,30.0,169462.09,0,0.0,0.0,1.0
35,133607.75,1,1,1.107984305350723,35.0,133607.75,35,1.0,0.0,0.0
33,0.0,1,0,0.0,33.0,0.0,0,0.0,0.0,0.0
58,178713.98,1,1,8.209861077231432,58.0,178713.98,58,0.0,1.0,1.0
19,108711.57,2,0,4.373435114503817,9.5,54355.785,0,1.0,0.0,0.0
35,176273.95,1,1,1.453472763106317,35.0,176273.95,35,0.0,1.0,1.0
26,139584.57,1,0,3.844359225127262,26.0,139584.57,0,0.0,1.0,1.0
50,104129.24,2,0,0.5727842910410119,25.0,52064.62,0,0.0,0.0,1.0
22,169649.73,2,1,1.2440855791442087,11.0,84824.865,22,0.0,1.0,0.0
67,125919.35,1,0,0.7158130292628173,67.0,125919.35,0,0.0,1.0,1.0
38,0.0,1,0,0.0,38.0,0.0,0,0.0,1.0,1.0
27,0.0,2,0,0.0,13.5,0.0,0,0.0,0.0,1.0
34,124379.14,1,0,1.1635864343107507,34.0,124379.14,0,0.0,0.0,0.0
32,92041.87,1,1,2.1112505992535993,32.0,92041.87,32,1.0,0.0,0.0
48,87070.23,1,1,1.0166243979169705,48.0,87070.23,48,0.0,1.0,1.0
30,110153.27,1,1,1.4716641910309038,30.0,110153.27,30,1.0,0.0,1.0
34,91258.52,2,0,2.034413942850009,17.0,45629.26,0,1.0,0.0,0.0
32,0.0,2,1,0.0,16.0,0.0,32,0.0,1.0,1.0
51,116574.84,1,0,28.287723487275056,51.0,116574.84,0,1.0,0.0,0.0
44,0.0,2,0,0.0,22.0,0.0,0,0.0,1.0,1.0
29,152265.43,1,0,4.477810250661384,29.0,152265.43,0,0.0,0.0,0.0
43,107963.38,1,0,0.5790819574846146,43.0,107963.38,0,1.0,0.0,0.0
32,105000.23,1,0,0.5525757578388883,32.0,105000.23,0,0.0,0.0,1.0
37,0.0,2,1,0.0,18.5,0.0,37,0.0,0.0,1.0
40,0.0,1,1,0.0,40.0,0.0,40,0.0,0.0,0.0
28,96213.82,2,0,0.650473289940422,14.0,48106.91,0,1.0,0.0,1.0
40,95710.11,2,0,1.950742732569397,20.0,47855.055,0,1.0,0.0,1.0
25,0.0,2,1,0.0,12.5,0.0,25,0.0,0.0,1.0
29,0.0,2,0,0.0,14.5,0.0,0,0.0,1.0,0.0
26,136214.08,1,0,0.8527112381545956,26.0,136214.08,0,0.0,0.0,0.0
32,111871.93,1,0,0.997673028227408,32.0,111871.93,0,0.0,0.0,0.0
37,0.0,2,1,0.0,18.5,0.0,37,0.0,0.0,0.0
31,120599.38,2,1,2.6124435267389083,15.5,60299.69,31,1.0,0.0,0.0
49,159458.53,1,0,1.1738585489617115,49.0,159458.53,0,0.0,0.0,1.0
35,128415.45,1,0,0.9003618472276784,35.0,128415.45,0,0.0,1.0,0.0
45,144889.18,1,1,1.4122867399862953,45.0,144889.18,45,0.0,0.0,1.0
41,143350.41,1,1,0.7463439922161776,41.0,143350.41,41,1.0,0.0,1.0
48,0.0,2,1,0.0,24.0,0.0,48,0.0,0.0,1.0
47,93871.95,3,0,0.5983738872433825,15.666666666666666,31290.649999999998,0,0.0,0.0,1.0
55,0.0,2,1,0.0,27.5,0.0,55,0.0,0.0,1.0
31,141751.82,1,1,2.3037142059414424,31.0,141751.82,31,0.0,1.0,0.0
39,102025.08,2,0,8.260464528811815,19.5,51012.54,0,0.0,0.0,1.0
28,142243.54,2,0,4.300699844079323,14.0,71121.77,0,0.0,0.0,0.0
44,0.0,2,0,0.0,22.0,0.0,0,0.0,0.0,1.0
26,142662.68,1,0,2.366458821636452,26.0,142662.68,0,0.0,0.0,1.0
32,102128.27,1,0,1.596218868086132,32.0,102128.27,0,1.0,0.0,1.0
44,0.0,3,0,0.0,14.666666666666666,0.0,0,0.0,1.0,0.0
33,164704.38,1,1,0.9113984863551172,33.0,164704.38,33,0.0,0.0,1.0
32,159397.75,1,1,2.780685754000389,32.0,159397.75,32,0.0,1.0,0.0
39,0.0,2,1,0.0,19.5,0.0,39,0.0,0.0,1.0
71,0.0,2,1,0.0,35.5,0.0,71,0.0,0.0,1.0
39,0.0,2,0,0.0,19.5,0.0,0,0.0,1.0,0.0
49,0.0,2,1,0.0,24.5,0.0,49,0.0,1.0,0.0
43,85162.26,1,1,16.68513424554474,43.0,85162.26,43,0.0,1.0,1.0
21,0.0,2,1,0.0,10.5,0.0,21,0.0,1.0,1.0
42,139707.28,1,0,64.97348178325939,42.0,139707.28,0,1.0,0.0,0.0
31,151290.16,1,1,0.8773642241299322,31.0,151290.16,31,0.0,0.0,0.0
37,83568.55,1,0,1.7762885489147808,37.0,83568.55,0,0.0,0.0,1.0
36,145387.32,2,1,0.8554046993702166,18.0,72693.66,36,1.0,0.0,0.0
41,114206.84,1,0,0.6961217006295196,41.0,114206.84,0,1.0,0.0,0.0
36,65349.71,1,0,1.0125515109783692,36.0,65349.71,0,1.0,0.0,1.0
33,0.0,2,1,0.0,16.5,0.0,33,0.0,0.0,1.0
35,124098.54,1,0,1.4317110775362005,35.0,124098.54,0,1.0,0.0,1.0
45,0.0,2,1,0.0,22.5,0.0,45,0.0,1.0,1.0
29,144591.96,1,1,0.7366100685014133,29.0,144591.96,29,0.0,0.0,1.0
43,145843.82,1,1,0.7350911181151718,43.0,145843.82,43,0.0,1.0,1.0
20,134874.4,1,1,1.1350621869570823,20.0,134874.4,20,1.0,0.0,1.0
35,0.0,2,1,0.0,17.5,0.0,35,0.0,1.0,0.0
66,0.0,1,1,0.0,66.0,0.0,66,0.0,1.0,0.0
46,0.0,2,1,0.0,23.0,0.0,46,0.0,0.0,1.0
55,106415.57,3,1,0.8654417848654102,18.333333333333332,35471.85666666667,55,0.0,0.0,1.0
38,111096.91,1,1,5.621493932058486,38.0,111096.91,38,1.0,0.0,1.0
33,0.0,2,1,0.0,16.5,0.0,33,0.0,0.0,1.0
54,152677.48,1,1,0.7953050184168658,54.0,152677.48,54,0.0,1.0,1.0
35,131504.73,1,0,0.693735132379685,35.0,131504.73,0,1.0,0.0,0.0
48,106396.48,1,1,0.7061959193003755,48.0,106396.48,48,1.0,0.0,1.0
33,0.0,2,1,0.0,16.5,0.0,33,0.0,0.0,1.0
38,168190.33,2,0,2.471494331988089,19.0,84095.165,0,0.0,0.0,0.0
60,0.0,2,1,0.0,30.0,0.0,60,0.0,0.0,0.0
51,0.0,2,0,0.0,25.5,0.0,0,0.0,1.0,1.0
46,120392.99,1,0,0.6774311911531788,46.0,120392.99,0,1.0,0.0,0.0
64,0.0,1,1,0.0,64.0,0.0,64,0.0,0.0,0.0
56,0.0,2,1,0.0,28.0,0.0,56,0.0,0.0,1.0
32,62321.62,1,1,1.522989282412595,32.0,62321.62,32,0.0,0.0,1.0
44,125512.98,2,0,1.5871092511187015,22.0,62756.49,0,0.0,1.0,0.0
32,97514.07,1,1,0.48967880901586053,32.0,97514.07,32,0.0,0.0,1.0
47,171937.27,1,1,2.6195206904894377,47.0,171937.27,47,1.0,0.0,1.0
38,101985.81,2,0,2.3283756384232697,19.0,50992.905,0,1.0,0.0,1.0
39,139443.75,2,0,15.101022735394833,19.5,69721.875,0,0.0,1.0,1.0
79,0.0,2,1,0.0,39.5,0.0,79,0.0,0.0,0.0
67,151858.98,1,1,2.0855650489580966,67.0,151858.98,67,0.0,1.0,1.0
34,96127.27,1,0,3.1036769914561706,34.0,96127.27,0,0.0,0.0,0.0
24,0.0,2,1,0.0,12.0,0.0,24,0.0,0.0,1.0
48,100900.5,1,0,3.02906992103443,48.0,100900.5,0,1.0,0.0,1.0
40,0.0,2,0,0.0,20.0,0.0,0,0.0,1.0,0.0
48,0.0,2,0,0.0,24.0,0.0,0,0.0,0.0,0.0
38,129728.6,1,0,1.4528980662236586,38.0,129728.6,0,1.0,0.0,1.0
62,118356.89,2,0,0.7043592688492023,31.0,59178.445,0,1.0,0.0,1.0
41,130385.82,1,1,0.9978866839198406,41.0,130385.82,41,0.0,0.0,1.0
31,0.0,2,1,0.0,15.5,0.0,31,0.0,0.0,0.0
46,0.0,2,0,0.0,23.0,0.0,0,0.0,1.0,1.0
42,70105.87,1,1,0.5801990106324774,42.0,70105.87,42,0.0,1.0,1.0
51,119741.77,2,0,2.178925260183377,25.5,59870.885,0,1.0,0.0,0.0
29,0.0,2,1,0.0,14.5,0.0,29,0.0,0.0,1.0
32,133476.09,1,1,0.8620069696222119,32.0,133476.09,32,0.0,1.0,1.0
58,0.0,2,1,0.0,29.0,0.0,58,0.0,0.0,0.0
43,119654.44,2,1,0.8062302678000144,21.5,59827.22,43,1.0,0.0,1.0
30,78653.05,1,0,43.92847169474108,30.0,78653.05,0,0.0,1.0,1.0
31,100082.14,1,1,2.0092828972886503,31.0,100082.14,31,0.0,0.0,1.0
37,0.0,2,1,0.0,18.5,0.0,37,0.0,1.0,0.0
36,129118.5,2,0,0.9260113234025976,18.0,64559.25,0,1.0,0.0,0.0
41,0.0,2,1,0.0,20.5,0.0,41,0.0,1.0,1.0
55,137592.31,2,1,1.1805632562440787,27.5,68796.155,55,1.0,0.0,0.0
55,134140.68,1,0,59.14805016138419,55.0,134140.68,0,0.0,0.0,1.0
27,128554.98,1,1,0.9653217738495262,27.0,128554.98,27,0.0,0.0,1.0
29,0.0,2,1,0.0,14.5,0.0,29,0.0,1.0,1.0
43,95556.31,1,1,0.4795222637697104,43.0,95556.31,43,1.0,0.0,1.0
34,148375.19,2,1,6.894315792017054,17.0,74187.595,34,1.0,0.0,1.0
39,157371.54,1,1,1.6101976481133031,39.0,157371.54,39,0.0,0.0,0.0
38,73023.17,2,0,0.9270327885210343,19.0,36511.585,0,1.0,0.0,1.0
39,117704.73,1,0,0.5946680577062498,39.0,117704.73,0,0.0,0.0,0.0
32,0.0,2,1,0.0,16.0,0.0,32,0.0,1.0,1.0
31,93460.47,2,0,0.5409133866361265,15.5,46730.235,0,1.0,0.0,0.0
45,108924.33,2,0,1.2920974277702124,22.5,54462.165,0,1.0,0.0,1.0
38,135289.33,2,1,0.8844964441811594,19.0,67644.665,38,0.0,1.0,1.0
71,104308.77,1,1,4.066612371754586,71.0,104308.77,71,0.0,0.0,0.0
36,119984.07,1,0,0.6264338167555809,36.0,119984.07,0,1.0,0.0,1.0
43,132558.26,1,0,1.977099588451833,43.0,132558.26,0,0.0,0.0,0.0
61,94867.18,2,1,0.6022257686906929,30.5,47433.59,61,1.0,0.0,0.0
43,78022.61,1,1,2.544527248066149,43.0,78022.61,43,0.0,1.0,1.0
25,127974.06,2,1,0.6983221319949022,12.5,63987.03,25,0.0,0.0,0.0
42,0.0,2,1,0.0,21.0,0.0,42,0.0,0.0,1.0
38,120623.21,1,0,0.9300314522992993,38.0,120623.21,0,1.0,0.0,0.0
48,133297.24,1,0,1.7141171464515175,48.0,133297.24,0,0.0,0.0,0.0
35,0.0,2,1,0.0,17.5,0.0,35,0.0,1.0,1.0
31,109848.6,1,1,2.614661571363795,31.0,109848.6,31,0.0,0.0,0.0
41,127892.57,2,1,0.6405984709393577,20.5,63946.285,41,1.0,0.0,1.0
36,108960.0,2,0,0.9800297354837143,18.0,54480.0,0,0.0,1.0,0.0
34,140694.78,2,0,3.040955868192691,17.0,70347.39,0,0.0,1.0,1.0
33,0.0,2,1,0.0,16.5,0.0,33,0.0,1.0,0.0
46,85216.61,1,0,0.7260540044808907,46.0,85216.61,0,0.0,0.0,0.0
25,108664.85,2,0,0.5718845956186417,12.5,54332.425,0,0.0,0.0,0.0
36,0.0,2,0,0.0,18.0,0.0,0,0.0,0.0,1.0
36,0.0,2,1,0.0,18.0,0.0,36,0.0,0.0,1.0
49,111087.5,1,1,0.7573446322868962,49.0,111087.5,49,0.0,1.0,1.0
26,0.0,2,0,0.0,13.0,0.0,0,0.0,0.0,0.0
46,121063.8,3,0,0.7991966826919079,15.333333333333334,40354.6,0,1.0,0.0,1.0
40,107949.45,1,0,2.058155044783928,40.0,107949.45,0,1.0,0.0,1.0
37,0.0,2,0,0.0,18.5,0.0,0,0.0,0.0,0.0
31,107784.65,1,1,0.7636852508329995,31.0,107784.65,31,0.0,0.0,0.0
25,0.0,2,1,0.0,12.5,0.0,25,0.0,0.0,1.0
58,216109.88,1,1,2.9134465521590265,58.0,216109.88,58,0.0,1.0,0.0
44,193213.02,2,1,1.4062822956404475,22.0,96606.51,44,0.0,1.0,0.0
28,0.0,2,1,0.0,14.0,0.0,28,0.0,0.0,0.0
23,0.0,2,0,0.0,11.5,0.0,0,0.0,0.0,0.0
30,98014.74,1,1,7.683128036534836,30.0,98014.74,30,0.0,0.0,1.0
44,123322.15,1,0,0.8992670721951133,44.0,123322.15,0,0.0,0.0,0.0
34,0.0,2,1,0.0,17.0,0.0,34,0.0,1.0,1.0
24,146126.75,1,1,1.642020270349992,24.0,146126.75,24,0.0,0.0,1.0
40,160272.27,1,0,3.2276360433250684,40.0,160272.27,0,0.0,0.0,1.0
48,95808.19,1,0,0.6957646442488384,48.0,95808.19,0,0.0,1.0,0.0
39,125211.55,2,0,0.8665394844302685,19.5,62605.775,0,0.0,0.0,1.0
36,82729.49,1,0,0.7269080289169365,36.0,82729.49,0,0.0,1.0,1.0
28,0.0,1,0,0.0,28.0,0.0,0,0.0,0.0,1.0
61,0.0,2,0,0.0,30.5,0.0,0,0.0,1.0,1.0
26,116244.14,2,1,1.221755940450558,13.0,58122.07,26,1.0,0.0,1.0
30,0.0,1,0,0.0,30.0,0.0,0,0.0,0.0,1.0
31,0.0,2,1,0.0,15.5,0.0,31,0.0,0.0,0.0
34,91562.99,1,1,0.7386843441708084,34.0,91562.99,34,0.0,0.0,1.0
53,0.0,1,1,0.0,53.0,0.0,53,0.0,1.0,1.0
35,0.0,2,0,0.0,17.5,0.0,0,0.0,1.0,1.0
68,97705.99,1,1,1.5869330168540796,68.0,97705.99,68,0.0,0.0,1.0
35,136496.12,2,0,1.1699130605607067,17.5,68248.06,0,1.0,0.0,1.0
37,0.0,2,0,0.0,18.5,0.0,0,0.0,0.0,0.0
41,93925.3,1,0,0.7575712114664258,41.0,93925.3,0,1.0,0.0,1.0
83,123356.63,1,1,1.327351515977774,83.0,123356.63,83,1.0,0.0,1.0
25,0.0,2,0,0.0,12.5,0.0,0,0.0,0.0,1.0
28,111167.7,1,0,0.744438144495239,28.0,111167.7,0,0.0,0.0,1.0
62,119096.55,1,1,1.0181116277614513,62.0,119096.55,62,0.0,0.0,1.0
30,0.0,2,0,0.0,15.0,0.0,0,0.0,1.0,0.0
23,116022.53,2,1,3.087540043738753,11.5,58011.265,23,1.0,0.0,0.0
19,128514.84,1,0,0.7303258030567737,19.0,128514.84,0,0.0,0.0,1.0
37,75150.34,4,1,0.5703289003205438,9.25,18787.585,37,0.0,0.0,0.0
39,0.0,2,1,0.0,19.5,0.0,39,0.0,0.0,1.0
75,87140.85,1,1,2.214414697837244,75.0,87140.85,75,0.0,0.0,1.0
27,127009.83,1,0,0.7844473424888341,27.0,127009.83,0,0.0,0.0,1.0
25,0.0,2,1,0.0,12.5,0.0,25,0.0,0.0,0.0
44,0.0,1,0,0.0,44.0,0.0,0,0.0,1.0,1.0
36,156021.31,1,0,1.2719510809210735,36.0,156021.31,0,0.0,0.0,0.0
45,153697.53,2,0,1.7098135083000154,22.5,76848.765,0,0.0,0.0,0.0
47,106758.6,1,1,1.32469334733652,47.0,106758.6,47,0.0,1.0,1.0
28,132405.52,3,0,1.2623370184918943,9.333333333333334,44135.17333333333,0,1.0,0.0,1.0
47,0.0,2,1,0.0,23.5,0.0,47,0.0,0.0,0.0
47,0.0,2,0,0.0,23.5,0.0,0,0.0,0.0,1.0
45,128352.59,3,1,0.8913337785629906,15.0,42784.19666666666,45,1.0,0.0,0.0
49,145359.99,1,0,3.8065457087976617,49.0,145359.99,0,0.0,0.0,0.0
26,0.0,2,0,0.0,13.0,0.0,0,0.0,0.0,0.0
32,139626.01,1,1,1.180914246412584,32.0,139626.01,32,1.0,0.0,1.0
32,127849.38,1,0,8.092398741668617,32.0,127849.38,0,0.0,0.0,0.0
47,0.0,1,1,0.0,47.0,0.0,47,0.0,0.0,0.0
32,0.0,2,0,0.0,16.0,0.0,0,0.0,1.0,0.0
35,0.0,2,0,0.0,17.5,0.0,0,0.0,0.0,1.0
27,0.0,2,0,0.0,13.5,0.0,0,0.0,0.0,1.0
42,0.0,4,0,0.0,10.5,0.0,0,0.0,0.0,0.0
40,0.0,1,0,0.0,40.0,0.0,0,0.0,0.0,0.0
40,0.0,2,0,0.0,20.0,0.0,0,0.0,0.0,0.0
37,178742.71,1,1,0.9190160373939353,37.0,178742.71,37,0.0,1.0,1.0
41,99945.93,2,0,1.4041430016671979,20.5,49972.965,0,0.0,1.0,0.0
31,94263.91,2,0,0.5581211789142916,15.5,47131.955,0,0.0,0.0,1.0
23,80673.96,2,0,0.8583098605035662,11.5,40336.98,0,0.0,0.0,1.0
35,0.0,2,0,0.0,17.5,0.0,0,0.0,0.0,0.0
18,142872.36,1,1,1.2145640202042578,18.0,142872.36,18,1.0,0.0,1.0
42,187534.79,1,1,5.7000745583413694,42.0,187534.79,42,0.0,0.0,1.0
45,0.0,2,1,0.0,22.5,0.0,45,0.0,0.0,0.0
37,126817.13,2,1,4.227825334388147,18.5,63408.565,37,1.0,0.0,1.0
54,0.0,1,1,0.0,54.0,0.0,54,0.0,1.0,1.0
35,0.0,3,1,0.0,11.666666666666666,0.0,35,0.0,0.0,0.0
21,86402.52,2,0,3.161385099992353,10.5,43201.26,0,1.0,0.0,1.0
32,139875.2,2,0,9.095663154992481,16.0,69937.6,0,1.0,0.0,0.0
46,57037.74,1,1,0.35978916680086753,46.0,57037.74,46,0.0,0.0,1.0
29,0.0,2,1,0.0,14.5,0.0,29,0.0,1.0,0.0
27,0.0,1,0,0.0,27.0,0.0,0,0.0,0.0,1.0
49,113599.74,2,0,0.7149714932786547,24.5,56799.87,0,1.0,0.0,1.0
31,0.0,1,1,0.0,31.0,0.0,31,0.0,1.0,1.0
35,163856.76,1,1,10.838377584633092,35.0,163856.76,35,1.0,0.0,1.0
56,62732.65,1,1,0.502043702926888,56.0,62732.65,56,0.0,0.0,0.0
27,190125.43,2,0,8.723915151198128,13.5,95062.715,0,1.0,0.0,1.0
27,150905.03,2,0,8.877434889215188,13.5,75452.515,0,1.0,0.0,0.0
28,156823.7,2,0,0.7910340359559414,14.0,78411.85,0,0.0,1.0,1.0
27,126285.73,1,0,0.7110115707547432,27.0,126285.73,0,1.0,0.0,1.0
40,99004.24,1,1,0.6477385504192816,40.0,99004.24,40,0.0,1.0,1.0
29,99027.61,2,0,9.051552959672406,14.5,49513.805,0,1.0,0.0,0.0
42,177626.77,3,1,10.835710608123605,14.0,59208.92333333333,42,0.0,1.0,1.0
36,119799.27,2,0,0.7514856359357353,18.0,59899.635,0,0.0,1.0,0.0
35,0.0,1,0,0.0,35.0,0.0,0,0.0,1.0,0.0
36,99806.85,1,1,2.699195327196827,36.0,99806.85,36,1.0,0.0,0.0
46,0.0,1,1,0.0,46.0,0.0,46,0.0,0.0,0.0
36,91711.59,1,1,0.9614036312563664,36.0,91711.59,36,0.0,0.0,0.0
36,106190.55,1,1,4.618120909859479,36.0,106190.55,36,0.0,1.0,1.0
33,129907.63,1,1,3.6001489304388987,33.0,129907.63,33,0.0,0.0,1.0
35,0.0,2,0,0.0,17.5,0.0,0,0.0,1.0,1.0
31,88161.85,2,0,0.690756421956818,15.5,44080.925,0,0.0,1.0,0.0
29,141325.56,1,1,1.5060380885194156,29.0,141325.56,29,0.0,0.0,1.0
37,0.0,1,1,0.0,37.0,0.0,37,0.0,0.0,1.0
27,0.0,2,0,0.0,13.5,0.0,0,0.0,0.0,1.0
49,113882.33,1,0,0.5815847717788648,49.0,113882.33,0,1.0,0.0,1.0
39,129626.19,2,1,1.2558175425516003,19.5,64813.095,39,1.0,0.0,1.0
58,110597.76,1,1,0.6907064871392968,58.0,110597.76,58,1.0,0.0,1.0
24,97378.54,1,1,1.3637463505793768,24.0,97378.54,24,0.0,1.0,0.0
50,0.0,1,0,0.0,50.0,0.0,0,0.0,0.0,0.0
41,0.0,2,1,0.0,20.5,0.0,41,0.0,0.0,0.0
39,100116.67,1,1,0.5010641210241227,39.0,100116.67,39,1.0,0.0,0.0
35,110067.71,1,0,0.8620662215658885,35.0,110067.71,0,1.0,0.0,1.0
38,126645.13,1,1,0.7524804438171389,38.0,126645.13,38,0.0,0.0,0.0
43,115643.58,2,0,0.6623102768026478,21.5,57821.79,0,0.0,1.0,1.0
50,0.0,1,0,0.0,50.0,0.0,0,0.0,0.0,0.0
34,76001.57,1,1,0.47899484000862935,34.0,76001.57,34,0.0,1.0,0.0
36,108546.16,3,0,0.8112096928302446,12.0,36182.05333333334,0,0.0,0.0,1.0
58,0.0,1,1,0.0,58.0,0.0,58,0.0,0.0,1.0
57,111359.55,2,0,1.053393931476713,28.5,55679.775,0,0.0,0.0,0.0
34,0.0,2,0,0.0,17.0,0.0,0,0.0,1.0,0.0
32,0.0,2,1,0.0,16.0,0.0,32,0.0,0.0,1.0
37,35549.81,2,0,0.7156287511577445,18.5,17774.905,0,1.0,0.0,0.0
46,0.0,2,1,0.0,23.0,0.0,46,0.0,1.0,1.0
29,0.0,2,1,0.0,14.5,0.0,29,0.0,1.0,1.0
41,33563.95,2,0,0.18751424976897285,20.5,16781.975,0,0.0,0.0,0.0
55,70263.83,1,1,1.126967293586244,55.0,70263.83,55,0.0,1.0,1.0
39,125997.22,1,1,0.9839739900260321,39.0,125997.22,39,1.0,0.0,0.0
38,118590.41,1,1,20.86327643261901,38.0,118590.41,38,0.0,0.0,0.0
40,134504.78,1,0,7.438576135683655,40.0,134504.78,0,1.0,0.0,0.0
41,0.0,1,1,0.0,41.0,0.0,41,0.0,0.0,1.0
44,120702.67,2,1,1.2294551586776936,22.0,60351.335,44,1.0,0.0,0.0
33,102874.28,1,0,0.8729918077790543,33.0,102874.28,0,0.0,0.0,1.0
28,0.0,2,1,0.0,14.0,0.0,28,0.0,1.0,0.0
42,16893.59,1,1,0.21797460625816747,42.0,16893.59,42,0.0,0.0,1.0
36,0.0,1,0,0.0,36.0,0.0,0,0.0,0.0,1.0
34,132121.71,1,1,1.253415945896999,34.0,132121.71,34,0.0,0.0,0.0
30,104145.65,1,0,0.6524205028589928,30.0,104145.65,0,0.0,0.0,1.0
34,0.0,2,1,0.0,17.0,0.0,34,0.0,0.0,1.0
54,116726.22,1,0,1.0563640460786203,54.0,116726.22,0,1.0,0.0,1.0
41,0.0,2,0,0.0,20.5,0.0,0,0.0,1.0,0.0
47,99219.47,2,1,0.8123346328955692,23.5,49609.735,47,1.0,0.0,0.0
34,97208.46,1,1,1.632292328188478,34.0,97208.46,34,0.0,1.0,1.0
38,0.0,1,0,0.0,38.0,0.0,0,0.0,0.0,0.0
37,156282.79,1,0,3.398521752064563,37.0,156282.79,0,1.0,0.0,0.0
51,107494.86,2,0,0.7627107568148271,25.5,53747.43,0,1.0,0.0,0.0
39,124828.46,2,1,1.003354845886717,19.5,62414.23,39,1.0,0.0,1.0
50,129293.74,1,0,0.7271641407596978,50.0,129293.74,0,1.0,0.0,0.0
22,111812.52,2,1,0.6108456336475103,11.0,55906.26,22,1.0,0.0,1.0
33,0.0,2,0,0.0,16.5,0.0,0,0.0,1.0,1.0
39,0.0,2,0,0.0,19.5,0.0,0,0.0,0.0,0.0
72,138089.97,2,1,1.3819996335083091,36.0,69044.985,72,1.0,0.0,0.0
33,90124.64,1,0,0.6555629677201325,33.0,90124.64,0,0.0,0.0,0.0
45,0.0,2,0,0.0,22.5,0.0,0,0.0,0.0,1.0
38,0.0,1,0,0.0,38.0,0.0,0,0.0,1.0,0.0
30,131563.88,2,0,0.7710071872206455,15.0,65781.94,0,1.0,0.0,0.0
25,108380.72,1,1,1.3718045286462603,25.0,108380.72,25,1.0,0.0,1.0
35,0.0,2,0,0.0,17.5,0.0,0,0.0,0.0,0.0
34,176311.36,1,0,1.100479130099523,34.0,176311.36,0,1.0,0.0,0.0
41,136733.24,1,1,2.3742824403634772,41.0,136733.24,41,1.0,0.0,0.0
36,103294.56,1,0,0.6433869172681685,36.0,103294.56,0,1.0,0.0,0.0
41,0.0,1,0,0.0,41.0,0.0,0,0.0,1.0,1.0
47,0.0,1,0,0.0,47.0,0.0,0,0.0,0.0,1.0
37,126872.6,1,0,0.6431530368702089,37.0,126872.6,0,0.0,0.0,1.0
40,0.0,1,0,0.0,40.0,0.0,0,0.0,0.0,0.0
37,0.0,2,0,0.0,18.5,0.0,0,0.0,0.0,0.0
42,0.0,2,0,0.0,21.0,0.0,0,0.0,0.0,0.0
50,94684.27,1,1,1.8753478734240845,50.0,94684.27,50,0.0,1.0,0.0
29,143330.56,2,1,1.1339800995300406,14.5,71665.28,29,0.0,1.0,0.0
41,58820.32,2,1,0.4245848139643612,20.5,29410.16,41,0.0,0.0,1.0
36,0.0,2,1,0.0,18.0,0.0,36,0.0,0.0,1.0
57,120043.13,1,0,0.9068705133120422,57.0,120043.13,0,1.0,0.0,1.0
38,128345.69,2,0,2.0301807135055445,19.0,64172.845,0,0.0,0.0,0.0
45,0.0,1,1,0.0,45.0,0.0,45,0.0,1.0,1.0
48,110463.25,2,1,1.371326585982664,24.0,55231.625,48,1.0,0.0,0.0
36,0.0,2,1,0.0,18.0,0.0,36,0.0,0.0,1.0
38,0.0,2,0,0.0,19.0,0.0,0,0.0,1.0,0.0
41,28082.95,1,0,0.4035702732737363,41.0,28082.95,0,0.0,1.0,0.0
38,0.0,2,1,0.0,19.0,0.0,38,0.0,0.0,1.0
45,145933.27,1,1,0.7318907856648711,45.0,145933.27,45,0.0,0.0,0.0
32,0.0,3,0,0.0,10.666666666666666,0.0,0,0.0,0.0,1.0
49,0.0,1,1,0.0,49.0,0.0,49,0.0,0.0,1.0
38,0.0,2,1,0.0,19.0,0.0,38,0.0,0.0,0.0
41,68213.99,1,1,10.687726989279996,41.0,68213.99,41,0.0,0.0,0.0
28,0.0,2,0,0.0,14.0,0.0,0,0.0,0.0,1.0
25,132837.7,1,0,1.0090422660364273,25.0,132837.7,0,1.0,0.0,0.0
33,0.0,2,0,0.0,16.5,0.0,0,0.0,1.0,0.0
28,98738.92,1,0,0.8080754744528653,28.0,98738.92,0,0.0,0.0,1.0
44,73348.56,1,0,0.46669248637068933,44.0,73348.56,0,0.0,0.0,1.0
43,88798.34,1,0,1.9468781729171467,43.0,88798.34,0,0.0,1.0,1.0
32,102773.15,2,1,0.8721941617653748,16.0,51386.575,32,0.0,1.0,1.0
42,0.0,2,0,0.0,21.0,0.0,0,0.0,1.0,0.0
30,112935.87,1,1,1.1405665916697014,30.0,112935.87,30,0.0,0.0,1.0
51,147910.3,1,1,2.7604918447050584,51.0,147910.3,51,1.0,0.0,1.0
37,151105.68,1,1,1.0721690214118509,37.0,151105.68,37,0.0,0.0,0.0
38,0.0,2,1,0.0,19.0,0.0,38,0.0,1.0,1.0
33,124781.67,1,1,3.702663044961918,33.0,124781.67,33,0.0,0.0,1.0
37,0.0,2,0,0.0,18.5,0.0,0,0.0,1.0,1.0
39,115301.31,1,0,2.648936302191263,39.0,115301.31,0,1.0,0.0,0.0
38,120599.21,1,0,1.2993243899869054,38.0,120599.21,0,0.0,1.0,1.0
29,105204.01,1,1,0.759650423933044,29.0,105204.01,29,1.0,0.0,0.0
32,104336.43,2,0,1.751792525866016,16.0,52168.215,0,1.0,0.0,0.0
36,166287.85,1,1,7.1350261844129275,36.0,166287.85,36,1.0,0.0,0.0
34,100628.0,2,1,0.5288867907491378,17.0,50314.0,34,0.0,1.0,1.0
45,0.0,1,1,0.0,45.0,0.0,45,0.0,0.0,0.0
30,112013.81,1,0,0.6300980531076795,30.0,112013.81,0,1.0,0.0,0.0
32,0.0,1,1,0.0,32.0,0.0,32,0.0,0.0,0.0
44,113522.64,1,1,9.15121400702931,44.0,113522.64,44,0.0,1.0,1.0
61,137655.31,1,1,4.60234190487144,61.0,137655.31,61,1.0,0.0,0.0
35,151958.19,3,1,1.1578792848463448,11.666666666666666,50652.73,35,1.0,0.0,0.0
44,91115.76,2,0,3.7637391960953104,22.0,45557.88,0,1.0,0.0,0.0
30,0.0,2,0,0.0,15.0,0.0,0,0.0,0.0,1.0
49,0.0,2,1,0.0,24.5,0.0,49,0.0,0.0,0.0
39,0.0,1,0,0.0,39.0,0.0,0,0.0,1.0,0.0
66,123760.68,1,1,2.328203387840885,66.0,123760.68,66,0.0,0.0,1.0
29,0.0,2,1,0.0,14.5,0.0,29,0.0,1.0,1.0
39,0.0,2,1,0.0,19.5,0.0,39,0.0,1.0,0.0
34,0.0,2,0,0.0,17.0,0.0,0,0.0,1.0,1.0
46,0.0,2,1,0.0,23.0,0.0,46,0.0,0.0,1.0
29,0.0,2,0,0.0,14.5,0.0,0,0.0,1.0,0.0
37,99660.13,2,1,0.6747434238329683,18.5,49830.065,37,1.0,0.0,1.0
31,0.0,2,1,0.0,15.5,0.0,31,0.0,1.0,1.0
32,102238.01,2,1,0.526972562049856,16.0,51119.005,32,0.0,1.0,1.0
39,142406.43,2,0,0.9711463885930912,19.5,71203.215,0,1.0,0.0,1.0
54,133436.52,1,0,2.3497392045474554,54.0,133436.52,0,0.0,0.0,1.0
29,121890.06,1,0,2.2352635249514443,29.0,121890.06,0,1.0,0.0,1.0
61,82182.1,1,0,0.7693014082967103,61.0,82182.1,0,0.0,1.0,1.0
33,0.0,2,1,0.0,16.5,0.0,33,0.0,0.0,1.0
32,0.0,2,1,0.0,16.0,0.0,32,0.0,0.0,1.0
26,84587.9,1,1,0.4498452863935413,26.0,84587.9,26,1.0,0.0,0.0
43,0.0,2,0,0.0,21.5,0.0,0,0.0,1.0,0.0
40,109542.29,1,1,0.6584225321737629,40.0,109542.29,40,0.0,0.0,1.0
63,165350.61,2,0,1.1747149559524366,31.5,82675.305,0,0.0,0.0,0.0
32,130935.56,1,0,14.167709209106855,32.0,130935.56,0,1.0,0.0,0.0
35,132164.26,1,1,0.8018917385181827,35.0,132164.26,35,0.0,0.0,1.0
35,181166.44,1,1,2.8423976645346305,35.0,181166.44,35,0.0,0.0,0.0
54,93806.31,2,1,0.6697160973141979,27.0,46903.155,54,0.0,0.0,1.0
40,171178.25,1,0,1.2405966839681353,40.0,171178.25,0,0.0,0.0,0.0
29,80262.6,1,1,3.8938194773931953,29.0,80262.6,29,0.0,0.0,1.0
43,158713.08,2,0,1.60989242504068,21.5,79356.54,0,0.0,0.0,1.0
43,111094.05,2,1,1.717613672380499,21.5,55547.025,43,1.0,0.0,0.0
56,119963.45,1,0,0.7576996103037362,56.0,119963.45,0,0.0,0.0,0.0
41,109013.23,1,0,0.554774820310396,41.0,109013.23,0,0.0,1.0,0.0
25,79656.81,1,0,0.8517238636152218,25.0,79656.81,0,1.0,0.0,0.0
42,118889.66,2,0,1.3599489374260414,21.0,59444.83,0,1.0,0.0,0.0
40,95293.86,2,1,0.982556994555273,20.0,47646.93,40,1.0,0.0,1.0
44,121250.04,1,1,1.521494665672833,44.0,121250.04,44,0.0,1.0,1.0
29,0.0,2,1,0.0,14.5,0.0,29,0.0,0.0,0.0
30,132005.77,1,0,0.9235022375411175,30.0,132005.77,0,0.0,0.0,1.0
60,185648.56,1,0,0.9661318839317152,60.0,185648.56,0,0.0,0.0,1.0
33,146193.6,2,1,2.620105837553854,16.5,73096.8,33,0.0,0.0,1.0
35,111743.43,1,1,0.6086769260133255,35.0,111743.43,35,1.0,0.0,0.0
37,0.0,2,1,0.0,18.5,0.0,37,0.0,0.0,1.0
34,145030.92,1,1,3.467926012627733,34.0,145030.92,34,0.0,0.0,1.0
30,92847.59,1,0,0.6352720547072042,30.0,92847.59,0,1.0,0.0,1.0
71,0.0,2,1,0.0,35.5,0.0,71,0.0,0.0,1.0
46,120530.34,1,0,0.7235279297621021,46.0,120530.34,0,1.0,0.0,0.0
37,130461.02,1,0,5.93891424240286,37.0,130461.02,0,0.0,1.0,1.0
44,0.0,2,0,0.0,22.0,0.0,0,0.0,1.0,0.0
33,115761.51,1,1,1.0303630941143767,33.0,115761.51,33,1.0,0.0,0.0
31,121192.22,2,1,1.6182571960318641,15.5,60596.11,31,1.0,0.0,1.0
49,105918.1,1,1,6.519404995140519,49.0,105918.1,49,0.0,0.0,1.0
31,0.0,2,0,0.0,15.5,0.0,0,0.0,0.0,1.0
34,125566.9,1,1,0.7103676006898945,34.0,125566.9,34,0.0,0.0,1.0
48,0.0,2,1,0.0,24.0,0.0,48,0.0,0.0,1.0
30,0.0,2,0,0.0,15.0,0.0,0,0.0,1.0,0.0
25,113113.12,1,0,0.8756154820276963,25.0,113113.12,0,1.0,0.0,0.0
39,0.0,2,1,0.0,19.5,0.0,39,0.0,0.0,1.0
28,96381.68,2,0,0.5312647844669659,14.0,48190.84,0,0.0,1.0,0.0
33,96769.04,1,1,2.625024651388005,33.0,96769.04,33,0.0,1.0,0.0
61,128213.96,2,1,0.6793545541577377,30.5,64106.98,61,0.0,0.0,1.0
25,144351.86,1,0,1.2378683178911214,25.0,144351.86,0,1.0,0.0,0.0
35,128100.28,1,0,1.84438387058875,35.0,128100.28,0,1.0,0.0,0.0
67,153946.14,1,1,20.7504785063055,67.0,153946.14,67,0.0,1.0,1.0
30,0.0,1,1,0.0,30.0,0.0,30,0.0,0.0,0.0
62,0.0,1,0,0.0,62.0,0.0,0,0.0,1.0,1.0
60,88541.57,2,1,0.6722049327761436,30.0,44270.785,60,0.0,0.0,1.0
22,0.0,1,0,0.0,22.0,0.0,0,0.0,0.0,1.0
35,0.0,2,0,0.0,17.5,0.0,0,0.0,1.0,1.0
43,0.0,2,1,0.0,21.5,0.0,43,0.0,1.0,1.0
36,105858.71,1,1,24.083702465049086,36.0,105858.71,36,1.0,0.0,0.0
41,104584.11,1,0,6.91404849295797,41.0,104584.11,0,1.0,0.0,1.0
34,0.0,2,1,0.0,17.0,0.0,34,0.0,0.0,1.0
34,0.0,2,0,0.0,17.0,0.0,0,0.0,0.0,0.0
26,112972.57,1,0,0.7790587402581945,26.0,112972.57,0,0.0,0.0,1.0
44,0.0,2,0,0.0,22.0,0.0,0,0.0,0.0,1.0
39,128264.03,1,0,2.0757129152347296,39.0,128264.03,0,1.0,0.0,0.0
44,96553.52,2,0,0.6707330153389763,22.0,48276.76,0,1.0,0.0,0.0
36,0.0,2,0,0.0,18.0,0.0,0,0.0,1.0,1.0
34,150635.3,1,1,2.084201085744361,34.0,150635.3,34,1.0,0.0,0.0
52,161209.66,1,1,1.8096891371611652,52.0,161209.66,52,0.0,0.0,0.0
25,102585.88,2,1,0.8890561707777453,12.5,51292.94,25,0.0,0.0,1.0
42,177640.09,1,1,3.766230305163299,42.0,177640.09,42,1.0,0.0,1.0
37,0.0,2,1,0.0,18.5,0.0,37,0.0,0.0,0.0
63,138082.16,1,1,0.828438912645339,63.0,138082.16,63,0.0,0.0,1.0
34,0.0,1,0,0.0,34.0,0.0,0,0.0,1.0,0.0
30,122641.56,2,0,1.869022849062323,15.0,61320.78,0,1.0,0.0,1.0
43,152063.59,2,0,1.5530946462498338,21.5,76031.795,0,1.0,0.0,0.0
39,0.0,1,0,0.0,39.0,0.0,0,0.0,0.0,0.0
60,76961.6,2,1,0.9201104635641562,30.0,38480.8,60,0.0,0.0,1.0
60,0.0,1,1,0.0,60.0,0.0,60,0.0,0.0,1.0
37,120764.08,1,1,1.03196805279779,37.0,120764.08,37,0.0,0.0,1.0
43,136855.94,2,0,0.7999972175217566,21.5,68427.97,0,1.0,0.0,1.0
45,0.0,2,0,0.0,22.5,0.0,0,0.0,1.0,1.0
37,0.0,1,1,0.0,37.0,0.0,37,0.0,0.0,0.0
64,128306.7,1,1,1.9428389982379082,64.0,128306.7,64,0.0,0.0,0.0
39,124576.65,2,0,0.8384222968987165,19.5,62288.325,0,1.0,0.0,1.0
46,46870.43,4,0,1.4987918959175803,11.5,11717.6075,0,0.0,0.0,0.0
36,114007.5,2,0,0.9651765208657436,18.0,57003.75,0,0.0,0.0,1.0
42,87271.41,2,0,0.5057082629088828,21.0,43635.705,0,1.0,0.0,0.0
34,0.0,2,0,0.0,17.0,0.0,0,0.0,1.0,1.0
24,133628.09,2,1,1.3556667996685807,12.0,66814.045,24,0.0,0.0,1.0
35,174588.8,2,1,1.102061896928004,17.5,87294.4,35,0.0,1.0,1.0
34,140641.26,2,1,1.8200826147561255,17.0,70320.63,34,1.0,0.0,1.0
26,0.0,2,1,0.0,13.0,0.0,26,0.0,1.0,0.0
44,55053.62,1,0,0.30289651815149654,44.0,55053.62,0,0.0,0.0,0.0
57,0.0,1,0,0.0,57.0,0.0,0,0.0,0.0,1.0
35,84026.86,1,1,0.5115613346484374,35.0,84026.86,35,0.0,0.0,1.0
43,123536.52,2,0,0.7974804742824992,21.5,61768.26,0,0.0,1.0,0.0
37,0.0,2,0,0.0,18.5,0.0,0,0.0,1.0,0.0
31,0.0,2,1,0.0,15.5,0.0,31,0.0,0.0,1.0
35,0.0,2,1,0.0,17.5,0.0,35,0.0,1.0,1.0
45,0.0,2,1,0.0,22.5,0.0,45,0.0,0.0,1.0
34,0.0,1,0,0.0,34.0,0.0,0,0.0,0.0,1.0
34,138190.13,2,1,0.9432052293613048,17.0,69095.065,34,0.0,1.0,0.0
57,113386.36,2,1,1.741147449779743,28.5,56693.18,57,1.0,0.0,0.0
45,0.0,2,0,0.0,22.5,0.0,0,0.0,1.0,0.0
23,156267.59,1,0,0.9707964492915505,23.0,156267.59,0,0.0,0.0,1.0
44,118577.24,1,1,3.7705189306205824,44.0,118577.24,44,0.0,0.0,1.0
57,0.0,2,1,0.0,28.5,0.0,57,0.0,0.0,1.0
50,128061.0,2,1,2.0530788728194422,25.0,64030.5,50,0.0,1.0,1.0
40,117641.43,2,0,1.275964404887088,20.0,58820.715,0,1.0,0.0,0.0
64,129555.7,1,1,9.524900766737318,64.0,129555.7,64,0.0,0.0,0.0
33,187257.94,1,1,0.983338462930447,33.0,187257.94,33,1.0,0.0,0.0
26,42712.87,2,1,1.4799157637685112,13.0,21356.435,26,1.0,0.0,0.0
38,145400.69,2,1,1.734164877746131,19.0,72700.345,38,1.0,0.0,0.0
25,0.0,2,0,0.0,12.5,0.0,0,0.0,0.0,1.0
39,132077.48,2,0,0.6869905955705219,19.5,66038.74,0,0.0,0.0,0.0
25,120383.41,1,1,4.834075209140713,25.0,120383.41,25,0.0,0.0,1.0
43,0.0,2,1,0.0,21.5,0.0,43,0.0,0.0,1.0
44,98009.13,2,1,3.122815586878514,22.0,49004.565,44,1.0,0.0,0.0
36,70438.01,2,1,1.237112563738827,18.0,35219.005,36,0.0,1.0,1.0
42,166685.92,2,1,3.0134757313357987,21.0,83342.96,42,1.0,0.0,1.0
38,0.0,2,0,0.0,19.0,0.0,0,0.0,0.0,0.0
43,0.0,1,0,0.0,43.0,0.0,0,0.0,0.0,1.0
46,0.0,2,0,0.0,23.0,0.0,0,0.0,0.0,0.0
60,134250.17,3,0,0.8771874446245499,20.0,44750.05666666667,0,1.0,0.0,1.0
34,0.0,2,1,0.0,17.0,0.0,34,0.0,0.0,0.0
38,106687.76,1,0,0.6139366370021263,38.0,106687.76,0,0.0,1.0,1.0
31,138857.59,1,0,2.8547572334895195,31.0,138857.59,0,0.0,0.0,0.0
48,0.0,1,1,0.0,48.0,0.0,48,0.0,1.0,0.0
44,114427.86,1,1,0.8393430776116761,44.0,114427.86,44,0.0,0.0,0.0
27,97893.2,1,0,0.5892034775892717,27.0,97893.2,0,0.0,0.0,0.0
42,126428.38,1,0,3.174191880010344,42.0,126428.38,0,1.0,0.0,1.0
69,0.0,2,1,0.0,34.5,0.0,69,0.0,0.0,1.0
30,66190.33,1,1,0.5746338322815506,30.0,66190.33,30,0.0,0.0,1.0
62,114931.35,3,1,6.293821580221873,20.666666666666668,38310.450000000004,62,1.0,0.0,0.0
54,125456.07,1,0,1.4985973950393512,54.0,125456.07,0,1.0,0.0,0.0
43,127823.93,1,1,6.560675140568742,43.0,127823.93,43,0.0,0.0,1.0
39,102945.01,1,0,1.9474333967249373,39.0,102945.01,0,1.0,0.0,1.0
37,0.0,2,0,0.0,18.5,0.0,0,0.0,0.0,0.0
43,119127.46,2,0,2.1345212464020733,21.5,59563.73,0,1.0,0.0,0.0
52,131694.97,1,1,1.4180037362649196,52.0,131694.97,52,1.0,0.0,1.0
38,129022.06,2,1,8.975535066080644,19.0,64511.03,38,0.0,0.0,0.0
42,144801.97,1,1,11.59957111009109,42.0,144801.97,42,0.0,0.0,0.0
37,145219.3,1,0,0.9125665646743039,37.0,145219.3,0,1.0,0.0,0.0
39,143903.11,1,1,1.2122061211295427,39.0,143903.11,39,1.0,0.0,0.0
41,137742.9,2,1,0.8250161627649426,20.5,68871.45,41,1.0,0.0,1.0
34,0.0,2,1,0.0,17.0,0.0,34,0.0,0.0,1.0
27,172463.45,1,1,4.277869154789241,27.0,172463.45,27,0.0,1.0,1.0
33,100476.46,2,1,0.7358803296901042,16.5,50238.23,33,0.0,1.0,1.0
40,0.0,2,1,0.0,20.0,0.0,40,0.0,0.0,1.0
45,122311.21,1,1,6.2780038496086235,45.0,122311.21,45,0.0,1.0,0.0
28,145105.64,2,0,0.7822865719717994,14.0,72552.82,0,0.0,0.0,1.0
38,135559.8,2,1,1.8865402198554613,19.0,67779.9,38,1.0,0.0,1.0
40,99165.84,1,1,0.8309943649732536,40.0,99165.84,40,1.0,0.0,1.0
39,116120.19,2,1,0.5935457980507174,19.5,58060.095,39,0.0,1.0,1.0
35,147900.43,1,0,1.056429454538987,35.0,147900.43,0,0.0,0.0,0.0
48,0.0,1,0,0.0,48.0,0.0,0,0.0,0.0,0.0
68,100194.44,1,1,2.595957025977075,68.0,100194.44,68,1.0,0.0,1.0
40,101891.1,1,1,0.5566455130179564,40.0,101891.1,40,0.0,0.0,0.0
35,109196.66,3,0,0.9982034530668682,11.666666666666666,36398.886666666665,0,1.0,0.0,1.0
38,0.0,2,1,0.0,19.0,0.0,38,0.0,1.0,1.0
37,0.0,2,0,0.0,18.5,0.0,0,0.0,0.0,0.0
38,96479.81,1,0,0.8022641222004997,38.0,96479.81,0,0.0,0.0,0.0
27,137963.07,1,0,15.334699376110812,27.0,137963.07,0,0.0,0.0,0.0
61,157201.48,1,1,3.1210195711100344,61.0,157201.48,61,0.0,0.0,1.0
38,0.0,2,1,0.0,19.0,0.0,38,0.0,0.0,1.0
46,0.0,2,1,0.0,23.0,0.0,46,0.0,0.0,1.0
58,106913.43,1,0,4.130962095745914,58.0,106913.43,0,1.0,0.0,1.0
24,0.0,2,1,0.0,12.0,0.0,24,0.0,1.0,0.0
24,172231.93,1,1,1.1101415251831652,24.0,172231.93,24,0.0,1.0,0.0
45,134264.04,1,0,4.825651017378075,45.0,134264.04,0,0.0,0.0,0.0
31,133964.3,1,1,0.8061052873538318,31.0,133964.3,31,0.0,0.0,0.0
43,0.0,1,0,0.0,43.0,0.0,0,0.0,1.0,1.0
24,0.0,2,1,0.0,12.0,0.0,24,0.0,0.0,1.0
36,92340.69,2,1,0.5286653081241522,18.0,46170.345,36,1.0,0.0,1.0
54,0.0,1,1,0.0,54.0,0.0,54,0.0,0.0,1.0
56,111920.13,3,0,0.5662996635550412,18.666666666666668,37306.71,0,1.0,0.0,0.0
32,0.0,2,0,0.0,16.0,0.0,0,0.0,0.0,0.0
34,0.0,2,1,0.0,17.0,0.0,34,0.0,0.0,1.0
68,0.0,2,0,0.0,34.0,0.0,0,0.0,1.0,1.0
37,0.0,2,1,0.0,18.5,0.0,37,0.0,0.0,1.0
35,100829.94,1,1,0.611057326156269,35.0,100829.94,35,0.0,1.0,1.0
33,0.0,2,1,0.0,16.5,0.0,33,0.0,0.0,1.0
23,115636.05,2,0,1.6425374633207606,11.5,57818.025,0,0.0,1.0,1.0
34,127758.09,1,0,0.8911881754246722,34.0,127758.09,0,1.0,0.0,0.0
41,113220.2,2,1,0.9925248685248759,20.5,56610.1,41,1.0,0.0,1.0
33,0.0,2,1,0.0,16.5,0.0,33,0.0,0.0,0.0
73,0.0,1,1,0.0,73.0,0.0,73,0.0,0.0,1.0
37,138497.84,1,1,7.29374392397957,37.0,138497.84,37,0.0,0.0,0.0
42,65046.08,2,1,0.46415309112477243,21.0,32523.04,42,1.0,0.0,0.0
37,0.0,1,1,0.0,37.0,0.0,37,0.0,1.0,1.0
55,87485.67,1,1,26.518764720325187,55.0,87485.67,55,0.0,0.0,1.0
27,98926.4,1,1,0.9248052584472765,27.0,98926.4,27,0.0,1.0,0.0
32,120452.4,2,0,1.5131667379790121,16.0,60226.2,0,0.0,0.0,1.0
37,88363.03,1,1,0.7491801777588614,37.0,88363.03,37,0.0,0.0,1.0
31,114493.68,1,0,0.8272884712541488,31.0,114493.68,0,0.0,1.0,1.0
29,0.0,2,0,0.0,14.5,0.0,0,0.0,0.0,1.0
35,104783.81,2,1,0.5869829746395379,17.5,52391.905,35,0.0,0.0,0.0
36,0.0,1,0,0.0,36.0,0.0,0,0.0,0.0,0.0
31,0.0,2,1,0.0,15.5,0.0,31,0.0,0.0,1.0
40,120711.73,1,0,4.41436955251346,40.0,120711.73,0,1.0,0.0,1.0
46,0.0,2,1,0.0,23.0,0.0,46,0.0,1.0,0.0
20,0.0,2,0,0.0,10.0,0.0,0,0.0,1.0,0.0
34,96152.68,2,0,0.6690696371092488,17.0,48076.34,0,1.0,0.0,1.0
48,178144.91,2,0,3.5509379308612727,24.0,89072.455,0,0.0,1.0,1.0
30,0.0,2,1,0.0,15.0,0.0,30,0.0,0.0,0.0
37,0.0,2,1,0.0,18.5,0.0,37,0.0,0.0,0.0
30,128770.88,2,1,3.203334609484164,15.0,64385.44,30,1.0,0.0,1.0
35,126397.66,1,0,0.8083677588829686,35.0,126397.66,0,0.0,0.0,0.0
31,111855.04,2,1,3.083199072518481,15.5,55927.52,31,0.0,0.0,0.0
43,0.0,2,1,0.0,21.5,0.0,43,0.0,0.0,1.0
43,123105.88,2,0,0.8445455289487256,21.5,61552.94,0,0.0,1.0,1.0
49,121537.71,2,0,2.6125090683974816,24.5,60768.855,0,1.0,0.0,1.0
31,107884.81,2,1,0.5879666341086757,15.5,53942.405,31,1.0,0.0,1.0
44,164113.04,2,1,13.539797323441789,22.0,82056.52,44,1.0,0.0,1.0
58,116313.57,1,1,0.6099412495309953,58.0,116313.57,58,1.0,0.0,1.0
27,172310.33,1,1,1.5460924161490304,27.0,172310.33,27,1.0,0.0,0.0
18,151762.74,1,1,1.1948474786150096,18.0,151762.74,18,0.0,0.0,1.0
38,0.0,1,0,0.0,38.0,0.0,0,0.0,0.0,0.0
27,171283.91,1,1,2.035795209001794,27.0,171283.91,27,1.0,0.0,0.0
35,129205.49,1,1,1.632488089155332,35.0,129205.49,35,0.0,0.0,1.0
30,115007.08,1,0,0.6502773686308546,30.0,115007.08,0,0.0,0.0,1.0
35,0.0,2,0,0.0,17.5,0.0,0,0.0,1.0,1.0
29,122084.63,1,1,1.474023375810513,29.0,122084.63,29,1.0,0.0,0.0
27,0.0,2,0,0.0,13.5,0.0,0,0.0,0.0,1.0
40,176914.8,1,1,13.822300247749277,40.0,176914.8,40,0.0,0.0,0.0
35,52436.2,1,0,0.32558603057712815,35.0,52436.2,0,1.0,0.0,0.0
39,77652.4,1,1,3.0562678317778267,39.0,77652.4,39,0.0,0.0,1.0
43,161546.68,2,1,0.906611740187066,21.5,80773.34,43,0.0,1.0,1.0
42,0.0,2,1,0.0,21.0,0.0,42,0.0,1.0,1.0
45,0.0,2,1,0.0,22.5,0.0,45,0.0,0.0,1.0
44,0.0,2,0,0.0,22.0,0.0,0,0.0,0.0,1.0
26,0.0,1,0,0.0,26.0,0.0,0,0.0,1.0,1.0
29,0.0,2,1,0.0,14.5,0.0,29,0.0,0.0,1.0
38,195926.39,1,1,2.290924740104515,38.0,195926.39,38,0.0,0.0,0.0
38,0.0,2,1,0.0,19.0,0.0,38,0.0,0.0,0.0
34,0.0,2,0,0.0,17.0,0.0,0,0.0,0.0,1.0
60,0.0,4,1,0.0,15.0,0.0,60,0.0,0.0,1.0
38,0.0,2,0,0.0,19.0,0.0,0,0.0,0.0,1.0
32,103515.39,2,1,0.5827834870808509,16.0,51757.695,32,0.0,1.0,0.0
29,111681.98,2,1,0.5706469677048565,14.5,55840.99,29,1.0,0.0,1.0
40,109308.79,2,0,0.909703349037007,20.0,54654.395,0,1.0,0.0,0.0
50,128039.01,1,1,1.2520908435895268,50.0,128039.01,50,0.0,1.0,0.0
33,74385.98,1,0,3.688962814296631,33.0,74385.98,0,0.0,0.0,0.0
35,0.0,1,0,0.0,35.0,0.0,0,0.0,1.0,0.0
31,117153.0,1,1,1.0780123231642675,31.0,117153.0,31,1.0,0.0,0.0
38,114141.64,1,1,1.8715361542829343,38.0,114141.64,38,1.0,0.0,1.0
26,0.0,2,0,0.0,13.0,0.0,0,0.0,0.0,0.0
38,151532.4,1,1,3.2549009078480036,38.0,151532.4,38,0.0,0.0,1.0
37,125822.21,1,0,1.1264499811993054,37.0,125822.21,0,0.0,1.0,1.0
40,137494.28,1,0,1.6818065727001226,40.0,137494.28,0,0.0,0.0,0.0
27,0.0,2,1,0.0,13.5,0.0,27,0.0,0.0,0.0
36,0.0,2,0,0.0,18.0,0.0,0,0.0,0.0,1.0
36,113680.54,1,0,8.6138326827021,36.0,113680.54,0,0.0,1.0,0.0
56,115895.22,3,0,27.751557048683363,18.666666666666668,38631.74,0,0.0,0.0,0.0
30,91057.37,2,0,0.6847800199092794,15.0,45528.685,0,1.0,0.0,0.0
43,93616.35,2,0,0.9518823133940005,21.5,46808.175,0,0.0,0.0,1.0
46,88820.29,1,0,1.2648077575381982,46.0,88820.29,0,0.0,0.0,0.0
46,56580.95,2,1,1.245614390413201,23.0,28290.475,46,0.0,1.0,0.0
41,148088.11,1,0,10.515291355892726,41.0,148088.11,0,0.0,0.0,1.0
33,160777.9,1,1,1.0751774738081727,33.0,160777.9,33,0.0,1.0,1.0
32,80728.15,1,0,0.9353631089109484,32.0,80728.15,0,0.0,0.0,1.0
37,80387.81,1,1,1.0403142794951175,37.0,80387.81,37,0.0,0.0,1.0
48,0.0,2,1,0.0,24.0,0.0,48,0.0,0.0,0.0
42,83492.07,2,0,2.20213656548009,21.0,41746.035,0,0.0,1.0,0.0
32,0.0,2,0,0.0,16.0,0.0,0,0.0,0.0,0.0
37,0.0,2,0,0.0,18.5,0.0,0,0.0,0.0,1.0
60,88786.81,1,1,0.4510186509694278,60.0,88786.81,60,0.0,1.0,1.0
67,0.0,2,1,0.0,33.5,0.0,67,0.0,1.0,0.0
41,137891.35,1,0,0.9710011572468483,41.0,137891.35,0,0.0,0.0,0.0
51,136188.78,1,1,2.0293187707037,51.0,136188.78,51,0.0,0.0,0.0
32,78535.25,1,0,1.220446591742606,32.0,78535.25,0,0.0,0.0,0.0
38,135919.33,1,0,1.6899997699738827,38.0,135919.33,0,0.0,0.0,0.0
28,0.0,2,0,0.0,14.0,0.0,0,0.0,0.0,0.0
38,0.0,1,1,0.0,38.0,0.0,38,0.0,1.0,1.0
40,43028.77,1,0,0.25234712109917407,40.0,43028.77,0,0.0,0.0,1.0
29,100315.1,2,1,3.084090456315193,14.5,50157.55,29,1.0,0.0,0.0
39,161993.89,1,0,1.7956946707314452,39.0,161993.89,0,0.0,1.0,0.0
39,121404.64,1,1,0.760594110307116,39.0,121404.64,39,0.0,0.0,1.0
45,152880.97,1,0,0.9409327201061116,45.0,152880.97,0,1.0,0.0,1.0
29,0.0,2,1,0.0,14.5,0.0,29,0.0,0.0,1.0
42,90248.79,1,1,1.1399406060877055,42.0,90248.79,42,1.0,0.0,1.0
27,133801.49,1,1,0.9336144705003091,27.0,133801.49,27,0.0,0.0,0.0
42,104430.08,1,1,0.7077236424989247,42.0,104430.08,42,0.0,0.0,1.0
38,0.0,2,0,0.0,19.0,0.0,0,0.0,0.0,1.0
34,0.0,2,0,0.0,17.0,0.0,0,0.0,1.0,1.0
46,155681.72,1,0,5.922337136577066,46.0,155681.72,0,0.0,1.0,0.0
33,108431.87,2,1,0.9921355195500762,16.5,54215.935,33,0.0,1.0,0.0
29,131240.61,1,1,0.8014885118783599,29.0,131240.61,29,0.0,0.0,0.0
35,124580.69,1,1,6.63175441883838,35.0,124580.69,35,0.0,1.0,0.0
34,0.0,1,0,0.0,34.0,0.0,0,0.0,0.0,1.0
43,134896.03,1,1,1.3786417679429273,43.0,134896.03,43,1.0,0.0,1.0
65,38340.02,1,0,1.1757939902054018,65.0,38340.02,0,0.0,0.0,1.0
52,71283.09,2,1,1.8285043467420403,26.0,35641.545,52,1.0,0.0,0.0
34,123034.43,2,1,3.2111262313702396,17.0,61517.215,34,0.0,0.0,0.0
60,131778.08,1,0,12.311646718419063,60.0,131778.08,0,0.0,0.0,0.0
28,0.0,2,0,0.0,14.0,0.0,0,0.0,1.0,1.0
43,103409.16,1,0,1.5458826357445772,43.0,103409.16,0,1.0,0.0,1.0
25,98141.57,2,1,1.8761602988350177,12.5,49070.785,25,1.0,0.0,1.0
33,0.0,1,0,0.0,33.0,0.0,0,0.0,0.0,1.0
23,122478.51,1,0,0.831881202550255,23.0,122478.51,0,1.0,0.0,1.0
29,0.0,1,1,0.0,29.0,0.0,29,0.0,0.0,0.0
31,0.0,2,0,0.0,15.5,0.0,0,0.0,0.0,0.0
38,0.0,2,0,0.0,19.0,0.0,0,0.0,1.0,1.0
42,175159.9,2,0,2.609478687954082,21.0,87579.95,0,0.0,0.0,0.0
35,0.0,2,1,0.0,17.5,0.0,35,0.0,1.0,1.0
35,0.0,2,0,0.0,17.5,0.0,0,0.0,1.0,0.0
42,141947.67,1,1,13.393450264146386,42.0,141947.67,42,0.0,1.0,1.0
27,137003.68,1,0,6.446000434740467,27.0,137003.68,0,0.0,0.0,1.0
28,0.0,2,0,0.0,14.0,0.0,0,0.0,0.0,1.0
30,136808.53,2,1,1.2828649652199295,15.0,68404.265,30,0.0,1.0,1.0
49,108797.63,2,0,0.7729125613672554,24.5,54398.815,0,1.0,0.0,0.0
36,103914.17,1,1,0.9443662376308527,36.0,103914.17,36,1.0,0.0,0.0
34,0.0,2,1,0.0,17.0,0.0,34,0.0,1.0,0.0
33,0.0,1,0,0.0,33.0,0.0,0,0.0,0.0,1.0
37,164858.18,1,1,0.9500997339103536,37.0,164858.18,37,0.0,0.0,1.0
36,0.0,2,1,0.0,18.0,0.0,36,0.0,1.0,1.0
35,106365.29,1,1,0.7161316728020038,35.0,106365.29,35,0.0,1.0,1.0
57,90212.0,1,0,6.48481411114873,57.0,90212.0,0,1.0,0.0,0.0
44,83325.77,1,1,1.0308923381003647,44.0,83325.77,44,0.0,1.0,1.0
35,0.0,2,0,0.0,17.5,0.0,0,0.0,0.0,1.0
51,144237.91,4,0,0.9178732116437952,12.75,36059.4775,0,0.0,0.0,0.0
23,131254.81,1,0,6.49798804909081,23.0,131254.81,0,0.0,0.0,1.0
29,0.0,1,1,0.0,29.0,0.0,29,0.0,0.0,1.0
42,0.0,2,1,0.0,21.0,0.0,42,0.0,0.0,0.0
41,0.0,1,1,0.0,41.0,0.0,41,0.0,0.0,1.0
33,121260.19,2,0,1.5703926156696084,16.5,60630.095,0,0.0,1.0,1.0
76,0.0,2,1,0.0,38.0,0.0,76,0.0,0.0,0.0
46,117640.39,1,0,1.3229812232654992,46.0,117640.39,0,0.0,0.0,1.0
58,79954.61,2,1,2.6228221907815166,29.0,39977.305,58,0.0,1.0,1.0
49,155393.98,2,0,11.67655881336319,24.5,77696.99,0,1.0,0.0,0.0
23,140007.19,1,1,4.414669761821878,23.0,140007.19,23,0.0,0.0,1.0
28,0.0,2,1,0.0,14.0,0.0,28,0.0,1.0,0.0
29,0.0,2,1,0.0,14.5,0.0,29,0.0,0.0,0.0
37,96340.81,2,1,0.6912234020418255,18.5,48170.405,37,1.0,0.0,0.0
40,0.0,2,1,0.0,20.0,0.0,40,0.0,0.0,0.0
39,111574.41,1,1,3.6180220769421094,39.0,111574.41,39,1.0,0.0,1.0
32,102954.68,2,1,0.7629525030855745,16.0,51477.34,32,1.0,0.0,0.0
38,102741.15,2,1,4.285371962702582,19.0,51370.575,38,1.0,0.0,0.0
23,197715.93,2,1,1.702623516804582,11.5,98857.965,23,1.0,0.0,1.0
42,0.0,2,1,0.0,21.0,0.0,42,0.0,0.0,0.0
80,0.0,2,1,0.0,40.0,0.0,80,0.0,0.0,0.0
34,0.0,2,1,0.0,17.0,0.0,34,0.0,0.0,0.0
47,144090.42,1,0,1.0223605326987324,47.0,144090.42,0,1.0,0.0,0.0
38,82407.51,1,0,6.279428136437099,38.0,82407.51,0,1.0,0.0,0.0
41,79857.64,1,1,1.0226598984199526,41.0,79857.64,41,1.0,0.0,1.0
47,93578.68,2,1,0.6794822791891058,23.5,46789.34,47,0.0,0.0,1.0
40,77701.64,1,1,3.982171318926753,40.0,77701.64,40,1.0,0.0,0.0
26,0.0,2,0,0.0,13.0,0.0,0,0.0,1.0,0.0
31,0.0,2,0,0.0,15.5,0.0,0,0.0,1.0,0.0
25,0.0,2,0,0.0,12.5,0.0,0,0.0,1.0,1.0
37,0.0,2,1,0.0,18.5,0.0,37,0.0,1.0,1.0
44,0.0,2,1,0.0,22.0,0.0,44,0.0,0.0,0.0
32,106807.64,1,1,1.3871358071156794,32.0,106807.64,32,1.0,0.0,0.0
30,70729.17,1,1,0.439451174773703,30.0,70729.17,30,0.0,0.0,0.0
36,0.0,2,1,0.0,18.0,0.0,36,0.0,0.0,1.0
48,131326.47,1,0,115.196636901107,48.0,131326.47,0,1.0,0.0,1.0
81,0.0,2,1,0.0,40.5,0.0,81,0.0,0.0,0.0
37,137794.18,2,1,1.8315895279696064,18.5,68897.09,37,0.0,1.0,0.0
30,141040.01,1,1,23.592387340671106,30.0,141040.01,30,0.0,1.0,1.0
44,112652.08,2,0,0.8895108199314335,22.0,56326.04,0,0.0,1.0,0.0
31,55732.92,2,1,0.5369646543927583,15.5,27866.46,31,0.0,1.0,1.0
67,0.0,3,1,0.0,22.333333333333332,0.0,67,0.0,0.0,0.0
38,0.0,2,0,0.0,19.0,0.0,0,0.0,0.0,1.0
60,0.0,1,0,0.0,60.0,0.0,0,0.0,1.0,1.0
29,139106.19,1,0,0.9805045461738237,29.0,139106.19,0,1.0,0.0,0.0
27,104848.68,1,1,0.6263834975352978,27.0,104848.68,27,1.0,0.0,0.0
39,0.0,2,1,0.0,19.5,0.0,39,0.0,0.0,0.0
54,0.0,1,0,0.0,54.0,0.0,0,0.0,1.0,0.0
24,0.0,2,1,0.0,12.0,0.0,24,0.0,0.0,1.0
30,34013.63,1,0,1.7379936159438911,30.0,34013.63,0,0.0,1.0,0.0
52,0.0,1,0,0.0,52.0,0.0,0,0.0,0.0,0.0
32,0.0,1,0,0.0,32.0,0.0,0,0.0,0.0,1.0
27,43658.33,2,1,14.430168336368656,13.5,21829.165,27,0.0,0.0,0.0
34,0.0,2,0,0.0,17.0,0.0,0,0.0,1.0,0.0
31,149620.88,2,1,1.431319774874105,15.5,74810.44,31,0.0,1.0,1.0
40,0.0,2,0,0.0,20.0,0.0,0,0.0,0.0,1.0
29,145541.56,2,1,2.508474412680466,14.5,72770.78,29,1.0,0.0,1.0
36,74974.89,1,1,6.196440894669028,36.0,74974.89,36,1.0,0.0,0.0
33,118327.17,2,1,0.6133203427046306,16.5,59163.585,33,0.0,0.0,1.0
42,0.0,1,0,0.0,42.0,0.0,0,0.0,0.0,1.0
30,0.0,2,0,0.0,15.0,0.0,0,0.0,1.0,0.0
54,0.0,1,0,0.0,54.0,0.0,0,0.0,0.0,0.0
32,0.0,2,1,0.0,16.0,0.0,32,0.0,1.0,0.0
42,0.0,2,1,0.0,21.0,0.0,42,0.0,0.0,0.0
41,147726.98,3,0,0.8551519136969506,13.666666666666666,49242.32666666667,0,0.0,0.0,1.0
38,129499.42,1,1,0.8405163402625292,38.0,129499.42,38,1.0,0.0,0.0
26,0.0,2,1,0.0,13.0,0.0,26,0.0,0.0,1.0
43,0.0,2,0,0.0,21.5,0.0,0,0.0,0.0,0.0
32,0.0,2,0,0.0,16.0,0.0,0,0.0,1.0,1.0
31,0.0,2,0,0.0,15.5,0.0,0,0.0,0.0,0.0
33,140956.99,1,0,40.15662729546633,33.0,140956.99,0,0.0,0.0,1.0
41,115144.68,1,0,0.6095361049176828,41.0,115144.68,0,0.0,1.0,1.0
30,108300.27,2,1,2.4400432402521868,15.0,54150.135,30,1.0,0.0,1.0
43,0.0,2,0,0.0,21.5,0.0,0,0.0,0.0,1.0
46,141535.52,1,0,2.79741279549522,46.0,141535.52,0,1.0,0.0,0.0
55,0.0,4,1,0.0,13.75,0.0,55,0.0,0.0,0.0
57,137946.39,1,1,1.9035492774119995,57.0,137946.39,57,1.0,0.0,1.0
52,0.0,1,1,0.0,52.0,0.0,52,0.0,0.0,1.0
34,137523.02,1,0,5.553936455832797,34.0,137523.02,0,0.0,1.0,1.0
66,0.0,2,1,0.0,33.0,0.0,66,0.0,0.0,1.0
42,0.0,1,0,0.0,42.0,0.0,0,0.0,0.0,0.0
35,180303.24,2,0,1.1021795621803323,17.5,90151.62,0,1.0,0.0,0.0
74,0.0,2,0,0.0,37.0,0.0,0,0.0,1.0,1.0
37,71786.9,2,1,1.0598231721099305,18.5,35893.45,37,0.0,0.0,0.0
35,100988.39,2,0,4.539361009238437,17.5,50494.195,0,0.0,1.0,1.0
51,0.0,1,1,0.0,51.0,0.0,51,0.0,1.0,1.0
